{
    "frames": [
        {
            "media_type": "video",
            "stream_index": 0,
            "key_frame": 1,
            "pts": 0,
            "pts_time": "0.000000",
            "pkt_dts": 0,
            "pkt_dts_time": "0.000000",
            "best_effort_timestamp": 0,
            "best_effort_timestamp_time": "0.000000",
            "duration": 1,
            "duration_time": "0.033365",
            "pkt_pos": "128740",
            "pkt_size": "120000",
            "width": 720,
            "height": 480,
            "crop_top": 0,
            "crop_bottom": 0,
            "crop_left": 0,
            "crop_right": 0,
            "pix_fmt": "yuv411p",
            "sample_aspect_ratio": "8:9",
            "pict_type": "I",
            "interlaced_frame": 1,
            "top_field_first": 0,
            "repeat_pict": 0,
            "chroma_location": "topleft"
        },
        {
            "media_type": "video",
            "stream_index": 0,
            "key_frame": 1,
            "pts": 1,
            "pts_time": "0.033365",
            "pkt_dts": 1,
            "pkt_dts_time": "0.033365",
            "best_effort_timestamp": 1,
            "best_effort_timestamp_time": "0.033365",
            "duration": 1,
            "duration_time": "0.033365",
            "pkt_pos": "248748",
            "pkt_size": "120000",
            "width": 720,
            "height": 480,
            "crop_top": 0,
            "crop_bottom": 0,
            "crop_left": 0,
            "crop_right": 0,
            "pix_fmt": "yuv411p",
            "sample_aspect_ratio": "8:9",
            "pict_type": "I",
            "interlaced_frame": 1,
            "top_field_first": 0,
            "repeat_pict": 0,
            "chroma_location": "topleft"
        },
        {
            "media_type": "video",
            "stream_index": 0,
            "key_frame": 1,
            "pts": 2,
            "pts_time": "0.066730",
            "pkt_dts": 2,
            "pkt_dts_time": "0.066730",
            "best_effort_timestamp": 2,
            "best_effort_timestamp_time": "0.066730",
            "duration": 1,
            "duration_time": "0.033365",
            "pkt_pos": "368756",
            "pkt_size": "120000",
            "width": 720,
            "height": 480,
            "crop_top": 0,
            "crop_bottom": 0,
            "crop_left": 0,
            "crop_right": 0,
            "pix_fmt": "yuv411p",
            "sample_aspect_ratio": "8:9",
            "pict_type": "I",
            "interlaced_frame": 1,
            "top_field_first": 0,
            "repeat_pict": 0,
            "chroma_location": "topleft"
        },
        {
            "media_type": "video",
            "stream_index": 0,
            "key_frame": 1,
            "pts": 3,
            "pts_time": "0.100095",
            "pkt_dts": 3,
            "pkt_dts_time": "0.100095",
            "best_effort_timestamp": 3,
            "best_effort_timestamp_time": "0.100095",
            "duration": 1,
            "duration_time": "0.033365",
            "pkt_pos": "488764",
            "pkt_size": "120000",
            "width": 720,
            "height": 480,
            "crop_top": 0,
            "crop_bottom": 0,
            "crop_left": 0,
            "crop_right": 0,
            "pix_fmt": "yuv411p",
            "sample_aspect_ratio": "8:9",
            "pict_type": "I",
            "interlaced_frame": 1,
            "top_field_first": 0,
            "repeat_pict": 0,
            "chroma_location": "topleft"
        },
        {
            "media_type": "video",
            "stream_index": 0,
            "key_frame": 1,
            "pts": 4,
            "pts_time": "0.133460",
            "pkt_dts": 4,
            "pkt_dts_time": "0.133460",
            "best_effort_timestamp": 4,
            "best_effort_timestamp_time": "0.133460",
            "duration": 1,
            "duration_time": "0.033365",
            "pkt_pos": "608772",
            "pkt_size": "120000",
            "width": 720,
            "height": 480,
            "crop_top": 0,
            "crop_bottom": 0,
            "crop_left": 0,
            "crop_right": 0,
            "pix_fmt": "yuv411p",
            "sample_aspect_ratio": "8:9",
            "pict_type": "I",
            "interlaced_frame": 1,
            "top_field_first": 0,
            "repeat_pict": 0,
            "chroma_location": "topleft"
        },
        {
            "media_type": "video",
            "stream_index": 0,
            "key_frame": 1,
            "pts": 5,
            "pts_time": "0.166825",
            "pkt_dts": 5,
            "pkt_dts_time": "0.166825",
            "best_effort_timestamp": 5,
            "best_effort_timestamp_time": "0.166825",
            "duration": 1,
            "duration_time": "0.033365",
            "pkt_pos": "728780",
            "pkt_size": "120000",
            "width": 720,
            "height": 480,
            "crop_top": 0,
            "crop_bottom": 0,
            "crop_left": 0,
            "crop_right": 0,
            "pix_fmt": "yuv411p",
            "sample_aspect_ratio": "8:9",
            "pict_type": "I",
            "interlaced_frame": 1,
            "top_field_first": 0,
            "repeat_pict": 0,
            "chroma_location": "topleft"
        },
        {
            "media_type": "video",
            "stream_index": 0,
            "key_frame": 1,
            "pts": 6,
            "pts_time": "0.200190",
            "pkt_dts": 6,
            "pkt_dts_time": "0.200190",
            "best_effort_timestamp": 6,
            "best_effort_timestamp_time": "0.200190",
            "duration": 1,
            "duration_time": "0.033365",
            "pkt_pos": "848788",
            "pkt_size": "120000",
            "width": 720,
            "height": 480,
            "crop_top": 0,
            "crop_bottom": 0,
            "crop_left": 0,
            "crop_right": 0,
            "pix_fmt": "yuv411p",
            "sample_aspect_ratio": "8:9",
            "pict_type": "I",
            "interlaced_frame": 1,
            "top_field_first": 0,
            "repeat_pict": 0,
            "chroma_location": "topleft"
        },
        {
            "media_type": "video",
            "stream_index": 0,
            "key_frame": 1,
            "pts": 7,
            "pts_time": "0.233555",
            "pkt_dts": 7,
            "pkt_dts_time": "0.233555",
            "best_effort_timestamp": 7,
            "best_effort_timestamp_time": "0.233555",
            "duration": 1,
            "duration_time": "0.033365",
            "pkt_pos": "968796",
            "pkt_size": "120000",
            "width": 720,
            "height": 480,
            "crop_top": 0,
            "crop_bottom": 0,
            "crop_left": 0,
            "crop_right": 0,
            "pix_fmt": "yuv411p",
            "sample_aspect_ratio": "8:9",
            "pict_type": "I",
            "interlaced_frame": 1,
            "top_field_first": 0,
            "repeat_pict": 0,
            "chroma_location": "topleft"
        },
        {
            "media_type": "video",
            "stream_index": 0,
            "key_frame": 1,
            "pts": 8,
            "pts_time": "0.266920",
            "pkt_dts": 8,
            "pkt_dts_time": "0.266920",
            "best_effort_timestamp": 8,
            "best_effort_timestamp_time": "0.266920",
            "duration": 1,
            "duration_time": "0.033365",
            "pkt_pos": "1088804",
            "pkt_size": "120000",
            "width": 720,
            "height": 480,
            "crop_top": 0,
            "crop_bottom": 0,
            "crop_left": 0,
            "crop_right": 0,
            "pix_fmt": "yuv411p",
            "sample_aspect_ratio": "8:9",
            "pict_type": "I",
            "interlaced_frame": 1,
            "top_field_first": 0,
            "repeat_pict": 0,
            "chroma_location": "topleft"
        },
        {
            "media_type": "video",
            "stream_index": 0,
            "key_frame": 1,
            "pts": 9,
            "pts_time": "0.300285",
            "pkt_dts": 9,
            "pkt_dts_time": "0.300285",
            "best_effort_timestamp": 9,
            "best_effort_timestamp_time": "0.300285",
            "duration": 1,
            "duration_time": "0.033365",
            "pkt_pos": "1208812",
            "pkt_size": "120000",
            "width": 720,
            "height": 480,
            "crop_top": 0,
            "crop_bottom": 0,
            "crop_left": 0,
            "crop_right": 0,
            "pix_fmt": "yuv411p",
            "sample_aspect_ratio": "8:9",
            "pict_type": "I",
            "interlaced_frame": 1,
            "top_field_first": 0,
            "repeat_pict": 0,
            "chroma_location": "topleft"
        },
        {
            "media_type": "video",
            "stream_index": 0,
            "key_frame": 1,
            "pts": 10,
            "pts_time": "0.333650",
            "pkt_dts": 10,
            "pkt_dts_time": "0.333650",
            "best_effort_timestamp": 10,
            "best_effort_timestamp_time": "0.333650",
            "duration": 1,
            "duration_time": "0.033365",
            "pkt_pos": "1328820",
            "pkt_size": "120000",
            "width": 720,
            "height": 480,
            "crop_top": 0,
            "crop_bottom": 0,
            "crop_left": 0,
            "crop_right": 0,
            "pix_fmt": "yuv411p",
            "sample_aspect_ratio": "8:9",
            "pict_type": "I",
            "interlaced_frame": 1,
            "top_field_first": 0,
            "repeat_pict": 0,
            "chroma_location": "topleft"
        },
        {
            "media_type": "video",
            "stream_index": 0,
            "key_frame": 1,
            "pts": 11,
            "pts_time": "0.367015",
            "pkt_dts": 11,
            "pkt_dts_time": "0.367015",
            "best_effort_timestamp": 11,
            "best_effort_timestamp_time": "0.367015",
            "duration": 1,
            "duration_time": "0.033365",
            "pkt_pos": "1448828",
            "pkt_size": "120000",
            "width": 720,
            "height": 480,
            "crop_top": 0,
            "crop_bottom": 0,
            "crop_left": 0,
            "crop_right": 0,
            "pix_fmt": "yuv411p",
            "sample_aspect_ratio": "8:9",
            "pict_type": "I",
            "interlaced_frame": 1,
            "top_field_first": 0,
            "repeat_pict": 0,
            "chroma_location": "topleft"
        },
        {
            "media_type": "video",
            "stream_index": 0,
            "key_frame": 1,
            "pts": 12,
            "pts_time": "0.400380",
            "pkt_dts": 12,
            "pkt_dts_time": "0.400380",
            "best_effort_timestamp": 12,
            "best_effort_timestamp_time": "0.400380",
            "duration": 1,
            "duration_time": "0.033365",
            "pkt_pos": "1568836",
            "pkt_size": "120000",
            "width": 720,
            "height": 480,
            "crop_top": 0,
            "crop_bottom": 0,
            "crop_left": 0,
            "crop_right": 0,
            "pix_fmt": "yuv411p",
            "sample_aspect_ratio": "8:9",
            "pict_type": "I",
            "interlaced_frame": 1,
            "top_field_first": 0,
            "repeat_pict": 0,
            "chroma_location": "topleft"
        },
        {
            "media_type": "video",
            "stream_index": 0,
            "key_frame": 1,
            "pts": 13,
            "pts_time": "0.433745",
            "pkt_dts": 13,
            "pkt_dts_time": "0.433745",
            "best_effort_timestamp": 13,
            "best_effort_timestamp_time": "0.433745",
            "duration": 1,
            "duration_time": "0.033365",
            "pkt_pos": "1688844",
            "pkt_size": "120000",
            "width": 720,
            "height": 480,
            "crop_top": 0,
            "crop_bottom": 0,
            "crop_left": 0,
            "crop_right": 0,
            "pix_fmt": "yuv411p",
            "sample_aspect_ratio": "8:9",
            "pict_type": "I",
            "interlaced_frame": 1,
            "top_field_first": 0,
            "repeat_pict": 0,
            "chroma_location": "topleft"
        },
        {
            "media_type": "video",
            "stream_index": 0,
            "key_frame": 1,
            "pts": 14,
            "pts_time": "0.467110",
            "pkt_dts": 14,
            "pkt_dts_time": "0.467110",
            "best_effort_timestamp": 14,
            "best_effort_timestamp_time": "0.467110",
            "duration": 1,
            "duration_time": "0.033365",
            "pkt_pos": "1808852",
            "pkt_size": "120000",
            "width": 720,
            "height": 480,
            "crop_top": 0,
            "crop_bottom": 0,
            "crop_left": 0,
            "crop_right": 0,
            "pix_fmt": "yuv411p",
            "sample_aspect_ratio": "8:9",
            "pict_type": "I",
            "interlaced_frame": 1,
            "top_field_first": 0,
            "repeat_pict": 0,
            "chroma_location": "topleft"
        },
        {
            "media_type": "video",
            "stream_index": 0,
            "key_frame": 1,
            "pts": 15,
            "pts_time": "0.500475",
            "pkt_dts": 15,
            "pkt_dts_time": "0.500475",
            "best_effort_timestamp": 15,
            "best_effort_timestamp_time": "0.500475",
            "duration": 1,
            "duration_time": "0.033365",
            "pkt_pos": "1928860",
            "pkt_size": "120000",
            "width": 720,
            "height": 480,
            "crop_top": 0,
            "crop_bottom": 0,
            "crop_left": 0,
            "crop_right": 0,
            "pix_fmt": "yuv411p",
            "sample_aspect_ratio": "8:9",
            "pict_type": "I",
            "interlaced_frame": 1,
            "top_field_first": 0,
            "repeat_pict": 0,
            "chroma_location": "topleft"
        },
        {
            "media_type": "video",
            "stream_index": 0,
            "key_frame": 1,
            "pts": 16,
            "pts_time": "0.533840",
            "pkt_dts": 16,
            "pkt_dts_time": "0.533840",
            "best_effort_timestamp": 16,
            "best_effort_timestamp_time": "0.533840",
            "duration": 1,
            "duration_time": "0.033365",
            "pkt_pos": "2048868",
            "pkt_size": "120000",
            "width": 720,
            "height": 480,
            "crop_top": 0,
            "crop_bottom": 0,
            "crop_left": 0,
            "crop_right": 0,
            "pix_fmt": "yuv411p",
            "sample_aspect_ratio": "8:9",
            "pict_type": "I",
            "interlaced_frame": 1,
            "top_field_first": 0,
            "repeat_pict": 0,
            "chroma_location": "topleft"
        },
        {
            "media_type": "video",
            "stream_index": 0,
            "key_frame": 1,
            "pts": 17,
            "pts_time": "0.567205",
            "pkt_dts": 17,
            "pkt_dts_time": "0.567205",
            "best_effort_timestamp": 17,
            "best_effort_timestamp_time": "0.567205",
            "duration": 1,
            "duration_time": "0.033365",
            "pkt_pos": "2168876",
            "pkt_size": "120000",
            "width": 720,
            "height": 480,
            "crop_top": 0,
            "crop_bottom": 0,
            "crop_left": 0,
            "crop_right": 0,
            "pix_fmt": "yuv411p",
            "sample_aspect_ratio": "8:9",
            "pict_type": "I",
            "interlaced_frame": 1,
            "top_field_first": 0,
            "repeat_pict": 0,
            "chroma_location": "topleft"
        },
        {
            "media_type": "video",
            "stream_index": 0,
            "key_frame": 1,
            "pts": 18,
            "pts_time": "0.600570",
            "pkt_dts": 18,
            "pkt_dts_time": "0.600570",
            "best_effort_timestamp": 18,
            "best_effort_timestamp_time": "0.600570",
            "duration": 1,
            "duration_time": "0.033365",
            "pkt_pos": "2288884",
            "pkt_size": "120000",
            "width": 720,
            "height": 480,
            "crop_top": 0,
            "crop_bottom": 0,
            "crop_left": 0,
            "crop_right": 0,
            "pix_fmt": "yuv411p",
            "sample_aspect_ratio": "8:9",
            "pict_type": "I",
            "interlaced_frame": 1,
            "top_field_first": 0,
            "repeat_pict": 0,
            "chroma_location": "topleft"
        },
        {
            "media_type": "video",
            "stream_index": 0,
            "key_frame": 1,
            "pts": 19,
            "pts_time": "0.633935",
            "pkt_dts": 19,
            "pkt_dts_time": "0.633935",
            "best_effort_timestamp": 19,
            "best_effort_timestamp_time": "0.633935",
            "duration": 1,
            "duration_time": "0.033365",
            "pkt_pos": "2408892",
            "pkt_size": "120000",
            "width": 720,
            "height": 480,
            "crop_top": 0,
            "crop_bottom": 0,
            "crop_left": 0,
            "crop_right": 0,
            "pix_fmt": "yuv411p",
            "sample_aspect_ratio": "8:9",
            "pict_type": "I",
            "interlaced_frame": 1,
            "top_field_first": 0,
            "repeat_pict": 0,
            "chroma_location": "topleft"
        },
        {
            "media_type": "video",
            "stream_index": 0,
            "key_frame": 1,
            "pts": 20,
            "pts_time": "0.667300",
            "pkt_dts": 20,
            "pkt_dts_time": "0.667300",
            "best_effort_timestamp": 20,
            "best_effort_timestamp_time": "0.667300",
            "duration": 1,
            "duration_time": "0.033365",
            "pkt_pos": "2528900",
            "pkt_size": "120000",
            "width": 720,
            "height": 480,
            "crop_top": 0,
            "crop_bottom": 0,
            "crop_left": 0,
            "crop_right": 0,
            "pix_fmt": "yuv411p",
            "sample_aspect_ratio": "8:9",
            "pict_type": "I",
            "interlaced_frame": 1,
            "top_field_first": 0,
            "repeat_pict": 0,
            "chroma_location": "topleft"
        },
        {
            "media_type": "video",
            "stream_index": 0,
            "key_frame": 1,
            "pts": 21,
            "pts_time": "0.700665",
            "pkt_dts": 21,
            "pkt_dts_time": "0.700665",
            "best_effort_timestamp": 21,
            "best_effort_timestamp_time": "0.700665",
            "duration": 1,
            "duration_time": "0.033365",
            "pkt_pos": "2648908",
            "pkt_size": "120000",
            "width": 720,
            "height": 480,
            "crop_top": 0,
            "crop_bottom": 0,
            "crop_left": 0,
            "crop_right": 0,
            "pix_fmt": "yuv411p",
            "sample_aspect_ratio": "8:9",
            "pict_type": "I",
            "interlaced_frame": 1,
            "top_field_first": 0,
            "repeat_pict": 0,
            "chroma_location": "topleft"
        },
        {
            "media_type": "video",
            "stream_index": 0,
            "key_frame": 1,
            "pts": 22,
            "pts_time": "0.734030",
            "pkt_dts": 22,
            "pkt_dts_time": "0.734030",
            "best_effort_timestamp": 22,
            "best_effort_timestamp_time": "0.734030",
            "duration": 1,
            "duration_time": "0.033365",
            "pkt_pos": "2768916",
            "pkt_size": "120000",
            "width": 720,
            "height": 480,
            "crop_top": 0,
            "crop_bottom": 0,
            "crop_left": 0,
            "crop_right": 0,
            "pix_fmt": "yuv411p",
            "sample_aspect_ratio": "8:9",
            "pict_type": "I",
            "interlaced_frame": 1,
            "top_field_first": 0,
            "repeat_pict": 0,
            "chroma_location": "topleft"
        },
        {
            "media_type": "video",
            "stream_index": 0,
            "key_frame": 1,
            "pts": 23,
            "pts_time": "0.767395",
            "pkt_dts": 23,
            "pkt_dts_time": "0.767395",
            "best_effort_timestamp": 23,
            "best_effort_timestamp_time": "0.767395",
            "duration": 1,
            "duration_time": "0.033365",
            "pkt_pos": "2888924",
            "pkt_size": "120000",
            "width": 720,
            "height": 480,
            "crop_top": 0,
            "crop_bottom": 0,
            "crop_left": 0,
            "crop_right": 0,
            "pix_fmt": "yuv411p",
            "sample_aspect_ratio": "8:9",
            "pict_type": "I",
            "interlaced_frame": 1,
            "top_field_first": 0,
            "repeat_pict": 0,
            "chroma_location": "topleft"
        },
        {
            "media_type": "video",
            "stream_index": 0,
            "key_frame": 1,
            "pts": 24,
            "pts_time": "0.800760",
            "pkt_dts": 24,
            "pkt_dts_time": "0.800760",
            "best_effort_timestamp": 24,
            "best_effort_timestamp_time": "0.800760",
            "duration": 1,
            "duration_time": "0.033365",
            "pkt_pos": "3008932",
            "pkt_size": "120000",
            "width": 720,
            "height": 480,
            "crop_top": 0,
            "crop_bottom": 0,
            "crop_left": 0,
            "crop_right": 0,
            "pix_fmt": "yuv411p",
            "sample_aspect_ratio": "8:9",
            "pict_type": "I",
            "interlaced_frame": 1,
            "top_field_first": 0,
            "repeat_pict": 0,
            "chroma_location": "topleft"
        },
        {
            "media_type": "video",
            "stream_index": 0,
            "key_frame": 1,
            "pts": 25,
            "pts_time": "0.834125",
            "pkt_dts": 25,
            "pkt_dts_time": "0.834125",
            "best_effort_timestamp": 25,
            "best_effort_timestamp_time": "0.834125",
            "duration": 1,
            "duration_time": "0.033365",
            "pkt_pos": "3128940",
            "pkt_size": "120000",
            "width": 720,
            "height": 480,
            "crop_top": 0,
            "crop_bottom": 0,
            "crop_left": 0,
            "crop_right": 0,
            "pix_fmt": "yuv411p",
            "sample_aspect_ratio": "8:9",
            "pict_type": "I",
            "interlaced_frame": 1,
            "top_field_first": 0,
            "repeat_pict": 0,
            "chroma_location": "topleft"
        },
        {
            "media_type": "video",
            "stream_index": 0,
            "key_frame": 1,
            "pts": 26,
            "pts_time": "0.867490",
            "pkt_dts": 26,
            "pkt_dts_time": "0.867490",
            "best_effort_timestamp": 26,
            "best_effort_timestamp_time": "0.867490",
            "duration": 1,
            "duration_time": "0.033365",
            "pkt_pos": "3248948",
            "pkt_size": "120000",
            "width": 720,
            "height": 480,
            "crop_top": 0,
            "crop_bottom": 0,
            "crop_left": 0,
            "crop_right": 0,
            "pix_fmt": "yuv411p",
            "sample_aspect_ratio": "8:9",
            "pict_type": "I",
            "interlaced_frame": 1,
            "top_field_first": 0,
            "repeat_pict": 0,
            "chroma_location": "topleft"
        },
        {
            "media_type": "video",
            "stream_index": 0,
            "key_frame": 1,
            "pts": 27,
            "pts_time": "0.900855",
            "pkt_dts": 27,
            "pkt_dts_time": "0.900855",
            "best_effort_timestamp": 27,
            "best_effort_timestamp_time": "0.900855",
            "duration": 1,
            "duration_time": "0.033365",
            "pkt_pos": "3368956",
            "pkt_size": "120000",
            "width": 720,
            "height": 480,
            "crop_top": 0,
            "crop_bottom": 0,
            "crop_left": 0,
            "crop_right": 0,
            "pix_fmt": "yuv411p",
            "sample_aspect_ratio": "8:9",
            "pict_type": "I",
            "interlaced_frame": 1,
            "top_field_first": 0,
            "repeat_pict": 0,
            "chroma_location": "topleft"
        },
        {
            "media_type": "video",
            "stream_index": 0,
            "key_frame": 1,
            "pts": 28,
            "pts_time": "0.934220",
            "pkt_dts": 28,
            "pkt_dts_time": "0.934220",
            "best_effort_timestamp": 28,
            "best_effort_timestamp_time": "0.934220",
            "duration": 1,
            "duration_time": "0.033365",
            "pkt_pos": "3488964",
            "pkt_size": "120000",
            "width": 720,
            "height": 480,
            "crop_top": 0,
            "crop_bottom": 0,
            "crop_left": 0,
            "crop_right": 0,
            "pix_fmt": "yuv411p",
            "sample_aspect_ratio": "8:9",
            "pict_type": "I",
            "interlaced_frame": 1,
            "top_field_first": 0,
            "repeat_pict": 0,
            "chroma_location": "topleft"
        },
        {
            "media_type": "video",
            "stream_index": 0,
            "key_frame": 1,
            "pts": 29,
            "pts_time": "0.967585",
            "pkt_dts": 29,
            "pkt_dts_time": "0.967585",
            "best_effort_timestamp": 29,
            "best_effort_timestamp_time": "0.967585",
            "duration": 1,
            "duration_time": "0.033365",
            "pkt_pos": "3794764",
            "pkt_size": "120000",
            "width": 720,
            "height": 480,
            "crop_top": 0,
            "crop_bottom": 0,
            "crop_left": 0,
            "crop_right": 0,
            "pix_fmt": "yuv411p",
            "sample_aspect_ratio": "8:9",
            "pict_type": "I",
            "interlaced_frame": 1,
            "top_field_first": 0,
            "repeat_pict": 0,
            "chroma_location": "topleft"
        },
        {
            "media_type": "video",
            "stream_index": 0,
            "key_frame": 1,
            "pts": 30,
            "pts_time": "1.000950",
            "pkt_dts": 30,
            "pkt_dts_time": "1.000950",
            "best_effort_timestamp": 30,
            "best_effort_timestamp_time": "1.000950",
            "duration": 1,
            "duration_time": "0.033365",
            "pkt_pos": "3914772",
            "pkt_size": "120000",
            "width": 720,
            "height": 480,
            "crop_top": 0,
            "crop_bottom": 0,
            "crop_left": 0,
            "crop_right": 0,
            "pix_fmt": "yuv411p",
            "sample_aspect_ratio": "8:9",
            "pict_type": "I",
            "interlaced_frame": 1,
            "top_field_first": 0,
            "repeat_pict": 0,
            "chroma_location": "topleft"
        },
        {
            "media_type": "video",
            "stream_index": 0,
            "key_frame": 1,
            "pts": 31,
            "pts_time": "1.034315",
            "pkt_dts": 31,
            "pkt_dts_time": "1.034315",
            "best_effort_timestamp": 31,
            "best_effort_timestamp_time": "1.034315",
            "duration": 1,
            "duration_time": "0.033365",
            "pkt_pos": "4034780",
            "pkt_size": "120000",
            "width": 720,
            "height": 480,
            "crop_top": 0,
            "crop_bottom": 0,
            "crop_left": 0,
            "crop_right": 0,
            "pix_fmt": "yuv411p",
            "sample_aspect_ratio": "8:9",
            "pict_type": "I",
            "interlaced_frame": 1,
            "top_field_first": 0,
            "repeat_pict": 0,
            "chroma_location": "topleft"
        },
        {
            "media_type": "video",
            "stream_index": 0,
            "key_frame": 1,
            "pts": 32,
            "pts_time": "1.067680",
            "pkt_dts": 32,
            "pkt_dts_time": "1.067680",
            "best_effort_timestamp": 32,
            "best_effort_timestamp_time": "1.067680",
            "duration": 1,
            "duration_time": "0.033365",
            "pkt_pos": "4154788",
            "pkt_size": "120000",
            "width": 720,
            "height": 480,
            "crop_top": 0,
            "crop_bottom": 0,
            "crop_left": 0,
            "crop_right": 0,
            "pix_fmt": "yuv411p",
            "sample_aspect_ratio": "8:9",
            "pict_type": "I",
            "interlaced_frame": 1,
            "top_field_first": 0,
            "repeat_pict": 0,
            "chroma_location": "topleft"
        },
        {
            "media_type": "video",
            "stream_index": 0,
            "key_frame": 1,
            "pts": 33,
            "pts_time": "1.101045",
            "pkt_dts": 33,
            "pkt_dts_time": "1.101045",
            "best_effort_timestamp": 33,
            "best_effort_timestamp_time": "1.101045",
            "duration": 1,
            "duration_time": "0.033365",
            "pkt_pos": "4274796",
            "pkt_size": "120000",
            "width": 720,
            "height": 480,
            "crop_top": 0,
            "crop_bottom": 0,
            "crop_left": 0,
            "crop_right": 0,
            "pix_fmt": "yuv411p",
            "sample_aspect_ratio": "8:9",
            "pict_type": "I",
            "interlaced_frame": 1,
            "top_field_first": 0,
            "repeat_pict": 0,
            "chroma_location": "topleft"
        },
        {
            "media_type": "video",
            "stream_index": 0,
            "key_frame": 1,
            "pts": 34,
            "pts_time": "1.134410",
            "pkt_dts": 34,
            "pkt_dts_time": "1.134410",
            "best_effort_timestamp": 34,
            "best_effort_timestamp_time": "1.134410",
            "duration": 1,
            "duration_time": "0.033365",
            "pkt_pos": "4394804",
            "pkt_size": "120000",
            "width": 720,
            "height": 480,
            "crop_top": 0,
            "crop_bottom": 0,
            "crop_left": 0,
            "crop_right": 0,
            "pix_fmt": "yuv411p",
            "sample_aspect_ratio": "8:9",
            "pict_type": "I",
            "interlaced_frame": 1,
            "top_field_first": 0,
            "repeat_pict": 0,
            "chroma_location": "topleft"
        },
        {
            "media_type": "video",
            "stream_index": 0,
            "key_frame": 1,
            "pts": 35,
            "pts_time": "1.167775",
            "pkt_dts": 35,
            "pkt_dts_time": "1.167775",
            "best_effort_timestamp": 35,
            "best_effort_timestamp_time": "1.167775",
            "duration": 1,
            "duration_time": "0.033365",
            "pkt_pos": "4514812",
            "pkt_size": "120000",
            "width": 720,
            "height": 480,
            "crop_top": 0,
            "crop_bottom": 0,
            "crop_left": 0,
            "crop_right": 0,
            "pix_fmt": "yuv411p",
            "sample_aspect_ratio": "8:9",
            "pict_type": "I",
            "interlaced_frame": 1,
            "top_field_first": 0,
            "repeat_pict": 0,
            "chroma_location": "topleft"
        },
        {
            "media_type": "video",
            "stream_index": 0,
            "key_frame": 1,
            "pts": 36,
            "pts_time": "1.201140",
            "pkt_dts": 36,
            "pkt_dts_time": "1.201140",
            "best_effort_timestamp": 36,
            "best_effort_timestamp_time": "1.201140",
            "duration": 1,
            "duration_time": "0.033365",
            "pkt_pos": "4634820",
            "pkt_size": "120000",
            "width": 720,
            "height": 480,
            "crop_top": 0,
            "crop_bottom": 0,
            "crop_left": 0,
            "crop_right": 0,
            "pix_fmt": "yuv411p",
            "sample_aspect_ratio": "8:9",
            "pict_type": "I",
            "interlaced_frame": 1,
            "top_field_first": 0,
            "repeat_pict": 0,
            "chroma_location": "topleft"
        },
        {
            "media_type": "video",
            "stream_index": 0,
            "key_frame": 1,
            "pts": 37,
            "pts_time": "1.234505",
            "pkt_dts": 37,
            "pkt_dts_time": "1.234505",
            "best_effort_timestamp": 37,
            "best_effort_timestamp_time": "1.234505",
            "duration": 1,
            "duration_time": "0.033365",
            "pkt_pos": "4754828",
            "pkt_size": "120000",
            "width": 720,
            "height": 480,
            "crop_top": 0,
            "crop_bottom": 0,
            "crop_left": 0,
            "crop_right": 0,
            "pix_fmt": "yuv411p",
            "sample_aspect_ratio": "8:9",
            "pict_type": "I",
            "interlaced_frame": 1,
            "top_field_first": 0,
            "repeat_pict": 0,
            "chroma_location": "topleft"
        },
        {
            "media_type": "video",
            "stream_index": 0,
            "key_frame": 1,
            "pts": 38,
            "pts_time": "1.267870",
            "pkt_dts": 38,
            "pkt_dts_time": "1.267870",
            "best_effort_timestamp": 38,
            "best_effort_timestamp_time": "1.267870",
            "duration": 1,
            "duration_time": "0.033365",
            "pkt_pos": "4874836",
            "pkt_size": "120000",
            "width": 720,
            "height": 480,
            "crop_top": 0,
            "crop_bottom": 0,
            "crop_left": 0,
            "crop_right": 0,
            "pix_fmt": "yuv411p",
            "sample_aspect_ratio": "8:9",
            "pict_type": "I",
            "interlaced_frame": 1,
            "top_field_first": 0,
            "repeat_pict": 0,
            "chroma_location": "topleft"
        },
        {
            "media_type": "video",
            "stream_index": 0,
            "key_frame": 1,
            "pts": 39,
            "pts_time": "1.301235",
            "pkt_dts": 39,
            "pkt_dts_time": "1.301235",
            "best_effort_timestamp": 39,
            "best_effort_timestamp_time": "1.301235",
            "duration": 1,
            "duration_time": "0.033365",
            "pkt_pos": "4994844",
            "pkt_size": "120000",
            "width": 720,
            "height": 480,
            "crop_top": 0,
            "crop_bottom": 0,
            "crop_left": 0,
            "crop_right": 0,
            "pix_fmt": "yuv411p",
            "sample_aspect_ratio": "8:9",
            "pict_type": "I",
            "interlaced_frame": 1,
            "top_field_first": 0,
            "repeat_pict": 0,
            "chroma_location": "topleft"
        },
        {
            "media_type": "video",
            "stream_index": 0,
            "key_frame": 1,
            "pts": 40,
            "pts_time": "1.334600",
            "pkt_dts": 40,
            "pkt_dts_time": "1.334600",
            "best_effort_timestamp": 40,
            "best_effort_timestamp_time": "1.334600",
            "duration": 1,
            "duration_time": "0.033365",
            "pkt_pos": "5114852",
            "pkt_size": "120000",
            "width": 720,
            "height": 480,
            "crop_top": 0,
            "crop_bottom": 0,
            "crop_left": 0,
            "crop_right": 0,
            "pix_fmt": "yuv411p",
            "sample_aspect_ratio": "8:9",
            "pict_type": "I",
            "interlaced_frame": 1,
            "top_field_first": 0,
            "repeat_pict": 0,
            "chroma_location": "topleft"
        },
        {
            "media_type": "video",
            "stream_index": 0,
            "key_frame": 1,
            "pts": 41,
            "pts_time": "1.367965",
            "pkt_dts": 41,
            "pkt_dts_time": "1.367965",
            "best_effort_timestamp": 41,
            "best_effort_timestamp_time": "1.367965",
            "duration": 1,
            "duration_time": "0.033365",
            "pkt_pos": "5234860",
            "pkt_size": "120000",
            "width": 720,
            "height": 480,
            "crop_top": 0,
            "crop_bottom": 0,
            "crop_left": 0,
            "crop_right": 0,
            "pix_fmt": "yuv411p",
            "sample_aspect_ratio": "8:9",
            "pict_type": "I",
            "interlaced_frame": 1,
            "top_field_first": 0,
            "repeat_pict": 0,
            "chroma_location": "topleft"
        },
        {
            "media_type": "video",
            "stream_index": 0,
            "key_frame": 1,
            "pts": 42,
            "pts_time": "1.401330",
            "pkt_dts": 42,
            "pkt_dts_time": "1.401330",
            "best_effort_timestamp": 42,
            "best_effort_timestamp_time": "1.401330",
            "duration": 1,
            "duration_time": "0.033365",
            "pkt_pos": "5354868",
            "pkt_size": "120000",
            "width": 720,
            "height": 480,
            "crop_top": 0,
            "crop_bottom": 0,
            "crop_left": 0,
            "crop_right": 0,
            "pix_fmt": "yuv411p",
            "sample_aspect_ratio": "8:9",
            "pict_type": "I",
            "interlaced_frame": 1,
            "top_field_first": 0,
            "repeat_pict": 0,
            "chroma_location": "topleft"
        },
        {
            "media_type": "video",
            "stream_index": 0,
            "key_frame": 1,
            "pts": 43,
            "pts_time": "1.434695",
            "pkt_dts": 43,
            "pkt_dts_time": "1.434695",
            "best_effort_timestamp": 43,
            "best_effort_timestamp_time": "1.434695",
            "duration": 1,
            "duration_time": "0.033365",
            "pkt_pos": "5474876",
            "pkt_size": "120000",
            "width": 720,
            "height": 480,
            "crop_top": 0,
            "crop_bottom": 0,
            "crop_left": 0,
            "crop_right": 0,
            "pix_fmt": "yuv411p",
            "sample_aspect_ratio": "8:9",
            "pict_type": "I",
            "interlaced_frame": 1,
            "top_field_first": 0,
            "repeat_pict": 0,
            "chroma_location": "topleft"
        },
        {
            "media_type": "video",
            "stream_index": 0,
            "key_frame": 1,
            "pts": 44,
            "pts_time": "1.468060",
            "pkt_dts": 44,
            "pkt_dts_time": "1.468060",
            "best_effort_timestamp": 44,
            "best_effort_timestamp_time": "1.468060",
            "duration": 1,
            "duration_time": "0.033365",
            "pkt_pos": "5594884",
            "pkt_size": "120000",
            "width": 720,
            "height": 480,
            "crop_top": 0,
            "crop_bottom": 0,
            "crop_left": 0,
            "crop_right": 0,
            "pix_fmt": "yuv411p",
            "sample_aspect_ratio": "8:9",
            "pict_type": "I",
            "interlaced_frame": 1,
            "top_field_first": 0,
            "repeat_pict": 0,
            "chroma_location": "topleft"
        },
        {
            "media_type": "video",
            "stream_index": 0,
            "key_frame": 1,
            "pts": 45,
            "pts_time": "1.501425",
            "pkt_dts": 45,
            "pkt_dts_time": "1.501425",
            "best_effort_timestamp": 45,
            "best_effort_timestamp_time": "1.501425",
            "duration": 1,
            "duration_time": "0.033365",
            "pkt_pos": "5714892",
            "pkt_size": "120000",
            "width": 720,
            "height": 480,
            "crop_top": 0,
            "crop_bottom": 0,
            "crop_left": 0,
            "crop_right": 0,
            "pix_fmt": "yuv411p",
            "sample_aspect_ratio": "8:9",
            "pict_type": "I",
            "interlaced_frame": 1,
            "top_field_first": 0,
            "repeat_pict": 0,
            "chroma_location": "topleft"
        },
        {
            "media_type": "video",
            "stream_index": 0,
            "key_frame": 1,
            "pts": 46,
            "pts_time": "1.534790",
            "pkt_dts": 46,
            "pkt_dts_time": "1.534790",
            "best_effort_timestamp": 46,
            "best_effort_timestamp_time": "1.534790",
            "duration": 1,
            "duration_time": "0.033365",
            "pkt_pos": "5834900",
            "pkt_size": "120000",
            "width": 720,
            "height": 480,
            "crop_top": 0,
            "crop_bottom": 0,
            "crop_left": 0,
            "crop_right": 0,
            "pix_fmt": "yuv411p",
            "sample_aspect_ratio": "8:9",
            "pict_type": "I",
            "interlaced_frame": 1,
            "top_field_first": 0,
            "repeat_pict": 0,
            "chroma_location": "topleft"
        },
        {
            "media_type": "video",
            "stream_index": 0,
            "key_frame": 1,
            "pts": 47,
            "pts_time": "1.568155",
            "pkt_dts": 47,
            "pkt_dts_time": "1.568155",
            "best_effort_timestamp": 47,
            "best_effort_timestamp_time": "1.568155",
            "duration": 1,
            "duration_time": "0.033365",
            "pkt_pos": "5954908",
            "pkt_size": "120000",
            "width": 720,
            "height": 480,
            "crop_top": 0,
            "crop_bottom": 0,
            "crop_left": 0,
            "crop_right": 0,
            "pix_fmt": "yuv411p",
            "sample_aspect_ratio": "8:9",
            "pict_type": "I",
            "interlaced_frame": 1,
            "top_field_first": 0,
            "repeat_pict": 0,
            "chroma_location": "topleft"
        },
        {
            "media_type": "video",
            "stream_index": 0,
            "key_frame": 1,
            "pts": 48,
            "pts_time": "1.601520",
            "pkt_dts": 48,
            "pkt_dts_time": "1.601520",
            "best_effort_timestamp": 48,
            "best_effort_timestamp_time": "1.601520",
            "duration": 1,
            "duration_time": "0.033365",
            "pkt_pos": "6074916",
            "pkt_size": "120000",
            "width": 720,
            "height": 480,
            "crop_top": 0,
            "crop_bottom": 0,
            "crop_left": 0,
            "crop_right": 0,
            "pix_fmt": "yuv411p",
            "sample_aspect_ratio": "8:9",
            "pict_type": "I",
            "interlaced_frame": 1,
            "top_field_first": 0,
            "repeat_pict": 0,
            "chroma_location": "topleft"
        },
        {
            "media_type": "video",
            "stream_index": 0,
            "key_frame": 1,
            "pts": 49,
            "pts_time": "1.634885",
            "pkt_dts": 49,
            "pkt_dts_time": "1.634885",
            "best_effort_timestamp": 49,
            "best_effort_timestamp_time": "1.634885",
            "duration": 1,
            "duration_time": "0.033365",
            "pkt_pos": "6194924",
            "pkt_size": "120000",
            "width": 720,
            "height": 480,
            "crop_top": 0,
            "crop_bottom": 0,
            "crop_left": 0,
            "crop_right": 0,
            "pix_fmt": "yuv411p",
            "sample_aspect_ratio": "8:9",
            "pict_type": "I",
            "interlaced_frame": 1,
            "top_field_first": 0,
            "repeat_pict": 0,
            "chroma_location": "topleft"
        },
        {
            "media_type": "video",
            "stream_index": 0,
            "key_frame": 1,
            "pts": 50,
            "pts_time": "1.668250",
            "pkt_dts": 50,
            "pkt_dts_time": "1.668250",
            "best_effort_timestamp": 50,
            "best_effort_timestamp_time": "1.668250",
            "duration": 1,
            "duration_time": "0.033365",
            "pkt_pos": "6314932",
            "pkt_size": "120000",
            "width": 720,
            "height": 480,
            "crop_top": 0,
            "crop_bottom": 0,
            "crop_left": 0,
            "crop_right": 0,
            "pix_fmt": "yuv411p",
            "sample_aspect_ratio": "8:9",
            "pict_type": "I",
            "interlaced_frame": 1,
            "top_field_first": 0,
            "repeat_pict": 0,
            "chroma_location": "topleft"
        },
        {
            "media_type": "video",
            "stream_index": 0,
            "key_frame": 1,
            "pts": 51,
            "pts_time": "1.701615",
            "pkt_dts": 51,
            "pkt_dts_time": "1.701615",
            "best_effort_timestamp": 51,
            "best_effort_timestamp_time": "1.701615",
            "duration": 1,
            "duration_time": "0.033365",
            "pkt_pos": "6434940",
            "pkt_size": "120000",
            "width": 720,
            "height": 480,
            "crop_top": 0,
            "crop_bottom": 0,
            "crop_left": 0,
            "crop_right": 0,
            "pix_fmt": "yuv411p",
            "sample_aspect_ratio": "8:9",
            "pict_type": "I",
            "interlaced_frame": 1,
            "top_field_first": 0,
            "repeat_pict": 0,
            "chroma_location": "topleft"
        },
        {
            "media_type": "video",
            "stream_index": 0,
            "key_frame": 1,
            "pts": 52,
            "pts_time": "1.734980",
            "pkt_dts": 52,
            "pkt_dts_time": "1.734980",
            "best_effort_timestamp": 52,
            "best_effort_timestamp_time": "1.734980",
            "duration": 1,
            "duration_time": "0.033365",
            "pkt_pos": "6554948",
            "pkt_size": "120000",
            "width": 720,
            "height": 480,
            "crop_top": 0,
            "crop_bottom": 0,
            "crop_left": 0,
            "crop_right": 0,
            "pix_fmt": "yuv411p",
            "sample_aspect_ratio": "8:9",
            "pict_type": "I",
            "interlaced_frame": 1,
            "top_field_first": 0,
            "repeat_pict": 0,
            "chroma_location": "topleft"
        },
        {
            "media_type": "video",
            "stream_index": 0,
            "key_frame": 1,
            "pts": 53,
            "pts_time": "1.768345",
            "pkt_dts": 53,
            "pkt_dts_time": "1.768345",
            "best_effort_timestamp": 53,
            "best_effort_timestamp_time": "1.768345",
            "duration": 1,
            "duration_time": "0.033365",
            "pkt_pos": "6674956",
            "pkt_size": "120000",
            "width": 720,
            "height": 480,
            "crop_top": 0,
            "crop_bottom": 0,
            "crop_left": 0,
            "crop_right": 0,
            "pix_fmt": "yuv411p",
            "sample_aspect_ratio": "8:9",
            "pict_type": "I",
            "interlaced_frame": 1,
            "top_field_first": 0,
            "repeat_pict": 0,
            "chroma_location": "topleft"
        },
        {
            "media_type": "video",
            "stream_index": 0,
            "key_frame": 1,
            "pts": 54,
            "pts_time": "1.801710",
            "pkt_dts": 54,
            "pkt_dts_time": "1.801710",
            "best_effort_timestamp": 54,
            "best_effort_timestamp_time": "1.801710",
            "duration": 1,
            "duration_time": "0.033365",
            "pkt_pos": "6794964",
            "pkt_size": "120000",
            "width": 720,
            "height": 480,
            "crop_top": 0,
            "crop_bottom": 0,
            "crop_left": 0,
            "crop_right": 0,
            "pix_fmt": "yuv411p",
            "sample_aspect_ratio": "8:9",
            "pict_type": "I",
            "interlaced_frame": 1,
            "top_field_first": 0,
            "repeat_pict": 0,
            "chroma_location": "topleft"
        },
        {
            "media_type": "video",
            "stream_index": 0,
            "key_frame": 1,
            "pts": 55,
            "pts_time": "1.835075",
            "pkt_dts": 55,
            "pkt_dts_time": "1.835075",
            "best_effort_timestamp": 55,
            "best_effort_timestamp_time": "1.835075",
            "duration": 1,
            "duration_time": "0.033365",
            "pkt_pos": "6914972",
            "pkt_size": "120000",
            "width": 720,
            "height": 480,
            "crop_top": 0,
            "crop_bottom": 0,
            "crop_left": 0,
            "crop_right": 0,
            "pix_fmt": "yuv411p",
            "sample_aspect_ratio": "8:9",
            "pict_type": "I",
            "interlaced_frame": 1,
            "top_field_first": 0,
            "repeat_pict": 0,
            "chroma_location": "topleft"
        },
        {
            "media_type": "video",
            "stream_index": 0,
            "key_frame": 1,
            "pts": 56,
            "pts_time": "1.868440",
            "pkt_dts": 56,
            "pkt_dts_time": "1.868440",
            "best_effort_timestamp": 56,
            "best_effort_timestamp_time": "1.868440",
            "duration": 1,
            "duration_time": "0.033365",
            "pkt_pos": "7034980",
            "pkt_size": "120000",
            "width": 720,
            "height": 480,
            "crop_top": 0,
            "crop_bottom": 0,
            "crop_left": 0,
            "crop_right": 0,
            "pix_fmt": "yuv411p",
            "sample_aspect_ratio": "8:9",
            "pict_type": "I",
            "interlaced_frame": 1,
            "top_field_first": 0,
            "repeat_pict": 0,
            "chroma_location": "topleft"
        },
        {
            "media_type": "video",
            "stream_index": 0,
            "key_frame": 1,
            "pts": 57,
            "pts_time": "1.901805",
            "pkt_dts": 57,
            "pkt_dts_time": "1.901805",
            "best_effort_timestamp": 57,
            "best_effort_timestamp_time": "1.901805",
            "duration": 1,
            "duration_time": "0.033365",
            "pkt_pos": "7154988",
            "pkt_size": "120000",
            "width": 720,
            "height": 480,
            "crop_top": 0,
            "crop_bottom": 0,
            "crop_left": 0,
            "crop_right": 0,
            "pix_fmt": "yuv411p",
            "sample_aspect_ratio": "8:9",
            "pict_type": "I",
            "interlaced_frame": 1,
            "top_field_first": 0,
            "repeat_pict": 0,
            "chroma_location": "topleft"
        },
        {
            "media_type": "video",
            "stream_index": 0,
            "key_frame": 1,
            "pts": 58,
            "pts_time": "1.935170",
            "pkt_dts": 58,
            "pkt_dts_time": "1.935170",
            "best_effort_timestamp": 58,
            "best_effort_timestamp_time": "1.935170",
            "duration": 1,
            "duration_time": "0.033365",
            "pkt_pos": "7460788",
            "pkt_size": "120000",
            "width": 720,
            "height": 480,
            "crop_top": 0,
            "crop_bottom": 0,
            "crop_left": 0,
            "crop_right": 0,
            "pix_fmt": "yuv411p",
            "sample_aspect_ratio": "8:9",
            "pict_type": "I",
            "interlaced_frame": 1,
            "top_field_first": 0,
            "repeat_pict": 0,
            "chroma_location": "topleft"
        },
        {
            "media_type": "video",
            "stream_index": 0,
            "key_frame": 1,
            "pts": 59,
            "pts_time": "1.968535",
            "pkt_dts": 59,
            "pkt_dts_time": "1.968535",
            "best_effort_timestamp": 59,
            "best_effort_timestamp_time": "1.968535",
            "duration": 1,
            "duration_time": "0.033365",
            "pkt_pos": "7580796",
            "pkt_size": "120000",
            "width": 720,
            "height": 480,
            "crop_top": 0,
            "crop_bottom": 0,
            "crop_left": 0,
            "crop_right": 0,
            "pix_fmt": "yuv411p",
            "sample_aspect_ratio": "8:9",
            "pict_type": "I",
            "interlaced_frame": 1,
            "top_field_first": 0,
            "repeat_pict": 0,
            "chroma_location": "topleft"
        },
        {
            "media_type": "video",
            "stream_index": 0,
            "key_frame": 1,
            "pts": 60,
            "pts_time": "2.001900",
            "pkt_dts": 60,
            "pkt_dts_time": "2.001900",
            "best_effort_timestamp": 60,
            "best_effort_timestamp_time": "2.001900",
            "duration": 1,
            "duration_time": "0.033365",
            "pkt_pos": "7700804",
            "pkt_size": "120000",
            "width": 720,
            "height": 480,
            "crop_top": 0,
            "crop_bottom": 0,
            "crop_left": 0,
            "crop_right": 0,
            "pix_fmt": "yuv411p",
            "sample_aspect_ratio": "8:9",
            "pict_type": "I",
            "interlaced_frame": 1,
            "top_field_first": 0,
            "repeat_pict": 0,
            "chroma_location": "topleft"
        },
        {
            "media_type": "video",
            "stream_index": 0,
            "key_frame": 1,
            "pts": 61,
            "pts_time": "2.035265",
            "pkt_dts": 61,
            "pkt_dts_time": "2.035265",
            "best_effort_timestamp": 61,
            "best_effort_timestamp_time": "2.035265",
            "duration": 1,
            "duration_time": "0.033365",
            "pkt_pos": "7820812",
            "pkt_size": "120000",
            "width": 720,
            "height": 480,
            "crop_top": 0,
            "crop_bottom": 0,
            "crop_left": 0,
            "crop_right": 0,
            "pix_fmt": "yuv411p",
            "sample_aspect_ratio": "8:9",
            "pict_type": "I",
            "interlaced_frame": 1,
            "top_field_first": 0,
            "repeat_pict": 0,
            "chroma_location": "topleft"
        },
        {
            "media_type": "video",
            "stream_index": 0,
            "key_frame": 1,
            "pts": 62,
            "pts_time": "2.068630",
            "pkt_dts": 62,
            "pkt_dts_time": "2.068630",
            "best_effort_timestamp": 62,
            "best_effort_timestamp_time": "2.068630",
            "duration": 1,
            "duration_time": "0.033365",
            "pkt_pos": "7940820",
            "pkt_size": "120000",
            "width": 720,
            "height": 480,
            "crop_top": 0,
            "crop_bottom": 0,
            "crop_left": 0,
            "crop_right": 0,
            "pix_fmt": "yuv411p",
            "sample_aspect_ratio": "8:9",
            "pict_type": "I",
            "interlaced_frame": 1,
            "top_field_first": 0,
            "repeat_pict": 0,
            "chroma_location": "topleft"
        },
        {
            "media_type": "video",
            "stream_index": 0,
            "key_frame": 1,
            "pts": 63,
            "pts_time": "2.101995",
            "pkt_dts": 63,
            "pkt_dts_time": "2.101995",
            "best_effort_timestamp": 63,
            "best_effort_timestamp_time": "2.101995",
            "duration": 1,
            "duration_time": "0.033365",
            "pkt_pos": "8060828",
            "pkt_size": "120000",
            "width": 720,
            "height": 480,
            "crop_top": 0,
            "crop_bottom": 0,
            "crop_left": 0,
            "crop_right": 0,
            "pix_fmt": "yuv411p",
            "sample_aspect_ratio": "8:9",
            "pict_type": "I",
            "interlaced_frame": 1,
            "top_field_first": 0,
            "repeat_pict": 0,
            "chroma_location": "topleft"
        },
        {
            "media_type": "video",
            "stream_index": 0,
            "key_frame": 1,
            "pts": 64,
            "pts_time": "2.135360",
            "pkt_dts": 64,
            "pkt_dts_time": "2.135360",
            "best_effort_timestamp": 64,
            "best_effort_timestamp_time": "2.135360",
            "duration": 1,
            "duration_time": "0.033365",
            "pkt_pos": "8180836",
            "pkt_size": "120000",
            "width": 720,
            "height": 480,
            "crop_top": 0,
            "crop_bottom": 0,
            "crop_left": 0,
            "crop_right": 0,
            "pix_fmt": "yuv411p",
            "sample_aspect_ratio": "8:9",
            "pict_type": "I",
            "interlaced_frame": 1,
            "top_field_first": 0,
            "repeat_pict": 0,
            "chroma_location": "topleft"
        },
        {
            "media_type": "video",
            "stream_index": 0,
            "key_frame": 1,
            "pts": 65,
            "pts_time": "2.168725",
            "pkt_dts": 65,
            "pkt_dts_time": "2.168725",
            "best_effort_timestamp": 65,
            "best_effort_timestamp_time": "2.168725",
            "duration": 1,
            "duration_time": "0.033365",
            "pkt_pos": "8300844",
            "pkt_size": "120000",
            "width": 720,
            "height": 480,
            "crop_top": 0,
            "crop_bottom": 0,
            "crop_left": 0,
            "crop_right": 0,
            "pix_fmt": "yuv411p",
            "sample_aspect_ratio": "8:9",
            "pict_type": "I",
            "interlaced_frame": 1,
            "top_field_first": 0,
            "repeat_pict": 0,
            "chroma_location": "topleft"
        },
        {
            "media_type": "video",
            "stream_index": 0,
            "key_frame": 1,
            "pts": 66,
            "pts_time": "2.202090",
            "pkt_dts": 66,
            "pkt_dts_time": "2.202090",
            "best_effort_timestamp": 66,
            "best_effort_timestamp_time": "2.202090",
            "duration": 1,
            "duration_time": "0.033365",
            "pkt_pos": "8420852",
            "pkt_size": "120000",
            "width": 720,
            "height": 480,
            "crop_top": 0,
            "crop_bottom": 0,
            "crop_left": 0,
            "crop_right": 0,
            "pix_fmt": "yuv411p",
            "sample_aspect_ratio": "8:9",
            "pict_type": "I",
            "interlaced_frame": 1,
            "top_field_first": 0,
            "repeat_pict": 0,
            "chroma_location": "topleft"
        },
        {
            "media_type": "video",
            "stream_index": 0,
            "key_frame": 1,
            "pts": 67,
            "pts_time": "2.235455",
            "pkt_dts": 67,
            "pkt_dts_time": "2.235455",
            "best_effort_timestamp": 67,
            "best_effort_timestamp_time": "2.235455",
            "duration": 1,
            "duration_time": "0.033365",
            "pkt_pos": "8540860",
            "pkt_size": "120000",
            "width": 720,
            "height": 480,
            "crop_top": 0,
            "crop_bottom": 0,
            "crop_left": 0,
            "crop_right": 0,
            "pix_fmt": "yuv411p",
            "sample_aspect_ratio": "8:9",
            "pict_type": "I",
            "interlaced_frame": 1,
            "top_field_first": 0,
            "repeat_pict": 0,
            "chroma_location": "topleft"
        },
        {
            "media_type": "video",
            "stream_index": 0,
            "key_frame": 1,
            "pts": 68,
            "pts_time": "2.268820",
            "pkt_dts": 68,
            "pkt_dts_time": "2.268820",
            "best_effort_timestamp": 68,
            "best_effort_timestamp_time": "2.268820",
            "duration": 1,
            "duration_time": "0.033365",
            "pkt_pos": "8660868",
            "pkt_size": "120000",
            "width": 720,
            "height": 480,
            "crop_top": 0,
            "crop_bottom": 0,
            "crop_left": 0,
            "crop_right": 0,
            "pix_fmt": "yuv411p",
            "sample_aspect_ratio": "8:9",
            "pict_type": "I",
            "interlaced_frame": 1,
            "top_field_first": 0,
            "repeat_pict": 0,
            "chroma_location": "topleft"
        },
        {
            "media_type": "video",
            "stream_index": 0,
            "key_frame": 1,
            "pts": 69,
            "pts_time": "2.302185",
            "pkt_dts": 69,
            "pkt_dts_time": "2.302185",
            "best_effort_timestamp": 69,
            "best_effort_timestamp_time": "2.302185",
            "duration": 1,
            "duration_time": "0.033365",
            "pkt_pos": "8780876",
            "pkt_size": "120000",
            "width": 720,
            "height": 480,
            "crop_top": 0,
            "crop_bottom": 0,
            "crop_left": 0,
            "crop_right": 0,
            "pix_fmt": "yuv411p",
            "sample_aspect_ratio": "8:9",
            "pict_type": "I",
            "interlaced_frame": 1,
            "top_field_first": 0,
            "repeat_pict": 0,
            "chroma_location": "topleft"
        },
        {
            "media_type": "video",
            "stream_index": 0,
            "key_frame": 1,
            "pts": 70,
            "pts_time": "2.335550",
            "pkt_dts": 70,
            "pkt_dts_time": "2.335550",
            "best_effort_timestamp": 70,
            "best_effort_timestamp_time": "2.335550",
            "duration": 1,
            "duration_time": "0.033365",
            "pkt_pos": "8900884",
            "pkt_size": "120000",
            "width": 720,
            "height": 480,
            "crop_top": 0,
            "crop_bottom": 0,
            "crop_left": 0,
            "crop_right": 0,
            "pix_fmt": "yuv411p",
            "sample_aspect_ratio": "8:9",
            "pict_type": "I",
            "interlaced_frame": 1,
            "top_field_first": 0,
            "repeat_pict": 0,
            "chroma_location": "topleft"
        },
        {
            "media_type": "video",
            "stream_index": 0,
            "key_frame": 1,
            "pts": 71,
            "pts_time": "2.368915",
            "pkt_dts": 71,
            "pkt_dts_time": "2.368915",
            "best_effort_timestamp": 71,
            "best_effort_timestamp_time": "2.368915",
            "duration": 1,
            "duration_time": "0.033365",
            "pkt_pos": "9020892",
            "pkt_size": "120000",
            "width": 720,
            "height": 480,
            "crop_top": 0,
            "crop_bottom": 0,
            "crop_left": 0,
            "crop_right": 0,
            "pix_fmt": "yuv411p",
            "sample_aspect_ratio": "8:9",
            "pict_type": "I",
            "interlaced_frame": 1,
            "top_field_first": 0,
            "repeat_pict": 0,
            "chroma_location": "topleft"
        },
        {
            "media_type": "video",
            "stream_index": 0,
            "key_frame": 1,
            "pts": 72,
            "pts_time": "2.402280",
            "pkt_dts": 72,
            "pkt_dts_time": "2.402280",
            "best_effort_timestamp": 72,
            "best_effort_timestamp_time": "2.402280",
            "duration": 1,
            "duration_time": "0.033365",
            "pkt_pos": "9140900",
            "pkt_size": "120000",
            "width": 720,
            "height": 480,
            "crop_top": 0,
            "crop_bottom": 0,
            "crop_left": 0,
            "crop_right": 0,
            "pix_fmt": "yuv411p",
            "sample_aspect_ratio": "8:9",
            "pict_type": "I",
            "interlaced_frame": 1,
            "top_field_first": 0,
            "repeat_pict": 0,
            "chroma_location": "topleft"
        },
        {
            "media_type": "video",
            "stream_index": 0,
            "key_frame": 1,
            "pts": 73,
            "pts_time": "2.435645",
            "pkt_dts": 73,
            "pkt_dts_time": "2.435645",
            "best_effort_timestamp": 73,
            "best_effort_timestamp_time": "2.435645",
            "duration": 1,
            "duration_time": "0.033365",
            "pkt_pos": "9260908",
            "pkt_size": "120000",
            "width": 720,
            "height": 480,
            "crop_top": 0,
            "crop_bottom": 0,
            "crop_left": 0,
            "crop_right": 0,
            "pix_fmt": "yuv411p",
            "sample_aspect_ratio": "8:9",
            "pict_type": "I",
            "interlaced_frame": 1,
            "top_field_first": 0,
            "repeat_pict": 0,
            "chroma_location": "topleft"
        },
        {
            "media_type": "video",
            "stream_index": 0,
            "key_frame": 1,
            "pts": 74,
            "pts_time": "2.469010",
            "pkt_dts": 74,
            "pkt_dts_time": "2.469010",
            "best_effort_timestamp": 74,
            "best_effort_timestamp_time": "2.469010",
            "duration": 1,
            "duration_time": "0.033365",
            "pkt_pos": "9380916",
            "pkt_size": "120000",
            "width": 720,
            "height": 480,
            "crop_top": 0,
            "crop_bottom": 0,
            "crop_left": 0,
            "crop_right": 0,
            "pix_fmt": "yuv411p",
            "sample_aspect_ratio": "8:9",
            "pict_type": "I",
            "interlaced_frame": 1,
            "top_field_first": 0,
            "repeat_pict": 0,
            "chroma_location": "topleft"
        },
        {
            "media_type": "video",
            "stream_index": 0,
            "key_frame": 1,
            "pts": 75,
            "pts_time": "2.502375",
            "pkt_dts": 75,
            "pkt_dts_time": "2.502375",
            "best_effort_timestamp": 75,
            "best_effort_timestamp_time": "2.502375",
            "duration": 1,
            "duration_time": "0.033365",
            "pkt_pos": "9500924",
            "pkt_size": "120000",
            "width": 720,
            "height": 480,
            "crop_top": 0,
            "crop_bottom": 0,
            "crop_left": 0,
            "crop_right": 0,
            "pix_fmt": "yuv411p",
            "sample_aspect_ratio": "8:9",
            "pict_type": "I",
            "interlaced_frame": 1,
            "top_field_first": 0,
            "repeat_pict": 0,
            "chroma_location": "topleft"
        },
        {
            "media_type": "video",
            "stream_index": 0,
            "key_frame": 1,
            "pts": 76,
            "pts_time": "2.535740",
            "pkt_dts": 76,
            "pkt_dts_time": "2.535740",
            "best_effort_timestamp": 76,
            "best_effort_timestamp_time": "2.535740",
            "duration": 1,
            "duration_time": "0.033365",
            "pkt_pos": "9620932",
            "pkt_size": "120000",
            "width": 720,
            "height": 480,
            "crop_top": 0,
            "crop_bottom": 0,
            "crop_left": 0,
            "crop_right": 0,
            "pix_fmt": "yuv411p",
            "sample_aspect_ratio": "8:9",
            "pict_type": "I",
            "interlaced_frame": 1,
            "top_field_first": 0,
            "repeat_pict": 0,
            "chroma_location": "topleft"
        },
        {
            "media_type": "video",
            "stream_index": 0,
            "key_frame": 1,
            "pts": 77,
            "pts_time": "2.569105",
            "pkt_dts": 77,
            "pkt_dts_time": "2.569105",
            "best_effort_timestamp": 77,
            "best_effort_timestamp_time": "2.569105",
            "duration": 1,
            "duration_time": "0.033365",
            "pkt_pos": "9740940",
            "pkt_size": "120000",
            "width": 720,
            "height": 480,
            "crop_top": 0,
            "crop_bottom": 0,
            "crop_left": 0,
            "crop_right": 0,
            "pix_fmt": "yuv411p",
            "sample_aspect_ratio": "8:9",
            "pict_type": "I",
            "interlaced_frame": 1,
            "top_field_first": 0,
            "repeat_pict": 0,
            "chroma_location": "topleft"
        },
        {
            "media_type": "video",
            "stream_index": 0,
            "key_frame": 1,
            "pts": 78,
            "pts_time": "2.602470",
            "pkt_dts": 78,
            "pkt_dts_time": "2.602470",
            "best_effort_timestamp": 78,
            "best_effort_timestamp_time": "2.602470",
            "duration": 1,
            "duration_time": "0.033365",
            "pkt_pos": "9860948",
            "pkt_size": "120000",
            "width": 720,
            "height": 480,
            "crop_top": 0,
            "crop_bottom": 0,
            "crop_left": 0,
            "crop_right": 0,
            "pix_fmt": "yuv411p",
            "sample_aspect_ratio": "8:9",
            "pict_type": "I",
            "interlaced_frame": 1,
            "top_field_first": 0,
            "repeat_pict": 0,
            "chroma_location": "topleft"
        },
        {
            "media_type": "video",
            "stream_index": 0,
            "key_frame": 1,
            "pts": 79,
            "pts_time": "2.635835",
            "pkt_dts": 79,
            "pkt_dts_time": "2.635835",
            "best_effort_timestamp": 79,
            "best_effort_timestamp_time": "2.635835",
            "duration": 1,
            "duration_time": "0.033365",
            "pkt_pos": "9980956",
            "pkt_size": "120000",
            "width": 720,
            "height": 480,
            "crop_top": 0,
            "crop_bottom": 0,
            "crop_left": 0,
            "crop_right": 0,
            "pix_fmt": "yuv411p",
            "sample_aspect_ratio": "8:9",
            "pict_type": "I",
            "interlaced_frame": 1,
            "top_field_first": 0,
            "repeat_pict": 0,
            "chroma_location": "topleft"
        },
        {
            "media_type": "video",
            "stream_index": 0,
            "key_frame": 1,
            "pts": 80,
            "pts_time": "2.669200",
            "pkt_dts": 80,
            "pkt_dts_time": "2.669200",
            "best_effort_timestamp": 80,
            "best_effort_timestamp_time": "2.669200",
            "duration": 1,
            "duration_time": "0.033365",
            "pkt_pos": "10100964",
            "pkt_size": "120000",
            "width": 720,
            "height": 480,
            "crop_top": 0,
            "crop_bottom": 0,
            "crop_left": 0,
            "crop_right": 0,
            "pix_fmt": "yuv411p",
            "sample_aspect_ratio": "8:9",
            "pict_type": "I",
            "interlaced_frame": 1,
            "top_field_first": 0,
            "repeat_pict": 0,
            "chroma_location": "topleft"
        },
        {
            "media_type": "video",
            "stream_index": 0,
            "key_frame": 1,
            "pts": 81,
            "pts_time": "2.702565",
            "pkt_dts": 81,
            "pkt_dts_time": "2.702565",
            "best_effort_timestamp": 81,
            "best_effort_timestamp_time": "2.702565",
            "duration": 1,
            "duration_time": "0.033365",
            "pkt_pos": "10220972",
            "pkt_size": "120000",
            "width": 720,
            "height": 480,
            "crop_top": 0,
            "crop_bottom": 0,
            "crop_left": 0,
            "crop_right": 0,
            "pix_fmt": "yuv411p",
            "sample_aspect_ratio": "8:9",
            "pict_type": "I",
            "interlaced_frame": 1,
            "top_field_first": 0,
            "repeat_pict": 0,
            "chroma_location": "topleft"
        },
        {
            "media_type": "video",
            "stream_index": 0,
            "key_frame": 1,
            "pts": 82,
            "pts_time": "2.735930",
            "pkt_dts": 82,
            "pkt_dts_time": "2.735930",
            "best_effort_timestamp": 82,
            "best_effort_timestamp_time": "2.735930",
            "duration": 1,
            "duration_time": "0.033365",
            "pkt_pos": "10340980",
            "pkt_size": "120000",
            "width": 720,
            "height": 480,
            "crop_top": 0,
            "crop_bottom": 0,
            "crop_left": 0,
            "crop_right": 0,
            "pix_fmt": "yuv411p",
            "sample_aspect_ratio": "8:9",
            "pict_type": "I",
            "interlaced_frame": 1,
            "top_field_first": 0,
            "repeat_pict": 0,
            "chroma_location": "topleft"
        },
        {
            "media_type": "video",
            "stream_index": 0,
            "key_frame": 1,
            "pts": 83,
            "pts_time": "2.769295",
            "pkt_dts": 83,
            "pkt_dts_time": "2.769295",
            "best_effort_timestamp": 83,
            "best_effort_timestamp_time": "2.769295",
            "duration": 1,
            "duration_time": "0.033365",
            "pkt_pos": "10460988",
            "pkt_size": "120000",
            "width": 720,
            "height": 480,
            "crop_top": 0,
            "crop_bottom": 0,
            "crop_left": 0,
            "crop_right": 0,
            "pix_fmt": "yuv411p",
            "sample_aspect_ratio": "8:9",
            "pict_type": "I",
            "interlaced_frame": 1,
            "top_field_first": 0,
            "repeat_pict": 0,
            "chroma_location": "topleft"
        },
        {
            "media_type": "video",
            "stream_index": 0,
            "key_frame": 1,
            "pts": 84,
            "pts_time": "2.802660",
            "pkt_dts": 84,
            "pkt_dts_time": "2.802660",
            "best_effort_timestamp": 84,
            "best_effort_timestamp_time": "2.802660",
            "duration": 1,
            "duration_time": "0.033365",
            "pkt_pos": "10580996",
            "pkt_size": "120000",
            "width": 720,
            "height": 480,
            "crop_top": 0,
            "crop_bottom": 0,
            "crop_left": 0,
            "crop_right": 0,
            "pix_fmt": "yuv411p",
            "sample_aspect_ratio": "8:9",
            "pict_type": "I",
            "interlaced_frame": 1,
            "top_field_first": 0,
            "repeat_pict": 0,
            "chroma_location": "topleft"
        },
        {
            "media_type": "video",
            "stream_index": 0,
            "key_frame": 1,
            "pts": 85,
            "pts_time": "2.836025",
            "pkt_dts": 85,
            "pkt_dts_time": "2.836025",
            "best_effort_timestamp": 85,
            "best_effort_timestamp_time": "2.836025",
            "duration": 1,
            "duration_time": "0.033365",
            "pkt_pos": "10701004",
            "pkt_size": "120000",
            "width": 720,
            "height": 480,
            "crop_top": 0,
            "crop_bottom": 0,
            "crop_left": 0,
            "crop_right": 0,
            "pix_fmt": "yuv411p",
            "sample_aspect_ratio": "8:9",
            "pict_type": "I",
            "interlaced_frame": 1,
            "top_field_first": 0,
            "repeat_pict": 0,
            "chroma_location": "topleft"
        },
        {
            "media_type": "video",
            "stream_index": 0,
            "key_frame": 1,
            "pts": 86,
            "pts_time": "2.869390",
            "pkt_dts": 86,
            "pkt_dts_time": "2.869390",
            "best_effort_timestamp": 86,
            "best_effort_timestamp_time": "2.869390",
            "duration": 1,
            "duration_time": "0.033365",
            "pkt_pos": "10821012",
            "pkt_size": "120000",
            "width": 720,
            "height": 480,
            "crop_top": 0,
            "crop_bottom": 0,
            "crop_left": 0,
            "crop_right": 0,
            "pix_fmt": "yuv411p",
            "sample_aspect_ratio": "8:9",
            "pict_type": "I",
            "interlaced_frame": 1,
            "top_field_first": 0,
            "repeat_pict": 0,
            "chroma_location": "topleft"
        },
        {
            "media_type": "video",
            "stream_index": 0,
            "key_frame": 1,
            "pts": 87,
            "pts_time": "2.902755",
            "pkt_dts": 87,
            "pkt_dts_time": "2.902755",
            "best_effort_timestamp": 87,
            "best_effort_timestamp_time": "2.902755",
            "duration": 1,
            "duration_time": "0.033365",
            "pkt_pos": "11126816",
            "pkt_size": "120000",
            "width": 720,
            "height": 480,
            "crop_top": 0,
            "crop_bottom": 0,
            "crop_left": 0,
            "crop_right": 0,
            "pix_fmt": "yuv411p",
            "sample_aspect_ratio": "8:9",
            "pict_type": "I",
            "interlaced_frame": 1,
            "top_field_first": 0,
            "repeat_pict": 0,
            "chroma_location": "topleft"
        },
        {
            "media_type": "video",
            "stream_index": 0,
            "key_frame": 1,
            "pts": 88,
            "pts_time": "2.936120",
            "pkt_dts": 88,
            "pkt_dts_time": "2.936120",
            "best_effort_timestamp": 88,
            "best_effort_timestamp_time": "2.936120",
            "duration": 1,
            "duration_time": "0.033365",
            "pkt_pos": "11246824",
            "pkt_size": "120000",
            "width": 720,
            "height": 480,
            "crop_top": 0,
            "crop_bottom": 0,
            "crop_left": 0,
            "crop_right": 0,
            "pix_fmt": "yuv411p",
            "sample_aspect_ratio": "8:9",
            "pict_type": "I",
            "interlaced_frame": 1,
            "top_field_first": 0,
            "repeat_pict": 0,
            "chroma_location": "topleft"
        },
        {
            "media_type": "video",
            "stream_index": 0,
            "key_frame": 1,
            "pts": 89,
            "pts_time": "2.969485",
            "pkt_dts": 89,
            "pkt_dts_time": "2.969485",
            "best_effort_timestamp": 89,
            "best_effort_timestamp_time": "2.969485",
            "duration": 1,
            "duration_time": "0.033365",
            "pkt_pos": "11366832",
            "pkt_size": "120000",
            "width": 720,
            "height": 480,
            "crop_top": 0,
            "crop_bottom": 0,
            "crop_left": 0,
            "crop_right": 0,
            "pix_fmt": "yuv411p",
            "sample_aspect_ratio": "8:9",
            "pict_type": "I",
            "interlaced_frame": 1,
            "top_field_first": 0,
            "repeat_pict": 0,
            "chroma_location": "topleft"
        },
        {
            "media_type": "video",
            "stream_index": 0,
            "key_frame": 1,
            "pts": 90,
            "pts_time": "3.002850",
            "pkt_dts": 90,
            "pkt_dts_time": "3.002850",
            "best_effort_timestamp": 90,
            "best_effort_timestamp_time": "3.002850",
            "duration": 1,
            "duration_time": "0.033365",
            "pkt_pos": "11486840",
            "pkt_size": "120000",
            "width": 720,
            "height": 480,
            "crop_top": 0,
            "crop_bottom": 0,
            "crop_left": 0,
            "crop_right": 0,
            "pix_fmt": "yuv411p",
            "sample_aspect_ratio": "8:9",
            "pict_type": "I",
            "interlaced_frame": 1,
            "top_field_first": 0,
            "repeat_pict": 0,
            "chroma_location": "topleft"
        },
        {
            "media_type": "video",
            "stream_index": 0,
            "key_frame": 1,
            "pts": 91,
            "pts_time": "3.036215",
            "pkt_dts": 91,
            "pkt_dts_time": "3.036215",
            "best_effort_timestamp": 91,
            "best_effort_timestamp_time": "3.036215",
            "duration": 1,
            "duration_time": "0.033365",
            "pkt_pos": "11606848",
            "pkt_size": "120000",
            "width": 720,
            "height": 480,
            "crop_top": 0,
            "crop_bottom": 0,
            "crop_left": 0,
            "crop_right": 0,
            "pix_fmt": "yuv411p",
            "sample_aspect_ratio": "8:9",
            "pict_type": "I",
            "interlaced_frame": 1,
            "top_field_first": 0,
            "repeat_pict": 0,
            "chroma_location": "topleft"
        },
        {
            "media_type": "video",
            "stream_index": 0,
            "key_frame": 1,
            "pts": 92,
            "pts_time": "3.069580",
            "pkt_dts": 92,
            "pkt_dts_time": "3.069580",
            "best_effort_timestamp": 92,
            "best_effort_timestamp_time": "3.069580",
            "duration": 1,
            "duration_time": "0.033365",
            "pkt_pos": "11726856",
            "pkt_size": "120000",
            "width": 720,
            "height": 480,
            "crop_top": 0,
            "crop_bottom": 0,
            "crop_left": 0,
            "crop_right": 0,
            "pix_fmt": "yuv411p",
            "sample_aspect_ratio": "8:9",
            "pict_type": "I",
            "interlaced_frame": 1,
            "top_field_first": 0,
            "repeat_pict": 0,
            "chroma_location": "topleft"
        },
        {
            "media_type": "video",
            "stream_index": 0,
            "key_frame": 1,
            "pts": 93,
            "pts_time": "3.102945",
            "pkt_dts": 93,
            "pkt_dts_time": "3.102945",
            "best_effort_timestamp": 93,
            "best_effort_timestamp_time": "3.102945",
            "duration": 1,
            "duration_time": "0.033365",
            "pkt_pos": "11846864",
            "pkt_size": "120000",
            "width": 720,
            "height": 480,
            "crop_top": 0,
            "crop_bottom": 0,
            "crop_left": 0,
            "crop_right": 0,
            "pix_fmt": "yuv411p",
            "sample_aspect_ratio": "8:9",
            "pict_type": "I",
            "interlaced_frame": 1,
            "top_field_first": 0,
            "repeat_pict": 0,
            "chroma_location": "topleft"
        },
        {
            "media_type": "video",
            "stream_index": 0,
            "key_frame": 1,
            "pts": 94,
            "pts_time": "3.136310",
            "pkt_dts": 94,
            "pkt_dts_time": "3.136310",
            "best_effort_timestamp": 94,
            "best_effort_timestamp_time": "3.136310",
            "duration": 1,
            "duration_time": "0.033365",
            "pkt_pos": "11966872",
            "pkt_size": "120000",
            "width": 720,
            "height": 480,
            "crop_top": 0,
            "crop_bottom": 0,
            "crop_left": 0,
            "crop_right": 0,
            "pix_fmt": "yuv411p",
            "sample_aspect_ratio": "8:9",
            "pict_type": "I",
            "interlaced_frame": 1,
            "top_field_first": 0,
            "repeat_pict": 0,
            "chroma_location": "topleft"
        },
        {
            "media_type": "video",
            "stream_index": 0,
            "key_frame": 1,
            "pts": 95,
            "pts_time": "3.169675",
            "pkt_dts": 95,
            "pkt_dts_time": "3.169675",
            "best_effort_timestamp": 95,
            "best_effort_timestamp_time": "3.169675",
            "duration": 1,
            "duration_time": "0.033365",
            "pkt_pos": "12086880",
            "pkt_size": "120000",
            "width": 720,
            "height": 480,
            "crop_top": 0,
            "crop_bottom": 0,
            "crop_left": 0,
            "crop_right": 0,
            "pix_fmt": "yuv411p",
            "sample_aspect_ratio": "8:9",
            "pict_type": "I",
            "interlaced_frame": 1,
            "top_field_first": 0,
            "repeat_pict": 0,
            "chroma_location": "topleft"
        },
        {
            "media_type": "video",
            "stream_index": 0,
            "key_frame": 1,
            "pts": 96,
            "pts_time": "3.203040",
            "pkt_dts": 96,
            "pkt_dts_time": "3.203040",
            "best_effort_timestamp": 96,
            "best_effort_timestamp_time": "3.203040",
            "duration": 1,
            "duration_time": "0.033365",
            "pkt_pos": "12206888",
            "pkt_size": "120000",
            "width": 720,
            "height": 480,
            "crop_top": 0,
            "crop_bottom": 0,
            "crop_left": 0,
            "crop_right": 0,
            "pix_fmt": "yuv411p",
            "sample_aspect_ratio": "8:9",
            "pict_type": "I",
            "interlaced_frame": 1,
            "top_field_first": 0,
            "repeat_pict": 0,
            "chroma_location": "topleft"
        },
        {
            "media_type": "video",
            "stream_index": 0,
            "key_frame": 1,
            "pts": 97,
            "pts_time": "3.236405",
            "pkt_dts": 97,
            "pkt_dts_time": "3.236405",
            "best_effort_timestamp": 97,
            "best_effort_timestamp_time": "3.236405",
            "duration": 1,
            "duration_time": "0.033365",
            "pkt_pos": "12326896",
            "pkt_size": "120000",
            "width": 720,
            "height": 480,
            "crop_top": 0,
            "crop_bottom": 0,
            "crop_left": 0,
            "crop_right": 0,
            "pix_fmt": "yuv411p",
            "sample_aspect_ratio": "8:9",
            "pict_type": "I",
            "interlaced_frame": 1,
            "top_field_first": 0,
            "repeat_pict": 0,
            "chroma_location": "topleft"
        },
        {
            "media_type": "video",
            "stream_index": 0,
            "key_frame": 1,
            "pts": 98,
            "pts_time": "3.269770",
            "pkt_dts": 98,
            "pkt_dts_time": "3.269770",
            "best_effort_timestamp": 98,
            "best_effort_timestamp_time": "3.269770",
            "duration": 1,
            "duration_time": "0.033365",
            "pkt_pos": "12446904",
            "pkt_size": "120000",
            "width": 720,
            "height": 480,
            "crop_top": 0,
            "crop_bottom": 0,
            "crop_left": 0,
            "crop_right": 0,
            "pix_fmt": "yuv411p",
            "sample_aspect_ratio": "8:9",
            "pict_type": "I",
            "interlaced_frame": 1,
            "top_field_first": 0,
            "repeat_pict": 0,
            "chroma_location": "topleft"
        },
        {
            "media_type": "video",
            "stream_index": 0,
            "key_frame": 1,
            "pts": 99,
            "pts_time": "3.303135",
            "pkt_dts": 99,
            "pkt_dts_time": "3.303135",
            "best_effort_timestamp": 99,
            "best_effort_timestamp_time": "3.303135",
            "duration": 1,
            "duration_time": "0.033365",
            "pkt_pos": "12566912",
            "pkt_size": "120000",
            "width": 720,
            "height": 480,
            "crop_top": 0,
            "crop_bottom": 0,
            "crop_left": 0,
            "crop_right": 0,
            "pix_fmt": "yuv411p",
            "sample_aspect_ratio": "8:9",
            "pict_type": "I",
            "interlaced_frame": 1,
            "top_field_first": 0,
            "repeat_pict": 0,
            "chroma_location": "topleft"
        },
        {
            "media_type": "video",
            "stream_index": 0,
            "key_frame": 1,
            "pts": 100,
            "pts_time": "3.336500",
            "pkt_dts": 100,
            "pkt_dts_time": "3.336500",
            "best_effort_timestamp": 100,
            "best_effort_timestamp_time": "3.336500",
            "duration": 1,
            "duration_time": "0.033365",
            "pkt_pos": "12686920",
            "pkt_size": "120000",
            "width": 720,
            "height": 480,
            "crop_top": 0,
            "crop_bottom": 0,
            "crop_left": 0,
            "crop_right": 0,
            "pix_fmt": "yuv411p",
            "sample_aspect_ratio": "8:9",
            "pict_type": "I",
            "interlaced_frame": 1,
            "top_field_first": 0,
            "repeat_pict": 0,
            "chroma_location": "topleft"
        },
        {
            "media_type": "video",
            "stream_index": 0,
            "key_frame": 1,
            "pts": 101,
            "pts_time": "3.369865",
            "pkt_dts": 101,
            "pkt_dts_time": "3.369865",
            "best_effort_timestamp": 101,
            "best_effort_timestamp_time": "3.369865",
            "duration": 1,
            "duration_time": "0.033365",
            "pkt_pos": "12806928",
            "pkt_size": "120000",
            "width": 720,
            "height": 480,
            "crop_top": 0,
            "crop_bottom": 0,
            "crop_left": 0,
            "crop_right": 0,
            "pix_fmt": "yuv411p",
            "sample_aspect_ratio": "8:9",
            "pict_type": "I",
            "interlaced_frame": 1,
            "top_field_first": 0,
            "repeat_pict": 0,
            "chroma_location": "topleft"
        },
        {
            "media_type": "video",
            "stream_index": 0,
            "key_frame": 1,
            "pts": 102,
            "pts_time": "3.403230",
            "pkt_dts": 102,
            "pkt_dts_time": "3.403230",
            "best_effort_timestamp": 102,
            "best_effort_timestamp_time": "3.403230",
            "duration": 1,
            "duration_time": "0.033365",
            "pkt_pos": "12926936",
            "pkt_size": "120000",
            "width": 720,
            "height": 480,
            "crop_top": 0,
            "crop_bottom": 0,
            "crop_left": 0,
            "crop_right": 0,
            "pix_fmt": "yuv411p",
            "sample_aspect_ratio": "8:9",
            "pict_type": "I",
            "interlaced_frame": 1,
            "top_field_first": 0,
            "repeat_pict": 0,
            "chroma_location": "topleft"
        },
        {
            "media_type": "video",
            "stream_index": 0,
            "key_frame": 1,
            "pts": 103,
            "pts_time": "3.436595",
            "pkt_dts": 103,
            "pkt_dts_time": "3.436595",
            "best_effort_timestamp": 103,
            "best_effort_timestamp_time": "3.436595",
            "duration": 1,
            "duration_time": "0.033365",
            "pkt_pos": "13046944",
            "pkt_size": "120000",
            "width": 720,
            "height": 480,
            "crop_top": 0,
            "crop_bottom": 0,
            "crop_left": 0,
            "crop_right": 0,
            "pix_fmt": "yuv411p",
            "sample_aspect_ratio": "8:9",
            "pict_type": "I",
            "interlaced_frame": 1,
            "top_field_first": 0,
            "repeat_pict": 0,
            "chroma_location": "topleft"
        },
        {
            "media_type": "video",
            "stream_index": 0,
            "key_frame": 1,
            "pts": 104,
            "pts_time": "3.469960",
            "pkt_dts": 104,
            "pkt_dts_time": "3.469960",
            "best_effort_timestamp": 104,
            "best_effort_timestamp_time": "3.469960",
            "duration": 1,
            "duration_time": "0.033365",
            "pkt_pos": "13166952",
            "pkt_size": "120000",
            "width": 720,
            "height": 480,
            "crop_top": 0,
            "crop_bottom": 0,
            "crop_left": 0,
            "crop_right": 0,
            "pix_fmt": "yuv411p",
            "sample_aspect_ratio": "8:9",
            "pict_type": "I",
            "interlaced_frame": 1,
            "top_field_first": 0,
            "repeat_pict": 0,
            "chroma_location": "topleft"
        },
        {
            "media_type": "video",
            "stream_index": 0,
            "key_frame": 1,
            "pts": 105,
            "pts_time": "3.503325",
            "pkt_dts": 105,
            "pkt_dts_time": "3.503325",
            "best_effort_timestamp": 105,
            "best_effort_timestamp_time": "3.503325",
            "duration": 1,
            "duration_time": "0.033365",
            "pkt_pos": "13286960",
            "pkt_size": "120000",
            "width": 720,
            "height": 480,
            "crop_top": 0,
            "crop_bottom": 0,
            "crop_left": 0,
            "crop_right": 0,
            "pix_fmt": "yuv411p",
            "sample_aspect_ratio": "8:9",
            "pict_type": "I",
            "interlaced_frame": 1,
            "top_field_first": 0,
            "repeat_pict": 0,
            "chroma_location": "topleft"
        },
        {
            "media_type": "video",
            "stream_index": 0,
            "key_frame": 1,
            "pts": 106,
            "pts_time": "3.536690",
            "pkt_dts": 106,
            "pkt_dts_time": "3.536690",
            "best_effort_timestamp": 106,
            "best_effort_timestamp_time": "3.536690",
            "duration": 1,
            "duration_time": "0.033365",
            "pkt_pos": "13406968",
            "pkt_size": "120000",
            "width": 720,
            "height": 480,
            "crop_top": 0,
            "crop_bottom": 0,
            "crop_left": 0,
            "crop_right": 0,
            "pix_fmt": "yuv411p",
            "sample_aspect_ratio": "8:9",
            "pict_type": "I",
            "interlaced_frame": 1,
            "top_field_first": 0,
            "repeat_pict": 0,
            "chroma_location": "topleft"
        },
        {
            "media_type": "video",
            "stream_index": 0,
            "key_frame": 1,
            "pts": 107,
            "pts_time": "3.570055",
            "pkt_dts": 107,
            "pkt_dts_time": "3.570055",
            "best_effort_timestamp": 107,
            "best_effort_timestamp_time": "3.570055",
            "duration": 1,
            "duration_time": "0.033365",
            "pkt_pos": "13526976",
            "pkt_size": "120000",
            "width": 720,
            "height": 480,
            "crop_top": 0,
            "crop_bottom": 0,
            "crop_left": 0,
            "crop_right": 0,
            "pix_fmt": "yuv411p",
            "sample_aspect_ratio": "8:9",
            "pict_type": "I",
            "interlaced_frame": 1,
            "top_field_first": 0,
            "repeat_pict": 0,
            "chroma_location": "topleft"
        },
        {
            "media_type": "video",
            "stream_index": 0,
            "key_frame": 1,
            "pts": 108,
            "pts_time": "3.603420",
            "pkt_dts": 108,
            "pkt_dts_time": "3.603420",
            "best_effort_timestamp": 108,
            "best_effort_timestamp_time": "3.603420",
            "duration": 1,
            "duration_time": "0.033365",
            "pkt_pos": "13646984",
            "pkt_size": "120000",
            "width": 720,
            "height": 480,
            "crop_top": 0,
            "crop_bottom": 0,
            "crop_left": 0,
            "crop_right": 0,
            "pix_fmt": "yuv411p",
            "sample_aspect_ratio": "8:9",
            "pict_type": "I",
            "interlaced_frame": 1,
            "top_field_first": 0,
            "repeat_pict": 0,
            "chroma_location": "topleft"
        },
        {
            "media_type": "video",
            "stream_index": 0,
            "key_frame": 1,
            "pts": 109,
            "pts_time": "3.636785",
            "pkt_dts": 109,
            "pkt_dts_time": "3.636785",
            "best_effort_timestamp": 109,
            "best_effort_timestamp_time": "3.636785",
            "duration": 1,
            "duration_time": "0.033365",
            "pkt_pos": "13766992",
            "pkt_size": "120000",
            "width": 720,
            "height": 480,
            "crop_top": 0,
            "crop_bottom": 0,
            "crop_left": 0,
            "crop_right": 0,
            "pix_fmt": "yuv411p",
            "sample_aspect_ratio": "8:9",
            "pict_type": "I",
            "interlaced_frame": 1,
            "top_field_first": 0,
            "repeat_pict": 0,
            "chroma_location": "topleft"
        },
        {
            "media_type": "video",
            "stream_index": 0,
            "key_frame": 1,
            "pts": 110,
            "pts_time": "3.670150",
            "pkt_dts": 110,
            "pkt_dts_time": "3.670150",
            "best_effort_timestamp": 110,
            "best_effort_timestamp_time": "3.670150",
            "duration": 1,
            "duration_time": "0.033365",
            "pkt_pos": "13887000",
            "pkt_size": "120000",
            "width": 720,
            "height": 480,
            "crop_top": 0,
            "crop_bottom": 0,
            "crop_left": 0,
            "crop_right": 0,
            "pix_fmt": "yuv411p",
            "sample_aspect_ratio": "8:9",
            "pict_type": "I",
            "interlaced_frame": 1,
            "top_field_first": 0,
            "repeat_pict": 0,
            "chroma_location": "topleft"
        },
        {
            "media_type": "video",
            "stream_index": 0,
            "key_frame": 1,
            "pts": 111,
            "pts_time": "3.703515",
            "pkt_dts": 111,
            "pkt_dts_time": "3.703515",
            "best_effort_timestamp": 111,
            "best_effort_timestamp_time": "3.703515",
            "duration": 1,
            "duration_time": "0.033365",
            "pkt_pos": "14007008",
            "pkt_size": "120000",
            "width": 720,
            "height": 480,
            "crop_top": 0,
            "crop_bottom": 0,
            "crop_left": 0,
            "crop_right": 0,
            "pix_fmt": "yuv411p",
            "sample_aspect_ratio": "8:9",
            "pict_type": "I",
            "interlaced_frame": 1,
            "top_field_first": 0,
            "repeat_pict": 0,
            "chroma_location": "topleft"
        },
        {
            "media_type": "video",
            "stream_index": 0,
            "key_frame": 1,
            "pts": 112,
            "pts_time": "3.736880",
            "pkt_dts": 112,
            "pkt_dts_time": "3.736880",
            "best_effort_timestamp": 112,
            "best_effort_timestamp_time": "3.736880",
            "duration": 1,
            "duration_time": "0.033365",
            "pkt_pos": "14127016",
            "pkt_size": "120000",
            "width": 720,
            "height": 480,
            "crop_top": 0,
            "crop_bottom": 0,
            "crop_left": 0,
            "crop_right": 0,
            "pix_fmt": "yuv411p",
            "sample_aspect_ratio": "8:9",
            "pict_type": "I",
            "interlaced_frame": 1,
            "top_field_first": 0,
            "repeat_pict": 0,
            "chroma_location": "topleft"
        },
        {
            "media_type": "video",
            "stream_index": 0,
            "key_frame": 1,
            "pts": 113,
            "pts_time": "3.770245",
            "pkt_dts": 113,
            "pkt_dts_time": "3.770245",
            "best_effort_timestamp": 113,
            "best_effort_timestamp_time": "3.770245",
            "duration": 1,
            "duration_time": "0.033365",
            "pkt_pos": "14247024",
            "pkt_size": "120000",
            "width": 720,
            "height": 480,
            "crop_top": 0,
            "crop_bottom": 0,
            "crop_left": 0,
            "crop_right": 0,
            "pix_fmt": "yuv411p",
            "sample_aspect_ratio": "8:9",
            "pict_type": "I",
            "interlaced_frame": 1,
            "top_field_first": 0,
            "repeat_pict": 0,
            "chroma_location": "topleft"
        },
        {
            "media_type": "video",
            "stream_index": 0,
            "key_frame": 1,
            "pts": 114,
            "pts_time": "3.803610",
            "pkt_dts": 114,
            "pkt_dts_time": "3.803610",
            "best_effort_timestamp": 114,
            "best_effort_timestamp_time": "3.803610",
            "duration": 1,
            "duration_time": "0.033365",
            "pkt_pos": "14367032",
            "pkt_size": "120000",
            "width": 720,
            "height": 480,
            "crop_top": 0,
            "crop_bottom": 0,
            "crop_left": 0,
            "crop_right": 0,
            "pix_fmt": "yuv411p",
            "sample_aspect_ratio": "8:9",
            "pict_type": "I",
            "interlaced_frame": 1,
            "top_field_first": 0,
            "repeat_pict": 0,
            "chroma_location": "topleft"
        },
        {
            "media_type": "video",
            "stream_index": 0,
            "key_frame": 1,
            "pts": 115,
            "pts_time": "3.836975",
            "pkt_dts": 115,
            "pkt_dts_time": "3.836975",
            "best_effort_timestamp": 115,
            "best_effort_timestamp_time": "3.836975",
            "duration": 1,
            "duration_time": "0.033365",
            "pkt_pos": "14487040",
            "pkt_size": "120000",
            "width": 720,
            "height": 480,
            "crop_top": 0,
            "crop_bottom": 0,
            "crop_left": 0,
            "crop_right": 0,
            "pix_fmt": "yuv411p",
            "sample_aspect_ratio": "8:9",
            "pict_type": "I",
            "interlaced_frame": 1,
            "top_field_first": 0,
            "repeat_pict": 0,
            "chroma_location": "topleft"
        },
        {
            "media_type": "video",
            "stream_index": 0,
            "key_frame": 1,
            "pts": 116,
            "pts_time": "3.870340",
            "pkt_dts": 116,
            "pkt_dts_time": "3.870340",
            "best_effort_timestamp": 116,
            "best_effort_timestamp_time": "3.870340",
            "duration": 1,
            "duration_time": "0.033365",
            "pkt_pos": "14792840",
            "pkt_size": "120000",
            "width": 720,
            "height": 480,
            "crop_top": 0,
            "crop_bottom": 0,
            "crop_left": 0,
            "crop_right": 0,
            "pix_fmt": "yuv411p",
            "sample_aspect_ratio": "8:9",
            "pict_type": "I",
            "interlaced_frame": 1,
            "top_field_first": 0,
            "repeat_pict": 0,
            "chroma_location": "topleft"
        },
        {
            "media_type": "video",
            "stream_index": 0,
            "key_frame": 1,
            "pts": 117,
            "pts_time": "3.903705",
            "pkt_dts": 117,
            "pkt_dts_time": "3.903705",
            "best_effort_timestamp": 117,
            "best_effort_timestamp_time": "3.903705",
            "duration": 1,
            "duration_time": "0.033365",
            "pkt_pos": "14912848",
            "pkt_size": "120000",
            "width": 720,
            "height": 480,
            "crop_top": 0,
            "crop_bottom": 0,
            "crop_left": 0,
            "crop_right": 0,
            "pix_fmt": "yuv411p",
            "sample_aspect_ratio": "8:9",
            "pict_type": "I",
            "interlaced_frame": 1,
            "top_field_first": 0,
            "repeat_pict": 0,
            "chroma_location": "topleft"
        },
        {
            "media_type": "video",
            "stream_index": 0,
            "key_frame": 1,
            "pts": 118,
            "pts_time": "3.937070",
            "pkt_dts": 118,
            "pkt_dts_time": "3.937070",
            "best_effort_timestamp": 118,
            "best_effort_timestamp_time": "3.937070",
            "duration": 1,
            "duration_time": "0.033365",
            "pkt_pos": "15032856",
            "pkt_size": "120000",
            "width": 720,
            "height": 480,
            "crop_top": 0,
            "crop_bottom": 0,
            "crop_left": 0,
            "crop_right": 0,
            "pix_fmt": "yuv411p",
            "sample_aspect_ratio": "8:9",
            "pict_type": "I",
            "interlaced_frame": 1,
            "top_field_first": 0,
            "repeat_pict": 0,
            "chroma_location": "topleft"
        },
        {
            "media_type": "video",
            "stream_index": 0,
            "key_frame": 1,
            "pts": 119,
            "pts_time": "3.970435",
            "pkt_dts": 119,
            "pkt_dts_time": "3.970435",
            "best_effort_timestamp": 119,
            "best_effort_timestamp_time": "3.970435",
            "duration": 1,
            "duration_time": "0.033365",
            "pkt_pos": "15152864",
            "pkt_size": "120000",
            "width": 720,
            "height": 480,
            "crop_top": 0,
            "crop_bottom": 0,
            "crop_left": 0,
            "crop_right": 0,
            "pix_fmt": "yuv411p",
            "sample_aspect_ratio": "8:9",
            "pict_type": "I",
            "interlaced_frame": 1,
            "top_field_first": 0,
            "repeat_pict": 0,
            "chroma_location": "topleft"
        },
        {
            "media_type": "video",
            "stream_index": 0,
            "key_frame": 1,
            "pts": 120,
            "pts_time": "4.003800",
            "pkt_dts": 120,
            "pkt_dts_time": "4.003800",
            "best_effort_timestamp": 120,
            "best_effort_timestamp_time": "4.003800",
            "duration": 1,
            "duration_time": "0.033365",
            "pkt_pos": "15272872",
            "pkt_size": "120000",
            "width": 720,
            "height": 480,
            "crop_top": 0,
            "crop_bottom": 0,
            "crop_left": 0,
            "crop_right": 0,
            "pix_fmt": "yuv411p",
            "sample_aspect_ratio": "8:9",
            "pict_type": "I",
            "interlaced_frame": 1,
            "top_field_first": 0,
            "repeat_pict": 0,
            "chroma_location": "topleft"
        },
        {
            "media_type": "video",
            "stream_index": 0,
            "key_frame": 1,
            "pts": 121,
            "pts_time": "4.037165",
            "pkt_dts": 121,
            "pkt_dts_time": "4.037165",
            "best_effort_timestamp": 121,
            "best_effort_timestamp_time": "4.037165",
            "duration": 1,
            "duration_time": "0.033365",
            "pkt_pos": "15392880",
            "pkt_size": "120000",
            "width": 720,
            "height": 480,
            "crop_top": 0,
            "crop_bottom": 0,
            "crop_left": 0,
            "crop_right": 0,
            "pix_fmt": "yuv411p",
            "sample_aspect_ratio": "8:9",
            "pict_type": "I",
            "interlaced_frame": 1,
            "top_field_first": 0,
            "repeat_pict": 0,
            "chroma_location": "topleft"
        },
        {
            "media_type": "video",
            "stream_index": 0,
            "key_frame": 1,
            "pts": 122,
            "pts_time": "4.070530",
            "pkt_dts": 122,
            "pkt_dts_time": "4.070530",
            "best_effort_timestamp": 122,
            "best_effort_timestamp_time": "4.070530",
            "duration": 1,
            "duration_time": "0.033365",
            "pkt_pos": "15512888",
            "pkt_size": "120000",
            "width": 720,
            "height": 480,
            "crop_top": 0,
            "crop_bottom": 0,
            "crop_left": 0,
            "crop_right": 0,
            "pix_fmt": "yuv411p",
            "sample_aspect_ratio": "8:9",
            "pict_type": "I",
            "interlaced_frame": 1,
            "top_field_first": 0,
            "repeat_pict": 0,
            "chroma_location": "topleft"
        },
        {
            "media_type": "video",
            "stream_index": 0,
            "key_frame": 1,
            "pts": 123,
            "pts_time": "4.103895",
            "pkt_dts": 123,
            "pkt_dts_time": "4.103895",
            "best_effort_timestamp": 123,
            "best_effort_timestamp_time": "4.103895",
            "duration": 1,
            "duration_time": "0.033365",
            "pkt_pos": "15632896",
            "pkt_size": "120000",
            "width": 720,
            "height": 480,
            "crop_top": 0,
            "crop_bottom": 0,
            "crop_left": 0,
            "crop_right": 0,
            "pix_fmt": "yuv411p",
            "sample_aspect_ratio": "8:9",
            "pict_type": "I",
            "interlaced_frame": 1,
            "top_field_first": 0,
            "repeat_pict": 0,
            "chroma_location": "topleft"
        },
        {
            "media_type": "video",
            "stream_index": 0,
            "key_frame": 1,
            "pts": 124,
            "pts_time": "4.137260",
            "pkt_dts": 124,
            "pkt_dts_time": "4.137260",
            "best_effort_timestamp": 124,
            "best_effort_timestamp_time": "4.137260",
            "duration": 1,
            "duration_time": "0.033365",
            "pkt_pos": "15752904",
            "pkt_size": "120000",
            "width": 720,
            "height": 480,
            "crop_top": 0,
            "crop_bottom": 0,
            "crop_left": 0,
            "crop_right": 0,
            "pix_fmt": "yuv411p",
            "sample_aspect_ratio": "8:9",
            "pict_type": "I",
            "interlaced_frame": 1,
            "top_field_first": 0,
            "repeat_pict": 0,
            "chroma_location": "topleft"
        },
        {
            "media_type": "video",
            "stream_index": 0,
            "key_frame": 1,
            "pts": 125,
            "pts_time": "4.170625",
            "pkt_dts": 125,
            "pkt_dts_time": "4.170625",
            "best_effort_timestamp": 125,
            "best_effort_timestamp_time": "4.170625",
            "duration": 1,
            "duration_time": "0.033365",
            "pkt_pos": "15872912",
            "pkt_size": "120000",
            "width": 720,
            "height": 480,
            "crop_top": 0,
            "crop_bottom": 0,
            "crop_left": 0,
            "crop_right": 0,
            "pix_fmt": "yuv411p",
            "sample_aspect_ratio": "8:9",
            "pict_type": "I",
            "interlaced_frame": 1,
            "top_field_first": 0,
            "repeat_pict": 0,
            "chroma_location": "topleft"
        },
        {
            "media_type": "video",
            "stream_index": 0,
            "key_frame": 1,
            "pts": 126,
            "pts_time": "4.203990",
            "pkt_dts": 126,
            "pkt_dts_time": "4.203990",
            "best_effort_timestamp": 126,
            "best_effort_timestamp_time": "4.203990",
            "duration": 1,
            "duration_time": "0.033365",
            "pkt_pos": "15992920",
            "pkt_size": "120000",
            "width": 720,
            "height": 480,
            "crop_top": 0,
            "crop_bottom": 0,
            "crop_left": 0,
            "crop_right": 0,
            "pix_fmt": "yuv411p",
            "sample_aspect_ratio": "8:9",
            "pict_type": "I",
            "interlaced_frame": 1,
            "top_field_first": 0,
            "repeat_pict": 0,
            "chroma_location": "topleft"
        },
        {
            "media_type": "video",
            "stream_index": 0,
            "key_frame": 1,
            "pts": 127,
            "pts_time": "4.237355",
            "pkt_dts": 127,
            "pkt_dts_time": "4.237355",
            "best_effort_timestamp": 127,
            "best_effort_timestamp_time": "4.237355",
            "duration": 1,
            "duration_time": "0.033365",
            "pkt_pos": "16112928",
            "pkt_size": "120000",
            "width": 720,
            "height": 480,
            "crop_top": 0,
            "crop_bottom": 0,
            "crop_left": 0,
            "crop_right": 0,
            "pix_fmt": "yuv411p",
            "sample_aspect_ratio": "8:9",
            "pict_type": "I",
            "interlaced_frame": 1,
            "top_field_first": 0,
            "repeat_pict": 0,
            "chroma_location": "topleft"
        },
        {
            "media_type": "video",
            "stream_index": 0,
            "key_frame": 1,
            "pts": 128,
            "pts_time": "4.270720",
            "pkt_dts": 128,
            "pkt_dts_time": "4.270720",
            "best_effort_timestamp": 128,
            "best_effort_timestamp_time": "4.270720",
            "duration": 1,
            "duration_time": "0.033365",
            "pkt_pos": "16232936",
            "pkt_size": "120000",
            "width": 720,
            "height": 480,
            "crop_top": 0,
            "crop_bottom": 0,
            "crop_left": 0,
            "crop_right": 0,
            "pix_fmt": "yuv411p",
            "sample_aspect_ratio": "8:9",
            "pict_type": "I",
            "interlaced_frame": 1,
            "top_field_first": 0,
            "repeat_pict": 0,
            "chroma_location": "topleft"
        },
        {
            "media_type": "video",
            "stream_index": 0,
            "key_frame": 1,
            "pts": 129,
            "pts_time": "4.304085",
            "pkt_dts": 129,
            "pkt_dts_time": "4.304085",
            "best_effort_timestamp": 129,
            "best_effort_timestamp_time": "4.304085",
            "duration": 1,
            "duration_time": "0.033365",
            "pkt_pos": "16352944",
            "pkt_size": "120000",
            "width": 720,
            "height": 480,
            "crop_top": 0,
            "crop_bottom": 0,
            "crop_left": 0,
            "crop_right": 0,
            "pix_fmt": "yuv411p",
            "sample_aspect_ratio": "8:9",
            "pict_type": "I",
            "interlaced_frame": 1,
            "top_field_first": 0,
            "repeat_pict": 0,
            "chroma_location": "topleft"
        },
        {
            "media_type": "video",
            "stream_index": 0,
            "key_frame": 1,
            "pts": 130,
            "pts_time": "4.337450",
            "pkt_dts": 130,
            "pkt_dts_time": "4.337450",
            "best_effort_timestamp": 130,
            "best_effort_timestamp_time": "4.337450",
            "duration": 1,
            "duration_time": "0.033365",
            "pkt_pos": "16472952",
            "pkt_size": "120000",
            "width": 720,
            "height": 480,
            "crop_top": 0,
            "crop_bottom": 0,
            "crop_left": 0,
            "crop_right": 0,
            "pix_fmt": "yuv411p",
            "sample_aspect_ratio": "8:9",
            "pict_type": "I",
            "interlaced_frame": 1,
            "top_field_first": 0,
            "repeat_pict": 0,
            "chroma_location": "topleft"
        },
        {
            "media_type": "video",
            "stream_index": 0,
            "key_frame": 1,
            "pts": 131,
            "pts_time": "4.370815",
            "pkt_dts": 131,
            "pkt_dts_time": "4.370815",
            "best_effort_timestamp": 131,
            "best_effort_timestamp_time": "4.370815",
            "duration": 1,
            "duration_time": "0.033365",
            "pkt_pos": "16592960",
            "pkt_size": "120000",
            "width": 720,
            "height": 480,
            "crop_top": 0,
            "crop_bottom": 0,
            "crop_left": 0,
            "crop_right": 0,
            "pix_fmt": "yuv411p",
            "sample_aspect_ratio": "8:9",
            "pict_type": "I",
            "interlaced_frame": 1,
            "top_field_first": 0,
            "repeat_pict": 0,
            "chroma_location": "topleft"
        },
        {
            "media_type": "video",
            "stream_index": 0,
            "key_frame": 1,
            "pts": 132,
            "pts_time": "4.404180",
            "pkt_dts": 132,
            "pkt_dts_time": "4.404180",
            "best_effort_timestamp": 132,
            "best_effort_timestamp_time": "4.404180",
            "duration": 1,
            "duration_time": "0.033365",
            "pkt_pos": "16712968",
            "pkt_size": "120000",
            "width": 720,
            "height": 480,
            "crop_top": 0,
            "crop_bottom": 0,
            "crop_left": 0,
            "crop_right": 0,
            "pix_fmt": "yuv411p",
            "sample_aspect_ratio": "8:9",
            "pict_type": "I",
            "interlaced_frame": 1,
            "top_field_first": 0,
            "repeat_pict": 0,
            "chroma_location": "topleft"
        },
        {
            "media_type": "video",
            "stream_index": 0,
            "key_frame": 1,
            "pts": 133,
            "pts_time": "4.437545",
            "pkt_dts": 133,
            "pkt_dts_time": "4.437545",
            "best_effort_timestamp": 133,
            "best_effort_timestamp_time": "4.437545",
            "duration": 1,
            "duration_time": "0.033365",
            "pkt_pos": "16832976",
            "pkt_size": "120000",
            "width": 720,
            "height": 480,
            "crop_top": 0,
            "crop_bottom": 0,
            "crop_left": 0,
            "crop_right": 0,
            "pix_fmt": "yuv411p",
            "sample_aspect_ratio": "8:9",
            "pict_type": "I",
            "interlaced_frame": 1,
            "top_field_first": 0,
            "repeat_pict": 0,
            "chroma_location": "topleft"
        },
        {
            "media_type": "video",
            "stream_index": 0,
            "key_frame": 1,
            "pts": 134,
            "pts_time": "4.470910",
            "pkt_dts": 134,
            "pkt_dts_time": "4.470910",
            "best_effort_timestamp": 134,
            "best_effort_timestamp_time": "4.470910",
            "duration": 1,
            "duration_time": "0.033365",
            "pkt_pos": "16952984",
            "pkt_size": "120000",
            "width": 720,
            "height": 480,
            "crop_top": 0,
            "crop_bottom": 0,
            "crop_left": 0,
            "crop_right": 0,
            "pix_fmt": "yuv411p",
            "sample_aspect_ratio": "8:9",
            "pict_type": "I",
            "interlaced_frame": 1,
            "top_field_first": 0,
            "repeat_pict": 0,
            "chroma_location": "topleft"
        },
        {
            "media_type": "video",
            "stream_index": 0,
            "key_frame": 1,
            "pts": 135,
            "pts_time": "4.504275",
            "pkt_dts": 135,
            "pkt_dts_time": "4.504275",
            "best_effort_timestamp": 135,
            "best_effort_timestamp_time": "4.504275",
            "duration": 1,
            "duration_time": "0.033365",
            "pkt_pos": "17072992",
            "pkt_size": "120000",
            "width": 720,
            "height": 480,
            "crop_top": 0,
            "crop_bottom": 0,
            "crop_left": 0,
            "crop_right": 0,
            "pix_fmt": "yuv411p",
            "sample_aspect_ratio": "8:9",
            "pict_type": "I",
            "interlaced_frame": 1,
            "top_field_first": 0,
            "repeat_pict": 0,
            "chroma_location": "topleft"
        },
        {
            "media_type": "video",
            "stream_index": 0,
            "key_frame": 1,
            "pts": 136,
            "pts_time": "4.537640",
            "pkt_dts": 136,
            "pkt_dts_time": "4.537640",
            "best_effort_timestamp": 136,
            "best_effort_timestamp_time": "4.537640",
            "duration": 1,
            "duration_time": "0.033365",
            "pkt_pos": "17193000",
            "pkt_size": "120000",
            "width": 720,
            "height": 480,
            "crop_top": 0,
            "crop_bottom": 0,
            "crop_left": 0,
            "crop_right": 0,
            "pix_fmt": "yuv411p",
            "sample_aspect_ratio": "8:9",
            "pict_type": "I",
            "interlaced_frame": 1,
            "top_field_first": 0,
            "repeat_pict": 0,
            "chroma_location": "topleft"
        },
        {
            "media_type": "video",
            "stream_index": 0,
            "key_frame": 1,
            "pts": 137,
            "pts_time": "4.571005",
            "pkt_dts": 137,
            "pkt_dts_time": "4.571005",
            "best_effort_timestamp": 137,
            "best_effort_timestamp_time": "4.571005",
            "duration": 1,
            "duration_time": "0.033365",
            "pkt_pos": "17313008",
            "pkt_size": "120000",
            "width": 720,
            "height": 480,
            "crop_top": 0,
            "crop_bottom": 0,
            "crop_left": 0,
            "crop_right": 0,
            "pix_fmt": "yuv411p",
            "sample_aspect_ratio": "8:9",
            "pict_type": "I",
            "interlaced_frame": 1,
            "top_field_first": 0,
            "repeat_pict": 0,
            "chroma_location": "topleft"
        },
        {
            "media_type": "video",
            "stream_index": 0,
            "key_frame": 1,
            "pts": 138,
            "pts_time": "4.604370",
            "pkt_dts": 138,
            "pkt_dts_time": "4.604370",
            "best_effort_timestamp": 138,
            "best_effort_timestamp_time": "4.604370",
            "duration": 1,
            "duration_time": "0.033365",
            "pkt_pos": "17433016",
            "pkt_size": "120000",
            "width": 720,
            "height": 480,
            "crop_top": 0,
            "crop_bottom": 0,
            "crop_left": 0,
            "crop_right": 0,
            "pix_fmt": "yuv411p",
            "sample_aspect_ratio": "8:9",
            "pict_type": "I",
            "interlaced_frame": 1,
            "top_field_first": 0,
            "repeat_pict": 0,
            "chroma_location": "topleft"
        },
        {
            "media_type": "video",
            "stream_index": 0,
            "key_frame": 1,
            "pts": 139,
            "pts_time": "4.637735",
            "pkt_dts": 139,
            "pkt_dts_time": "4.637735",
            "best_effort_timestamp": 139,
            "best_effort_timestamp_time": "4.637735",
            "duration": 1,
            "duration_time": "0.033365",
            "pkt_pos": "17553024",
            "pkt_size": "120000",
            "width": 720,
            "height": 480,
            "crop_top": 0,
            "crop_bottom": 0,
            "crop_left": 0,
            "crop_right": 0,
            "pix_fmt": "yuv411p",
            "sample_aspect_ratio": "8:9",
            "pict_type": "I",
            "interlaced_frame": 1,
            "top_field_first": 0,
            "repeat_pict": 0,
            "chroma_location": "topleft"
        },
        {
            "media_type": "video",
            "stream_index": 0,
            "key_frame": 1,
            "pts": 140,
            "pts_time": "4.671100",
            "pkt_dts": 140,
            "pkt_dts_time": "4.671100",
            "best_effort_timestamp": 140,
            "best_effort_timestamp_time": "4.671100",
            "duration": 1,
            "duration_time": "0.033365",
            "pkt_pos": "17673032",
            "pkt_size": "120000",
            "width": 720,
            "height": 480,
            "crop_top": 0,
            "crop_bottom": 0,
            "crop_left": 0,
            "crop_right": 0,
            "pix_fmt": "yuv411p",
            "sample_aspect_ratio": "8:9",
            "pict_type": "I",
            "interlaced_frame": 1,
            "top_field_first": 0,
            "repeat_pict": 0,
            "chroma_location": "topleft"
        },
        {
            "media_type": "video",
            "stream_index": 0,
            "key_frame": 1,
            "pts": 141,
            "pts_time": "4.704465",
            "pkt_dts": 141,
            "pkt_dts_time": "4.704465",
            "best_effort_timestamp": 141,
            "best_effort_timestamp_time": "4.704465",
            "duration": 1,
            "duration_time": "0.033365",
            "pkt_pos": "17793040",
            "pkt_size": "120000",
            "width": 720,
            "height": 480,
            "crop_top": 0,
            "crop_bottom": 0,
            "crop_left": 0,
            "crop_right": 0,
            "pix_fmt": "yuv411p",
            "sample_aspect_ratio": "8:9",
            "pict_type": "I",
            "interlaced_frame": 1,
            "top_field_first": 0,
            "repeat_pict": 0,
            "chroma_location": "topleft"
        },
        {
            "media_type": "video",
            "stream_index": 0,
            "key_frame": 1,
            "pts": 142,
            "pts_time": "4.737830",
            "pkt_dts": 142,
            "pkt_dts_time": "4.737830",
            "best_effort_timestamp": 142,
            "best_effort_timestamp_time": "4.737830",
            "duration": 1,
            "duration_time": "0.033365",
            "pkt_pos": "17913048",
            "pkt_size": "120000",
            "width": 720,
            "height": 480,
            "crop_top": 0,
            "crop_bottom": 0,
            "crop_left": 0,
            "crop_right": 0,
            "pix_fmt": "yuv411p",
            "sample_aspect_ratio": "8:9",
            "pict_type": "I",
            "interlaced_frame": 1,
            "top_field_first": 0,
            "repeat_pict": 0,
            "chroma_location": "topleft"
        },
        {
            "media_type": "video",
            "stream_index": 0,
            "key_frame": 1,
            "pts": 143,
            "pts_time": "4.771195",
            "pkt_dts": 143,
            "pkt_dts_time": "4.771195",
            "best_effort_timestamp": 143,
            "best_effort_timestamp_time": "4.771195",
            "duration": 1,
            "duration_time": "0.033365",
            "pkt_pos": "18033056",
            "pkt_size": "120000",
            "width": 720,
            "height": 480,
            "crop_top": 0,
            "crop_bottom": 0,
            "crop_left": 0,
            "crop_right": 0,
            "pix_fmt": "yuv411p",
            "sample_aspect_ratio": "8:9",
            "pict_type": "I",
            "interlaced_frame": 1,
            "top_field_first": 0,
            "repeat_pict": 0,
            "chroma_location": "topleft"
        },
        {
            "media_type": "video",
            "stream_index": 0,
            "key_frame": 1,
            "pts": 144,
            "pts_time": "4.804560",
            "pkt_dts": 144,
            "pkt_dts_time": "4.804560",
            "best_effort_timestamp": 144,
            "best_effort_timestamp_time": "4.804560",
            "duration": 1,
            "duration_time": "0.033365",
            "pkt_pos": "18153064",
            "pkt_size": "120000",
            "width": 720,
            "height": 480,
            "crop_top": 0,
            "crop_bottom": 0,
            "crop_left": 0,
            "crop_right": 0,
            "pix_fmt": "yuv411p",
            "sample_aspect_ratio": "8:9",
            "pict_type": "I",
            "interlaced_frame": 1,
            "top_field_first": 0,
            "repeat_pict": 0,
            "chroma_location": "topleft"
        },
        {
            "media_type": "video",
            "stream_index": 0,
            "key_frame": 1,
            "pts": 145,
            "pts_time": "4.837925",
            "pkt_dts": 145,
            "pkt_dts_time": "4.837925",
            "best_effort_timestamp": 145,
            "best_effort_timestamp_time": "4.837925",
            "duration": 1,
            "duration_time": "0.033365",
            "pkt_pos": "18458868",
            "pkt_size": "120000",
            "width": 720,
            "height": 480,
            "crop_top": 0,
            "crop_bottom": 0,
            "crop_left": 0,
            "crop_right": 0,
            "pix_fmt": "yuv411p",
            "sample_aspect_ratio": "8:9",
            "pict_type": "I",
            "interlaced_frame": 1,
            "top_field_first": 0,
            "repeat_pict": 0,
            "chroma_location": "topleft"
        },
        {
            "media_type": "video",
            "stream_index": 0,
            "key_frame": 1,
            "pts": 146,
            "pts_time": "4.871290",
            "pkt_dts": 146,
            "pkt_dts_time": "4.871290",
            "best_effort_timestamp": 146,
            "best_effort_timestamp_time": "4.871290",
            "duration": 1,
            "duration_time": "0.033365",
            "pkt_pos": "18578876",
            "pkt_size": "120000",
            "width": 720,
            "height": 480,
            "crop_top": 0,
            "crop_bottom": 0,
            "crop_left": 0,
            "crop_right": 0,
            "pix_fmt": "yuv411p",
            "sample_aspect_ratio": "8:9",
            "pict_type": "I",
            "interlaced_frame": 1,
            "top_field_first": 0,
            "repeat_pict": 0,
            "chroma_location": "topleft"
        },
        {
            "media_type": "video",
            "stream_index": 0,
            "key_frame": 1,
            "pts": 147,
            "pts_time": "4.904655",
            "pkt_dts": 147,
            "pkt_dts_time": "4.904655",
            "best_effort_timestamp": 147,
            "best_effort_timestamp_time": "4.904655",
            "duration": 1,
            "duration_time": "0.033365",
            "pkt_pos": "18698884",
            "pkt_size": "120000",
            "width": 720,
            "height": 480,
            "crop_top": 0,
            "crop_bottom": 0,
            "crop_left": 0,
            "crop_right": 0,
            "pix_fmt": "yuv411p",
            "sample_aspect_ratio": "8:9",
            "pict_type": "I",
            "interlaced_frame": 1,
            "top_field_first": 0,
            "repeat_pict": 0,
            "chroma_location": "topleft"
        },
        {
            "media_type": "video",
            "stream_index": 0,
            "key_frame": 1,
            "pts": 148,
            "pts_time": "4.938020",
            "pkt_dts": 148,
            "pkt_dts_time": "4.938020",
            "best_effort_timestamp": 148,
            "best_effort_timestamp_time": "4.938020",
            "duration": 1,
            "duration_time": "0.033365",
            "pkt_pos": "18818892",
            "pkt_size": "120000",
            "width": 720,
            "height": 480,
            "crop_top": 0,
            "crop_bottom": 0,
            "crop_left": 0,
            "crop_right": 0,
            "pix_fmt": "yuv411p",
            "sample_aspect_ratio": "8:9",
            "pict_type": "I",
            "interlaced_frame": 1,
            "top_field_first": 0,
            "repeat_pict": 0,
            "chroma_location": "topleft"
        },
        {
            "media_type": "video",
            "stream_index": 0,
            "key_frame": 1,
            "pts": 149,
            "pts_time": "4.971385",
            "pkt_dts": 149,
            "pkt_dts_time": "4.971385",
            "best_effort_timestamp": 149,
            "best_effort_timestamp_time": "4.971385",
            "duration": 1,
            "duration_time": "0.033365",
            "pkt_pos": "18938900",
            "pkt_size": "120000",
            "width": 720,
            "height": 480,
            "crop_top": 0,
            "crop_bottom": 0,
            "crop_left": 0,
            "crop_right": 0,
            "pix_fmt": "yuv411p",
            "sample_aspect_ratio": "8:9",
            "pict_type": "I",
            "interlaced_frame": 1,
            "top_field_first": 0,
            "repeat_pict": 0,
            "chroma_location": "topleft"
        },
        {
            "media_type": "video",
            "stream_index": 0,
            "key_frame": 1,
            "pts": 150,
            "pts_time": "5.004750",
            "pkt_dts": 150,
            "pkt_dts_time": "5.004750",
            "best_effort_timestamp": 150,
            "best_effort_timestamp_time": "5.004750",
            "duration": 1,
            "duration_time": "0.033365",
            "pkt_pos": "19058908",
            "pkt_size": "120000",
            "width": 720,
            "height": 480,
            "crop_top": 0,
            "crop_bottom": 0,
            "crop_left": 0,
            "crop_right": 0,
            "pix_fmt": "yuv411p",
            "sample_aspect_ratio": "8:9",
            "pict_type": "I",
            "interlaced_frame": 1,
            "top_field_first": 0,
            "repeat_pict": 0,
            "chroma_location": "topleft"
        },
        {
            "media_type": "video",
            "stream_index": 0,
            "key_frame": 1,
            "pts": 151,
            "pts_time": "5.038115",
            "pkt_dts": 151,
            "pkt_dts_time": "5.038115",
            "best_effort_timestamp": 151,
            "best_effort_timestamp_time": "5.038115",
            "duration": 1,
            "duration_time": "0.033365",
            "pkt_pos": "19178916",
            "pkt_size": "120000",
            "width": 720,
            "height": 480,
            "crop_top": 0,
            "crop_bottom": 0,
            "crop_left": 0,
            "crop_right": 0,
            "pix_fmt": "yuv411p",
            "sample_aspect_ratio": "8:9",
            "pict_type": "I",
            "interlaced_frame": 1,
            "top_field_first": 0,
            "repeat_pict": 0,
            "chroma_location": "topleft"
        },
        {
            "media_type": "video",
            "stream_index": 0,
            "key_frame": 1,
            "pts": 152,
            "pts_time": "5.071480",
            "pkt_dts": 152,
            "pkt_dts_time": "5.071480",
            "best_effort_timestamp": 152,
            "best_effort_timestamp_time": "5.071480",
            "duration": 1,
            "duration_time": "0.033365",
            "pkt_pos": "19298924",
            "pkt_size": "120000",
            "width": 720,
            "height": 480,
            "crop_top": 0,
            "crop_bottom": 0,
            "crop_left": 0,
            "crop_right": 0,
            "pix_fmt": "yuv411p",
            "sample_aspect_ratio": "8:9",
            "pict_type": "I",
            "interlaced_frame": 1,
            "top_field_first": 0,
            "repeat_pict": 0,
            "chroma_location": "topleft"
        },
        {
            "media_type": "video",
            "stream_index": 0,
            "key_frame": 1,
            "pts": 153,
            "pts_time": "5.104845",
            "pkt_dts": 153,
            "pkt_dts_time": "5.104845",
            "best_effort_timestamp": 153,
            "best_effort_timestamp_time": "5.104845",
            "duration": 1,
            "duration_time": "0.033365",
            "pkt_pos": "19418932",
            "pkt_size": "120000",
            "width": 720,
            "height": 480,
            "crop_top": 0,
            "crop_bottom": 0,
            "crop_left": 0,
            "crop_right": 0,
            "pix_fmt": "yuv411p",
            "sample_aspect_ratio": "8:9",
            "pict_type": "I",
            "interlaced_frame": 1,
            "top_field_first": 0,
            "repeat_pict": 0,
            "chroma_location": "topleft"
        },
        {
            "media_type": "video",
            "stream_index": 0,
            "key_frame": 1,
            "pts": 154,
            "pts_time": "5.138210",
            "pkt_dts": 154,
            "pkt_dts_time": "5.138210",
            "best_effort_timestamp": 154,
            "best_effort_timestamp_time": "5.138210",
            "duration": 1,
            "duration_time": "0.033365",
            "pkt_pos": "19538940",
            "pkt_size": "120000",
            "width": 720,
            "height": 480,
            "crop_top": 0,
            "crop_bottom": 0,
            "crop_left": 0,
            "crop_right": 0,
            "pix_fmt": "yuv411p",
            "sample_aspect_ratio": "8:9",
            "pict_type": "I",
            "interlaced_frame": 1,
            "top_field_first": 0,
            "repeat_pict": 0,
            "chroma_location": "topleft"
        },
        {
            "media_type": "video",
            "stream_index": 0,
            "key_frame": 1,
            "pts": 155,
            "pts_time": "5.171575",
            "pkt_dts": 155,
            "pkt_dts_time": "5.171575",
            "best_effort_timestamp": 155,
            "best_effort_timestamp_time": "5.171575",
            "duration": 1,
            "duration_time": "0.033365",
            "pkt_pos": "19658948",
            "pkt_size": "120000",
            "width": 720,
            "height": 480,
            "crop_top": 0,
            "crop_bottom": 0,
            "crop_left": 0,
            "crop_right": 0,
            "pix_fmt": "yuv411p",
            "sample_aspect_ratio": "8:9",
            "pict_type": "I",
            "interlaced_frame": 1,
            "top_field_first": 0,
            "repeat_pict": 0,
            "chroma_location": "topleft"
        },
        {
            "media_type": "video",
            "stream_index": 0,
            "key_frame": 1,
            "pts": 156,
            "pts_time": "5.204940",
            "pkt_dts": 156,
            "pkt_dts_time": "5.204940",
            "best_effort_timestamp": 156,
            "best_effort_timestamp_time": "5.204940",
            "duration": 1,
            "duration_time": "0.033365",
            "pkt_pos": "19778956",
            "pkt_size": "120000",
            "width": 720,
            "height": 480,
            "crop_top": 0,
            "crop_bottom": 0,
            "crop_left": 0,
            "crop_right": 0,
            "pix_fmt": "yuv411p",
            "sample_aspect_ratio": "8:9",
            "pict_type": "I",
            "interlaced_frame": 1,
            "top_field_first": 0,
            "repeat_pict": 0,
            "chroma_location": "topleft"
        },
        {
            "media_type": "video",
            "stream_index": 0,
            "key_frame": 1,
            "pts": 157,
            "pts_time": "5.238305",
            "pkt_dts": 157,
            "pkt_dts_time": "5.238305",
            "best_effort_timestamp": 157,
            "best_effort_timestamp_time": "5.238305",
            "duration": 1,
            "duration_time": "0.033365",
            "pkt_pos": "19898964",
            "pkt_size": "120000",
            "width": 720,
            "height": 480,
            "crop_top": 0,
            "crop_bottom": 0,
            "crop_left": 0,
            "crop_right": 0,
            "pix_fmt": "yuv411p",
            "sample_aspect_ratio": "8:9",
            "pict_type": "I",
            "interlaced_frame": 1,
            "top_field_first": 0,
            "repeat_pict": 0,
            "chroma_location": "topleft"
        },
        {
            "media_type": "video",
            "stream_index": 0,
            "key_frame": 1,
            "pts": 158,
            "pts_time": "5.271670",
            "pkt_dts": 158,
            "pkt_dts_time": "5.271670",
            "best_effort_timestamp": 158,
            "best_effort_timestamp_time": "5.271670",
            "duration": 1,
            "duration_time": "0.033365",
            "pkt_pos": "20018972",
            "pkt_size": "120000",
            "width": 720,
            "height": 480,
            "crop_top": 0,
            "crop_bottom": 0,
            "crop_left": 0,
            "crop_right": 0,
            "pix_fmt": "yuv411p",
            "sample_aspect_ratio": "8:9",
            "pict_type": "I",
            "interlaced_frame": 1,
            "top_field_first": 0,
            "repeat_pict": 0,
            "chroma_location": "topleft"
        },
        {
            "media_type": "video",
            "stream_index": 0,
            "key_frame": 1,
            "pts": 159,
            "pts_time": "5.305035",
            "pkt_dts": 159,
            "pkt_dts_time": "5.305035",
            "best_effort_timestamp": 159,
            "best_effort_timestamp_time": "5.305035",
            "duration": 1,
            "duration_time": "0.033365",
            "pkt_pos": "20138980",
            "pkt_size": "120000",
            "width": 720,
            "height": 480,
            "crop_top": 0,
            "crop_bottom": 0,
            "crop_left": 0,
            "crop_right": 0,
            "pix_fmt": "yuv411p",
            "sample_aspect_ratio": "8:9",
            "pict_type": "I",
            "interlaced_frame": 1,
            "top_field_first": 0,
            "repeat_pict": 0,
            "chroma_location": "topleft"
        },
        {
            "media_type": "video",
            "stream_index": 0,
            "key_frame": 1,
            "pts": 160,
            "pts_time": "5.338400",
            "pkt_dts": 160,
            "pkt_dts_time": "5.338400",
            "best_effort_timestamp": 160,
            "best_effort_timestamp_time": "5.338400",
            "duration": 1,
            "duration_time": "0.033365",
            "pkt_pos": "20258988",
            "pkt_size": "120000",
            "width": 720,
            "height": 480,
            "crop_top": 0,
            "crop_bottom": 0,
            "crop_left": 0,
            "crop_right": 0,
            "pix_fmt": "yuv411p",
            "sample_aspect_ratio": "8:9",
            "pict_type": "I",
            "interlaced_frame": 1,
            "top_field_first": 0,
            "repeat_pict": 0,
            "chroma_location": "topleft"
        },
        {
            "media_type": "video",
            "stream_index": 0,
            "key_frame": 1,
            "pts": 161,
            "pts_time": "5.371765",
            "pkt_dts": 161,
            "pkt_dts_time": "5.371765",
            "best_effort_timestamp": 161,
            "best_effort_timestamp_time": "5.371765",
            "duration": 1,
            "duration_time": "0.033365",
            "pkt_pos": "20378996",
            "pkt_size": "120000",
            "width": 720,
            "height": 480,
            "crop_top": 0,
            "crop_bottom": 0,
            "crop_left": 0,
            "crop_right": 0,
            "pix_fmt": "yuv411p",
            "sample_aspect_ratio": "8:9",
            "pict_type": "I",
            "interlaced_frame": 1,
            "top_field_first": 0,
            "repeat_pict": 0,
            "chroma_location": "topleft"
        },
        {
            "media_type": "video",
            "stream_index": 0,
            "key_frame": 1,
            "pts": 162,
            "pts_time": "5.405130",
            "pkt_dts": 162,
            "pkt_dts_time": "5.405130",
            "best_effort_timestamp": 162,
            "best_effort_timestamp_time": "5.405130",
            "duration": 1,
            "duration_time": "0.033365",
            "pkt_pos": "20499004",
            "pkt_size": "120000",
            "width": 720,
            "height": 480,
            "crop_top": 0,
            "crop_bottom": 0,
            "crop_left": 0,
            "crop_right": 0,
            "pix_fmt": "yuv411p",
            "sample_aspect_ratio": "8:9",
            "pict_type": "I",
            "interlaced_frame": 1,
            "top_field_first": 0,
            "repeat_pict": 0,
            "chroma_location": "topleft"
        },
        {
            "media_type": "video",
            "stream_index": 0,
            "key_frame": 1,
            "pts": 163,
            "pts_time": "5.438495",
            "pkt_dts": 163,
            "pkt_dts_time": "5.438495",
            "best_effort_timestamp": 163,
            "best_effort_timestamp_time": "5.438495",
            "duration": 1,
            "duration_time": "0.033365",
            "pkt_pos": "20619012",
            "pkt_size": "120000",
            "width": 720,
            "height": 480,
            "crop_top": 0,
            "crop_bottom": 0,
            "crop_left": 0,
            "crop_right": 0,
            "pix_fmt": "yuv411p",
            "sample_aspect_ratio": "8:9",
            "pict_type": "I",
            "interlaced_frame": 1,
            "top_field_first": 0,
            "repeat_pict": 0,
            "chroma_location": "topleft"
        },
        {
            "media_type": "video",
            "stream_index": 0,
            "key_frame": 1,
            "pts": 164,
            "pts_time": "5.471860",
            "pkt_dts": 164,
            "pkt_dts_time": "5.471860",
            "best_effort_timestamp": 164,
            "best_effort_timestamp_time": "5.471860",
            "duration": 1,
            "duration_time": "0.033365",
            "pkt_pos": "20739020",
            "pkt_size": "120000",
            "width": 720,
            "height": 480,
            "crop_top": 0,
            "crop_bottom": 0,
            "crop_left": 0,
            "crop_right": 0,
            "pix_fmt": "yuv411p",
            "sample_aspect_ratio": "8:9",
            "pict_type": "I",
            "interlaced_frame": 1,
            "top_field_first": 0,
            "repeat_pict": 0,
            "chroma_location": "topleft"
        },
        {
            "media_type": "video",
            "stream_index": 0,
            "key_frame": 1,
            "pts": 165,
            "pts_time": "5.505225",
            "pkt_dts": 165,
            "pkt_dts_time": "5.505225",
            "best_effort_timestamp": 165,
            "best_effort_timestamp_time": "5.505225",
            "duration": 1,
            "duration_time": "0.033365",
            "pkt_pos": "20859028",
            "pkt_size": "120000",
            "width": 720,
            "height": 480,
            "crop_top": 0,
            "crop_bottom": 0,
            "crop_left": 0,
            "crop_right": 0,
            "pix_fmt": "yuv411p",
            "sample_aspect_ratio": "8:9",
            "pict_type": "I",
            "interlaced_frame": 1,
            "top_field_first": 0,
            "repeat_pict": 0,
            "chroma_location": "topleft"
        },
        {
            "media_type": "video",
            "stream_index": 0,
            "key_frame": 1,
            "pts": 166,
            "pts_time": "5.538590",
            "pkt_dts": 166,
            "pkt_dts_time": "5.538590",
            "best_effort_timestamp": 166,
            "best_effort_timestamp_time": "5.538590",
            "duration": 1,
            "duration_time": "0.033365",
            "pkt_pos": "20979036",
            "pkt_size": "120000",
            "width": 720,
            "height": 480,
            "crop_top": 0,
            "crop_bottom": 0,
            "crop_left": 0,
            "crop_right": 0,
            "pix_fmt": "yuv411p",
            "sample_aspect_ratio": "8:9",
            "pict_type": "I",
            "interlaced_frame": 1,
            "top_field_first": 0,
            "repeat_pict": 0,
            "chroma_location": "topleft"
        },
        {
            "media_type": "video",
            "stream_index": 0,
            "key_frame": 1,
            "pts": 167,
            "pts_time": "5.571955",
            "pkt_dts": 167,
            "pkt_dts_time": "5.571955",
            "best_effort_timestamp": 167,
            "best_effort_timestamp_time": "5.571955",
            "duration": 1,
            "duration_time": "0.033365",
            "pkt_pos": "21099044",
            "pkt_size": "120000",
            "width": 720,
            "height": 480,
            "crop_top": 0,
            "crop_bottom": 0,
            "crop_left": 0,
            "crop_right": 0,
            "pix_fmt": "yuv411p",
            "sample_aspect_ratio": "8:9",
            "pict_type": "I",
            "interlaced_frame": 1,
            "top_field_first": 0,
            "repeat_pict": 0,
            "chroma_location": "topleft"
        },
        {
            "media_type": "video",
            "stream_index": 0,
            "key_frame": 1,
            "pts": 168,
            "pts_time": "5.605320",
            "pkt_dts": 168,
            "pkt_dts_time": "5.605320",
            "best_effort_timestamp": 168,
            "best_effort_timestamp_time": "5.605320",
            "duration": 1,
            "duration_time": "0.033365",
            "pkt_pos": "21219052",
            "pkt_size": "120000",
            "width": 720,
            "height": 480,
            "crop_top": 0,
            "crop_bottom": 0,
            "crop_left": 0,
            "crop_right": 0,
            "pix_fmt": "yuv411p",
            "sample_aspect_ratio": "8:9",
            "pict_type": "I",
            "interlaced_frame": 1,
            "top_field_first": 0,
            "repeat_pict": 0,
            "chroma_location": "topleft"
        },
        {
            "media_type": "video",
            "stream_index": 0,
            "key_frame": 1,
            "pts": 169,
            "pts_time": "5.638685",
            "pkt_dts": 169,
            "pkt_dts_time": "5.638685",
            "best_effort_timestamp": 169,
            "best_effort_timestamp_time": "5.638685",
            "duration": 1,
            "duration_time": "0.033365",
            "pkt_pos": "21339060",
            "pkt_size": "120000",
            "width": 720,
            "height": 480,
            "crop_top": 0,
            "crop_bottom": 0,
            "crop_left": 0,
            "crop_right": 0,
            "pix_fmt": "yuv411p",
            "sample_aspect_ratio": "8:9",
            "pict_type": "I",
            "interlaced_frame": 1,
            "top_field_first": 0,
            "repeat_pict": 0,
            "chroma_location": "topleft"
        },
        {
            "media_type": "video",
            "stream_index": 0,
            "key_frame": 1,
            "pts": 170,
            "pts_time": "5.672050",
            "pkt_dts": 170,
            "pkt_dts_time": "5.672050",
            "best_effort_timestamp": 170,
            "best_effort_timestamp_time": "5.672050",
            "duration": 1,
            "duration_time": "0.033365",
            "pkt_pos": "21459068",
            "pkt_size": "120000",
            "width": 720,
            "height": 480,
            "crop_top": 0,
            "crop_bottom": 0,
            "crop_left": 0,
            "crop_right": 0,
            "pix_fmt": "yuv411p",
            "sample_aspect_ratio": "8:9",
            "pict_type": "I",
            "interlaced_frame": 1,
            "top_field_first": 0,
            "repeat_pict": 0,
            "chroma_location": "topleft"
        },
        {
            "media_type": "video",
            "stream_index": 0,
            "key_frame": 1,
            "pts": 171,
            "pts_time": "5.705415",
            "pkt_dts": 171,
            "pkt_dts_time": "5.705415",
            "best_effort_timestamp": 171,
            "best_effort_timestamp_time": "5.705415",
            "duration": 1,
            "duration_time": "0.033365",
            "pkt_pos": "21579076",
            "pkt_size": "120000",
            "width": 720,
            "height": 480,
            "crop_top": 0,
            "crop_bottom": 0,
            "crop_left": 0,
            "crop_right": 0,
            "pix_fmt": "yuv411p",
            "sample_aspect_ratio": "8:9",
            "pict_type": "I",
            "interlaced_frame": 1,
            "top_field_first": 0,
            "repeat_pict": 0,
            "chroma_location": "topleft"
        },
        {
            "media_type": "video",
            "stream_index": 0,
            "key_frame": 1,
            "pts": 172,
            "pts_time": "5.738780",
            "pkt_dts": 172,
            "pkt_dts_time": "5.738780",
            "best_effort_timestamp": 172,
            "best_effort_timestamp_time": "5.738780",
            "duration": 1,
            "duration_time": "0.033365",
            "pkt_pos": "21699084",
            "pkt_size": "120000",
            "width": 720,
            "height": 480,
            "crop_top": 0,
            "crop_bottom": 0,
            "crop_left": 0,
            "crop_right": 0,
            "pix_fmt": "yuv411p",
            "sample_aspect_ratio": "8:9",
            "pict_type": "I",
            "interlaced_frame": 1,
            "top_field_first": 0,
            "repeat_pict": 0,
            "chroma_location": "topleft"
        },
        {
            "media_type": "video",
            "stream_index": 0,
            "key_frame": 1,
            "pts": 173,
            "pts_time": "5.772145",
            "pkt_dts": 173,
            "pkt_dts_time": "5.772145",
            "best_effort_timestamp": 173,
            "best_effort_timestamp_time": "5.772145",
            "duration": 1,
            "duration_time": "0.033365",
            "pkt_pos": "21819092",
            "pkt_size": "120000",
            "width": 720,
            "height": 480,
            "crop_top": 0,
            "crop_bottom": 0,
            "crop_left": 0,
            "crop_right": 0,
            "pix_fmt": "yuv411p",
            "sample_aspect_ratio": "8:9",
            "pict_type": "I",
            "interlaced_frame": 1,
            "top_field_first": 0,
            "repeat_pict": 0,
            "chroma_location": "topleft"
        },
        {
            "media_type": "video",
            "stream_index": 0,
            "key_frame": 1,
            "pts": 174,
            "pts_time": "5.805510",
            "pkt_dts": 174,
            "pkt_dts_time": "5.805510",
            "best_effort_timestamp": 174,
            "best_effort_timestamp_time": "5.805510",
            "duration": 1,
            "duration_time": "0.033365",
            "pkt_pos": "22124892",
            "pkt_size": "120000",
            "width": 720,
            "height": 480,
            "crop_top": 0,
            "crop_bottom": 0,
            "crop_left": 0,
            "crop_right": 0,
            "pix_fmt": "yuv411p",
            "sample_aspect_ratio": "8:9",
            "pict_type": "I",
            "interlaced_frame": 1,
            "top_field_first": 0,
            "repeat_pict": 0,
            "chroma_location": "topleft"
        },
        {
            "media_type": "video",
            "stream_index": 0,
            "key_frame": 1,
            "pts": 175,
            "pts_time": "5.838875",
            "pkt_dts": 175,
            "pkt_dts_time": "5.838875",
            "best_effort_timestamp": 175,
            "best_effort_timestamp_time": "5.838875",
            "duration": 1,
            "duration_time": "0.033365",
            "pkt_pos": "22244900",
            "pkt_size": "120000",
            "width": 720,
            "height": 480,
            "crop_top": 0,
            "crop_bottom": 0,
            "crop_left": 0,
            "crop_right": 0,
            "pix_fmt": "yuv411p",
            "sample_aspect_ratio": "8:9",
            "pict_type": "I",
            "interlaced_frame": 1,
            "top_field_first": 0,
            "repeat_pict": 0,
            "chroma_location": "topleft"
        },
        {
            "media_type": "video",
            "stream_index": 0,
            "key_frame": 1,
            "pts": 176,
            "pts_time": "5.872240",
            "pkt_dts": 176,
            "pkt_dts_time": "5.872240",
            "best_effort_timestamp": 176,
            "best_effort_timestamp_time": "5.872240",
            "duration": 1,
            "duration_time": "0.033365",
            "pkt_pos": "22364908",
            "pkt_size": "120000",
            "width": 720,
            "height": 480,
            "crop_top": 0,
            "crop_bottom": 0,
            "crop_left": 0,
            "crop_right": 0,
            "pix_fmt": "yuv411p",
            "sample_aspect_ratio": "8:9",
            "pict_type": "I",
            "interlaced_frame": 1,
            "top_field_first": 0,
            "repeat_pict": 0,
            "chroma_location": "topleft"
        },
        {
            "media_type": "video",
            "stream_index": 0,
            "key_frame": 1,
            "pts": 177,
            "pts_time": "5.905605",
            "pkt_dts": 177,
            "pkt_dts_time": "5.905605",
            "best_effort_timestamp": 177,
            "best_effort_timestamp_time": "5.905605",
            "duration": 1,
            "duration_time": "0.033365",
            "pkt_pos": "22484916",
            "pkt_size": "120000",
            "width": 720,
            "height": 480,
            "crop_top": 0,
            "crop_bottom": 0,
            "crop_left": 0,
            "crop_right": 0,
            "pix_fmt": "yuv411p",
            "sample_aspect_ratio": "8:9",
            "pict_type": "I",
            "interlaced_frame": 1,
            "top_field_first": 0,
            "repeat_pict": 0,
            "chroma_location": "topleft"
        },
        {
            "media_type": "video",
            "stream_index": 0,
            "key_frame": 1,
            "pts": 178,
            "pts_time": "5.938970",
            "pkt_dts": 178,
            "pkt_dts_time": "5.938970",
            "best_effort_timestamp": 178,
            "best_effort_timestamp_time": "5.938970",
            "duration": 1,
            "duration_time": "0.033365",
            "pkt_pos": "22604924",
            "pkt_size": "120000",
            "width": 720,
            "height": 480,
            "crop_top": 0,
            "crop_bottom": 0,
            "crop_left": 0,
            "crop_right": 0,
            "pix_fmt": "yuv411p",
            "sample_aspect_ratio": "8:9",
            "pict_type": "I",
            "interlaced_frame": 1,
            "top_field_first": 0,
            "repeat_pict": 0,
            "chroma_location": "topleft"
        },
        {
            "media_type": "video",
            "stream_index": 0,
            "key_frame": 1,
            "pts": 179,
            "pts_time": "5.972335",
            "pkt_dts": 179,
            "pkt_dts_time": "5.972335",
            "best_effort_timestamp": 179,
            "best_effort_timestamp_time": "5.972335",
            "duration": 1,
            "duration_time": "0.033365",
            "pkt_pos": "22724932",
            "pkt_size": "120000",
            "width": 720,
            "height": 480,
            "crop_top": 0,
            "crop_bottom": 0,
            "crop_left": 0,
            "crop_right": 0,
            "pix_fmt": "yuv411p",
            "sample_aspect_ratio": "8:9",
            "pict_type": "I",
            "interlaced_frame": 1,
            "top_field_first": 0,
            "repeat_pict": 0,
            "chroma_location": "topleft"
        },
        {
            "media_type": "video",
            "stream_index": 0,
            "key_frame": 1,
            "pts": 180,
            "pts_time": "6.005700",
            "pkt_dts": 180,
            "pkt_dts_time": "6.005700",
            "best_effort_timestamp": 180,
            "best_effort_timestamp_time": "6.005700",
            "duration": 1,
            "duration_time": "0.033365",
            "pkt_pos": "22844940",
            "pkt_size": "120000",
            "width": 720,
            "height": 480,
            "crop_top": 0,
            "crop_bottom": 0,
            "crop_left": 0,
            "crop_right": 0,
            "pix_fmt": "yuv411p",
            "sample_aspect_ratio": "8:9",
            "pict_type": "I",
            "interlaced_frame": 1,
            "top_field_first": 0,
            "repeat_pict": 0,
            "chroma_location": "topleft"
        },
        {
            "media_type": "video",
            "stream_index": 0,
            "key_frame": 1,
            "pts": 181,
            "pts_time": "6.039065",
            "pkt_dts": 181,
            "pkt_dts_time": "6.039065",
            "best_effort_timestamp": 181,
            "best_effort_timestamp_time": "6.039065",
            "duration": 1,
            "duration_time": "0.033365",
            "pkt_pos": "22964948",
            "pkt_size": "120000",
            "width": 720,
            "height": 480,
            "crop_top": 0,
            "crop_bottom": 0,
            "crop_left": 0,
            "crop_right": 0,
            "pix_fmt": "yuv411p",
            "sample_aspect_ratio": "8:9",
            "pict_type": "I",
            "interlaced_frame": 1,
            "top_field_first": 0,
            "repeat_pict": 0,
            "chroma_location": "topleft"
        },
        {
            "media_type": "video",
            "stream_index": 0,
            "key_frame": 1,
            "pts": 182,
            "pts_time": "6.072430",
            "pkt_dts": 182,
            "pkt_dts_time": "6.072430",
            "best_effort_timestamp": 182,
            "best_effort_timestamp_time": "6.072430",
            "duration": 1,
            "duration_time": "0.033365",
            "pkt_pos": "23084956",
            "pkt_size": "120000",
            "width": 720,
            "height": 480,
            "crop_top": 0,
            "crop_bottom": 0,
            "crop_left": 0,
            "crop_right": 0,
            "pix_fmt": "yuv411p",
            "sample_aspect_ratio": "8:9",
            "pict_type": "I",
            "interlaced_frame": 1,
            "top_field_first": 0,
            "repeat_pict": 0,
            "chroma_location": "topleft"
        },
        {
            "media_type": "video",
            "stream_index": 0,
            "key_frame": 1,
            "pts": 183,
            "pts_time": "6.105795",
            "pkt_dts": 183,
            "pkt_dts_time": "6.105795",
            "best_effort_timestamp": 183,
            "best_effort_timestamp_time": "6.105795",
            "duration": 1,
            "duration_time": "0.033365",
            "pkt_pos": "23204964",
            "pkt_size": "120000",
            "width": 720,
            "height": 480,
            "crop_top": 0,
            "crop_bottom": 0,
            "crop_left": 0,
            "crop_right": 0,
            "pix_fmt": "yuv411p",
            "sample_aspect_ratio": "8:9",
            "pict_type": "I",
            "interlaced_frame": 1,
            "top_field_first": 0,
            "repeat_pict": 0,
            "chroma_location": "topleft"
        },
        {
            "media_type": "video",
            "stream_index": 0,
            "key_frame": 1,
            "pts": 184,
            "pts_time": "6.139160",
            "pkt_dts": 184,
            "pkt_dts_time": "6.139160",
            "best_effort_timestamp": 184,
            "best_effort_timestamp_time": "6.139160",
            "duration": 1,
            "duration_time": "0.033365",
            "pkt_pos": "23324972",
            "pkt_size": "120000",
            "width": 720,
            "height": 480,
            "crop_top": 0,
            "crop_bottom": 0,
            "crop_left": 0,
            "crop_right": 0,
            "pix_fmt": "yuv411p",
            "sample_aspect_ratio": "8:9",
            "pict_type": "I",
            "interlaced_frame": 1,
            "top_field_first": 0,
            "repeat_pict": 0,
            "chroma_location": "topleft"
        },
        {
            "media_type": "video",
            "stream_index": 0,
            "key_frame": 1,
            "pts": 185,
            "pts_time": "6.172525",
            "pkt_dts": 185,
            "pkt_dts_time": "6.172525",
            "best_effort_timestamp": 185,
            "best_effort_timestamp_time": "6.172525",
            "duration": 1,
            "duration_time": "0.033365",
            "pkt_pos": "23444980",
            "pkt_size": "120000",
            "width": 720,
            "height": 480,
            "crop_top": 0,
            "crop_bottom": 0,
            "crop_left": 0,
            "crop_right": 0,
            "pix_fmt": "yuv411p",
            "sample_aspect_ratio": "8:9",
            "pict_type": "I",
            "interlaced_frame": 1,
            "top_field_first": 0,
            "repeat_pict": 0,
            "chroma_location": "topleft"
        },
        {
            "media_type": "video",
            "stream_index": 0,
            "key_frame": 1,
            "pts": 186,
            "pts_time": "6.205890",
            "pkt_dts": 186,
            "pkt_dts_time": "6.205890",
            "best_effort_timestamp": 186,
            "best_effort_timestamp_time": "6.205890",
            "duration": 1,
            "duration_time": "0.033365",
            "pkt_pos": "23564988",
            "pkt_size": "120000",
            "width": 720,
            "height": 480,
            "crop_top": 0,
            "crop_bottom": 0,
            "crop_left": 0,
            "crop_right": 0,
            "pix_fmt": "yuv411p",
            "sample_aspect_ratio": "8:9",
            "pict_type": "I",
            "interlaced_frame": 1,
            "top_field_first": 0,
            "repeat_pict": 0,
            "chroma_location": "topleft"
        },
        {
            "media_type": "video",
            "stream_index": 0,
            "key_frame": 1,
            "pts": 187,
            "pts_time": "6.239255",
            "pkt_dts": 187,
            "pkt_dts_time": "6.239255",
            "best_effort_timestamp": 187,
            "best_effort_timestamp_time": "6.239255",
            "duration": 1,
            "duration_time": "0.033365",
            "pkt_pos": "23684996",
            "pkt_size": "120000",
            "width": 720,
            "height": 480,
            "crop_top": 0,
            "crop_bottom": 0,
            "crop_left": 0,
            "crop_right": 0,
            "pix_fmt": "yuv411p",
            "sample_aspect_ratio": "8:9",
            "pict_type": "I",
            "interlaced_frame": 1,
            "top_field_first": 0,
            "repeat_pict": 0,
            "chroma_location": "topleft"
        },
        {
            "media_type": "video",
            "stream_index": 0,
            "key_frame": 1,
            "pts": 188,
            "pts_time": "6.272620",
            "pkt_dts": 188,
            "pkt_dts_time": "6.272620",
            "best_effort_timestamp": 188,
            "best_effort_timestamp_time": "6.272620",
            "duration": 1,
            "duration_time": "0.033365",
            "pkt_pos": "23805004",
            "pkt_size": "120000",
            "width": 720,
            "height": 480,
            "crop_top": 0,
            "crop_bottom": 0,
            "crop_left": 0,
            "crop_right": 0,
            "pix_fmt": "yuv411p",
            "sample_aspect_ratio": "8:9",
            "pict_type": "I",
            "interlaced_frame": 1,
            "top_field_first": 0,
            "repeat_pict": 0,
            "chroma_location": "topleft"
        },
        {
            "media_type": "video",
            "stream_index": 0,
            "key_frame": 1,
            "pts": 189,
            "pts_time": "6.305985",
            "pkt_dts": 189,
            "pkt_dts_time": "6.305985",
            "best_effort_timestamp": 189,
            "best_effort_timestamp_time": "6.305985",
            "duration": 1,
            "duration_time": "0.033365",
            "pkt_pos": "23925012",
            "pkt_size": "120000",
            "width": 720,
            "height": 480,
            "crop_top": 0,
            "crop_bottom": 0,
            "crop_left": 0,
            "crop_right": 0,
            "pix_fmt": "yuv411p",
            "sample_aspect_ratio": "8:9",
            "pict_type": "I",
            "interlaced_frame": 1,
            "top_field_first": 0,
            "repeat_pict": 0,
            "chroma_location": "topleft"
        },
        {
            "media_type": "video",
            "stream_index": 0,
            "key_frame": 1,
            "pts": 190,
            "pts_time": "6.339350",
            "pkt_dts": 190,
            "pkt_dts_time": "6.339350",
            "best_effort_timestamp": 190,
            "best_effort_timestamp_time": "6.339350",
            "duration": 1,
            "duration_time": "0.033365",
            "pkt_pos": "24045020",
            "pkt_size": "120000",
            "width": 720,
            "height": 480,
            "crop_top": 0,
            "crop_bottom": 0,
            "crop_left": 0,
            "crop_right": 0,
            "pix_fmt": "yuv411p",
            "sample_aspect_ratio": "8:9",
            "pict_type": "I",
            "interlaced_frame": 1,
            "top_field_first": 0,
            "repeat_pict": 0,
            "chroma_location": "topleft"
        },
        {
            "media_type": "video",
            "stream_index": 0,
            "key_frame": 1,
            "pts": 191,
            "pts_time": "6.372715",
            "pkt_dts": 191,
            "pkt_dts_time": "6.372715",
            "best_effort_timestamp": 191,
            "best_effort_timestamp_time": "6.372715",
            "duration": 1,
            "duration_time": "0.033365",
            "pkt_pos": "24165028",
            "pkt_size": "120000",
            "width": 720,
            "height": 480,
            "crop_top": 0,
            "crop_bottom": 0,
            "crop_left": 0,
            "crop_right": 0,
            "pix_fmt": "yuv411p",
            "sample_aspect_ratio": "8:9",
            "pict_type": "I",
            "interlaced_frame": 1,
            "top_field_first": 0,
            "repeat_pict": 0,
            "chroma_location": "topleft"
        },
        {
            "media_type": "video",
            "stream_index": 0,
            "key_frame": 1,
            "pts": 192,
            "pts_time": "6.406080",
            "pkt_dts": 192,
            "pkt_dts_time": "6.406080",
            "best_effort_timestamp": 192,
            "best_effort_timestamp_time": "6.406080",
            "duration": 1,
            "duration_time": "0.033365",
            "pkt_pos": "24285036",
            "pkt_size": "120000",
            "width": 720,
            "height": 480,
            "crop_top": 0,
            "crop_bottom": 0,
            "crop_left": 0,
            "crop_right": 0,
            "pix_fmt": "yuv411p",
            "sample_aspect_ratio": "8:9",
            "pict_type": "I",
            "interlaced_frame": 1,
            "top_field_first": 0,
            "repeat_pict": 0,
            "chroma_location": "topleft"
        },
        {
            "media_type": "video",
            "stream_index": 0,
            "key_frame": 1,
            "pts": 193,
            "pts_time": "6.439445",
            "pkt_dts": 193,
            "pkt_dts_time": "6.439445",
            "best_effort_timestamp": 193,
            "best_effort_timestamp_time": "6.439445",
            "duration": 1,
            "duration_time": "0.033365",
            "pkt_pos": "24405044",
            "pkt_size": "120000",
            "width": 720,
            "height": 480,
            "crop_top": 0,
            "crop_bottom": 0,
            "crop_left": 0,
            "crop_right": 0,
            "pix_fmt": "yuv411p",
            "sample_aspect_ratio": "8:9",
            "pict_type": "I",
            "interlaced_frame": 1,
            "top_field_first": 0,
            "repeat_pict": 0,
            "chroma_location": "topleft"
        },
        {
            "media_type": "video",
            "stream_index": 0,
            "key_frame": 1,
            "pts": 194,
            "pts_time": "6.472810",
            "pkt_dts": 194,
            "pkt_dts_time": "6.472810",
            "best_effort_timestamp": 194,
            "best_effort_timestamp_time": "6.472810",
            "duration": 1,
            "duration_time": "0.033365",
            "pkt_pos": "24525052",
            "pkt_size": "120000",
            "width": 720,
            "height": 480,
            "crop_top": 0,
            "crop_bottom": 0,
            "crop_left": 0,
            "crop_right": 0,
            "pix_fmt": "yuv411p",
            "sample_aspect_ratio": "8:9",
            "pict_type": "I",
            "interlaced_frame": 1,
            "top_field_first": 0,
            "repeat_pict": 0,
            "chroma_location": "topleft"
        },
        {
            "media_type": "video",
            "stream_index": 0,
            "key_frame": 1,
            "pts": 195,
            "pts_time": "6.506175",
            "pkt_dts": 195,
            "pkt_dts_time": "6.506175",
            "best_effort_timestamp": 195,
            "best_effort_timestamp_time": "6.506175",
            "duration": 1,
            "duration_time": "0.033365",
            "pkt_pos": "24645060",
            "pkt_size": "120000",
            "width": 720,
            "height": 480,
            "crop_top": 0,
            "crop_bottom": 0,
            "crop_left": 0,
            "crop_right": 0,
            "pix_fmt": "yuv411p",
            "sample_aspect_ratio": "8:9",
            "pict_type": "I",
            "interlaced_frame": 1,
            "top_field_first": 0,
            "repeat_pict": 0,
            "chroma_location": "topleft"
        },
        {
            "media_type": "video",
            "stream_index": 0,
            "key_frame": 1,
            "pts": 196,
            "pts_time": "6.539540",
            "pkt_dts": 196,
            "pkt_dts_time": "6.539540",
            "best_effort_timestamp": 196,
            "best_effort_timestamp_time": "6.539540",
            "duration": 1,
            "duration_time": "0.033365",
            "pkt_pos": "24765068",
            "pkt_size": "120000",
            "width": 720,
            "height": 480,
            "crop_top": 0,
            "crop_bottom": 0,
            "crop_left": 0,
            "crop_right": 0,
            "pix_fmt": "yuv411p",
            "sample_aspect_ratio": "8:9",
            "pict_type": "I",
            "interlaced_frame": 1,
            "top_field_first": 0,
            "repeat_pict": 0,
            "chroma_location": "topleft"
        },
        {
            "media_type": "video",
            "stream_index": 0,
            "key_frame": 1,
            "pts": 197,
            "pts_time": "6.572905",
            "pkt_dts": 197,
            "pkt_dts_time": "6.572905",
            "best_effort_timestamp": 197,
            "best_effort_timestamp_time": "6.572905",
            "duration": 1,
            "duration_time": "0.033365",
            "pkt_pos": "24885076",
            "pkt_size": "120000",
            "width": 720,
            "height": 480,
            "crop_top": 0,
            "crop_bottom": 0,
            "crop_left": 0,
            "crop_right": 0,
            "pix_fmt": "yuv411p",
            "sample_aspect_ratio": "8:9",
            "pict_type": "I",
            "interlaced_frame": 1,
            "top_field_first": 0,
            "repeat_pict": 0,
            "chroma_location": "topleft"
        },
        {
            "media_type": "video",
            "stream_index": 0,
            "key_frame": 1,
            "pts": 198,
            "pts_time": "6.606270",
            "pkt_dts": 198,
            "pkt_dts_time": "6.606270",
            "best_effort_timestamp": 198,
            "best_effort_timestamp_time": "6.606270",
            "duration": 1,
            "duration_time": "0.033365",
            "pkt_pos": "25005084",
            "pkt_size": "120000",
            "width": 720,
            "height": 480,
            "crop_top": 0,
            "crop_bottom": 0,
            "crop_left": 0,
            "crop_right": 0,
            "pix_fmt": "yuv411p",
            "sample_aspect_ratio": "8:9",
            "pict_type": "I",
            "interlaced_frame": 1,
            "top_field_first": 0,
            "repeat_pict": 0,
            "chroma_location": "topleft"
        },
        {
            "media_type": "video",
            "stream_index": 0,
            "key_frame": 1,
            "pts": 199,
            "pts_time": "6.639635",
            "pkt_dts": 199,
            "pkt_dts_time": "6.639635",
            "best_effort_timestamp": 199,
            "best_effort_timestamp_time": "6.639635",
            "duration": 1,
            "duration_time": "0.033365",
            "pkt_pos": "25125092",
            "pkt_size": "120000",
            "width": 720,
            "height": 480,
            "crop_top": 0,
            "crop_bottom": 0,
            "crop_left": 0,
            "crop_right": 0,
            "pix_fmt": "yuv411p",
            "sample_aspect_ratio": "8:9",
            "pict_type": "I",
            "interlaced_frame": 1,
            "top_field_first": 0,
            "repeat_pict": 0,
            "chroma_location": "topleft"
        },
        {
            "media_type": "video",
            "stream_index": 0,
            "key_frame": 1,
            "pts": 200,
            "pts_time": "6.673000",
            "pkt_dts": 200,
            "pkt_dts_time": "6.673000",
            "best_effort_timestamp": 200,
            "best_effort_timestamp_time": "6.673000",
            "duration": 1,
            "duration_time": "0.033365",
            "pkt_pos": "25245100",
            "pkt_size": "120000",
            "width": 720,
            "height": 480,
            "crop_top": 0,
            "crop_bottom": 0,
            "crop_left": 0,
            "crop_right": 0,
            "pix_fmt": "yuv411p",
            "sample_aspect_ratio": "8:9",
            "pict_type": "I",
            "interlaced_frame": 1,
            "top_field_first": 0,
            "repeat_pict": 0,
            "chroma_location": "topleft"
        },
        {
            "media_type": "video",
            "stream_index": 0,
            "key_frame": 1,
            "pts": 201,
            "pts_time": "6.706365",
            "pkt_dts": 201,
            "pkt_dts_time": "6.706365",
            "best_effort_timestamp": 201,
            "best_effort_timestamp_time": "6.706365",
            "duration": 1,
            "duration_time": "0.033365",
            "pkt_pos": "25365108",
            "pkt_size": "120000",
            "width": 720,
            "height": 480,
            "crop_top": 0,
            "crop_bottom": 0,
            "crop_left": 0,
            "crop_right": 0,
            "pix_fmt": "yuv411p",
            "sample_aspect_ratio": "8:9",
            "pict_type": "I",
            "interlaced_frame": 1,
            "top_field_first": 0,
            "repeat_pict": 0,
            "chroma_location": "topleft"
        },
        {
            "media_type": "video",
            "stream_index": 0,
            "key_frame": 1,
            "pts": 202,
            "pts_time": "6.739730",
            "pkt_dts": 202,
            "pkt_dts_time": "6.739730",
            "best_effort_timestamp": 202,
            "best_effort_timestamp_time": "6.739730",
            "duration": 1,
            "duration_time": "0.033365",
            "pkt_pos": "25485116",
            "pkt_size": "120000",
            "width": 720,
            "height": 480,
            "crop_top": 0,
            "crop_bottom": 0,
            "crop_left": 0,
            "crop_right": 0,
            "pix_fmt": "yuv411p",
            "sample_aspect_ratio": "8:9",
            "pict_type": "I",
            "interlaced_frame": 1,
            "top_field_first": 0,
            "repeat_pict": 0,
            "chroma_location": "topleft"
        },
        {
            "media_type": "video",
            "stream_index": 0,
            "key_frame": 1,
            "pts": 203,
            "pts_time": "6.773095",
            "pkt_dts": 203,
            "pkt_dts_time": "6.773095",
            "best_effort_timestamp": 203,
            "best_effort_timestamp_time": "6.773095",
            "duration": 1,
            "duration_time": "0.033365",
            "pkt_pos": "25790920",
            "pkt_size": "120000",
            "width": 720,
            "height": 480,
            "crop_top": 0,
            "crop_bottom": 0,
            "crop_left": 0,
            "crop_right": 0,
            "pix_fmt": "yuv411p",
            "sample_aspect_ratio": "8:9",
            "pict_type": "I",
            "interlaced_frame": 1,
            "top_field_first": 0,
            "repeat_pict": 0,
            "chroma_location": "topleft"
        },
        {
            "media_type": "video",
            "stream_index": 0,
            "key_frame": 1,
            "pts": 204,
            "pts_time": "6.806460",
            "pkt_dts": 204,
            "pkt_dts_time": "6.806460",
            "best_effort_timestamp": 204,
            "best_effort_timestamp_time": "6.806460",
            "duration": 1,
            "duration_time": "0.033365",
            "pkt_pos": "25910928",
            "pkt_size": "120000",
            "width": 720,
            "height": 480,
            "crop_top": 0,
            "crop_bottom": 0,
            "crop_left": 0,
            "crop_right": 0,
            "pix_fmt": "yuv411p",
            "sample_aspect_ratio": "8:9",
            "pict_type": "I",
            "interlaced_frame": 1,
            "top_field_first": 0,
            "repeat_pict": 0,
            "chroma_location": "topleft"
        },
        {
            "media_type": "video",
            "stream_index": 0,
            "key_frame": 1,
            "pts": 205,
            "pts_time": "6.839825",
            "pkt_dts": 205,
            "pkt_dts_time": "6.839825",
            "best_effort_timestamp": 205,
            "best_effort_timestamp_time": "6.839825",
            "duration": 1,
            "duration_time": "0.033365",
            "pkt_pos": "26030936",
            "pkt_size": "120000",
            "width": 720,
            "height": 480,
            "crop_top": 0,
            "crop_bottom": 0,
            "crop_left": 0,
            "crop_right": 0,
            "pix_fmt": "yuv411p",
            "sample_aspect_ratio": "8:9",
            "pict_type": "I",
            "interlaced_frame": 1,
            "top_field_first": 0,
            "repeat_pict": 0,
            "chroma_location": "topleft"
        },
        {
            "media_type": "video",
            "stream_index": 0,
            "key_frame": 1,
            "pts": 206,
            "pts_time": "6.873190",
            "pkt_dts": 206,
            "pkt_dts_time": "6.873190",
            "best_effort_timestamp": 206,
            "best_effort_timestamp_time": "6.873190",
            "duration": 1,
            "duration_time": "0.033365",
            "pkt_pos": "26150944",
            "pkt_size": "120000",
            "width": 720,
            "height": 480,
            "crop_top": 0,
            "crop_bottom": 0,
            "crop_left": 0,
            "crop_right": 0,
            "pix_fmt": "yuv411p",
            "sample_aspect_ratio": "8:9",
            "pict_type": "I",
            "interlaced_frame": 1,
            "top_field_first": 0,
            "repeat_pict": 0,
            "chroma_location": "topleft"
        },
        {
            "media_type": "video",
            "stream_index": 0,
            "key_frame": 1,
            "pts": 207,
            "pts_time": "6.906555",
            "pkt_dts": 207,
            "pkt_dts_time": "6.906555",
            "best_effort_timestamp": 207,
            "best_effort_timestamp_time": "6.906555",
            "duration": 1,
            "duration_time": "0.033365",
            "pkt_pos": "26270952",
            "pkt_size": "120000",
            "width": 720,
            "height": 480,
            "crop_top": 0,
            "crop_bottom": 0,
            "crop_left": 0,
            "crop_right": 0,
            "pix_fmt": "yuv411p",
            "sample_aspect_ratio": "8:9",
            "pict_type": "I",
            "interlaced_frame": 1,
            "top_field_first": 0,
            "repeat_pict": 0,
            "chroma_location": "topleft"
        },
        {
            "media_type": "video",
            "stream_index": 0,
            "key_frame": 1,
            "pts": 208,
            "pts_time": "6.939920",
            "pkt_dts": 208,
            "pkt_dts_time": "6.939920",
            "best_effort_timestamp": 208,
            "best_effort_timestamp_time": "6.939920",
            "duration": 1,
            "duration_time": "0.033365",
            "pkt_pos": "26390960",
            "pkt_size": "120000",
            "width": 720,
            "height": 480,
            "crop_top": 0,
            "crop_bottom": 0,
            "crop_left": 0,
            "crop_right": 0,
            "pix_fmt": "yuv411p",
            "sample_aspect_ratio": "8:9",
            "pict_type": "I",
            "interlaced_frame": 1,
            "top_field_first": 0,
            "repeat_pict": 0,
            "chroma_location": "topleft"
        },
        {
            "media_type": "video",
            "stream_index": 0,
            "key_frame": 1,
            "pts": 209,
            "pts_time": "6.973285",
            "pkt_dts": 209,
            "pkt_dts_time": "6.973285",
            "best_effort_timestamp": 209,
            "best_effort_timestamp_time": "6.973285",
            "duration": 1,
            "duration_time": "0.033365",
            "pkt_pos": "26510968",
            "pkt_size": "120000",
            "width": 720,
            "height": 480,
            "crop_top": 0,
            "crop_bottom": 0,
            "crop_left": 0,
            "crop_right": 0,
            "pix_fmt": "yuv411p",
            "sample_aspect_ratio": "8:9",
            "pict_type": "I",
            "interlaced_frame": 1,
            "top_field_first": 0,
            "repeat_pict": 0,
            "chroma_location": "topleft"
        },
        {
            "media_type": "video",
            "stream_index": 0,
            "key_frame": 1,
            "pts": 210,
            "pts_time": "7.006650",
            "pkt_dts": 210,
            "pkt_dts_time": "7.006650",
            "best_effort_timestamp": 210,
            "best_effort_timestamp_time": "7.006650",
            "duration": 1,
            "duration_time": "0.033365",
            "pkt_pos": "26630976",
            "pkt_size": "120000",
            "width": 720,
            "height": 480,
            "crop_top": 0,
            "crop_bottom": 0,
            "crop_left": 0,
            "crop_right": 0,
            "pix_fmt": "yuv411p",
            "sample_aspect_ratio": "8:9",
            "pict_type": "I",
            "interlaced_frame": 1,
            "top_field_first": 0,
            "repeat_pict": 0,
            "chroma_location": "topleft"
        },
        {
            "media_type": "video",
            "stream_index": 0,
            "key_frame": 1,
            "pts": 211,
            "pts_time": "7.040015",
            "pkt_dts": 211,
            "pkt_dts_time": "7.040015",
            "best_effort_timestamp": 211,
            "best_effort_timestamp_time": "7.040015",
            "duration": 1,
            "duration_time": "0.033365",
            "pkt_pos": "26750984",
            "pkt_size": "120000",
            "width": 720,
            "height": 480,
            "crop_top": 0,
            "crop_bottom": 0,
            "crop_left": 0,
            "crop_right": 0,
            "pix_fmt": "yuv411p",
            "sample_aspect_ratio": "8:9",
            "pict_type": "I",
            "interlaced_frame": 1,
            "top_field_first": 0,
            "repeat_pict": 0,
            "chroma_location": "topleft"
        },
        {
            "media_type": "video",
            "stream_index": 0,
            "key_frame": 1,
            "pts": 212,
            "pts_time": "7.073380",
            "pkt_dts": 212,
            "pkt_dts_time": "7.073380",
            "best_effort_timestamp": 212,
            "best_effort_timestamp_time": "7.073380",
            "duration": 1,
            "duration_time": "0.033365",
            "pkt_pos": "26870992",
            "pkt_size": "120000",
            "width": 720,
            "height": 480,
            "crop_top": 0,
            "crop_bottom": 0,
            "crop_left": 0,
            "crop_right": 0,
            "pix_fmt": "yuv411p",
            "sample_aspect_ratio": "8:9",
            "pict_type": "I",
            "interlaced_frame": 1,
            "top_field_first": 0,
            "repeat_pict": 0,
            "chroma_location": "topleft"
        },
        {
            "media_type": "video",
            "stream_index": 0,
            "key_frame": 1,
            "pts": 213,
            "pts_time": "7.106745",
            "pkt_dts": 213,
            "pkt_dts_time": "7.106745",
            "best_effort_timestamp": 213,
            "best_effort_timestamp_time": "7.106745",
            "duration": 1,
            "duration_time": "0.033365",
            "pkt_pos": "26991000",
            "pkt_size": "120000",
            "width": 720,
            "height": 480,
            "crop_top": 0,
            "crop_bottom": 0,
            "crop_left": 0,
            "crop_right": 0,
            "pix_fmt": "yuv411p",
            "sample_aspect_ratio": "8:9",
            "pict_type": "I",
            "interlaced_frame": 1,
            "top_field_first": 0,
            "repeat_pict": 0,
            "chroma_location": "topleft"
        },
        {
            "media_type": "video",
            "stream_index": 0,
            "key_frame": 1,
            "pts": 214,
            "pts_time": "7.140110",
            "pkt_dts": 214,
            "pkt_dts_time": "7.140110",
            "best_effort_timestamp": 214,
            "best_effort_timestamp_time": "7.140110",
            "duration": 1,
            "duration_time": "0.033365",
            "pkt_pos": "27111008",
            "pkt_size": "120000",
            "width": 720,
            "height": 480,
            "crop_top": 0,
            "crop_bottom": 0,
            "crop_left": 0,
            "crop_right": 0,
            "pix_fmt": "yuv411p",
            "sample_aspect_ratio": "8:9",
            "pict_type": "I",
            "interlaced_frame": 1,
            "top_field_first": 0,
            "repeat_pict": 0,
            "chroma_location": "topleft"
        },
        {
            "media_type": "video",
            "stream_index": 0,
            "key_frame": 1,
            "pts": 215,
            "pts_time": "7.173475",
            "pkt_dts": 215,
            "pkt_dts_time": "7.173475",
            "best_effort_timestamp": 215,
            "best_effort_timestamp_time": "7.173475",
            "duration": 1,
            "duration_time": "0.033365",
            "pkt_pos": "27231016",
            "pkt_size": "120000",
            "width": 720,
            "height": 480,
            "crop_top": 0,
            "crop_bottom": 0,
            "crop_left": 0,
            "crop_right": 0,
            "pix_fmt": "yuv411p",
            "sample_aspect_ratio": "8:9",
            "pict_type": "I",
            "interlaced_frame": 1,
            "top_field_first": 0,
            "repeat_pict": 0,
            "chroma_location": "topleft"
        },
        {
            "media_type": "video",
            "stream_index": 0,
            "key_frame": 1,
            "pts": 216,
            "pts_time": "7.206840",
            "pkt_dts": 216,
            "pkt_dts_time": "7.206840",
            "best_effort_timestamp": 216,
            "best_effort_timestamp_time": "7.206840",
            "duration": 1,
            "duration_time": "0.033365",
            "pkt_pos": "27351024",
            "pkt_size": "120000",
            "width": 720,
            "height": 480,
            "crop_top": 0,
            "crop_bottom": 0,
            "crop_left": 0,
            "crop_right": 0,
            "pix_fmt": "yuv411p",
            "sample_aspect_ratio": "8:9",
            "pict_type": "I",
            "interlaced_frame": 1,
            "top_field_first": 0,
            "repeat_pict": 0,
            "chroma_location": "topleft"
        },
        {
            "media_type": "video",
            "stream_index": 0,
            "key_frame": 1,
            "pts": 217,
            "pts_time": "7.240205",
            "pkt_dts": 217,
            "pkt_dts_time": "7.240205",
            "best_effort_timestamp": 217,
            "best_effort_timestamp_time": "7.240205",
            "duration": 1,
            "duration_time": "0.033365",
            "pkt_pos": "27471032",
            "pkt_size": "120000",
            "width": 720,
            "height": 480,
            "crop_top": 0,
            "crop_bottom": 0,
            "crop_left": 0,
            "crop_right": 0,
            "pix_fmt": "yuv411p",
            "sample_aspect_ratio": "8:9",
            "pict_type": "I",
            "interlaced_frame": 1,
            "top_field_first": 0,
            "repeat_pict": 0,
            "chroma_location": "topleft"
        },
        {
            "media_type": "video",
            "stream_index": 0,
            "key_frame": 1,
            "pts": 218,
            "pts_time": "7.273570",
            "pkt_dts": 218,
            "pkt_dts_time": "7.273570",
            "best_effort_timestamp": 218,
            "best_effort_timestamp_time": "7.273570",
            "duration": 1,
            "duration_time": "0.033365",
            "pkt_pos": "27591040",
            "pkt_size": "120000",
            "width": 720,
            "height": 480,
            "crop_top": 0,
            "crop_bottom": 0,
            "crop_left": 0,
            "crop_right": 0,
            "pix_fmt": "yuv411p",
            "sample_aspect_ratio": "8:9",
            "pict_type": "I",
            "interlaced_frame": 1,
            "top_field_first": 0,
            "repeat_pict": 0,
            "chroma_location": "topleft"
        },
        {
            "media_type": "video",
            "stream_index": 0,
            "key_frame": 1,
            "pts": 219,
            "pts_time": "7.306935",
            "pkt_dts": 219,
            "pkt_dts_time": "7.306935",
            "best_effort_timestamp": 219,
            "best_effort_timestamp_time": "7.306935",
            "duration": 1,
            "duration_time": "0.033365",
            "pkt_pos": "27711048",
            "pkt_size": "120000",
            "width": 720,
            "height": 480,
            "crop_top": 0,
            "crop_bottom": 0,
            "crop_left": 0,
            "crop_right": 0,
            "pix_fmt": "yuv411p",
            "sample_aspect_ratio": "8:9",
            "pict_type": "I",
            "interlaced_frame": 1,
            "top_field_first": 0,
            "repeat_pict": 0,
            "chroma_location": "topleft"
        },
        {
            "media_type": "video",
            "stream_index": 0,
            "key_frame": 1,
            "pts": 220,
            "pts_time": "7.340300",
            "pkt_dts": 220,
            "pkt_dts_time": "7.340300",
            "best_effort_timestamp": 220,
            "best_effort_timestamp_time": "7.340300",
            "duration": 1,
            "duration_time": "0.033365",
            "pkt_pos": "27831056",
            "pkt_size": "120000",
            "width": 720,
            "height": 480,
            "crop_top": 0,
            "crop_bottom": 0,
            "crop_left": 0,
            "crop_right": 0,
            "pix_fmt": "yuv411p",
            "sample_aspect_ratio": "8:9",
            "pict_type": "I",
            "interlaced_frame": 1,
            "top_field_first": 0,
            "repeat_pict": 0,
            "chroma_location": "topleft"
        },
        {
            "media_type": "video",
            "stream_index": 0,
            "key_frame": 1,
            "pts": 221,
            "pts_time": "7.373665",
            "pkt_dts": 221,
            "pkt_dts_time": "7.373665",
            "best_effort_timestamp": 221,
            "best_effort_timestamp_time": "7.373665",
            "duration": 1,
            "duration_time": "0.033365",
            "pkt_pos": "27951064",
            "pkt_size": "120000",
            "width": 720,
            "height": 480,
            "crop_top": 0,
            "crop_bottom": 0,
            "crop_left": 0,
            "crop_right": 0,
            "pix_fmt": "yuv411p",
            "sample_aspect_ratio": "8:9",
            "pict_type": "I",
            "interlaced_frame": 1,
            "top_field_first": 0,
            "repeat_pict": 0,
            "chroma_location": "topleft"
        },
        {
            "media_type": "video",
            "stream_index": 0,
            "key_frame": 1,
            "pts": 222,
            "pts_time": "7.407030",
            "pkt_dts": 222,
            "pkt_dts_time": "7.407030",
            "best_effort_timestamp": 222,
            "best_effort_timestamp_time": "7.407030",
            "duration": 1,
            "duration_time": "0.033365",
            "pkt_pos": "28071072",
            "pkt_size": "120000",
            "width": 720,
            "height": 480,
            "crop_top": 0,
            "crop_bottom": 0,
            "crop_left": 0,
            "crop_right": 0,
            "pix_fmt": "yuv411p",
            "sample_aspect_ratio": "8:9",
            "pict_type": "I",
            "interlaced_frame": 1,
            "top_field_first": 0,
            "repeat_pict": 0,
            "chroma_location": "topleft"
        },
        {
            "media_type": "video",
            "stream_index": 0,
            "key_frame": 1,
            "pts": 223,
            "pts_time": "7.440395",
            "pkt_dts": 223,
            "pkt_dts_time": "7.440395",
            "best_effort_timestamp": 223,
            "best_effort_timestamp_time": "7.440395",
            "duration": 1,
            "duration_time": "0.033365",
            "pkt_pos": "28191080",
            "pkt_size": "120000",
            "width": 720,
            "height": 480,
            "crop_top": 0,
            "crop_bottom": 0,
            "crop_left": 0,
            "crop_right": 0,
            "pix_fmt": "yuv411p",
            "sample_aspect_ratio": "8:9",
            "pict_type": "I",
            "interlaced_frame": 1,
            "top_field_first": 0,
            "repeat_pict": 0,
            "chroma_location": "topleft"
        },
        {
            "media_type": "video",
            "stream_index": 0,
            "key_frame": 1,
            "pts": 224,
            "pts_time": "7.473760",
            "pkt_dts": 224,
            "pkt_dts_time": "7.473760",
            "best_effort_timestamp": 224,
            "best_effort_timestamp_time": "7.473760",
            "duration": 1,
            "duration_time": "0.033365",
            "pkt_pos": "28311088",
            "pkt_size": "120000",
            "width": 720,
            "height": 480,
            "crop_top": 0,
            "crop_bottom": 0,
            "crop_left": 0,
            "crop_right": 0,
            "pix_fmt": "yuv411p",
            "sample_aspect_ratio": "8:9",
            "pict_type": "I",
            "interlaced_frame": 1,
            "top_field_first": 0,
            "repeat_pict": 0,
            "chroma_location": "topleft"
        },
        {
            "media_type": "video",
            "stream_index": 0,
            "key_frame": 1,
            "pts": 225,
            "pts_time": "7.507125",
            "pkt_dts": 225,
            "pkt_dts_time": "7.507125",
            "best_effort_timestamp": 225,
            "best_effort_timestamp_time": "7.507125",
            "duration": 1,
            "duration_time": "0.033365",
            "pkt_pos": "28431096",
            "pkt_size": "120000",
            "width": 720,
            "height": 480,
            "crop_top": 0,
            "crop_bottom": 0,
            "crop_left": 0,
            "crop_right": 0,
            "pix_fmt": "yuv411p",
            "sample_aspect_ratio": "8:9",
            "pict_type": "I",
            "interlaced_frame": 1,
            "top_field_first": 0,
            "repeat_pict": 0,
            "chroma_location": "topleft"
        },
        {
            "media_type": "video",
            "stream_index": 0,
            "key_frame": 1,
            "pts": 226,
            "pts_time": "7.540490",
            "pkt_dts": 226,
            "pkt_dts_time": "7.540490",
            "best_effort_timestamp": 226,
            "best_effort_timestamp_time": "7.540490",
            "duration": 1,
            "duration_time": "0.033365",
            "pkt_pos": "28551104",
            "pkt_size": "120000",
            "width": 720,
            "height": 480,
            "crop_top": 0,
            "crop_bottom": 0,
            "crop_left": 0,
            "crop_right": 0,
            "pix_fmt": "yuv411p",
            "sample_aspect_ratio": "8:9",
            "pict_type": "I",
            "interlaced_frame": 1,
            "top_field_first": 0,
            "repeat_pict": 0,
            "chroma_location": "topleft"
        },
        {
            "media_type": "video",
            "stream_index": 0,
            "key_frame": 1,
            "pts": 227,
            "pts_time": "7.573855",
            "pkt_dts": 227,
            "pkt_dts_time": "7.573855",
            "best_effort_timestamp": 227,
            "best_effort_timestamp_time": "7.573855",
            "duration": 1,
            "duration_time": "0.033365",
            "pkt_pos": "28671112",
            "pkt_size": "120000",
            "width": 720,
            "height": 480,
            "crop_top": 0,
            "crop_bottom": 0,
            "crop_left": 0,
            "crop_right": 0,
            "pix_fmt": "yuv411p",
            "sample_aspect_ratio": "8:9",
            "pict_type": "I",
            "interlaced_frame": 1,
            "top_field_first": 0,
            "repeat_pict": 0,
            "chroma_location": "topleft"
        },
        {
            "media_type": "video",
            "stream_index": 0,
            "key_frame": 1,
            "pts": 228,
            "pts_time": "7.607220",
            "pkt_dts": 228,
            "pkt_dts_time": "7.607220",
            "best_effort_timestamp": 228,
            "best_effort_timestamp_time": "7.607220",
            "duration": 1,
            "duration_time": "0.033365",
            "pkt_pos": "28791120",
            "pkt_size": "120000",
            "width": 720,
            "height": 480,
            "crop_top": 0,
            "crop_bottom": 0,
            "crop_left": 0,
            "crop_right": 0,
            "pix_fmt": "yuv411p",
            "sample_aspect_ratio": "8:9",
            "pict_type": "I",
            "interlaced_frame": 1,
            "top_field_first": 0,
            "repeat_pict": 0,
            "chroma_location": "topleft"
        },
        {
            "media_type": "video",
            "stream_index": 0,
            "key_frame": 1,
            "pts": 229,
            "pts_time": "7.640585",
            "pkt_dts": 229,
            "pkt_dts_time": "7.640585",
            "best_effort_timestamp": 229,
            "best_effort_timestamp_time": "7.640585",
            "duration": 1,
            "duration_time": "0.033365",
            "pkt_pos": "28911128",
            "pkt_size": "120000",
            "width": 720,
            "height": 480,
            "crop_top": 0,
            "crop_bottom": 0,
            "crop_left": 0,
            "crop_right": 0,
            "pix_fmt": "yuv411p",
            "sample_aspect_ratio": "8:9",
            "pict_type": "I",
            "interlaced_frame": 1,
            "top_field_first": 0,
            "repeat_pict": 0,
            "chroma_location": "topleft"
        },
        {
            "media_type": "video",
            "stream_index": 0,
            "key_frame": 1,
            "pts": 230,
            "pts_time": "7.673950",
            "pkt_dts": 230,
            "pkt_dts_time": "7.673950",
            "best_effort_timestamp": 230,
            "best_effort_timestamp_time": "7.673950",
            "duration": 1,
            "duration_time": "0.033365",
            "pkt_pos": "29031136",
            "pkt_size": "120000",
            "width": 720,
            "height": 480,
            "crop_top": 0,
            "crop_bottom": 0,
            "crop_left": 0,
            "crop_right": 0,
            "pix_fmt": "yuv411p",
            "sample_aspect_ratio": "8:9",
            "pict_type": "I",
            "interlaced_frame": 1,
            "top_field_first": 0,
            "repeat_pict": 0,
            "chroma_location": "topleft"
        },
        {
            "media_type": "video",
            "stream_index": 0,
            "key_frame": 1,
            "pts": 231,
            "pts_time": "7.707315",
            "pkt_dts": 231,
            "pkt_dts_time": "7.707315",
            "best_effort_timestamp": 231,
            "best_effort_timestamp_time": "7.707315",
            "duration": 1,
            "duration_time": "0.033365",
            "pkt_pos": "29151144",
            "pkt_size": "120000",
            "width": 720,
            "height": 480,
            "crop_top": 0,
            "crop_bottom": 0,
            "crop_left": 0,
            "crop_right": 0,
            "pix_fmt": "yuv411p",
            "sample_aspect_ratio": "8:9",
            "pict_type": "I",
            "interlaced_frame": 1,
            "top_field_first": 0,
            "repeat_pict": 0,
            "chroma_location": "topleft"
        },
        {
            "media_type": "video",
            "stream_index": 0,
            "key_frame": 1,
            "pts": 232,
            "pts_time": "7.740680",
            "pkt_dts": 232,
            "pkt_dts_time": "7.740680",
            "best_effort_timestamp": 232,
            "best_effort_timestamp_time": "7.740680",
            "duration": 1,
            "duration_time": "0.033365",
            "pkt_pos": "29456944",
            "pkt_size": "120000",
            "width": 720,
            "height": 480,
            "crop_top": 0,
            "crop_bottom": 0,
            "crop_left": 0,
            "crop_right": 0,
            "pix_fmt": "yuv411p",
            "sample_aspect_ratio": "8:9",
            "pict_type": "I",
            "interlaced_frame": 1,
            "top_field_first": 0,
            "repeat_pict": 0,
            "chroma_location": "topleft"
        },
        {
            "media_type": "video",
            "stream_index": 0,
            "key_frame": 1,
            "pts": 233,
            "pts_time": "7.774045",
            "pkt_dts": 233,
            "pkt_dts_time": "7.774045",
            "best_effort_timestamp": 233,
            "best_effort_timestamp_time": "7.774045",
            "duration": 1,
            "duration_time": "0.033365",
            "pkt_pos": "29576952",
            "pkt_size": "120000",
            "width": 720,
            "height": 480,
            "crop_top": 0,
            "crop_bottom": 0,
            "crop_left": 0,
            "crop_right": 0,
            "pix_fmt": "yuv411p",
            "sample_aspect_ratio": "8:9",
            "pict_type": "I",
            "interlaced_frame": 1,
            "top_field_first": 0,
            "repeat_pict": 0,
            "chroma_location": "topleft"
        },
        {
            "media_type": "video",
            "stream_index": 0,
            "key_frame": 1,
            "pts": 234,
            "pts_time": "7.807410",
            "pkt_dts": 234,
            "pkt_dts_time": "7.807410",
            "best_effort_timestamp": 234,
            "best_effort_timestamp_time": "7.807410",
            "duration": 1,
            "duration_time": "0.033365",
            "pkt_pos": "29696960",
            "pkt_size": "120000",
            "width": 720,
            "height": 480,
            "crop_top": 0,
            "crop_bottom": 0,
            "crop_left": 0,
            "crop_right": 0,
            "pix_fmt": "yuv411p",
            "sample_aspect_ratio": "8:9",
            "pict_type": "I",
            "interlaced_frame": 1,
            "top_field_first": 0,
            "repeat_pict": 0,
            "chroma_location": "topleft"
        },
        {
            "media_type": "video",
            "stream_index": 0,
            "key_frame": 1,
            "pts": 235,
            "pts_time": "7.840775",
            "pkt_dts": 235,
            "pkt_dts_time": "7.840775",
            "best_effort_timestamp": 235,
            "best_effort_timestamp_time": "7.840775",
            "duration": 1,
            "duration_time": "0.033365",
            "pkt_pos": "29816968",
            "pkt_size": "120000",
            "width": 720,
            "height": 480,
            "crop_top": 0,
            "crop_bottom": 0,
            "crop_left": 0,
            "crop_right": 0,
            "pix_fmt": "yuv411p",
            "sample_aspect_ratio": "8:9",
            "pict_type": "I",
            "interlaced_frame": 1,
            "top_field_first": 0,
            "repeat_pict": 0,
            "chroma_location": "topleft"
        },
        {
            "media_type": "video",
            "stream_index": 0,
            "key_frame": 1,
            "pts": 236,
            "pts_time": "7.874140",
            "pkt_dts": 236,
            "pkt_dts_time": "7.874140",
            "best_effort_timestamp": 236,
            "best_effort_timestamp_time": "7.874140",
            "duration": 1,
            "duration_time": "0.033365",
            "pkt_pos": "29936976",
            "pkt_size": "120000",
            "width": 720,
            "height": 480,
            "crop_top": 0,
            "crop_bottom": 0,
            "crop_left": 0,
            "crop_right": 0,
            "pix_fmt": "yuv411p",
            "sample_aspect_ratio": "8:9",
            "pict_type": "I",
            "interlaced_frame": 1,
            "top_field_first": 0,
            "repeat_pict": 0,
            "chroma_location": "topleft"
        },
        {
            "media_type": "video",
            "stream_index": 0,
            "key_frame": 1,
            "pts": 237,
            "pts_time": "7.907505",
            "pkt_dts": 237,
            "pkt_dts_time": "7.907505",
            "best_effort_timestamp": 237,
            "best_effort_timestamp_time": "7.907505",
            "duration": 1,
            "duration_time": "0.033365",
            "pkt_pos": "30056984",
            "pkt_size": "120000",
            "width": 720,
            "height": 480,
            "crop_top": 0,
            "crop_bottom": 0,
            "crop_left": 0,
            "crop_right": 0,
            "pix_fmt": "yuv411p",
            "sample_aspect_ratio": "8:9",
            "pict_type": "I",
            "interlaced_frame": 1,
            "top_field_first": 0,
            "repeat_pict": 0,
            "chroma_location": "topleft"
        },
        {
            "media_type": "video",
            "stream_index": 0,
            "key_frame": 1,
            "pts": 238,
            "pts_time": "7.940870",
            "pkt_dts": 238,
            "pkt_dts_time": "7.940870",
            "best_effort_timestamp": 238,
            "best_effort_timestamp_time": "7.940870",
            "duration": 1,
            "duration_time": "0.033365",
            "pkt_pos": "30176992",
            "pkt_size": "120000",
            "width": 720,
            "height": 480,
            "crop_top": 0,
            "crop_bottom": 0,
            "crop_left": 0,
            "crop_right": 0,
            "pix_fmt": "yuv411p",
            "sample_aspect_ratio": "8:9",
            "pict_type": "I",
            "interlaced_frame": 1,
            "top_field_first": 0,
            "repeat_pict": 0,
            "chroma_location": "topleft"
        },
        {
            "media_type": "video",
            "stream_index": 0,
            "key_frame": 1,
            "pts": 239,
            "pts_time": "7.974235",
            "pkt_dts": 239,
            "pkt_dts_time": "7.974235",
            "best_effort_timestamp": 239,
            "best_effort_timestamp_time": "7.974235",
            "duration": 1,
            "duration_time": "0.033365",
            "pkt_pos": "30297000",
            "pkt_size": "120000",
            "width": 720,
            "height": 480,
            "crop_top": 0,
            "crop_bottom": 0,
            "crop_left": 0,
            "crop_right": 0,
            "pix_fmt": "yuv411p",
            "sample_aspect_ratio": "8:9",
            "pict_type": "I",
            "interlaced_frame": 1,
            "top_field_first": 0,
            "repeat_pict": 0,
            "chroma_location": "topleft"
        },
        {
            "media_type": "video",
            "stream_index": 0,
            "key_frame": 1,
            "pts": 240,
            "pts_time": "8.007600",
            "pkt_dts": 240,
            "pkt_dts_time": "8.007600",
            "best_effort_timestamp": 240,
            "best_effort_timestamp_time": "8.007600",
            "duration": 1,
            "duration_time": "0.033365",
            "pkt_pos": "30417008",
            "pkt_size": "120000",
            "width": 720,
            "height": 480,
            "crop_top": 0,
            "crop_bottom": 0,
            "crop_left": 0,
            "crop_right": 0,
            "pix_fmt": "yuv411p",
            "sample_aspect_ratio": "8:9",
            "pict_type": "I",
            "interlaced_frame": 1,
            "top_field_first": 0,
            "repeat_pict": 0,
            "chroma_location": "topleft"
        },
        {
            "media_type": "video",
            "stream_index": 0,
            "key_frame": 1,
            "pts": 241,
            "pts_time": "8.040965",
            "pkt_dts": 241,
            "pkt_dts_time": "8.040965",
            "best_effort_timestamp": 241,
            "best_effort_timestamp_time": "8.040965",
            "duration": 1,
            "duration_time": "0.033365",
            "pkt_pos": "30537016",
            "pkt_size": "120000",
            "width": 720,
            "height": 480,
            "crop_top": 0,
            "crop_bottom": 0,
            "crop_left": 0,
            "crop_right": 0,
            "pix_fmt": "yuv411p",
            "sample_aspect_ratio": "8:9",
            "pict_type": "I",
            "interlaced_frame": 1,
            "top_field_first": 0,
            "repeat_pict": 0,
            "chroma_location": "topleft"
        },
        {
            "media_type": "video",
            "stream_index": 0,
            "key_frame": 1,
            "pts": 242,
            "pts_time": "8.074330",
            "pkt_dts": 242,
            "pkt_dts_time": "8.074330",
            "best_effort_timestamp": 242,
            "best_effort_timestamp_time": "8.074330",
            "duration": 1,
            "duration_time": "0.033365",
            "pkt_pos": "30657024",
            "pkt_size": "120000",
            "width": 720,
            "height": 480,
            "crop_top": 0,
            "crop_bottom": 0,
            "crop_left": 0,
            "crop_right": 0,
            "pix_fmt": "yuv411p",
            "sample_aspect_ratio": "8:9",
            "pict_type": "I",
            "interlaced_frame": 1,
            "top_field_first": 0,
            "repeat_pict": 0,
            "chroma_location": "topleft"
        },
        {
            "media_type": "video",
            "stream_index": 0,
            "key_frame": 1,
            "pts": 243,
            "pts_time": "8.107695",
            "pkt_dts": 243,
            "pkt_dts_time": "8.107695",
            "best_effort_timestamp": 243,
            "best_effort_timestamp_time": "8.107695",
            "duration": 1,
            "duration_time": "0.033365",
            "pkt_pos": "30777032",
            "pkt_size": "120000",
            "width": 720,
            "height": 480,
            "crop_top": 0,
            "crop_bottom": 0,
            "crop_left": 0,
            "crop_right": 0,
            "pix_fmt": "yuv411p",
            "sample_aspect_ratio": "8:9",
            "pict_type": "I",
            "interlaced_frame": 1,
            "top_field_first": 0,
            "repeat_pict": 0,
            "chroma_location": "topleft"
        },
        {
            "media_type": "video",
            "stream_index": 0,
            "key_frame": 1,
            "pts": 244,
            "pts_time": "8.141060",
            "pkt_dts": 244,
            "pkt_dts_time": "8.141060",
            "best_effort_timestamp": 244,
            "best_effort_timestamp_time": "8.141060",
            "duration": 1,
            "duration_time": "0.033365",
            "pkt_pos": "30897040",
            "pkt_size": "120000",
            "width": 720,
            "height": 480,
            "crop_top": 0,
            "crop_bottom": 0,
            "crop_left": 0,
            "crop_right": 0,
            "pix_fmt": "yuv411p",
            "sample_aspect_ratio": "8:9",
            "pict_type": "I",
            "interlaced_frame": 1,
            "top_field_first": 0,
            "repeat_pict": 0,
            "chroma_location": "topleft"
        },
        {
            "media_type": "video",
            "stream_index": 0,
            "key_frame": 1,
            "pts": 245,
            "pts_time": "8.174425",
            "pkt_dts": 245,
            "pkt_dts_time": "8.174425",
            "best_effort_timestamp": 245,
            "best_effort_timestamp_time": "8.174425",
            "duration": 1,
            "duration_time": "0.033365",
            "pkt_pos": "31017048",
            "pkt_size": "120000",
            "width": 720,
            "height": 480,
            "crop_top": 0,
            "crop_bottom": 0,
            "crop_left": 0,
            "crop_right": 0,
            "pix_fmt": "yuv411p",
            "sample_aspect_ratio": "8:9",
            "pict_type": "I",
            "interlaced_frame": 1,
            "top_field_first": 0,
            "repeat_pict": 0,
            "chroma_location": "topleft"
        },
        {
            "media_type": "video",
            "stream_index": 0,
            "key_frame": 1,
            "pts": 246,
            "pts_time": "8.207790",
            "pkt_dts": 246,
            "pkt_dts_time": "8.207790",
            "best_effort_timestamp": 246,
            "best_effort_timestamp_time": "8.207790",
            "duration": 1,
            "duration_time": "0.033365",
            "pkt_pos": "31137056",
            "pkt_size": "120000",
            "width": 720,
            "height": 480,
            "crop_top": 0,
            "crop_bottom": 0,
            "crop_left": 0,
            "crop_right": 0,
            "pix_fmt": "yuv411p",
            "sample_aspect_ratio": "8:9",
            "pict_type": "I",
            "interlaced_frame": 1,
            "top_field_first": 0,
            "repeat_pict": 0,
            "chroma_location": "topleft"
        },
        {
            "media_type": "video",
            "stream_index": 0,
            "key_frame": 1,
            "pts": 247,
            "pts_time": "8.241155",
            "pkt_dts": 247,
            "pkt_dts_time": "8.241155",
            "best_effort_timestamp": 247,
            "best_effort_timestamp_time": "8.241155",
            "duration": 1,
            "duration_time": "0.033365",
            "pkt_pos": "31257064",
            "pkt_size": "120000",
            "width": 720,
            "height": 480,
            "crop_top": 0,
            "crop_bottom": 0,
            "crop_left": 0,
            "crop_right": 0,
            "pix_fmt": "yuv411p",
            "sample_aspect_ratio": "8:9",
            "pict_type": "I",
            "interlaced_frame": 1,
            "top_field_first": 0,
            "repeat_pict": 0,
            "chroma_location": "topleft"
        },
        {
            "media_type": "video",
            "stream_index": 0,
            "key_frame": 1,
            "pts": 248,
            "pts_time": "8.274520",
            "pkt_dts": 248,
            "pkt_dts_time": "8.274520",
            "best_effort_timestamp": 248,
            "best_effort_timestamp_time": "8.274520",
            "duration": 1,
            "duration_time": "0.033365",
            "pkt_pos": "31377072",
            "pkt_size": "120000",
            "width": 720,
            "height": 480,
            "crop_top": 0,
            "crop_bottom": 0,
            "crop_left": 0,
            "crop_right": 0,
            "pix_fmt": "yuv411p",
            "sample_aspect_ratio": "8:9",
            "pict_type": "I",
            "interlaced_frame": 1,
            "top_field_first": 0,
            "repeat_pict": 0,
            "chroma_location": "topleft"
        },
        {
            "media_type": "video",
            "stream_index": 0,
            "key_frame": 1,
            "pts": 249,
            "pts_time": "8.307885",
            "pkt_dts": 249,
            "pkt_dts_time": "8.307885",
            "best_effort_timestamp": 249,
            "best_effort_timestamp_time": "8.307885",
            "duration": 1,
            "duration_time": "0.033365",
            "pkt_pos": "31497080",
            "pkt_size": "120000",
            "width": 720,
            "height": 480,
            "crop_top": 0,
            "crop_bottom": 0,
            "crop_left": 0,
            "crop_right": 0,
            "pix_fmt": "yuv411p",
            "sample_aspect_ratio": "8:9",
            "pict_type": "I",
            "interlaced_frame": 1,
            "top_field_first": 0,
            "repeat_pict": 0,
            "chroma_location": "topleft"
        },
        {
            "media_type": "video",
            "stream_index": 0,
            "key_frame": 1,
            "pts": 250,
            "pts_time": "8.341250",
            "pkt_dts": 250,
            "pkt_dts_time": "8.341250",
            "best_effort_timestamp": 250,
            "best_effort_timestamp_time": "8.341250",
            "duration": 1,
            "duration_time": "0.033365",
            "pkt_pos": "31617088",
            "pkt_size": "120000",
            "width": 720,
            "height": 480,
            "crop_top": 0,
            "crop_bottom": 0,
            "crop_left": 0,
            "crop_right": 0,
            "pix_fmt": "yuv411p",
            "sample_aspect_ratio": "8:9",
            "pict_type": "I",
            "interlaced_frame": 1,
            "top_field_first": 0,
            "repeat_pict": 0,
            "chroma_location": "topleft"
        },
        {
            "media_type": "video",
            "stream_index": 0,
            "key_frame": 1,
            "pts": 251,
            "pts_time": "8.374615",
            "pkt_dts": 251,
            "pkt_dts_time": "8.374615",
            "best_effort_timestamp": 251,
            "best_effort_timestamp_time": "8.374615",
            "duration": 1,
            "duration_time": "0.033365",
            "pkt_pos": "31737096",
            "pkt_size": "120000",
            "width": 720,
            "height": 480,
            "crop_top": 0,
            "crop_bottom": 0,
            "crop_left": 0,
            "crop_right": 0,
            "pix_fmt": "yuv411p",
            "sample_aspect_ratio": "8:9",
            "pict_type": "I",
            "interlaced_frame": 1,
            "top_field_first": 0,
            "repeat_pict": 0,
            "chroma_location": "topleft"
        },
        {
            "media_type": "video",
            "stream_index": 0,
            "key_frame": 1,
            "pts": 252,
            "pts_time": "8.407980",
            "pkt_dts": 252,
            "pkt_dts_time": "8.407980",
            "best_effort_timestamp": 252,
            "best_effort_timestamp_time": "8.407980",
            "duration": 1,
            "duration_time": "0.033365",
            "pkt_pos": "31857104",
            "pkt_size": "120000",
            "width": 720,
            "height": 480,
            "crop_top": 0,
            "crop_bottom": 0,
            "crop_left": 0,
            "crop_right": 0,
            "pix_fmt": "yuv411p",
            "sample_aspect_ratio": "8:9",
            "pict_type": "I",
            "interlaced_frame": 1,
            "top_field_first": 0,
            "repeat_pict": 0,
            "chroma_location": "topleft"
        },
        {
            "media_type": "video",
            "stream_index": 0,
            "key_frame": 1,
            "pts": 253,
            "pts_time": "8.441345",
            "pkt_dts": 253,
            "pkt_dts_time": "8.441345",
            "best_effort_timestamp": 253,
            "best_effort_timestamp_time": "8.441345",
            "duration": 1,
            "duration_time": "0.033365",
            "pkt_pos": "31977112",
            "pkt_size": "120000",
            "width": 720,
            "height": 480,
            "crop_top": 0,
            "crop_bottom": 0,
            "crop_left": 0,
            "crop_right": 0,
            "pix_fmt": "yuv411p",
            "sample_aspect_ratio": "8:9",
            "pict_type": "I",
            "interlaced_frame": 1,
            "top_field_first": 0,
            "repeat_pict": 0,
            "chroma_location": "topleft"
        },
        {
            "media_type": "video",
            "stream_index": 0,
            "key_frame": 1,
            "pts": 254,
            "pts_time": "8.474710",
            "pkt_dts": 254,
            "pkt_dts_time": "8.474710",
            "best_effort_timestamp": 254,
            "best_effort_timestamp_time": "8.474710",
            "duration": 1,
            "duration_time": "0.033365",
            "pkt_pos": "32097120",
            "pkt_size": "120000",
            "width": 720,
            "height": 480,
            "crop_top": 0,
            "crop_bottom": 0,
            "crop_left": 0,
            "crop_right": 0,
            "pix_fmt": "yuv411p",
            "sample_aspect_ratio": "8:9",
            "pict_type": "I",
            "interlaced_frame": 1,
            "top_field_first": 0,
            "repeat_pict": 0,
            "chroma_location": "topleft"
        },
        {
            "media_type": "video",
            "stream_index": 0,
            "key_frame": 1,
            "pts": 255,
            "pts_time": "8.508075",
            "pkt_dts": 255,
            "pkt_dts_time": "8.508075",
            "best_effort_timestamp": 255,
            "best_effort_timestamp_time": "8.508075",
            "duration": 1,
            "duration_time": "0.033365",
            "pkt_pos": "32217128",
            "pkt_size": "120000",
            "width": 720,
            "height": 480,
            "crop_top": 0,
            "crop_bottom": 0,
            "crop_left": 0,
            "crop_right": 0,
            "pix_fmt": "yuv411p",
            "sample_aspect_ratio": "8:9",
            "pict_type": "I",
            "interlaced_frame": 1,
            "top_field_first": 0,
            "repeat_pict": 0,
            "chroma_location": "topleft"
        },
        {
            "media_type": "video",
            "stream_index": 0,
            "key_frame": 1,
            "pts": 256,
            "pts_time": "8.541440",
            "pkt_dts": 256,
            "pkt_dts_time": "8.541440",
            "best_effort_timestamp": 256,
            "best_effort_timestamp_time": "8.541440",
            "duration": 1,
            "duration_time": "0.033365",
            "pkt_pos": "32337136",
            "pkt_size": "120000",
            "width": 720,
            "height": 480,
            "crop_top": 0,
            "crop_bottom": 0,
            "crop_left": 0,
            "crop_right": 0,
            "pix_fmt": "yuv411p",
            "sample_aspect_ratio": "8:9",
            "pict_type": "I",
            "interlaced_frame": 1,
            "top_field_first": 0,
            "repeat_pict": 0,
            "chroma_location": "topleft"
        },
        {
            "media_type": "video",
            "stream_index": 0,
            "key_frame": 1,
            "pts": 257,
            "pts_time": "8.574805",
            "pkt_dts": 257,
            "pkt_dts_time": "8.574805",
            "best_effort_timestamp": 257,
            "best_effort_timestamp_time": "8.574805",
            "duration": 1,
            "duration_time": "0.033365",
            "pkt_pos": "32457144",
            "pkt_size": "120000",
            "width": 720,
            "height": 480,
            "crop_top": 0,
            "crop_bottom": 0,
            "crop_left": 0,
            "crop_right": 0,
            "pix_fmt": "yuv411p",
            "sample_aspect_ratio": "8:9",
            "pict_type": "I",
            "interlaced_frame": 1,
            "top_field_first": 0,
            "repeat_pict": 0,
            "chroma_location": "topleft"
        },
        {
            "media_type": "video",
            "stream_index": 0,
            "key_frame": 1,
            "pts": 258,
            "pts_time": "8.608170",
            "pkt_dts": 258,
            "pkt_dts_time": "8.608170",
            "best_effort_timestamp": 258,
            "best_effort_timestamp_time": "8.608170",
            "duration": 1,
            "duration_time": "0.033365",
            "pkt_pos": "32577152",
            "pkt_size": "120000",
            "width": 720,
            "height": 480,
            "crop_top": 0,
            "crop_bottom": 0,
            "crop_left": 0,
            "crop_right": 0,
            "pix_fmt": "yuv411p",
            "sample_aspect_ratio": "8:9",
            "pict_type": "I",
            "interlaced_frame": 1,
            "top_field_first": 0,
            "repeat_pict": 0,
            "chroma_location": "topleft"
        },
        {
            "media_type": "video",
            "stream_index": 0,
            "key_frame": 1,
            "pts": 259,
            "pts_time": "8.641535",
            "pkt_dts": 259,
            "pkt_dts_time": "8.641535",
            "best_effort_timestamp": 259,
            "best_effort_timestamp_time": "8.641535",
            "duration": 1,
            "duration_time": "0.033365",
            "pkt_pos": "32697160",
            "pkt_size": "120000",
            "width": 720,
            "height": 480,
            "crop_top": 0,
            "crop_bottom": 0,
            "crop_left": 0,
            "crop_right": 0,
            "pix_fmt": "yuv411p",
            "sample_aspect_ratio": "8:9",
            "pict_type": "I",
            "interlaced_frame": 1,
            "top_field_first": 0,
            "repeat_pict": 0,
            "chroma_location": "topleft"
        },
        {
            "media_type": "video",
            "stream_index": 0,
            "key_frame": 1,
            "pts": 260,
            "pts_time": "8.674900",
            "pkt_dts": 260,
            "pkt_dts_time": "8.674900",
            "best_effort_timestamp": 260,
            "best_effort_timestamp_time": "8.674900",
            "duration": 1,
            "duration_time": "0.033365",
            "pkt_pos": "32817168",
            "pkt_size": "120000",
            "width": 720,
            "height": 480,
            "crop_top": 0,
            "crop_bottom": 0,
            "crop_left": 0,
            "crop_right": 0,
            "pix_fmt": "yuv411p",
            "sample_aspect_ratio": "8:9",
            "pict_type": "I",
            "interlaced_frame": 1,
            "top_field_first": 0,
            "repeat_pict": 0,
            "chroma_location": "topleft"
        },
        {
            "media_type": "video",
            "stream_index": 0,
            "key_frame": 1,
            "pts": 261,
            "pts_time": "8.708265",
            "pkt_dts": 261,
            "pkt_dts_time": "8.708265",
            "best_effort_timestamp": 261,
            "best_effort_timestamp_time": "8.708265",
            "duration": 1,
            "duration_time": "0.033365",
            "pkt_pos": "33122972",
            "pkt_size": "120000",
            "width": 720,
            "height": 480,
            "crop_top": 0,
            "crop_bottom": 0,
            "crop_left": 0,
            "crop_right": 0,
            "pix_fmt": "yuv411p",
            "sample_aspect_ratio": "8:9",
            "pict_type": "I",
            "interlaced_frame": 1,
            "top_field_first": 0,
            "repeat_pict": 0,
            "chroma_location": "topleft"
        },
        {
            "media_type": "video",
            "stream_index": 0,
            "key_frame": 1,
            "pts": 262,
            "pts_time": "8.741630",
            "pkt_dts": 262,
            "pkt_dts_time": "8.741630",
            "best_effort_timestamp": 262,
            "best_effort_timestamp_time": "8.741630",
            "duration": 1,
            "duration_time": "0.033365",
            "pkt_pos": "33242980",
            "pkt_size": "120000",
            "width": 720,
            "height": 480,
            "crop_top": 0,
            "crop_bottom": 0,
            "crop_left": 0,
            "crop_right": 0,
            "pix_fmt": "yuv411p",
            "sample_aspect_ratio": "8:9",
            "pict_type": "I",
            "interlaced_frame": 1,
            "top_field_first": 0,
            "repeat_pict": 0,
            "chroma_location": "topleft"
        },
        {
            "media_type": "video",
            "stream_index": 0,
            "key_frame": 1,
            "pts": 263,
            "pts_time": "8.774995",
            "pkt_dts": 263,
            "pkt_dts_time": "8.774995",
            "best_effort_timestamp": 263,
            "best_effort_timestamp_time": "8.774995",
            "duration": 1,
            "duration_time": "0.033365",
            "pkt_pos": "33362988",
            "pkt_size": "120000",
            "width": 720,
            "height": 480,
            "crop_top": 0,
            "crop_bottom": 0,
            "crop_left": 0,
            "crop_right": 0,
            "pix_fmt": "yuv411p",
            "sample_aspect_ratio": "8:9",
            "pict_type": "I",
            "interlaced_frame": 1,
            "top_field_first": 0,
            "repeat_pict": 0,
            "chroma_location": "topleft"
        },
        {
            "media_type": "video",
            "stream_index": 0,
            "key_frame": 1,
            "pts": 264,
            "pts_time": "8.808360",
            "pkt_dts": 264,
            "pkt_dts_time": "8.808360",
            "best_effort_timestamp": 264,
            "best_effort_timestamp_time": "8.808360",
            "duration": 1,
            "duration_time": "0.033365",
            "pkt_pos": "33482996",
            "pkt_size": "120000",
            "width": 720,
            "height": 480,
            "crop_top": 0,
            "crop_bottom": 0,
            "crop_left": 0,
            "crop_right": 0,
            "pix_fmt": "yuv411p",
            "sample_aspect_ratio": "8:9",
            "pict_type": "I",
            "interlaced_frame": 1,
            "top_field_first": 0,
            "repeat_pict": 0,
            "chroma_location": "topleft"
        },
        {
            "media_type": "video",
            "stream_index": 0,
            "key_frame": 1,
            "pts": 265,
            "pts_time": "8.841725",
            "pkt_dts": 265,
            "pkt_dts_time": "8.841725",
            "best_effort_timestamp": 265,
            "best_effort_timestamp_time": "8.841725",
            "duration": 1,
            "duration_time": "0.033365",
            "pkt_pos": "33603004",
            "pkt_size": "120000",
            "width": 720,
            "height": 480,
            "crop_top": 0,
            "crop_bottom": 0,
            "crop_left": 0,
            "crop_right": 0,
            "pix_fmt": "yuv411p",
            "sample_aspect_ratio": "8:9",
            "pict_type": "I",
            "interlaced_frame": 1,
            "top_field_first": 0,
            "repeat_pict": 0,
            "chroma_location": "topleft"
        },
        {
            "media_type": "video",
            "stream_index": 0,
            "key_frame": 1,
            "pts": 266,
            "pts_time": "8.875090",
            "pkt_dts": 266,
            "pkt_dts_time": "8.875090",
            "best_effort_timestamp": 266,
            "best_effort_timestamp_time": "8.875090",
            "duration": 1,
            "duration_time": "0.033365",
            "pkt_pos": "33723012",
            "pkt_size": "120000",
            "width": 720,
            "height": 480,
            "crop_top": 0,
            "crop_bottom": 0,
            "crop_left": 0,
            "crop_right": 0,
            "pix_fmt": "yuv411p",
            "sample_aspect_ratio": "8:9",
            "pict_type": "I",
            "interlaced_frame": 1,
            "top_field_first": 0,
            "repeat_pict": 0,
            "chroma_location": "topleft"
        },
        {
            "media_type": "video",
            "stream_index": 0,
            "key_frame": 1,
            "pts": 267,
            "pts_time": "8.908455",
            "pkt_dts": 267,
            "pkt_dts_time": "8.908455",
            "best_effort_timestamp": 267,
            "best_effort_timestamp_time": "8.908455",
            "duration": 1,
            "duration_time": "0.033365",
            "pkt_pos": "33843020",
            "pkt_size": "120000",
            "width": 720,
            "height": 480,
            "crop_top": 0,
            "crop_bottom": 0,
            "crop_left": 0,
            "crop_right": 0,
            "pix_fmt": "yuv411p",
            "sample_aspect_ratio": "8:9",
            "pict_type": "I",
            "interlaced_frame": 1,
            "top_field_first": 0,
            "repeat_pict": 0,
            "chroma_location": "topleft"
        },
        {
            "media_type": "video",
            "stream_index": 0,
            "key_frame": 1,
            "pts": 268,
            "pts_time": "8.941820",
            "pkt_dts": 268,
            "pkt_dts_time": "8.941820",
            "best_effort_timestamp": 268,
            "best_effort_timestamp_time": "8.941820",
            "duration": 1,
            "duration_time": "0.033365",
            "pkt_pos": "33963028",
            "pkt_size": "120000",
            "width": 720,
            "height": 480,
            "crop_top": 0,
            "crop_bottom": 0,
            "crop_left": 0,
            "crop_right": 0,
            "pix_fmt": "yuv411p",
            "sample_aspect_ratio": "8:9",
            "pict_type": "I",
            "interlaced_frame": 1,
            "top_field_first": 0,
            "repeat_pict": 0,
            "chroma_location": "topleft"
        },
        {
            "media_type": "video",
            "stream_index": 0,
            "key_frame": 1,
            "pts": 269,
            "pts_time": "8.975185",
            "pkt_dts": 269,
            "pkt_dts_time": "8.975185",
            "best_effort_timestamp": 269,
            "best_effort_timestamp_time": "8.975185",
            "duration": 1,
            "duration_time": "0.033365",
            "pkt_pos": "34083036",
            "pkt_size": "120000",
            "width": 720,
            "height": 480,
            "crop_top": 0,
            "crop_bottom": 0,
            "crop_left": 0,
            "crop_right": 0,
            "pix_fmt": "yuv411p",
            "sample_aspect_ratio": "8:9",
            "pict_type": "I",
            "interlaced_frame": 1,
            "top_field_first": 0,
            "repeat_pict": 0,
            "chroma_location": "topleft"
        },
        {
            "media_type": "video",
            "stream_index": 0,
            "key_frame": 1,
            "pts": 270,
            "pts_time": "9.008550",
            "pkt_dts": 270,
            "pkt_dts_time": "9.008550",
            "best_effort_timestamp": 270,
            "best_effort_timestamp_time": "9.008550",
            "duration": 1,
            "duration_time": "0.033365",
            "pkt_pos": "34203044",
            "pkt_size": "120000",
            "width": 720,
            "height": 480,
            "crop_top": 0,
            "crop_bottom": 0,
            "crop_left": 0,
            "crop_right": 0,
            "pix_fmt": "yuv411p",
            "sample_aspect_ratio": "8:9",
            "pict_type": "I",
            "interlaced_frame": 1,
            "top_field_first": 0,
            "repeat_pict": 0,
            "chroma_location": "topleft"
        },
        {
            "media_type": "video",
            "stream_index": 0,
            "key_frame": 1,
            "pts": 271,
            "pts_time": "9.041915",
            "pkt_dts": 271,
            "pkt_dts_time": "9.041915",
            "best_effort_timestamp": 271,
            "best_effort_timestamp_time": "9.041915",
            "duration": 1,
            "duration_time": "0.033365",
            "pkt_pos": "34323052",
            "pkt_size": "120000",
            "width": 720,
            "height": 480,
            "crop_top": 0,
            "crop_bottom": 0,
            "crop_left": 0,
            "crop_right": 0,
            "pix_fmt": "yuv411p",
            "sample_aspect_ratio": "8:9",
            "pict_type": "I",
            "interlaced_frame": 1,
            "top_field_first": 0,
            "repeat_pict": 0,
            "chroma_location": "topleft"
        },
        {
            "media_type": "video",
            "stream_index": 0,
            "key_frame": 1,
            "pts": 272,
            "pts_time": "9.075280",
            "pkt_dts": 272,
            "pkt_dts_time": "9.075280",
            "best_effort_timestamp": 272,
            "best_effort_timestamp_time": "9.075280",
            "duration": 1,
            "duration_time": "0.033365",
            "pkt_pos": "34443060",
            "pkt_size": "120000",
            "width": 720,
            "height": 480,
            "crop_top": 0,
            "crop_bottom": 0,
            "crop_left": 0,
            "crop_right": 0,
            "pix_fmt": "yuv411p",
            "sample_aspect_ratio": "8:9",
            "pict_type": "I",
            "interlaced_frame": 1,
            "top_field_first": 0,
            "repeat_pict": 0,
            "chroma_location": "topleft"
        },
        {
            "media_type": "video",
            "stream_index": 0,
            "key_frame": 1,
            "pts": 273,
            "pts_time": "9.108645",
            "pkt_dts": 273,
            "pkt_dts_time": "9.108645",
            "best_effort_timestamp": 273,
            "best_effort_timestamp_time": "9.108645",
            "duration": 1,
            "duration_time": "0.033365",
            "pkt_pos": "34563068",
            "pkt_size": "120000",
            "width": 720,
            "height": 480,
            "crop_top": 0,
            "crop_bottom": 0,
            "crop_left": 0,
            "crop_right": 0,
            "pix_fmt": "yuv411p",
            "sample_aspect_ratio": "8:9",
            "pict_type": "I",
            "interlaced_frame": 1,
            "top_field_first": 0,
            "repeat_pict": 0,
            "chroma_location": "topleft"
        },
        {
            "media_type": "video",
            "stream_index": 0,
            "key_frame": 1,
            "pts": 274,
            "pts_time": "9.142010",
            "pkt_dts": 274,
            "pkt_dts_time": "9.142010",
            "best_effort_timestamp": 274,
            "best_effort_timestamp_time": "9.142010",
            "duration": 1,
            "duration_time": "0.033365",
            "pkt_pos": "34683076",
            "pkt_size": "120000",
            "width": 720,
            "height": 480,
            "crop_top": 0,
            "crop_bottom": 0,
            "crop_left": 0,
            "crop_right": 0,
            "pix_fmt": "yuv411p",
            "sample_aspect_ratio": "8:9",
            "pict_type": "I",
            "interlaced_frame": 1,
            "top_field_first": 0,
            "repeat_pict": 0,
            "chroma_location": "topleft"
        },
        {
            "media_type": "video",
            "stream_index": 0,
            "key_frame": 1,
            "pts": 275,
            "pts_time": "9.175375",
            "pkt_dts": 275,
            "pkt_dts_time": "9.175375",
            "best_effort_timestamp": 275,
            "best_effort_timestamp_time": "9.175375",
            "duration": 1,
            "duration_time": "0.033365",
            "pkt_pos": "34803084",
            "pkt_size": "120000",
            "width": 720,
            "height": 480,
            "crop_top": 0,
            "crop_bottom": 0,
            "crop_left": 0,
            "crop_right": 0,
            "pix_fmt": "yuv411p",
            "sample_aspect_ratio": "8:9",
            "pict_type": "I",
            "interlaced_frame": 1,
            "top_field_first": 0,
            "repeat_pict": 0,
            "chroma_location": "topleft"
        },
        {
            "media_type": "video",
            "stream_index": 0,
            "key_frame": 1,
            "pts": 276,
            "pts_time": "9.208740",
            "pkt_dts": 276,
            "pkt_dts_time": "9.208740",
            "best_effort_timestamp": 276,
            "best_effort_timestamp_time": "9.208740",
            "duration": 1,
            "duration_time": "0.033365",
            "pkt_pos": "34923092",
            "pkt_size": "120000",
            "width": 720,
            "height": 480,
            "crop_top": 0,
            "crop_bottom": 0,
            "crop_left": 0,
            "crop_right": 0,
            "pix_fmt": "yuv411p",
            "sample_aspect_ratio": "8:9",
            "pict_type": "I",
            "interlaced_frame": 1,
            "top_field_first": 0,
            "repeat_pict": 0,
            "chroma_location": "topleft"
        },
        {
            "media_type": "video",
            "stream_index": 0,
            "key_frame": 1,
            "pts": 277,
            "pts_time": "9.242105",
            "pkt_dts": 277,
            "pkt_dts_time": "9.242105",
            "best_effort_timestamp": 277,
            "best_effort_timestamp_time": "9.242105",
            "duration": 1,
            "duration_time": "0.033365",
            "pkt_pos": "35043100",
            "pkt_size": "120000",
            "width": 720,
            "height": 480,
            "crop_top": 0,
            "crop_bottom": 0,
            "crop_left": 0,
            "crop_right": 0,
            "pix_fmt": "yuv411p",
            "sample_aspect_ratio": "8:9",
            "pict_type": "I",
            "interlaced_frame": 1,
            "top_field_first": 0,
            "repeat_pict": 0,
            "chroma_location": "topleft"
        },
        {
            "media_type": "video",
            "stream_index": 0,
            "key_frame": 1,
            "pts": 278,
            "pts_time": "9.275470",
            "pkt_dts": 278,
            "pkt_dts_time": "9.275470",
            "best_effort_timestamp": 278,
            "best_effort_timestamp_time": "9.275470",
            "duration": 1,
            "duration_time": "0.033365",
            "pkt_pos": "35163108",
            "pkt_size": "120000",
            "width": 720,
            "height": 480,
            "crop_top": 0,
            "crop_bottom": 0,
            "crop_left": 0,
            "crop_right": 0,
            "pix_fmt": "yuv411p",
            "sample_aspect_ratio": "8:9",
            "pict_type": "I",
            "interlaced_frame": 1,
            "top_field_first": 0,
            "repeat_pict": 0,
            "chroma_location": "topleft"
        },
        {
            "media_type": "video",
            "stream_index": 0,
            "key_frame": 1,
            "pts": 279,
            "pts_time": "9.308835",
            "pkt_dts": 279,
            "pkt_dts_time": "9.308835",
            "best_effort_timestamp": 279,
            "best_effort_timestamp_time": "9.308835",
            "duration": 1,
            "duration_time": "0.033365",
            "pkt_pos": "35283116",
            "pkt_size": "120000",
            "width": 720,
            "height": 480,
            "crop_top": 0,
            "crop_bottom": 0,
            "crop_left": 0,
            "crop_right": 0,
            "pix_fmt": "yuv411p",
            "sample_aspect_ratio": "8:9",
            "pict_type": "I",
            "interlaced_frame": 1,
            "top_field_first": 0,
            "repeat_pict": 0,
            "chroma_location": "topleft"
        },
        {
            "media_type": "video",
            "stream_index": 0,
            "key_frame": 1,
            "pts": 280,
            "pts_time": "9.342200",
            "pkt_dts": 280,
            "pkt_dts_time": "9.342200",
            "best_effort_timestamp": 280,
            "best_effort_timestamp_time": "9.342200",
            "duration": 1,
            "duration_time": "0.033365",
            "pkt_pos": "35403124",
            "pkt_size": "120000",
            "width": 720,
            "height": 480,
            "crop_top": 0,
            "crop_bottom": 0,
            "crop_left": 0,
            "crop_right": 0,
            "pix_fmt": "yuv411p",
            "sample_aspect_ratio": "8:9",
            "pict_type": "I",
            "interlaced_frame": 1,
            "top_field_first": 0,
            "repeat_pict": 0,
            "chroma_location": "topleft"
        },
        {
            "media_type": "video",
            "stream_index": 0,
            "key_frame": 1,
            "pts": 281,
            "pts_time": "9.375565",
            "pkt_dts": 281,
            "pkt_dts_time": "9.375565",
            "best_effort_timestamp": 281,
            "best_effort_timestamp_time": "9.375565",
            "duration": 1,
            "duration_time": "0.033365",
            "pkt_pos": "35523132",
            "pkt_size": "120000",
            "width": 720,
            "height": 480,
            "crop_top": 0,
            "crop_bottom": 0,
            "crop_left": 0,
            "crop_right": 0,
            "pix_fmt": "yuv411p",
            "sample_aspect_ratio": "8:9",
            "pict_type": "I",
            "interlaced_frame": 1,
            "top_field_first": 0,
            "repeat_pict": 0,
            "chroma_location": "topleft"
        },
        {
            "media_type": "video",
            "stream_index": 0,
            "key_frame": 1,
            "pts": 282,
            "pts_time": "9.408930",
            "pkt_dts": 282,
            "pkt_dts_time": "9.408930",
            "best_effort_timestamp": 282,
            "best_effort_timestamp_time": "9.408930",
            "duration": 1,
            "duration_time": "0.033365",
            "pkt_pos": "35643140",
            "pkt_size": "120000",
            "width": 720,
            "height": 480,
            "crop_top": 0,
            "crop_bottom": 0,
            "crop_left": 0,
            "crop_right": 0,
            "pix_fmt": "yuv411p",
            "sample_aspect_ratio": "8:9",
            "pict_type": "I",
            "interlaced_frame": 1,
            "top_field_first": 0,
            "repeat_pict": 0,
            "chroma_location": "topleft"
        },
        {
            "media_type": "video",
            "stream_index": 0,
            "key_frame": 1,
            "pts": 283,
            "pts_time": "9.442295",
            "pkt_dts": 283,
            "pkt_dts_time": "9.442295",
            "best_effort_timestamp": 283,
            "best_effort_timestamp_time": "9.442295",
            "duration": 1,
            "duration_time": "0.033365",
            "pkt_pos": "35763148",
            "pkt_size": "120000",
            "width": 720,
            "height": 480,
            "crop_top": 0,
            "crop_bottom": 0,
            "crop_left": 0,
            "crop_right": 0,
            "pix_fmt": "yuv411p",
            "sample_aspect_ratio": "8:9",
            "pict_type": "I",
            "interlaced_frame": 1,
            "top_field_first": 0,
            "repeat_pict": 0,
            "chroma_location": "topleft"
        },
        {
            "media_type": "video",
            "stream_index": 0,
            "key_frame": 1,
            "pts": 284,
            "pts_time": "9.475660",
            "pkt_dts": 284,
            "pkt_dts_time": "9.475660",
            "best_effort_timestamp": 284,
            "best_effort_timestamp_time": "9.475660",
            "duration": 1,
            "duration_time": "0.033365",
            "pkt_pos": "35883156",
            "pkt_size": "120000",
            "width": 720,
            "height": 480,
            "crop_top": 0,
            "crop_bottom": 0,
            "crop_left": 0,
            "crop_right": 0,
            "pix_fmt": "yuv411p",
            "sample_aspect_ratio": "8:9",
            "pict_type": "I",
            "interlaced_frame": 1,
            "top_field_first": 0,
            "repeat_pict": 0,
            "chroma_location": "topleft"
        },
        {
            "media_type": "video",
            "stream_index": 0,
            "key_frame": 1,
            "pts": 285,
            "pts_time": "9.509025",
            "pkt_dts": 285,
            "pkt_dts_time": "9.509025",
            "best_effort_timestamp": 285,
            "best_effort_timestamp_time": "9.509025",
            "duration": 1,
            "duration_time": "0.033365",
            "pkt_pos": "36003164",
            "pkt_size": "120000",
            "width": 720,
            "height": 480,
            "crop_top": 0,
            "crop_bottom": 0,
            "crop_left": 0,
            "crop_right": 0,
            "pix_fmt": "yuv411p",
            "sample_aspect_ratio": "8:9",
            "pict_type": "I",
            "interlaced_frame": 1,
            "top_field_first": 0,
            "repeat_pict": 0,
            "chroma_location": "topleft"
        },
        {
            "media_type": "video",
            "stream_index": 0,
            "key_frame": 1,
            "pts": 286,
            "pts_time": "9.542390",
            "pkt_dts": 286,
            "pkt_dts_time": "9.542390",
            "best_effort_timestamp": 286,
            "best_effort_timestamp_time": "9.542390",
            "duration": 1,
            "duration_time": "0.033365",
            "pkt_pos": "36123172",
            "pkt_size": "120000",
            "width": 720,
            "height": 480,
            "crop_top": 0,
            "crop_bottom": 0,
            "crop_left": 0,
            "crop_right": 0,
            "pix_fmt": "yuv411p",
            "sample_aspect_ratio": "8:9",
            "pict_type": "I",
            "interlaced_frame": 1,
            "top_field_first": 0,
            "repeat_pict": 0,
            "chroma_location": "topleft"
        },
        {
            "media_type": "video",
            "stream_index": 0,
            "key_frame": 1,
            "pts": 287,
            "pts_time": "9.575755",
            "pkt_dts": 287,
            "pkt_dts_time": "9.575755",
            "best_effort_timestamp": 287,
            "best_effort_timestamp_time": "9.575755",
            "duration": 1,
            "duration_time": "0.033365",
            "pkt_pos": "36243180",
            "pkt_size": "120000",
            "width": 720,
            "height": 480,
            "crop_top": 0,
            "crop_bottom": 0,
            "crop_left": 0,
            "crop_right": 0,
            "pix_fmt": "yuv411p",
            "sample_aspect_ratio": "8:9",
            "pict_type": "I",
            "interlaced_frame": 1,
            "top_field_first": 0,
            "repeat_pict": 0,
            "chroma_location": "topleft"
        },
        {
            "media_type": "video",
            "stream_index": 0,
            "key_frame": 1,
            "pts": 288,
            "pts_time": "9.609120",
            "pkt_dts": 288,
            "pkt_dts_time": "9.609120",
            "best_effort_timestamp": 288,
            "best_effort_timestamp_time": "9.609120",
            "duration": 1,
            "duration_time": "0.033365",
            "pkt_pos": "36363188",
            "pkt_size": "120000",
            "width": 720,
            "height": 480,
            "crop_top": 0,
            "crop_bottom": 0,
            "crop_left": 0,
            "crop_right": 0,
            "pix_fmt": "yuv411p",
            "sample_aspect_ratio": "8:9",
            "pict_type": "I",
            "interlaced_frame": 1,
            "top_field_first": 0,
            "repeat_pict": 0,
            "chroma_location": "topleft"
        },
        {
            "media_type": "video",
            "stream_index": 0,
            "key_frame": 1,
            "pts": 289,
            "pts_time": "9.642485",
            "pkt_dts": 289,
            "pkt_dts_time": "9.642485",
            "best_effort_timestamp": 289,
            "best_effort_timestamp_time": "9.642485",
            "duration": 1,
            "duration_time": "0.033365",
            "pkt_pos": "36483196",
            "pkt_size": "120000",
            "width": 720,
            "height": 480,
            "crop_top": 0,
            "crop_bottom": 0,
            "crop_left": 0,
            "crop_right": 0,
            "pix_fmt": "yuv411p",
            "sample_aspect_ratio": "8:9",
            "pict_type": "I",
            "interlaced_frame": 1,
            "top_field_first": 0,
            "repeat_pict": 0,
            "chroma_location": "topleft"
        },
        {
            "media_type": "video",
            "stream_index": 0,
            "key_frame": 1,
            "pts": 290,
            "pts_time": "9.675850",
            "pkt_dts": 290,
            "pkt_dts_time": "9.675850",
            "best_effort_timestamp": 290,
            "best_effort_timestamp_time": "9.675850",
            "duration": 1,
            "duration_time": "0.033365",
            "pkt_pos": "36788996",
            "pkt_size": "120000",
            "width": 720,
            "height": 480,
            "crop_top": 0,
            "crop_bottom": 0,
            "crop_left": 0,
            "crop_right": 0,
            "pix_fmt": "yuv411p",
            "sample_aspect_ratio": "8:9",
            "pict_type": "I",
            "interlaced_frame": 1,
            "top_field_first": 0,
            "repeat_pict": 0,
            "chroma_location": "topleft"
        },
        {
            "media_type": "video",
            "stream_index": 0,
            "key_frame": 1,
            "pts": 291,
            "pts_time": "9.709215",
            "pkt_dts": 291,
            "pkt_dts_time": "9.709215",
            "best_effort_timestamp": 291,
            "best_effort_timestamp_time": "9.709215",
            "duration": 1,
            "duration_time": "0.033365",
            "pkt_pos": "36909004",
            "pkt_size": "120000",
            "width": 720,
            "height": 480,
            "crop_top": 0,
            "crop_bottom": 0,
            "crop_left": 0,
            "crop_right": 0,
            "pix_fmt": "yuv411p",
            "sample_aspect_ratio": "8:9",
            "pict_type": "I",
            "interlaced_frame": 1,
            "top_field_first": 0,
            "repeat_pict": 0,
            "chroma_location": "topleft"
        },
        {
            "media_type": "video",
            "stream_index": 0,
            "key_frame": 1,
            "pts": 292,
            "pts_time": "9.742580",
            "pkt_dts": 292,
            "pkt_dts_time": "9.742580",
            "best_effort_timestamp": 292,
            "best_effort_timestamp_time": "9.742580",
            "duration": 1,
            "duration_time": "0.033365",
            "pkt_pos": "37029012",
            "pkt_size": "120000",
            "width": 720,
            "height": 480,
            "crop_top": 0,
            "crop_bottom": 0,
            "crop_left": 0,
            "crop_right": 0,
            "pix_fmt": "yuv411p",
            "sample_aspect_ratio": "8:9",
            "pict_type": "I",
            "interlaced_frame": 1,
            "top_field_first": 0,
            "repeat_pict": 0,
            "chroma_location": "topleft"
        },
        {
            "media_type": "video",
            "stream_index": 0,
            "key_frame": 1,
            "pts": 293,
            "pts_time": "9.775945",
            "pkt_dts": 293,
            "pkt_dts_time": "9.775945",
            "best_effort_timestamp": 293,
            "best_effort_timestamp_time": "9.775945",
            "duration": 1,
            "duration_time": "0.033365",
            "pkt_pos": "37149020",
            "pkt_size": "120000",
            "width": 720,
            "height": 480,
            "crop_top": 0,
            "crop_bottom": 0,
            "crop_left": 0,
            "crop_right": 0,
            "pix_fmt": "yuv411p",
            "sample_aspect_ratio": "8:9",
            "pict_type": "I",
            "interlaced_frame": 1,
            "top_field_first": 0,
            "repeat_pict": 0,
            "chroma_location": "topleft"
        },
        {
            "media_type": "video",
            "stream_index": 0,
            "key_frame": 1,
            "pts": 294,
            "pts_time": "9.809310",
            "pkt_dts": 294,
            "pkt_dts_time": "9.809310",
            "best_effort_timestamp": 294,
            "best_effort_timestamp_time": "9.809310",
            "duration": 1,
            "duration_time": "0.033365",
            "pkt_pos": "37269028",
            "pkt_size": "120000",
            "width": 720,
            "height": 480,
            "crop_top": 0,
            "crop_bottom": 0,
            "crop_left": 0,
            "crop_right": 0,
            "pix_fmt": "yuv411p",
            "sample_aspect_ratio": "8:9",
            "pict_type": "I",
            "interlaced_frame": 1,
            "top_field_first": 0,
            "repeat_pict": 0,
            "chroma_location": "topleft"
        },
        {
            "media_type": "video",
            "stream_index": 0,
            "key_frame": 1,
            "pts": 295,
            "pts_time": "9.842675",
            "pkt_dts": 295,
            "pkt_dts_time": "9.842675",
            "best_effort_timestamp": 295,
            "best_effort_timestamp_time": "9.842675",
            "duration": 1,
            "duration_time": "0.033365",
            "pkt_pos": "37389036",
            "pkt_size": "120000",
            "width": 720,
            "height": 480,
            "crop_top": 0,
            "crop_bottom": 0,
            "crop_left": 0,
            "crop_right": 0,
            "pix_fmt": "yuv411p",
            "sample_aspect_ratio": "8:9",
            "pict_type": "I",
            "interlaced_frame": 1,
            "top_field_first": 0,
            "repeat_pict": 0,
            "chroma_location": "topleft"
        },
        {
            "media_type": "video",
            "stream_index": 0,
            "key_frame": 1,
            "pts": 296,
            "pts_time": "9.876040",
            "pkt_dts": 296,
            "pkt_dts_time": "9.876040",
            "best_effort_timestamp": 296,
            "best_effort_timestamp_time": "9.876040",
            "duration": 1,
            "duration_time": "0.033365",
            "pkt_pos": "37509044",
            "pkt_size": "120000",
            "width": 720,
            "height": 480,
            "crop_top": 0,
            "crop_bottom": 0,
            "crop_left": 0,
            "crop_right": 0,
            "pix_fmt": "yuv411p",
            "sample_aspect_ratio": "8:9",
            "pict_type": "I",
            "interlaced_frame": 1,
            "top_field_first": 0,
            "repeat_pict": 0,
            "chroma_location": "topleft"
        },
        {
            "media_type": "video",
            "stream_index": 0,
            "key_frame": 1,
            "pts": 297,
            "pts_time": "9.909405",
            "pkt_dts": 297,
            "pkt_dts_time": "9.909405",
            "best_effort_timestamp": 297,
            "best_effort_timestamp_time": "9.909405",
            "duration": 1,
            "duration_time": "0.033365",
            "pkt_pos": "37629052",
            "pkt_size": "120000",
            "width": 720,
            "height": 480,
            "crop_top": 0,
            "crop_bottom": 0,
            "crop_left": 0,
            "crop_right": 0,
            "pix_fmt": "yuv411p",
            "sample_aspect_ratio": "8:9",
            "pict_type": "I",
            "interlaced_frame": 1,
            "top_field_first": 0,
            "repeat_pict": 0,
            "chroma_location": "topleft"
        },
        {
            "media_type": "video",
            "stream_index": 0,
            "key_frame": 1,
            "pts": 298,
            "pts_time": "9.942770",
            "pkt_dts": 298,
            "pkt_dts_time": "9.942770",
            "best_effort_timestamp": 298,
            "best_effort_timestamp_time": "9.942770",
            "duration": 1,
            "duration_time": "0.033365",
            "pkt_pos": "37749060",
            "pkt_size": "120000",
            "width": 720,
            "height": 480,
            "crop_top": 0,
            "crop_bottom": 0,
            "crop_left": 0,
            "crop_right": 0,
            "pix_fmt": "yuv411p",
            "sample_aspect_ratio": "8:9",
            "pict_type": "I",
            "interlaced_frame": 1,
            "top_field_first": 0,
            "repeat_pict": 0,
            "chroma_location": "topleft"
        },
        {
            "media_type": "video",
            "stream_index": 0,
            "key_frame": 1,
            "pts": 299,
            "pts_time": "9.976135",
            "pkt_dts": 299,
            "pkt_dts_time": "9.976135",
            "best_effort_timestamp": 299,
            "best_effort_timestamp_time": "9.976135",
            "duration": 1,
            "duration_time": "0.033365",
            "pkt_pos": "37869068",
            "pkt_size": "120000",
            "width": 720,
            "height": 480,
            "crop_top": 0,
            "crop_bottom": 0,
            "crop_left": 0,
            "crop_right": 0,
            "pix_fmt": "yuv411p",
            "sample_aspect_ratio": "8:9",
            "pict_type": "I",
            "interlaced_frame": 1,
            "top_field_first": 0,
            "repeat_pict": 0,
            "chroma_location": "topleft"
        },
        {
            "media_type": "video",
            "stream_index": 0,
            "key_frame": 1,
            "pts": 300,
            "pts_time": "10.009500",
            "pkt_dts": 300,
            "pkt_dts_time": "10.009500",
            "best_effort_timestamp": 300,
            "best_effort_timestamp_time": "10.009500",
            "duration": 1,
            "duration_time": "0.033365",
            "pkt_pos": "37989076",
            "pkt_size": "120000",
            "width": 720,
            "height": 480,
            "crop_top": 0,
            "crop_bottom": 0,
            "crop_left": 0,
            "crop_right": 0,
            "pix_fmt": "yuv411p",
            "sample_aspect_ratio": "8:9",
            "pict_type": "I",
            "interlaced_frame": 1,
            "top_field_first": 0,
            "repeat_pict": 0,
            "chroma_location": "topleft"
        },
        {
            "media_type": "video",
            "stream_index": 0,
            "key_frame": 1,
            "pts": 301,
            "pts_time": "10.042865",
            "pkt_dts": 301,
            "pkt_dts_time": "10.042865",
            "best_effort_timestamp": 301,
            "best_effort_timestamp_time": "10.042865",
            "duration": 1,
            "duration_time": "0.033365",
            "pkt_pos": "38109084",
            "pkt_size": "120000",
            "width": 720,
            "height": 480,
            "crop_top": 0,
            "crop_bottom": 0,
            "crop_left": 0,
            "crop_right": 0,
            "pix_fmt": "yuv411p",
            "sample_aspect_ratio": "8:9",
            "pict_type": "I",
            "interlaced_frame": 1,
            "top_field_first": 0,
            "repeat_pict": 0,
            "chroma_location": "topleft"
        },
        {
            "media_type": "video",
            "stream_index": 0,
            "key_frame": 1,
            "pts": 302,
            "pts_time": "10.076230",
            "pkt_dts": 302,
            "pkt_dts_time": "10.076230",
            "best_effort_timestamp": 302,
            "best_effort_timestamp_time": "10.076230",
            "duration": 1,
            "duration_time": "0.033365",
            "pkt_pos": "38229092",
            "pkt_size": "120000",
            "width": 720,
            "height": 480,
            "crop_top": 0,
            "crop_bottom": 0,
            "crop_left": 0,
            "crop_right": 0,
            "pix_fmt": "yuv411p",
            "sample_aspect_ratio": "8:9",
            "pict_type": "I",
            "interlaced_frame": 1,
            "top_field_first": 0,
            "repeat_pict": 0,
            "chroma_location": "topleft"
        },
        {
            "media_type": "video",
            "stream_index": 0,
            "key_frame": 1,
            "pts": 303,
            "pts_time": "10.109595",
            "pkt_dts": 303,
            "pkt_dts_time": "10.109595",
            "best_effort_timestamp": 303,
            "best_effort_timestamp_time": "10.109595",
            "duration": 1,
            "duration_time": "0.033365",
            "pkt_pos": "38349100",
            "pkt_size": "120000",
            "width": 720,
            "height": 480,
            "crop_top": 0,
            "crop_bottom": 0,
            "crop_left": 0,
            "crop_right": 0,
            "pix_fmt": "yuv411p",
            "sample_aspect_ratio": "8:9",
            "pict_type": "I",
            "interlaced_frame": 1,
            "top_field_first": 0,
            "repeat_pict": 0,
            "chroma_location": "topleft"
        },
        {
            "media_type": "video",
            "stream_index": 0,
            "key_frame": 1,
            "pts": 304,
            "pts_time": "10.142960",
            "pkt_dts": 304,
            "pkt_dts_time": "10.142960",
            "best_effort_timestamp": 304,
            "best_effort_timestamp_time": "10.142960",
            "duration": 1,
            "duration_time": "0.033365",
            "pkt_pos": "38469108",
            "pkt_size": "120000",
            "width": 720,
            "height": 480,
            "crop_top": 0,
            "crop_bottom": 0,
            "crop_left": 0,
            "crop_right": 0,
            "pix_fmt": "yuv411p",
            "sample_aspect_ratio": "8:9",
            "pict_type": "I",
            "interlaced_frame": 1,
            "top_field_first": 0,
            "repeat_pict": 0,
            "chroma_location": "topleft"
        },
        {
            "media_type": "video",
            "stream_index": 0,
            "key_frame": 1,
            "pts": 305,
            "pts_time": "10.176325",
            "pkt_dts": 305,
            "pkt_dts_time": "10.176325",
            "best_effort_timestamp": 305,
            "best_effort_timestamp_time": "10.176325",
            "duration": 1,
            "duration_time": "0.033365",
            "pkt_pos": "38589116",
            "pkt_size": "120000",
            "width": 720,
            "height": 480,
            "crop_top": 0,
            "crop_bottom": 0,
            "crop_left": 0,
            "crop_right": 0,
            "pix_fmt": "yuv411p",
            "sample_aspect_ratio": "8:9",
            "pict_type": "I",
            "interlaced_frame": 1,
            "top_field_first": 0,
            "repeat_pict": 0,
            "chroma_location": "topleft"
        },
        {
            "media_type": "video",
            "stream_index": 0,
            "key_frame": 1,
            "pts": 306,
            "pts_time": "10.209690",
            "pkt_dts": 306,
            "pkt_dts_time": "10.209690",
            "best_effort_timestamp": 306,
            "best_effort_timestamp_time": "10.209690",
            "duration": 1,
            "duration_time": "0.033365",
            "pkt_pos": "38709124",
            "pkt_size": "120000",
            "width": 720,
            "height": 480,
            "crop_top": 0,
            "crop_bottom": 0,
            "crop_left": 0,
            "crop_right": 0,
            "pix_fmt": "yuv411p",
            "sample_aspect_ratio": "8:9",
            "pict_type": "I",
            "interlaced_frame": 1,
            "top_field_first": 0,
            "repeat_pict": 0,
            "chroma_location": "topleft"
        },
        {
            "media_type": "video",
            "stream_index": 0,
            "key_frame": 1,
            "pts": 307,
            "pts_time": "10.243055",
            "pkt_dts": 307,
            "pkt_dts_time": "10.243055",
            "best_effort_timestamp": 307,
            "best_effort_timestamp_time": "10.243055",
            "duration": 1,
            "duration_time": "0.033365",
            "pkt_pos": "38829132",
            "pkt_size": "120000",
            "width": 720,
            "height": 480,
            "crop_top": 0,
            "crop_bottom": 0,
            "crop_left": 0,
            "crop_right": 0,
            "pix_fmt": "yuv411p",
            "sample_aspect_ratio": "8:9",
            "pict_type": "I",
            "interlaced_frame": 1,
            "top_field_first": 0,
            "repeat_pict": 0,
            "chroma_location": "topleft"
        },
        {
            "media_type": "video",
            "stream_index": 0,
            "key_frame": 1,
            "pts": 308,
            "pts_time": "10.276420",
            "pkt_dts": 308,
            "pkt_dts_time": "10.276420",
            "best_effort_timestamp": 308,
            "best_effort_timestamp_time": "10.276420",
            "duration": 1,
            "duration_time": "0.033365",
            "pkt_pos": "38949140",
            "pkt_size": "120000",
            "width": 720,
            "height": 480,
            "crop_top": 0,
            "crop_bottom": 0,
            "crop_left": 0,
            "crop_right": 0,
            "pix_fmt": "yuv411p",
            "sample_aspect_ratio": "8:9",
            "pict_type": "I",
            "interlaced_frame": 1,
            "top_field_first": 0,
            "repeat_pict": 0,
            "chroma_location": "topleft"
        },
        {
            "media_type": "video",
            "stream_index": 0,
            "key_frame": 1,
            "pts": 309,
            "pts_time": "10.309785",
            "pkt_dts": 309,
            "pkt_dts_time": "10.309785",
            "best_effort_timestamp": 309,
            "best_effort_timestamp_time": "10.309785",
            "duration": 1,
            "duration_time": "0.033365",
            "pkt_pos": "39069148",
            "pkt_size": "120000",
            "width": 720,
            "height": 480,
            "crop_top": 0,
            "crop_bottom": 0,
            "crop_left": 0,
            "crop_right": 0,
            "pix_fmt": "yuv411p",
            "sample_aspect_ratio": "8:9",
            "pict_type": "I",
            "interlaced_frame": 1,
            "top_field_first": 0,
            "repeat_pict": 0,
            "chroma_location": "topleft"
        },
        {
            "media_type": "video",
            "stream_index": 0,
            "key_frame": 1,
            "pts": 310,
            "pts_time": "10.343150",
            "pkt_dts": 310,
            "pkt_dts_time": "10.343150",
            "best_effort_timestamp": 310,
            "best_effort_timestamp_time": "10.343150",
            "duration": 1,
            "duration_time": "0.033365",
            "pkt_pos": "39189156",
            "pkt_size": "120000",
            "width": 720,
            "height": 480,
            "crop_top": 0,
            "crop_bottom": 0,
            "crop_left": 0,
            "crop_right": 0,
            "pix_fmt": "yuv411p",
            "sample_aspect_ratio": "8:9",
            "pict_type": "I",
            "interlaced_frame": 1,
            "top_field_first": 0,
            "repeat_pict": 0,
            "chroma_location": "topleft"
        },
        {
            "media_type": "video",
            "stream_index": 0,
            "key_frame": 1,
            "pts": 311,
            "pts_time": "10.376515",
            "pkt_dts": 311,
            "pkt_dts_time": "10.376515",
            "best_effort_timestamp": 311,
            "best_effort_timestamp_time": "10.376515",
            "duration": 1,
            "duration_time": "0.033365",
            "pkt_pos": "39309164",
            "pkt_size": "120000",
            "width": 720,
            "height": 480,
            "crop_top": 0,
            "crop_bottom": 0,
            "crop_left": 0,
            "crop_right": 0,
            "pix_fmt": "yuv411p",
            "sample_aspect_ratio": "8:9",
            "pict_type": "I",
            "interlaced_frame": 1,
            "top_field_first": 0,
            "repeat_pict": 0,
            "chroma_location": "topleft"
        },
        {
            "media_type": "video",
            "stream_index": 0,
            "key_frame": 1,
            "pts": 312,
            "pts_time": "10.409880",
            "pkt_dts": 312,
            "pkt_dts_time": "10.409880",
            "best_effort_timestamp": 312,
            "best_effort_timestamp_time": "10.409880",
            "duration": 1,
            "duration_time": "0.033365",
            "pkt_pos": "39429172",
            "pkt_size": "120000",
            "width": 720,
            "height": 480,
            "crop_top": 0,
            "crop_bottom": 0,
            "crop_left": 0,
            "crop_right": 0,
            "pix_fmt": "yuv411p",
            "sample_aspect_ratio": "8:9",
            "pict_type": "I",
            "interlaced_frame": 1,
            "top_field_first": 0,
            "repeat_pict": 0,
            "chroma_location": "topleft"
        },
        {
            "media_type": "video",
            "stream_index": 0,
            "key_frame": 1,
            "pts": 313,
            "pts_time": "10.443245",
            "pkt_dts": 313,
            "pkt_dts_time": "10.443245",
            "best_effort_timestamp": 313,
            "best_effort_timestamp_time": "10.443245",
            "duration": 1,
            "duration_time": "0.033365",
            "pkt_pos": "39549180",
            "pkt_size": "120000",
            "width": 720,
            "height": 480,
            "crop_top": 0,
            "crop_bottom": 0,
            "crop_left": 0,
            "crop_right": 0,
            "pix_fmt": "yuv411p",
            "sample_aspect_ratio": "8:9",
            "pict_type": "I",
            "interlaced_frame": 1,
            "top_field_first": 0,
            "repeat_pict": 0,
            "chroma_location": "topleft"
        },
        {
            "media_type": "video",
            "stream_index": 0,
            "key_frame": 1,
            "pts": 314,
            "pts_time": "10.476610",
            "pkt_dts": 314,
            "pkt_dts_time": "10.476610",
            "best_effort_timestamp": 314,
            "best_effort_timestamp_time": "10.476610",
            "duration": 1,
            "duration_time": "0.033365",
            "pkt_pos": "39669188",
            "pkt_size": "120000",
            "width": 720,
            "height": 480,
            "crop_top": 0,
            "crop_bottom": 0,
            "crop_left": 0,
            "crop_right": 0,
            "pix_fmt": "yuv411p",
            "sample_aspect_ratio": "8:9",
            "pict_type": "I",
            "interlaced_frame": 1,
            "top_field_first": 0,
            "repeat_pict": 0,
            "chroma_location": "topleft"
        },
        {
            "media_type": "video",
            "stream_index": 0,
            "key_frame": 1,
            "pts": 315,
            "pts_time": "10.509975",
            "pkt_dts": 315,
            "pkt_dts_time": "10.509975",
            "best_effort_timestamp": 315,
            "best_effort_timestamp_time": "10.509975",
            "duration": 1,
            "duration_time": "0.033365",
            "pkt_pos": "39789196",
            "pkt_size": "120000",
            "width": 720,
            "height": 480,
            "crop_top": 0,
            "crop_bottom": 0,
            "crop_left": 0,
            "crop_right": 0,
            "pix_fmt": "yuv411p",
            "sample_aspect_ratio": "8:9",
            "pict_type": "I",
            "interlaced_frame": 1,
            "top_field_first": 0,
            "repeat_pict": 0,
            "chroma_location": "topleft"
        },
        {
            "media_type": "video",
            "stream_index": 0,
            "key_frame": 1,
            "pts": 316,
            "pts_time": "10.543340",
            "pkt_dts": 316,
            "pkt_dts_time": "10.543340",
            "best_effort_timestamp": 316,
            "best_effort_timestamp_time": "10.543340",
            "duration": 1,
            "duration_time": "0.033365",
            "pkt_pos": "39909204",
            "pkt_size": "120000",
            "width": 720,
            "height": 480,
            "crop_top": 0,
            "crop_bottom": 0,
            "crop_left": 0,
            "crop_right": 0,
            "pix_fmt": "yuv411p",
            "sample_aspect_ratio": "8:9",
            "pict_type": "I",
            "interlaced_frame": 1,
            "top_field_first": 0,
            "repeat_pict": 0,
            "chroma_location": "topleft"
        },
        {
            "media_type": "video",
            "stream_index": 0,
            "key_frame": 1,
            "pts": 317,
            "pts_time": "10.576705",
            "pkt_dts": 317,
            "pkt_dts_time": "10.576705",
            "best_effort_timestamp": 317,
            "best_effort_timestamp_time": "10.576705",
            "duration": 1,
            "duration_time": "0.033365",
            "pkt_pos": "40029212",
            "pkt_size": "120000",
            "width": 720,
            "height": 480,
            "crop_top": 0,
            "crop_bottom": 0,
            "crop_left": 0,
            "crop_right": 0,
            "pix_fmt": "yuv411p",
            "sample_aspect_ratio": "8:9",
            "pict_type": "I",
            "interlaced_frame": 1,
            "top_field_first": 0,
            "repeat_pict": 0,
            "chroma_location": "topleft"
        },
        {
            "media_type": "video",
            "stream_index": 0,
            "key_frame": 1,
            "pts": 318,
            "pts_time": "10.610070",
            "pkt_dts": 318,
            "pkt_dts_time": "10.610070",
            "best_effort_timestamp": 318,
            "best_effort_timestamp_time": "10.610070",
            "duration": 1,
            "duration_time": "0.033365",
            "pkt_pos": "40149220",
            "pkt_size": "120000",
            "width": 720,
            "height": 480,
            "crop_top": 0,
            "crop_bottom": 0,
            "crop_left": 0,
            "crop_right": 0,
            "pix_fmt": "yuv411p",
            "sample_aspect_ratio": "8:9",
            "pict_type": "I",
            "interlaced_frame": 1,
            "top_field_first": 0,
            "repeat_pict": 0,
            "chroma_location": "topleft"
        },
        {
            "media_type": "video",
            "stream_index": 0,
            "key_frame": 1,
            "pts": 319,
            "pts_time": "10.643435",
            "pkt_dts": 319,
            "pkt_dts_time": "10.643435",
            "best_effort_timestamp": 319,
            "best_effort_timestamp_time": "10.643435",
            "duration": 1,
            "duration_time": "0.033365",
            "pkt_pos": "40455020",
            "pkt_size": "120000",
            "width": 720,
            "height": 480,
            "crop_top": 0,
            "crop_bottom": 0,
            "crop_left": 0,
            "crop_right": 0,
            "pix_fmt": "yuv411p",
            "sample_aspect_ratio": "8:9",
            "pict_type": "I",
            "interlaced_frame": 1,
            "top_field_first": 0,
            "repeat_pict": 0,
            "chroma_location": "topleft"
        },
        {
            "media_type": "video",
            "stream_index": 0,
            "key_frame": 1,
            "pts": 320,
            "pts_time": "10.676800",
            "pkt_dts": 320,
            "pkt_dts_time": "10.676800",
            "best_effort_timestamp": 320,
            "best_effort_timestamp_time": "10.676800",
            "duration": 1,
            "duration_time": "0.033365",
            "pkt_pos": "40575028",
            "pkt_size": "120000",
            "width": 720,
            "height": 480,
            "crop_top": 0,
            "crop_bottom": 0,
            "crop_left": 0,
            "crop_right": 0,
            "pix_fmt": "yuv411p",
            "sample_aspect_ratio": "8:9",
            "pict_type": "I",
            "interlaced_frame": 1,
            "top_field_first": 0,
            "repeat_pict": 0,
            "chroma_location": "topleft"
        },
        {
            "media_type": "video",
            "stream_index": 0,
            "key_frame": 1,
            "pts": 321,
            "pts_time": "10.710165",
            "pkt_dts": 321,
            "pkt_dts_time": "10.710165",
            "best_effort_timestamp": 321,
            "best_effort_timestamp_time": "10.710165",
            "duration": 1,
            "duration_time": "0.033365",
            "pkt_pos": "40695036",
            "pkt_size": "120000",
            "width": 720,
            "height": 480,
            "crop_top": 0,
            "crop_bottom": 0,
            "crop_left": 0,
            "crop_right": 0,
            "pix_fmt": "yuv411p",
            "sample_aspect_ratio": "8:9",
            "pict_type": "I",
            "interlaced_frame": 1,
            "top_field_first": 0,
            "repeat_pict": 0,
            "chroma_location": "topleft"
        },
        {
            "media_type": "video",
            "stream_index": 0,
            "key_frame": 1,
            "pts": 322,
            "pts_time": "10.743530",
            "pkt_dts": 322,
            "pkt_dts_time": "10.743530",
            "best_effort_timestamp": 322,
            "best_effort_timestamp_time": "10.743530",
            "duration": 1,
            "duration_time": "0.033365",
            "pkt_pos": "40815044",
            "pkt_size": "120000",
            "width": 720,
            "height": 480,
            "crop_top": 0,
            "crop_bottom": 0,
            "crop_left": 0,
            "crop_right": 0,
            "pix_fmt": "yuv411p",
            "sample_aspect_ratio": "8:9",
            "pict_type": "I",
            "interlaced_frame": 1,
            "top_field_first": 0,
            "repeat_pict": 0,
            "chroma_location": "topleft"
        },
        {
            "media_type": "video",
            "stream_index": 0,
            "key_frame": 1,
            "pts": 323,
            "pts_time": "10.776895",
            "pkt_dts": 323,
            "pkt_dts_time": "10.776895",
            "best_effort_timestamp": 323,
            "best_effort_timestamp_time": "10.776895",
            "duration": 1,
            "duration_time": "0.033365",
            "pkt_pos": "40935052",
            "pkt_size": "120000",
            "width": 720,
            "height": 480,
            "crop_top": 0,
            "crop_bottom": 0,
            "crop_left": 0,
            "crop_right": 0,
            "pix_fmt": "yuv411p",
            "sample_aspect_ratio": "8:9",
            "pict_type": "I",
            "interlaced_frame": 1,
            "top_field_first": 0,
            "repeat_pict": 0,
            "chroma_location": "topleft"
        },
        {
            "media_type": "video",
            "stream_index": 0,
            "key_frame": 1,
            "pts": 324,
            "pts_time": "10.810260",
            "pkt_dts": 324,
            "pkt_dts_time": "10.810260",
            "best_effort_timestamp": 324,
            "best_effort_timestamp_time": "10.810260",
            "duration": 1,
            "duration_time": "0.033365",
            "pkt_pos": "41055060",
            "pkt_size": "120000",
            "width": 720,
            "height": 480,
            "crop_top": 0,
            "crop_bottom": 0,
            "crop_left": 0,
            "crop_right": 0,
            "pix_fmt": "yuv411p",
            "sample_aspect_ratio": "8:9",
            "pict_type": "I",
            "interlaced_frame": 1,
            "top_field_first": 0,
            "repeat_pict": 0,
            "chroma_location": "topleft"
        },
        {
            "media_type": "video",
            "stream_index": 0,
            "key_frame": 1,
            "pts": 325,
            "pts_time": "10.843625",
            "pkt_dts": 325,
            "pkt_dts_time": "10.843625",
            "best_effort_timestamp": 325,
            "best_effort_timestamp_time": "10.843625",
            "duration": 1,
            "duration_time": "0.033365",
            "pkt_pos": "41175068",
            "pkt_size": "120000",
            "width": 720,
            "height": 480,
            "crop_top": 0,
            "crop_bottom": 0,
            "crop_left": 0,
            "crop_right": 0,
            "pix_fmt": "yuv411p",
            "sample_aspect_ratio": "8:9",
            "pict_type": "I",
            "interlaced_frame": 1,
            "top_field_first": 0,
            "repeat_pict": 0,
            "chroma_location": "topleft"
        },
        {
            "media_type": "video",
            "stream_index": 0,
            "key_frame": 1,
            "pts": 326,
            "pts_time": "10.876990",
            "pkt_dts": 326,
            "pkt_dts_time": "10.876990",
            "best_effort_timestamp": 326,
            "best_effort_timestamp_time": "10.876990",
            "duration": 1,
            "duration_time": "0.033365",
            "pkt_pos": "41295076",
            "pkt_size": "120000",
            "width": 720,
            "height": 480,
            "crop_top": 0,
            "crop_bottom": 0,
            "crop_left": 0,
            "crop_right": 0,
            "pix_fmt": "yuv411p",
            "sample_aspect_ratio": "8:9",
            "pict_type": "I",
            "interlaced_frame": 1,
            "top_field_first": 0,
            "repeat_pict": 0,
            "chroma_location": "topleft"
        },
        {
            "media_type": "video",
            "stream_index": 0,
            "key_frame": 1,
            "pts": 327,
            "pts_time": "10.910355",
            "pkt_dts": 327,
            "pkt_dts_time": "10.910355",
            "best_effort_timestamp": 327,
            "best_effort_timestamp_time": "10.910355",
            "duration": 1,
            "duration_time": "0.033365",
            "pkt_pos": "41415084",
            "pkt_size": "120000",
            "width": 720,
            "height": 480,
            "crop_top": 0,
            "crop_bottom": 0,
            "crop_left": 0,
            "crop_right": 0,
            "pix_fmt": "yuv411p",
            "sample_aspect_ratio": "8:9",
            "pict_type": "I",
            "interlaced_frame": 1,
            "top_field_first": 0,
            "repeat_pict": 0,
            "chroma_location": "topleft"
        },
        {
            "media_type": "video",
            "stream_index": 0,
            "key_frame": 1,
            "pts": 328,
            "pts_time": "10.943720",
            "pkt_dts": 328,
            "pkt_dts_time": "10.943720",
            "best_effort_timestamp": 328,
            "best_effort_timestamp_time": "10.943720",
            "duration": 1,
            "duration_time": "0.033365",
            "pkt_pos": "41535092",
            "pkt_size": "120000",
            "width": 720,
            "height": 480,
            "crop_top": 0,
            "crop_bottom": 0,
            "crop_left": 0,
            "crop_right": 0,
            "pix_fmt": "yuv411p",
            "sample_aspect_ratio": "8:9",
            "pict_type": "I",
            "interlaced_frame": 1,
            "top_field_first": 0,
            "repeat_pict": 0,
            "chroma_location": "topleft"
        },
        {
            "media_type": "video",
            "stream_index": 0,
            "key_frame": 1,
            "pts": 329,
            "pts_time": "10.977085",
            "pkt_dts": 329,
            "pkt_dts_time": "10.977085",
            "best_effort_timestamp": 329,
            "best_effort_timestamp_time": "10.977085",
            "duration": 1,
            "duration_time": "0.033365",
            "pkt_pos": "41655100",
            "pkt_size": "120000",
            "width": 720,
            "height": 480,
            "crop_top": 0,
            "crop_bottom": 0,
            "crop_left": 0,
            "crop_right": 0,
            "pix_fmt": "yuv411p",
            "sample_aspect_ratio": "8:9",
            "pict_type": "I",
            "interlaced_frame": 1,
            "top_field_first": 0,
            "repeat_pict": 0,
            "chroma_location": "topleft"
        },
        {
            "media_type": "video",
            "stream_index": 0,
            "key_frame": 1,
            "pts": 330,
            "pts_time": "11.010450",
            "pkt_dts": 330,
            "pkt_dts_time": "11.010450",
            "best_effort_timestamp": 330,
            "best_effort_timestamp_time": "11.010450",
            "duration": 1,
            "duration_time": "0.033365",
            "pkt_pos": "41775108",
            "pkt_size": "120000",
            "width": 720,
            "height": 480,
            "crop_top": 0,
            "crop_bottom": 0,
            "crop_left": 0,
            "crop_right": 0,
            "pix_fmt": "yuv411p",
            "sample_aspect_ratio": "8:9",
            "pict_type": "I",
            "interlaced_frame": 1,
            "top_field_first": 0,
            "repeat_pict": 0,
            "chroma_location": "topleft"
        },
        {
            "media_type": "video",
            "stream_index": 0,
            "key_frame": 1,
            "pts": 331,
            "pts_time": "11.043815",
            "pkt_dts": 331,
            "pkt_dts_time": "11.043815",
            "best_effort_timestamp": 331,
            "best_effort_timestamp_time": "11.043815",
            "duration": 1,
            "duration_time": "0.033365",
            "pkt_pos": "41895116",
            "pkt_size": "120000",
            "width": 720,
            "height": 480,
            "crop_top": 0,
            "crop_bottom": 0,
            "crop_left": 0,
            "crop_right": 0,
            "pix_fmt": "yuv411p",
            "sample_aspect_ratio": "8:9",
            "pict_type": "I",
            "interlaced_frame": 1,
            "top_field_first": 0,
            "repeat_pict": 0,
            "chroma_location": "topleft"
        },
        {
            "media_type": "video",
            "stream_index": 0,
            "key_frame": 1,
            "pts": 332,
            "pts_time": "11.077180",
            "pkt_dts": 332,
            "pkt_dts_time": "11.077180",
            "best_effort_timestamp": 332,
            "best_effort_timestamp_time": "11.077180",
            "duration": 1,
            "duration_time": "0.033365",
            "pkt_pos": "42015124",
            "pkt_size": "120000",
            "width": 720,
            "height": 480,
            "crop_top": 0,
            "crop_bottom": 0,
            "crop_left": 0,
            "crop_right": 0,
            "pix_fmt": "yuv411p",
            "sample_aspect_ratio": "8:9",
            "pict_type": "I",
            "interlaced_frame": 1,
            "top_field_first": 0,
            "repeat_pict": 0,
            "chroma_location": "topleft"
        },
        {
            "media_type": "video",
            "stream_index": 0,
            "key_frame": 1,
            "pts": 333,
            "pts_time": "11.110545",
            "pkt_dts": 333,
            "pkt_dts_time": "11.110545",
            "best_effort_timestamp": 333,
            "best_effort_timestamp_time": "11.110545",
            "duration": 1,
            "duration_time": "0.033365",
            "pkt_pos": "42135132",
            "pkt_size": "120000",
            "width": 720,
            "height": 480,
            "crop_top": 0,
            "crop_bottom": 0,
            "crop_left": 0,
            "crop_right": 0,
            "pix_fmt": "yuv411p",
            "sample_aspect_ratio": "8:9",
            "pict_type": "I",
            "interlaced_frame": 1,
            "top_field_first": 0,
            "repeat_pict": 0,
            "chroma_location": "topleft"
        },
        {
            "media_type": "video",
            "stream_index": 0,
            "key_frame": 1,
            "pts": 334,
            "pts_time": "11.143910",
            "pkt_dts": 334,
            "pkt_dts_time": "11.143910",
            "best_effort_timestamp": 334,
            "best_effort_timestamp_time": "11.143910",
            "duration": 1,
            "duration_time": "0.033365",
            "pkt_pos": "42255140",
            "pkt_size": "120000",
            "width": 720,
            "height": 480,
            "crop_top": 0,
            "crop_bottom": 0,
            "crop_left": 0,
            "crop_right": 0,
            "pix_fmt": "yuv411p",
            "sample_aspect_ratio": "8:9",
            "pict_type": "I",
            "interlaced_frame": 1,
            "top_field_first": 0,
            "repeat_pict": 0,
            "chroma_location": "topleft"
        },
        {
            "media_type": "video",
            "stream_index": 0,
            "key_frame": 1,
            "pts": 335,
            "pts_time": "11.177275",
            "pkt_dts": 335,
            "pkt_dts_time": "11.177275",
            "best_effort_timestamp": 335,
            "best_effort_timestamp_time": "11.177275",
            "duration": 1,
            "duration_time": "0.033365",
            "pkt_pos": "42375148",
            "pkt_size": "120000",
            "width": 720,
            "height": 480,
            "crop_top": 0,
            "crop_bottom": 0,
            "crop_left": 0,
            "crop_right": 0,
            "pix_fmt": "yuv411p",
            "sample_aspect_ratio": "8:9",
            "pict_type": "I",
            "interlaced_frame": 1,
            "top_field_first": 0,
            "repeat_pict": 0,
            "chroma_location": "topleft"
        },
        {
            "media_type": "video",
            "stream_index": 0,
            "key_frame": 1,
            "pts": 336,
            "pts_time": "11.210640",
            "pkt_dts": 336,
            "pkt_dts_time": "11.210640",
            "best_effort_timestamp": 336,
            "best_effort_timestamp_time": "11.210640",
            "duration": 1,
            "duration_time": "0.033365",
            "pkt_pos": "42495156",
            "pkt_size": "120000",
            "width": 720,
            "height": 480,
            "crop_top": 0,
            "crop_bottom": 0,
            "crop_left": 0,
            "crop_right": 0,
            "pix_fmt": "yuv411p",
            "sample_aspect_ratio": "8:9",
            "pict_type": "I",
            "interlaced_frame": 1,
            "top_field_first": 0,
            "repeat_pict": 0,
            "chroma_location": "topleft"
        },
        {
            "media_type": "video",
            "stream_index": 0,
            "key_frame": 1,
            "pts": 337,
            "pts_time": "11.244005",
            "pkt_dts": 337,
            "pkt_dts_time": "11.244005",
            "best_effort_timestamp": 337,
            "best_effort_timestamp_time": "11.244005",
            "duration": 1,
            "duration_time": "0.033365",
            "pkt_pos": "42615164",
            "pkt_size": "120000",
            "width": 720,
            "height": 480,
            "crop_top": 0,
            "crop_bottom": 0,
            "crop_left": 0,
            "crop_right": 0,
            "pix_fmt": "yuv411p",
            "sample_aspect_ratio": "8:9",
            "pict_type": "I",
            "interlaced_frame": 1,
            "top_field_first": 0,
            "repeat_pict": 0,
            "chroma_location": "topleft"
        },
        {
            "media_type": "video",
            "stream_index": 0,
            "key_frame": 1,
            "pts": 338,
            "pts_time": "11.277370",
            "pkt_dts": 338,
            "pkt_dts_time": "11.277370",
            "best_effort_timestamp": 338,
            "best_effort_timestamp_time": "11.277370",
            "duration": 1,
            "duration_time": "0.033365",
            "pkt_pos": "42735172",
            "pkt_size": "120000",
            "width": 720,
            "height": 480,
            "crop_top": 0,
            "crop_bottom": 0,
            "crop_left": 0,
            "crop_right": 0,
            "pix_fmt": "yuv411p",
            "sample_aspect_ratio": "8:9",
            "pict_type": "I",
            "interlaced_frame": 1,
            "top_field_first": 0,
            "repeat_pict": 0,
            "chroma_location": "topleft"
        },
        {
            "media_type": "video",
            "stream_index": 0,
            "key_frame": 1,
            "pts": 339,
            "pts_time": "11.310735",
            "pkt_dts": 339,
            "pkt_dts_time": "11.310735",
            "best_effort_timestamp": 339,
            "best_effort_timestamp_time": "11.310735",
            "duration": 1,
            "duration_time": "0.033365",
            "pkt_pos": "42855180",
            "pkt_size": "120000",
            "width": 720,
            "height": 480,
            "crop_top": 0,
            "crop_bottom": 0,
            "crop_left": 0,
            "crop_right": 0,
            "pix_fmt": "yuv411p",
            "sample_aspect_ratio": "8:9",
            "pict_type": "I",
            "interlaced_frame": 1,
            "top_field_first": 0,
            "repeat_pict": 0,
            "chroma_location": "topleft"
        },
        {
            "media_type": "video",
            "stream_index": 0,
            "key_frame": 1,
            "pts": 340,
            "pts_time": "11.344100",
            "pkt_dts": 340,
            "pkt_dts_time": "11.344100",
            "best_effort_timestamp": 340,
            "best_effort_timestamp_time": "11.344100",
            "duration": 1,
            "duration_time": "0.033365",
            "pkt_pos": "42975188",
            "pkt_size": "120000",
            "width": 720,
            "height": 480,
            "crop_top": 0,
            "crop_bottom": 0,
            "crop_left": 0,
            "crop_right": 0,
            "pix_fmt": "yuv411p",
            "sample_aspect_ratio": "8:9",
            "pict_type": "I",
            "interlaced_frame": 1,
            "top_field_first": 0,
            "repeat_pict": 0,
            "chroma_location": "topleft"
        },
        {
            "media_type": "video",
            "stream_index": 0,
            "key_frame": 1,
            "pts": 341,
            "pts_time": "11.377465",
            "pkt_dts": 341,
            "pkt_dts_time": "11.377465",
            "best_effort_timestamp": 341,
            "best_effort_timestamp_time": "11.377465",
            "duration": 1,
            "duration_time": "0.033365",
            "pkt_pos": "43095196",
            "pkt_size": "120000",
            "width": 720,
            "height": 480,
            "crop_top": 0,
            "crop_bottom": 0,
            "crop_left": 0,
            "crop_right": 0,
            "pix_fmt": "yuv411p",
            "sample_aspect_ratio": "8:9",
            "pict_type": "I",
            "interlaced_frame": 1,
            "top_field_first": 0,
            "repeat_pict": 0,
            "chroma_location": "topleft"
        },
        {
            "media_type": "video",
            "stream_index": 0,
            "key_frame": 1,
            "pts": 342,
            "pts_time": "11.410830",
            "pkt_dts": 342,
            "pkt_dts_time": "11.410830",
            "best_effort_timestamp": 342,
            "best_effort_timestamp_time": "11.410830",
            "duration": 1,
            "duration_time": "0.033365",
            "pkt_pos": "43215204",
            "pkt_size": "120000",
            "width": 720,
            "height": 480,
            "crop_top": 0,
            "crop_bottom": 0,
            "crop_left": 0,
            "crop_right": 0,
            "pix_fmt": "yuv411p",
            "sample_aspect_ratio": "8:9",
            "pict_type": "I",
            "interlaced_frame": 1,
            "top_field_first": 0,
            "repeat_pict": 0,
            "chroma_location": "topleft"
        },
        {
            "media_type": "video",
            "stream_index": 0,
            "key_frame": 1,
            "pts": 343,
            "pts_time": "11.444195",
            "pkt_dts": 343,
            "pkt_dts_time": "11.444195",
            "best_effort_timestamp": 343,
            "best_effort_timestamp_time": "11.444195",
            "duration": 1,
            "duration_time": "0.033365",
            "pkt_pos": "43335212",
            "pkt_size": "120000",
            "width": 720,
            "height": 480,
            "crop_top": 0,
            "crop_bottom": 0,
            "crop_left": 0,
            "crop_right": 0,
            "pix_fmt": "yuv411p",
            "sample_aspect_ratio": "8:9",
            "pict_type": "I",
            "interlaced_frame": 1,
            "top_field_first": 0,
            "repeat_pict": 0,
            "chroma_location": "topleft"
        },
        {
            "media_type": "video",
            "stream_index": 0,
            "key_frame": 1,
            "pts": 344,
            "pts_time": "11.477560",
            "pkt_dts": 344,
            "pkt_dts_time": "11.477560",
            "best_effort_timestamp": 344,
            "best_effort_timestamp_time": "11.477560",
            "duration": 1,
            "duration_time": "0.033365",
            "pkt_pos": "43455220",
            "pkt_size": "120000",
            "width": 720,
            "height": 480,
            "crop_top": 0,
            "crop_bottom": 0,
            "crop_left": 0,
            "crop_right": 0,
            "pix_fmt": "yuv411p",
            "sample_aspect_ratio": "8:9",
            "pict_type": "I",
            "interlaced_frame": 1,
            "top_field_first": 0,
            "repeat_pict": 0,
            "chroma_location": "topleft"
        },
        {
            "media_type": "video",
            "stream_index": 0,
            "key_frame": 1,
            "pts": 345,
            "pts_time": "11.510925",
            "pkt_dts": 345,
            "pkt_dts_time": "11.510925",
            "best_effort_timestamp": 345,
            "best_effort_timestamp_time": "11.510925",
            "duration": 1,
            "duration_time": "0.033365",
            "pkt_pos": "43575228",
            "pkt_size": "120000",
            "width": 720,
            "height": 480,
            "crop_top": 0,
            "crop_bottom": 0,
            "crop_left": 0,
            "crop_right": 0,
            "pix_fmt": "yuv411p",
            "sample_aspect_ratio": "8:9",
            "pict_type": "I",
            "interlaced_frame": 1,
            "top_field_first": 0,
            "repeat_pict": 0,
            "chroma_location": "topleft"
        },
        {
            "media_type": "video",
            "stream_index": 0,
            "key_frame": 1,
            "pts": 346,
            "pts_time": "11.544290",
            "pkt_dts": 346,
            "pkt_dts_time": "11.544290",
            "best_effort_timestamp": 346,
            "best_effort_timestamp_time": "11.544290",
            "duration": 1,
            "duration_time": "0.033365",
            "pkt_pos": "43695236",
            "pkt_size": "120000",
            "width": 720,
            "height": 480,
            "crop_top": 0,
            "crop_bottom": 0,
            "crop_left": 0,
            "crop_right": 0,
            "pix_fmt": "yuv411p",
            "sample_aspect_ratio": "8:9",
            "pict_type": "I",
            "interlaced_frame": 1,
            "top_field_first": 0,
            "repeat_pict": 0,
            "chroma_location": "topleft"
        },
        {
            "media_type": "video",
            "stream_index": 0,
            "key_frame": 1,
            "pts": 347,
            "pts_time": "11.577655",
            "pkt_dts": 347,
            "pkt_dts_time": "11.577655",
            "best_effort_timestamp": 347,
            "best_effort_timestamp_time": "11.577655",
            "duration": 1,
            "duration_time": "0.033365",
            "pkt_pos": "43815244",
            "pkt_size": "120000",
            "width": 720,
            "height": 480,
            "crop_top": 0,
            "crop_bottom": 0,
            "crop_left": 0,
            "crop_right": 0,
            "pix_fmt": "yuv411p",
            "sample_aspect_ratio": "8:9",
            "pict_type": "I",
            "interlaced_frame": 1,
            "top_field_first": 0,
            "repeat_pict": 0,
            "chroma_location": "topleft"
        },
        {
            "media_type": "video",
            "stream_index": 0,
            "key_frame": 1,
            "pts": 348,
            "pts_time": "11.611020",
            "pkt_dts": 348,
            "pkt_dts_time": "11.611020",
            "best_effort_timestamp": 348,
            "best_effort_timestamp_time": "11.611020",
            "duration": 1,
            "duration_time": "0.033365",
            "pkt_pos": "44121048",
            "pkt_size": "120000",
            "width": 720,
            "height": 480,
            "crop_top": 0,
            "crop_bottom": 0,
            "crop_left": 0,
            "crop_right": 0,
            "pix_fmt": "yuv411p",
            "sample_aspect_ratio": "8:9",
            "pict_type": "I",
            "interlaced_frame": 1,
            "top_field_first": 0,
            "repeat_pict": 0,
            "chroma_location": "topleft"
        },
        {
            "media_type": "video",
            "stream_index": 0,
            "key_frame": 1,
            "pts": 349,
            "pts_time": "11.644385",
            "pkt_dts": 349,
            "pkt_dts_time": "11.644385",
            "best_effort_timestamp": 349,
            "best_effort_timestamp_time": "11.644385",
            "duration": 1,
            "duration_time": "0.033365",
            "pkt_pos": "44241056",
            "pkt_size": "120000",
            "width": 720,
            "height": 480,
            "crop_top": 0,
            "crop_bottom": 0,
            "crop_left": 0,
            "crop_right": 0,
            "pix_fmt": "yuv411p",
            "sample_aspect_ratio": "8:9",
            "pict_type": "I",
            "interlaced_frame": 1,
            "top_field_first": 0,
            "repeat_pict": 0,
            "chroma_location": "topleft"
        },
        {
            "media_type": "video",
            "stream_index": 0,
            "key_frame": 1,
            "pts": 350,
            "pts_time": "11.677750",
            "pkt_dts": 350,
            "pkt_dts_time": "11.677750",
            "best_effort_timestamp": 350,
            "best_effort_timestamp_time": "11.677750",
            "duration": 1,
            "duration_time": "0.033365",
            "pkt_pos": "44361064",
            "pkt_size": "120000",
            "width": 720,
            "height": 480,
            "crop_top": 0,
            "crop_bottom": 0,
            "crop_left": 0,
            "crop_right": 0,
            "pix_fmt": "yuv411p",
            "sample_aspect_ratio": "8:9",
            "pict_type": "I",
            "interlaced_frame": 1,
            "top_field_first": 0,
            "repeat_pict": 0,
            "chroma_location": "topleft"
        },
        {
            "media_type": "video",
            "stream_index": 0,
            "key_frame": 1,
            "pts": 351,
            "pts_time": "11.711115",
            "pkt_dts": 351,
            "pkt_dts_time": "11.711115",
            "best_effort_timestamp": 351,
            "best_effort_timestamp_time": "11.711115",
            "duration": 1,
            "duration_time": "0.033365",
            "pkt_pos": "44481072",
            "pkt_size": "120000",
            "width": 720,
            "height": 480,
            "crop_top": 0,
            "crop_bottom": 0,
            "crop_left": 0,
            "crop_right": 0,
            "pix_fmt": "yuv411p",
            "sample_aspect_ratio": "8:9",
            "pict_type": "I",
            "interlaced_frame": 1,
            "top_field_first": 0,
            "repeat_pict": 0,
            "chroma_location": "topleft"
        },
        {
            "media_type": "video",
            "stream_index": 0,
            "key_frame": 1,
            "pts": 352,
            "pts_time": "11.744480",
            "pkt_dts": 352,
            "pkt_dts_time": "11.744480",
            "best_effort_timestamp": 352,
            "best_effort_timestamp_time": "11.744480",
            "duration": 1,
            "duration_time": "0.033365",
            "pkt_pos": "44601080",
            "pkt_size": "120000",
            "width": 720,
            "height": 480,
            "crop_top": 0,
            "crop_bottom": 0,
            "crop_left": 0,
            "crop_right": 0,
            "pix_fmt": "yuv411p",
            "sample_aspect_ratio": "8:9",
            "pict_type": "I",
            "interlaced_frame": 1,
            "top_field_first": 0,
            "repeat_pict": 0,
            "chroma_location": "topleft"
        },
        {
            "media_type": "video",
            "stream_index": 0,
            "key_frame": 1,
            "pts": 353,
            "pts_time": "11.777845",
            "pkt_dts": 353,
            "pkt_dts_time": "11.777845",
            "best_effort_timestamp": 353,
            "best_effort_timestamp_time": "11.777845",
            "duration": 1,
            "duration_time": "0.033365",
            "pkt_pos": "44721088",
            "pkt_size": "120000",
            "width": 720,
            "height": 480,
            "crop_top": 0,
            "crop_bottom": 0,
            "crop_left": 0,
            "crop_right": 0,
            "pix_fmt": "yuv411p",
            "sample_aspect_ratio": "8:9",
            "pict_type": "I",
            "interlaced_frame": 1,
            "top_field_first": 0,
            "repeat_pict": 0,
            "chroma_location": "topleft"
        },
        {
            "media_type": "video",
            "stream_index": 0,
            "key_frame": 1,
            "pts": 354,
            "pts_time": "11.811210",
            "pkt_dts": 354,
            "pkt_dts_time": "11.811210",
            "best_effort_timestamp": 354,
            "best_effort_timestamp_time": "11.811210",
            "duration": 1,
            "duration_time": "0.033365",
            "pkt_pos": "44841096",
            "pkt_size": "120000",
            "width": 720,
            "height": 480,
            "crop_top": 0,
            "crop_bottom": 0,
            "crop_left": 0,
            "crop_right": 0,
            "pix_fmt": "yuv411p",
            "sample_aspect_ratio": "8:9",
            "pict_type": "I",
            "interlaced_frame": 1,
            "top_field_first": 0,
            "repeat_pict": 0,
            "chroma_location": "topleft"
        },
        {
            "media_type": "video",
            "stream_index": 0,
            "key_frame": 1,
            "pts": 355,
            "pts_time": "11.844575",
            "pkt_dts": 355,
            "pkt_dts_time": "11.844575",
            "best_effort_timestamp": 355,
            "best_effort_timestamp_time": "11.844575",
            "duration": 1,
            "duration_time": "0.033365",
            "pkt_pos": "44961104",
            "pkt_size": "120000",
            "width": 720,
            "height": 480,
            "crop_top": 0,
            "crop_bottom": 0,
            "crop_left": 0,
            "crop_right": 0,
            "pix_fmt": "yuv411p",
            "sample_aspect_ratio": "8:9",
            "pict_type": "I",
            "interlaced_frame": 1,
            "top_field_first": 0,
            "repeat_pict": 0,
            "chroma_location": "topleft"
        },
        {
            "media_type": "video",
            "stream_index": 0,
            "key_frame": 1,
            "pts": 356,
            "pts_time": "11.877940",
            "pkt_dts": 356,
            "pkt_dts_time": "11.877940",
            "best_effort_timestamp": 356,
            "best_effort_timestamp_time": "11.877940",
            "duration": 1,
            "duration_time": "0.033365",
            "pkt_pos": "45081112",
            "pkt_size": "120000",
            "width": 720,
            "height": 480,
            "crop_top": 0,
            "crop_bottom": 0,
            "crop_left": 0,
            "crop_right": 0,
            "pix_fmt": "yuv411p",
            "sample_aspect_ratio": "8:9",
            "pict_type": "I",
            "interlaced_frame": 1,
            "top_field_first": 0,
            "repeat_pict": 0,
            "chroma_location": "topleft"
        },
        {
            "media_type": "video",
            "stream_index": 0,
            "key_frame": 1,
            "pts": 357,
            "pts_time": "11.911305",
            "pkt_dts": 357,
            "pkt_dts_time": "11.911305",
            "best_effort_timestamp": 357,
            "best_effort_timestamp_time": "11.911305",
            "duration": 1,
            "duration_time": "0.033365",
            "pkt_pos": "45201120",
            "pkt_size": "120000",
            "width": 720,
            "height": 480,
            "crop_top": 0,
            "crop_bottom": 0,
            "crop_left": 0,
            "crop_right": 0,
            "pix_fmt": "yuv411p",
            "sample_aspect_ratio": "8:9",
            "pict_type": "I",
            "interlaced_frame": 1,
            "top_field_first": 0,
            "repeat_pict": 0,
            "chroma_location": "topleft"
        },
        {
            "media_type": "video",
            "stream_index": 0,
            "key_frame": 1,
            "pts": 358,
            "pts_time": "11.944670",
            "pkt_dts": 358,
            "pkt_dts_time": "11.944670",
            "best_effort_timestamp": 358,
            "best_effort_timestamp_time": "11.944670",
            "duration": 1,
            "duration_time": "0.033365",
            "pkt_pos": "45321128",
            "pkt_size": "120000",
            "width": 720,
            "height": 480,
            "crop_top": 0,
            "crop_bottom": 0,
            "crop_left": 0,
            "crop_right": 0,
            "pix_fmt": "yuv411p",
            "sample_aspect_ratio": "8:9",
            "pict_type": "I",
            "interlaced_frame": 1,
            "top_field_first": 0,
            "repeat_pict": 0,
            "chroma_location": "topleft"
        },
        {
            "media_type": "video",
            "stream_index": 0,
            "key_frame": 1,
            "pts": 359,
            "pts_time": "11.978035",
            "pkt_dts": 359,
            "pkt_dts_time": "11.978035",
            "best_effort_timestamp": 359,
            "best_effort_timestamp_time": "11.978035",
            "duration": 1,
            "duration_time": "0.033365",
            "pkt_pos": "45441136",
            "pkt_size": "120000",
            "width": 720,
            "height": 480,
            "crop_top": 0,
            "crop_bottom": 0,
            "crop_left": 0,
            "crop_right": 0,
            "pix_fmt": "yuv411p",
            "sample_aspect_ratio": "8:9",
            "pict_type": "I",
            "interlaced_frame": 1,
            "top_field_first": 0,
            "repeat_pict": 0,
            "chroma_location": "topleft"
        },
        {
            "media_type": "video",
            "stream_index": 0,
            "key_frame": 1,
            "pts": 360,
            "pts_time": "12.011400",
            "pkt_dts": 360,
            "pkt_dts_time": "12.011400",
            "best_effort_timestamp": 360,
            "best_effort_timestamp_time": "12.011400",
            "duration": 1,
            "duration_time": "0.033365",
            "pkt_pos": "45561144",
            "pkt_size": "120000",
            "width": 720,
            "height": 480,
            "crop_top": 0,
            "crop_bottom": 0,
            "crop_left": 0,
            "crop_right": 0,
            "pix_fmt": "yuv411p",
            "sample_aspect_ratio": "8:9",
            "pict_type": "I",
            "interlaced_frame": 1,
            "top_field_first": 0,
            "repeat_pict": 0,
            "chroma_location": "topleft"
        },
        {
            "media_type": "video",
            "stream_index": 0,
            "key_frame": 1,
            "pts": 361,
            "pts_time": "12.044765",
            "pkt_dts": 361,
            "pkt_dts_time": "12.044765",
            "best_effort_timestamp": 361,
            "best_effort_timestamp_time": "12.044765",
            "duration": 1,
            "duration_time": "0.033365",
            "pkt_pos": "45681152",
            "pkt_size": "120000",
            "width": 720,
            "height": 480,
            "crop_top": 0,
            "crop_bottom": 0,
            "crop_left": 0,
            "crop_right": 0,
            "pix_fmt": "yuv411p",
            "sample_aspect_ratio": "8:9",
            "pict_type": "I",
            "interlaced_frame": 1,
            "top_field_first": 0,
            "repeat_pict": 0,
            "chroma_location": "topleft"
        },
        {
            "media_type": "video",
            "stream_index": 0,
            "key_frame": 1,
            "pts": 362,
            "pts_time": "12.078130",
            "pkt_dts": 362,
            "pkt_dts_time": "12.078130",
            "best_effort_timestamp": 362,
            "best_effort_timestamp_time": "12.078130",
            "duration": 1,
            "duration_time": "0.033365",
            "pkt_pos": "45801160",
            "pkt_size": "120000",
            "width": 720,
            "height": 480,
            "crop_top": 0,
            "crop_bottom": 0,
            "crop_left": 0,
            "crop_right": 0,
            "pix_fmt": "yuv411p",
            "sample_aspect_ratio": "8:9",
            "pict_type": "I",
            "interlaced_frame": 1,
            "top_field_first": 0,
            "repeat_pict": 0,
            "chroma_location": "topleft"
        },
        {
            "media_type": "video",
            "stream_index": 0,
            "key_frame": 1,
            "pts": 363,
            "pts_time": "12.111495",
            "pkt_dts": 363,
            "pkt_dts_time": "12.111495",
            "best_effort_timestamp": 363,
            "best_effort_timestamp_time": "12.111495",
            "duration": 1,
            "duration_time": "0.033365",
            "pkt_pos": "45921168",
            "pkt_size": "120000",
            "width": 720,
            "height": 480,
            "crop_top": 0,
            "crop_bottom": 0,
            "crop_left": 0,
            "crop_right": 0,
            "pix_fmt": "yuv411p",
            "sample_aspect_ratio": "8:9",
            "pict_type": "I",
            "interlaced_frame": 1,
            "top_field_first": 0,
            "repeat_pict": 0,
            "chroma_location": "topleft"
        },
        {
            "media_type": "video",
            "stream_index": 0,
            "key_frame": 1,
            "pts": 364,
            "pts_time": "12.144860",
            "pkt_dts": 364,
            "pkt_dts_time": "12.144860",
            "best_effort_timestamp": 364,
            "best_effort_timestamp_time": "12.144860",
            "duration": 1,
            "duration_time": "0.033365",
            "pkt_pos": "46041176",
            "pkt_size": "120000",
            "width": 720,
            "height": 480,
            "crop_top": 0,
            "crop_bottom": 0,
            "crop_left": 0,
            "crop_right": 0,
            "pix_fmt": "yuv411p",
            "sample_aspect_ratio": "8:9",
            "pict_type": "I",
            "interlaced_frame": 1,
            "top_field_first": 0,
            "repeat_pict": 0,
            "chroma_location": "topleft"
        },
        {
            "media_type": "video",
            "stream_index": 0,
            "key_frame": 1,
            "pts": 365,
            "pts_time": "12.178225",
            "pkt_dts": 365,
            "pkt_dts_time": "12.178225",
            "best_effort_timestamp": 365,
            "best_effort_timestamp_time": "12.178225",
            "duration": 1,
            "duration_time": "0.033365",
            "pkt_pos": "46161184",
            "pkt_size": "120000",
            "width": 720,
            "height": 480,
            "crop_top": 0,
            "crop_bottom": 0,
            "crop_left": 0,
            "crop_right": 0,
            "pix_fmt": "yuv411p",
            "sample_aspect_ratio": "8:9",
            "pict_type": "I",
            "interlaced_frame": 1,
            "top_field_first": 0,
            "repeat_pict": 0,
            "chroma_location": "topleft"
        },
        {
            "media_type": "video",
            "stream_index": 0,
            "key_frame": 1,
            "pts": 366,
            "pts_time": "12.211590",
            "pkt_dts": 366,
            "pkt_dts_time": "12.211590",
            "best_effort_timestamp": 366,
            "best_effort_timestamp_time": "12.211590",
            "duration": 1,
            "duration_time": "0.033365",
            "pkt_pos": "46281192",
            "pkt_size": "120000",
            "width": 720,
            "height": 480,
            "crop_top": 0,
            "crop_bottom": 0,
            "crop_left": 0,
            "crop_right": 0,
            "pix_fmt": "yuv411p",
            "sample_aspect_ratio": "8:9",
            "pict_type": "I",
            "interlaced_frame": 1,
            "top_field_first": 0,
            "repeat_pict": 0,
            "chroma_location": "topleft"
        },
        {
            "media_type": "video",
            "stream_index": 0,
            "key_frame": 1,
            "pts": 367,
            "pts_time": "12.244955",
            "pkt_dts": 367,
            "pkt_dts_time": "12.244955",
            "best_effort_timestamp": 367,
            "best_effort_timestamp_time": "12.244955",
            "duration": 1,
            "duration_time": "0.033365",
            "pkt_pos": "46401200",
            "pkt_size": "120000",
            "width": 720,
            "height": 480,
            "crop_top": 0,
            "crop_bottom": 0,
            "crop_left": 0,
            "crop_right": 0,
            "pix_fmt": "yuv411p",
            "sample_aspect_ratio": "8:9",
            "pict_type": "I",
            "interlaced_frame": 1,
            "top_field_first": 0,
            "repeat_pict": 0,
            "chroma_location": "topleft"
        },
        {
            "media_type": "video",
            "stream_index": 0,
            "key_frame": 1,
            "pts": 368,
            "pts_time": "12.278320",
            "pkt_dts": 368,
            "pkt_dts_time": "12.278320",
            "best_effort_timestamp": 368,
            "best_effort_timestamp_time": "12.278320",
            "duration": 1,
            "duration_time": "0.033365",
            "pkt_pos": "46521208",
            "pkt_size": "120000",
            "width": 720,
            "height": 480,
            "crop_top": 0,
            "crop_bottom": 0,
            "crop_left": 0,
            "crop_right": 0,
            "pix_fmt": "yuv411p",
            "sample_aspect_ratio": "8:9",
            "pict_type": "I",
            "interlaced_frame": 1,
            "top_field_first": 0,
            "repeat_pict": 0,
            "chroma_location": "topleft"
        },
        {
            "media_type": "video",
            "stream_index": 0,
            "key_frame": 1,
            "pts": 369,
            "pts_time": "12.311685",
            "pkt_dts": 369,
            "pkt_dts_time": "12.311685",
            "best_effort_timestamp": 369,
            "best_effort_timestamp_time": "12.311685",
            "duration": 1,
            "duration_time": "0.033365",
            "pkt_pos": "46641216",
            "pkt_size": "120000",
            "width": 720,
            "height": 480,
            "crop_top": 0,
            "crop_bottom": 0,
            "crop_left": 0,
            "crop_right": 0,
            "pix_fmt": "yuv411p",
            "sample_aspect_ratio": "8:9",
            "pict_type": "I",
            "interlaced_frame": 1,
            "top_field_first": 0,
            "repeat_pict": 0,
            "chroma_location": "topleft"
        },
        {
            "media_type": "video",
            "stream_index": 0,
            "key_frame": 1,
            "pts": 370,
            "pts_time": "12.345050",
            "pkt_dts": 370,
            "pkt_dts_time": "12.345050",
            "best_effort_timestamp": 370,
            "best_effort_timestamp_time": "12.345050",
            "duration": 1,
            "duration_time": "0.033365",
            "pkt_pos": "46761224",
            "pkt_size": "120000",
            "width": 720,
            "height": 480,
            "crop_top": 0,
            "crop_bottom": 0,
            "crop_left": 0,
            "crop_right": 0,
            "pix_fmt": "yuv411p",
            "sample_aspect_ratio": "8:9",
            "pict_type": "I",
            "interlaced_frame": 1,
            "top_field_first": 0,
            "repeat_pict": 0,
            "chroma_location": "topleft"
        },
        {
            "media_type": "video",
            "stream_index": 0,
            "key_frame": 1,
            "pts": 371,
            "pts_time": "12.378415",
            "pkt_dts": 371,
            "pkt_dts_time": "12.378415",
            "best_effort_timestamp": 371,
            "best_effort_timestamp_time": "12.378415",
            "duration": 1,
            "duration_time": "0.033365",
            "pkt_pos": "46881232",
            "pkt_size": "120000",
            "width": 720,
            "height": 480,
            "crop_top": 0,
            "crop_bottom": 0,
            "crop_left": 0,
            "crop_right": 0,
            "pix_fmt": "yuv411p",
            "sample_aspect_ratio": "8:9",
            "pict_type": "I",
            "interlaced_frame": 1,
            "top_field_first": 0,
            "repeat_pict": 0,
            "chroma_location": "topleft"
        },
        {
            "media_type": "video",
            "stream_index": 0,
            "key_frame": 1,
            "pts": 372,
            "pts_time": "12.411780",
            "pkt_dts": 372,
            "pkt_dts_time": "12.411780",
            "best_effort_timestamp": 372,
            "best_effort_timestamp_time": "12.411780",
            "duration": 1,
            "duration_time": "0.033365",
            "pkt_pos": "47001240",
            "pkt_size": "120000",
            "width": 720,
            "height": 480,
            "crop_top": 0,
            "crop_bottom": 0,
            "crop_left": 0,
            "crop_right": 0,
            "pix_fmt": "yuv411p",
            "sample_aspect_ratio": "8:9",
            "pict_type": "I",
            "interlaced_frame": 1,
            "top_field_first": 0,
            "repeat_pict": 0,
            "chroma_location": "topleft"
        },
        {
            "media_type": "video",
            "stream_index": 0,
            "key_frame": 1,
            "pts": 373,
            "pts_time": "12.445145",
            "pkt_dts": 373,
            "pkt_dts_time": "12.445145",
            "best_effort_timestamp": 373,
            "best_effort_timestamp_time": "12.445145",
            "duration": 1,
            "duration_time": "0.033365",
            "pkt_pos": "47121248",
            "pkt_size": "120000",
            "width": 720,
            "height": 480,
            "crop_top": 0,
            "crop_bottom": 0,
            "crop_left": 0,
            "crop_right": 0,
            "pix_fmt": "yuv411p",
            "sample_aspect_ratio": "8:9",
            "pict_type": "I",
            "interlaced_frame": 1,
            "top_field_first": 0,
            "repeat_pict": 0,
            "chroma_location": "topleft"
        },
        {
            "media_type": "video",
            "stream_index": 0,
            "key_frame": 1,
            "pts": 374,
            "pts_time": "12.478510",
            "pkt_dts": 374,
            "pkt_dts_time": "12.478510",
            "best_effort_timestamp": 374,
            "best_effort_timestamp_time": "12.478510",
            "duration": 1,
            "duration_time": "0.033365",
            "pkt_pos": "47241256",
            "pkt_size": "120000",
            "width": 720,
            "height": 480,
            "crop_top": 0,
            "crop_bottom": 0,
            "crop_left": 0,
            "crop_right": 0,
            "pix_fmt": "yuv411p",
            "sample_aspect_ratio": "8:9",
            "pict_type": "I",
            "interlaced_frame": 1,
            "top_field_first": 0,
            "repeat_pict": 0,
            "chroma_location": "topleft"
        },
        {
            "media_type": "video",
            "stream_index": 0,
            "key_frame": 1,
            "pts": 375,
            "pts_time": "12.511875",
            "pkt_dts": 375,
            "pkt_dts_time": "12.511875",
            "best_effort_timestamp": 375,
            "best_effort_timestamp_time": "12.511875",
            "duration": 1,
            "duration_time": "0.033365",
            "pkt_pos": "47361264",
            "pkt_size": "120000",
            "width": 720,
            "height": 480,
            "crop_top": 0,
            "crop_bottom": 0,
            "crop_left": 0,
            "crop_right": 0,
            "pix_fmt": "yuv411p",
            "sample_aspect_ratio": "8:9",
            "pict_type": "I",
            "interlaced_frame": 1,
            "top_field_first": 0,
            "repeat_pict": 0,
            "chroma_location": "topleft"
        },
        {
            "media_type": "video",
            "stream_index": 0,
            "key_frame": 1,
            "pts": 376,
            "pts_time": "12.545240",
            "pkt_dts": 376,
            "pkt_dts_time": "12.545240",
            "best_effort_timestamp": 376,
            "best_effort_timestamp_time": "12.545240",
            "duration": 1,
            "duration_time": "0.033365",
            "pkt_pos": "47481272",
            "pkt_size": "120000",
            "width": 720,
            "height": 480,
            "crop_top": 0,
            "crop_bottom": 0,
            "crop_left": 0,
            "crop_right": 0,
            "pix_fmt": "yuv411p",
            "sample_aspect_ratio": "8:9",
            "pict_type": "I",
            "interlaced_frame": 1,
            "top_field_first": 0,
            "repeat_pict": 0,
            "chroma_location": "topleft"
        },
        {
            "media_type": "video",
            "stream_index": 0,
            "key_frame": 1,
            "pts": 377,
            "pts_time": "12.578605",
            "pkt_dts": 377,
            "pkt_dts_time": "12.578605",
            "best_effort_timestamp": 377,
            "best_effort_timestamp_time": "12.578605",
            "duration": 1,
            "duration_time": "0.033365",
            "pkt_pos": "47787072",
            "pkt_size": "120000",
            "width": 720,
            "height": 480,
            "crop_top": 0,
            "crop_bottom": 0,
            "crop_left": 0,
            "crop_right": 0,
            "pix_fmt": "yuv411p",
            "sample_aspect_ratio": "8:9",
            "pict_type": "I",
            "interlaced_frame": 1,
            "top_field_first": 0,
            "repeat_pict": 0,
            "chroma_location": "topleft"
        },
        {
            "media_type": "video",
            "stream_index": 0,
            "key_frame": 1,
            "pts": 378,
            "pts_time": "12.611970",
            "pkt_dts": 378,
            "pkt_dts_time": "12.611970",
            "best_effort_timestamp": 378,
            "best_effort_timestamp_time": "12.611970",
            "duration": 1,
            "duration_time": "0.033365",
            "pkt_pos": "47907080",
            "pkt_size": "120000",
            "width": 720,
            "height": 480,
            "crop_top": 0,
            "crop_bottom": 0,
            "crop_left": 0,
            "crop_right": 0,
            "pix_fmt": "yuv411p",
            "sample_aspect_ratio": "8:9",
            "pict_type": "I",
            "interlaced_frame": 1,
            "top_field_first": 0,
            "repeat_pict": 0,
            "chroma_location": "topleft"
        },
        {
            "media_type": "video",
            "stream_index": 0,
            "key_frame": 1,
            "pts": 379,
            "pts_time": "12.645335",
            "pkt_dts": 379,
            "pkt_dts_time": "12.645335",
            "best_effort_timestamp": 379,
            "best_effort_timestamp_time": "12.645335",
            "duration": 1,
            "duration_time": "0.033365",
            "pkt_pos": "48027088",
            "pkt_size": "120000",
            "width": 720,
            "height": 480,
            "crop_top": 0,
            "crop_bottom": 0,
            "crop_left": 0,
            "crop_right": 0,
            "pix_fmt": "yuv411p",
            "sample_aspect_ratio": "8:9",
            "pict_type": "I",
            "interlaced_frame": 1,
            "top_field_first": 0,
            "repeat_pict": 0,
            "chroma_location": "topleft"
        },
        {
            "media_type": "video",
            "stream_index": 0,
            "key_frame": 1,
            "pts": 380,
            "pts_time": "12.678700",
            "pkt_dts": 380,
            "pkt_dts_time": "12.678700",
            "best_effort_timestamp": 380,
            "best_effort_timestamp_time": "12.678700",
            "duration": 1,
            "duration_time": "0.033365",
            "pkt_pos": "48147096",
            "pkt_size": "120000",
            "width": 720,
            "height": 480,
            "crop_top": 0,
            "crop_bottom": 0,
            "crop_left": 0,
            "crop_right": 0,
            "pix_fmt": "yuv411p",
            "sample_aspect_ratio": "8:9",
            "pict_type": "I",
            "interlaced_frame": 1,
            "top_field_first": 0,
            "repeat_pict": 0,
            "chroma_location": "topleft"
        },
        {
            "media_type": "video",
            "stream_index": 0,
            "key_frame": 1,
            "pts": 381,
            "pts_time": "12.712065",
            "pkt_dts": 381,
            "pkt_dts_time": "12.712065",
            "best_effort_timestamp": 381,
            "best_effort_timestamp_time": "12.712065",
            "duration": 1,
            "duration_time": "0.033365",
            "pkt_pos": "48267104",
            "pkt_size": "120000",
            "width": 720,
            "height": 480,
            "crop_top": 0,
            "crop_bottom": 0,
            "crop_left": 0,
            "crop_right": 0,
            "pix_fmt": "yuv411p",
            "sample_aspect_ratio": "8:9",
            "pict_type": "I",
            "interlaced_frame": 1,
            "top_field_first": 0,
            "repeat_pict": 0,
            "chroma_location": "topleft"
        },
        {
            "media_type": "video",
            "stream_index": 0,
            "key_frame": 1,
            "pts": 382,
            "pts_time": "12.745430",
            "pkt_dts": 382,
            "pkt_dts_time": "12.745430",
            "best_effort_timestamp": 382,
            "best_effort_timestamp_time": "12.745430",
            "duration": 1,
            "duration_time": "0.033365",
            "pkt_pos": "48387112",
            "pkt_size": "120000",
            "width": 720,
            "height": 480,
            "crop_top": 0,
            "crop_bottom": 0,
            "crop_left": 0,
            "crop_right": 0,
            "pix_fmt": "yuv411p",
            "sample_aspect_ratio": "8:9",
            "pict_type": "I",
            "interlaced_frame": 1,
            "top_field_first": 0,
            "repeat_pict": 0,
            "chroma_location": "topleft"
        },
        {
            "media_type": "video",
            "stream_index": 0,
            "key_frame": 1,
            "pts": 383,
            "pts_time": "12.778795",
            "pkt_dts": 383,
            "pkt_dts_time": "12.778795",
            "best_effort_timestamp": 383,
            "best_effort_timestamp_time": "12.778795",
            "duration": 1,
            "duration_time": "0.033365",
            "pkt_pos": "48507120",
            "pkt_size": "120000",
            "width": 720,
            "height": 480,
            "crop_top": 0,
            "crop_bottom": 0,
            "crop_left": 0,
            "crop_right": 0,
            "pix_fmt": "yuv411p",
            "sample_aspect_ratio": "8:9",
            "pict_type": "I",
            "interlaced_frame": 1,
            "top_field_first": 0,
            "repeat_pict": 0,
            "chroma_location": "topleft"
        },
        {
            "media_type": "video",
            "stream_index": 0,
            "key_frame": 1,
            "pts": 384,
            "pts_time": "12.812160",
            "pkt_dts": 384,
            "pkt_dts_time": "12.812160",
            "best_effort_timestamp": 384,
            "best_effort_timestamp_time": "12.812160",
            "duration": 1,
            "duration_time": "0.033365",
            "pkt_pos": "48627128",
            "pkt_size": "120000",
            "width": 720,
            "height": 480,
            "crop_top": 0,
            "crop_bottom": 0,
            "crop_left": 0,
            "crop_right": 0,
            "pix_fmt": "yuv411p",
            "sample_aspect_ratio": "8:9",
            "pict_type": "I",
            "interlaced_frame": 1,
            "top_field_first": 0,
            "repeat_pict": 0,
            "chroma_location": "topleft"
        },
        {
            "media_type": "video",
            "stream_index": 0,
            "key_frame": 1,
            "pts": 385,
            "pts_time": "12.845525",
            "pkt_dts": 385,
            "pkt_dts_time": "12.845525",
            "best_effort_timestamp": 385,
            "best_effort_timestamp_time": "12.845525",
            "duration": 1,
            "duration_time": "0.033365",
            "pkt_pos": "48747136",
            "pkt_size": "120000",
            "width": 720,
            "height": 480,
            "crop_top": 0,
            "crop_bottom": 0,
            "crop_left": 0,
            "crop_right": 0,
            "pix_fmt": "yuv411p",
            "sample_aspect_ratio": "8:9",
            "pict_type": "I",
            "interlaced_frame": 1,
            "top_field_first": 0,
            "repeat_pict": 0,
            "chroma_location": "topleft"
        },
        {
            "media_type": "video",
            "stream_index": 0,
            "key_frame": 1,
            "pts": 386,
            "pts_time": "12.878890",
            "pkt_dts": 386,
            "pkt_dts_time": "12.878890",
            "best_effort_timestamp": 386,
            "best_effort_timestamp_time": "12.878890",
            "duration": 1,
            "duration_time": "0.033365",
            "pkt_pos": "48867144",
            "pkt_size": "120000",
            "width": 720,
            "height": 480,
            "crop_top": 0,
            "crop_bottom": 0,
            "crop_left": 0,
            "crop_right": 0,
            "pix_fmt": "yuv411p",
            "sample_aspect_ratio": "8:9",
            "pict_type": "I",
            "interlaced_frame": 1,
            "top_field_first": 0,
            "repeat_pict": 0,
            "chroma_location": "topleft"
        },
        {
            "media_type": "video",
            "stream_index": 0,
            "key_frame": 1,
            "pts": 387,
            "pts_time": "12.912255",
            "pkt_dts": 387,
            "pkt_dts_time": "12.912255",
            "best_effort_timestamp": 387,
            "best_effort_timestamp_time": "12.912255",
            "duration": 1,
            "duration_time": "0.033365",
            "pkt_pos": "48987152",
            "pkt_size": "120000",
            "width": 720,
            "height": 480,
            "crop_top": 0,
            "crop_bottom": 0,
            "crop_left": 0,
            "crop_right": 0,
            "pix_fmt": "yuv411p",
            "sample_aspect_ratio": "8:9",
            "pict_type": "I",
            "interlaced_frame": 1,
            "top_field_first": 0,
            "repeat_pict": 0,
            "chroma_location": "topleft"
        },
        {
            "media_type": "video",
            "stream_index": 0,
            "key_frame": 1,
            "pts": 388,
            "pts_time": "12.945620",
            "pkt_dts": 388,
            "pkt_dts_time": "12.945620",
            "best_effort_timestamp": 388,
            "best_effort_timestamp_time": "12.945620",
            "duration": 1,
            "duration_time": "0.033365",
            "pkt_pos": "49107160",
            "pkt_size": "120000",
            "width": 720,
            "height": 480,
            "crop_top": 0,
            "crop_bottom": 0,
            "crop_left": 0,
            "crop_right": 0,
            "pix_fmt": "yuv411p",
            "sample_aspect_ratio": "8:9",
            "pict_type": "I",
            "interlaced_frame": 1,
            "top_field_first": 0,
            "repeat_pict": 0,
            "chroma_location": "topleft"
        },
        {
            "media_type": "video",
            "stream_index": 0,
            "key_frame": 1,
            "pts": 389,
            "pts_time": "12.978985",
            "pkt_dts": 389,
            "pkt_dts_time": "12.978985",
            "best_effort_timestamp": 389,
            "best_effort_timestamp_time": "12.978985",
            "duration": 1,
            "duration_time": "0.033365",
            "pkt_pos": "49227168",
            "pkt_size": "120000",
            "width": 720,
            "height": 480,
            "crop_top": 0,
            "crop_bottom": 0,
            "crop_left": 0,
            "crop_right": 0,
            "pix_fmt": "yuv411p",
            "sample_aspect_ratio": "8:9",
            "pict_type": "I",
            "interlaced_frame": 1,
            "top_field_first": 0,
            "repeat_pict": 0,
            "chroma_location": "topleft"
        },
        {
            "media_type": "video",
            "stream_index": 0,
            "key_frame": 1,
            "pts": 390,
            "pts_time": "13.012350",
            "pkt_dts": 390,
            "pkt_dts_time": "13.012350",
            "best_effort_timestamp": 390,
            "best_effort_timestamp_time": "13.012350",
            "duration": 1,
            "duration_time": "0.033365",
            "pkt_pos": "49347176",
            "pkt_size": "120000",
            "width": 720,
            "height": 480,
            "crop_top": 0,
            "crop_bottom": 0,
            "crop_left": 0,
            "crop_right": 0,
            "pix_fmt": "yuv411p",
            "sample_aspect_ratio": "8:9",
            "pict_type": "I",
            "interlaced_frame": 1,
            "top_field_first": 0,
            "repeat_pict": 0,
            "chroma_location": "topleft"
        },
        {
            "media_type": "video",
            "stream_index": 0,
            "key_frame": 1,
            "pts": 391,
            "pts_time": "13.045715",
            "pkt_dts": 391,
            "pkt_dts_time": "13.045715",
            "best_effort_timestamp": 391,
            "best_effort_timestamp_time": "13.045715",
            "duration": 1,
            "duration_time": "0.033365",
            "pkt_pos": "49467184",
            "pkt_size": "120000",
            "width": 720,
            "height": 480,
            "crop_top": 0,
            "crop_bottom": 0,
            "crop_left": 0,
            "crop_right": 0,
            "pix_fmt": "yuv411p",
            "sample_aspect_ratio": "8:9",
            "pict_type": "I",
            "interlaced_frame": 1,
            "top_field_first": 0,
            "repeat_pict": 0,
            "chroma_location": "topleft"
        },
        {
            "media_type": "video",
            "stream_index": 0,
            "key_frame": 1,
            "pts": 392,
            "pts_time": "13.079080",
            "pkt_dts": 392,
            "pkt_dts_time": "13.079080",
            "best_effort_timestamp": 392,
            "best_effort_timestamp_time": "13.079080",
            "duration": 1,
            "duration_time": "0.033365",
            "pkt_pos": "49587192",
            "pkt_size": "120000",
            "width": 720,
            "height": 480,
            "crop_top": 0,
            "crop_bottom": 0,
            "crop_left": 0,
            "crop_right": 0,
            "pix_fmt": "yuv411p",
            "sample_aspect_ratio": "8:9",
            "pict_type": "I",
            "interlaced_frame": 1,
            "top_field_first": 0,
            "repeat_pict": 0,
            "chroma_location": "topleft"
        },
        {
            "media_type": "video",
            "stream_index": 0,
            "key_frame": 1,
            "pts": 393,
            "pts_time": "13.112445",
            "pkt_dts": 393,
            "pkt_dts_time": "13.112445",
            "best_effort_timestamp": 393,
            "best_effort_timestamp_time": "13.112445",
            "duration": 1,
            "duration_time": "0.033365",
            "pkt_pos": "49707200",
            "pkt_size": "120000",
            "width": 720,
            "height": 480,
            "crop_top": 0,
            "crop_bottom": 0,
            "crop_left": 0,
            "crop_right": 0,
            "pix_fmt": "yuv411p",
            "sample_aspect_ratio": "8:9",
            "pict_type": "I",
            "interlaced_frame": 1,
            "top_field_first": 0,
            "repeat_pict": 0,
            "chroma_location": "topleft"
        },
        {
            "media_type": "video",
            "stream_index": 0,
            "key_frame": 1,
            "pts": 394,
            "pts_time": "13.145810",
            "pkt_dts": 394,
            "pkt_dts_time": "13.145810",
            "best_effort_timestamp": 394,
            "best_effort_timestamp_time": "13.145810",
            "duration": 1,
            "duration_time": "0.033365",
            "pkt_pos": "49827208",
            "pkt_size": "120000",
            "width": 720,
            "height": 480,
            "crop_top": 0,
            "crop_bottom": 0,
            "crop_left": 0,
            "crop_right": 0,
            "pix_fmt": "yuv411p",
            "sample_aspect_ratio": "8:9",
            "pict_type": "I",
            "interlaced_frame": 1,
            "top_field_first": 0,
            "repeat_pict": 0,
            "chroma_location": "topleft"
        },
        {
            "media_type": "video",
            "stream_index": 0,
            "key_frame": 1,
            "pts": 395,
            "pts_time": "13.179175",
            "pkt_dts": 395,
            "pkt_dts_time": "13.179175",
            "best_effort_timestamp": 395,
            "best_effort_timestamp_time": "13.179175",
            "duration": 1,
            "duration_time": "0.033365",
            "pkt_pos": "49947216",
            "pkt_size": "120000",
            "width": 720,
            "height": 480,
            "crop_top": 0,
            "crop_bottom": 0,
            "crop_left": 0,
            "crop_right": 0,
            "pix_fmt": "yuv411p",
            "sample_aspect_ratio": "8:9",
            "pict_type": "I",
            "interlaced_frame": 1,
            "top_field_first": 0,
            "repeat_pict": 0,
            "chroma_location": "topleft"
        },
        {
            "media_type": "video",
            "stream_index": 0,
            "key_frame": 1,
            "pts": 396,
            "pts_time": "13.212540",
            "pkt_dts": 396,
            "pkt_dts_time": "13.212540",
            "best_effort_timestamp": 396,
            "best_effort_timestamp_time": "13.212540",
            "duration": 1,
            "duration_time": "0.033365",
            "pkt_pos": "50067224",
            "pkt_size": "120000",
            "width": 720,
            "height": 480,
            "crop_top": 0,
            "crop_bottom": 0,
            "crop_left": 0,
            "crop_right": 0,
            "pix_fmt": "yuv411p",
            "sample_aspect_ratio": "8:9",
            "pict_type": "I",
            "interlaced_frame": 1,
            "top_field_first": 0,
            "repeat_pict": 0,
            "chroma_location": "topleft"
        },
        {
            "media_type": "video",
            "stream_index": 0,
            "key_frame": 1,
            "pts": 397,
            "pts_time": "13.245905",
            "pkt_dts": 397,
            "pkt_dts_time": "13.245905",
            "best_effort_timestamp": 397,
            "best_effort_timestamp_time": "13.245905",
            "duration": 1,
            "duration_time": "0.033365",
            "pkt_pos": "50187232",
            "pkt_size": "120000",
            "width": 720,
            "height": 480,
            "crop_top": 0,
            "crop_bottom": 0,
            "crop_left": 0,
            "crop_right": 0,
            "pix_fmt": "yuv411p",
            "sample_aspect_ratio": "8:9",
            "pict_type": "I",
            "interlaced_frame": 1,
            "top_field_first": 0,
            "repeat_pict": 0,
            "chroma_location": "topleft"
        },
        {
            "media_type": "video",
            "stream_index": 0,
            "key_frame": 1,
            "pts": 398,
            "pts_time": "13.279270",
            "pkt_dts": 398,
            "pkt_dts_time": "13.279270",
            "best_effort_timestamp": 398,
            "best_effort_timestamp_time": "13.279270",
            "duration": 1,
            "duration_time": "0.033365",
            "pkt_pos": "50307240",
            "pkt_size": "120000",
            "width": 720,
            "height": 480,
            "crop_top": 0,
            "crop_bottom": 0,
            "crop_left": 0,
            "crop_right": 0,
            "pix_fmt": "yuv411p",
            "sample_aspect_ratio": "8:9",
            "pict_type": "I",
            "interlaced_frame": 1,
            "top_field_first": 0,
            "repeat_pict": 0,
            "chroma_location": "topleft"
        },
        {
            "media_type": "video",
            "stream_index": 0,
            "key_frame": 1,
            "pts": 399,
            "pts_time": "13.312635",
            "pkt_dts": 399,
            "pkt_dts_time": "13.312635",
            "best_effort_timestamp": 399,
            "best_effort_timestamp_time": "13.312635",
            "duration": 1,
            "duration_time": "0.033365",
            "pkt_pos": "50427248",
            "pkt_size": "120000",
            "width": 720,
            "height": 480,
            "crop_top": 0,
            "crop_bottom": 0,
            "crop_left": 0,
            "crop_right": 0,
            "pix_fmt": "yuv411p",
            "sample_aspect_ratio": "8:9",
            "pict_type": "I",
            "interlaced_frame": 1,
            "top_field_first": 0,
            "repeat_pict": 0,
            "chroma_location": "topleft"
        },
        {
            "media_type": "video",
            "stream_index": 0,
            "key_frame": 1,
            "pts": 400,
            "pts_time": "13.346000",
            "pkt_dts": 400,
            "pkt_dts_time": "13.346000",
            "best_effort_timestamp": 400,
            "best_effort_timestamp_time": "13.346000",
            "duration": 1,
            "duration_time": "0.033365",
            "pkt_pos": "50547256",
            "pkt_size": "120000",
            "width": 720,
            "height": 480,
            "crop_top": 0,
            "crop_bottom": 0,
            "crop_left": 0,
            "crop_right": 0,
            "pix_fmt": "yuv411p",
            "sample_aspect_ratio": "8:9",
            "pict_type": "I",
            "interlaced_frame": 1,
            "top_field_first": 0,
            "repeat_pict": 0,
            "chroma_location": "topleft"
        },
        {
            "media_type": "video",
            "stream_index": 0,
            "key_frame": 1,
            "pts": 401,
            "pts_time": "13.379365",
            "pkt_dts": 401,
            "pkt_dts_time": "13.379365",
            "best_effort_timestamp": 401,
            "best_effort_timestamp_time": "13.379365",
            "duration": 1,
            "duration_time": "0.033365",
            "pkt_pos": "50667264",
            "pkt_size": "120000",
            "width": 720,
            "height": 480,
            "crop_top": 0,
            "crop_bottom": 0,
            "crop_left": 0,
            "crop_right": 0,
            "pix_fmt": "yuv411p",
            "sample_aspect_ratio": "8:9",
            "pict_type": "I",
            "interlaced_frame": 1,
            "top_field_first": 0,
            "repeat_pict": 0,
            "chroma_location": "topleft"
        },
        {
            "media_type": "video",
            "stream_index": 0,
            "key_frame": 1,
            "pts": 402,
            "pts_time": "13.412730",
            "pkt_dts": 402,
            "pkt_dts_time": "13.412730",
            "best_effort_timestamp": 402,
            "best_effort_timestamp_time": "13.412730",
            "duration": 1,
            "duration_time": "0.033365",
            "pkt_pos": "50787272",
            "pkt_size": "120000",
            "width": 720,
            "height": 480,
            "crop_top": 0,
            "crop_bottom": 0,
            "crop_left": 0,
            "crop_right": 0,
            "pix_fmt": "yuv411p",
            "sample_aspect_ratio": "8:9",
            "pict_type": "I",
            "interlaced_frame": 1,
            "top_field_first": 0,
            "repeat_pict": 0,
            "chroma_location": "topleft"
        },
        {
            "media_type": "video",
            "stream_index": 0,
            "key_frame": 1,
            "pts": 403,
            "pts_time": "13.446095",
            "pkt_dts": 403,
            "pkt_dts_time": "13.446095",
            "best_effort_timestamp": 403,
            "best_effort_timestamp_time": "13.446095",
            "duration": 1,
            "duration_time": "0.033365",
            "pkt_pos": "50907280",
            "pkt_size": "120000",
            "width": 720,
            "height": 480,
            "crop_top": 0,
            "crop_bottom": 0,
            "crop_left": 0,
            "crop_right": 0,
            "pix_fmt": "yuv411p",
            "sample_aspect_ratio": "8:9",
            "pict_type": "I",
            "interlaced_frame": 1,
            "top_field_first": 0,
            "repeat_pict": 0,
            "chroma_location": "topleft"
        },
        {
            "media_type": "video",
            "stream_index": 0,
            "key_frame": 1,
            "pts": 404,
            "pts_time": "13.479460",
            "pkt_dts": 404,
            "pkt_dts_time": "13.479460",
            "best_effort_timestamp": 404,
            "best_effort_timestamp_time": "13.479460",
            "duration": 1,
            "duration_time": "0.033365",
            "pkt_pos": "51027288",
            "pkt_size": "120000",
            "width": 720,
            "height": 480,
            "crop_top": 0,
            "crop_bottom": 0,
            "crop_left": 0,
            "crop_right": 0,
            "pix_fmt": "yuv411p",
            "sample_aspect_ratio": "8:9",
            "pict_type": "I",
            "interlaced_frame": 1,
            "top_field_first": 0,
            "repeat_pict": 0,
            "chroma_location": "topleft"
        },
        {
            "media_type": "video",
            "stream_index": 0,
            "key_frame": 1,
            "pts": 405,
            "pts_time": "13.512825",
            "pkt_dts": 405,
            "pkt_dts_time": "13.512825",
            "best_effort_timestamp": 405,
            "best_effort_timestamp_time": "13.512825",
            "duration": 1,
            "duration_time": "0.033365",
            "pkt_pos": "51147296",
            "pkt_size": "120000",
            "width": 720,
            "height": 480,
            "crop_top": 0,
            "crop_bottom": 0,
            "crop_left": 0,
            "crop_right": 0,
            "pix_fmt": "yuv411p",
            "sample_aspect_ratio": "8:9",
            "pict_type": "I",
            "interlaced_frame": 1,
            "top_field_first": 0,
            "repeat_pict": 0,
            "chroma_location": "topleft"
        },
        {
            "media_type": "video",
            "stream_index": 0,
            "key_frame": 1,
            "pts": 406,
            "pts_time": "13.546190",
            "pkt_dts": 406,
            "pkt_dts_time": "13.546190",
            "best_effort_timestamp": 406,
            "best_effort_timestamp_time": "13.546190",
            "duration": 1,
            "duration_time": "0.033365",
            "pkt_pos": "51453100",
            "pkt_size": "120000",
            "width": 720,
            "height": 480,
            "crop_top": 0,
            "crop_bottom": 0,
            "crop_left": 0,
            "crop_right": 0,
            "pix_fmt": "yuv411p",
            "sample_aspect_ratio": "8:9",
            "pict_type": "I",
            "interlaced_frame": 1,
            "top_field_first": 0,
            "repeat_pict": 0,
            "chroma_location": "topleft"
        },
        {
            "media_type": "video",
            "stream_index": 0,
            "key_frame": 1,
            "pts": 407,
            "pts_time": "13.579555",
            "pkt_dts": 407,
            "pkt_dts_time": "13.579555",
            "best_effort_timestamp": 407,
            "best_effort_timestamp_time": "13.579555",
            "duration": 1,
            "duration_time": "0.033365",
            "pkt_pos": "51573108",
            "pkt_size": "120000",
            "width": 720,
            "height": 480,
            "crop_top": 0,
            "crop_bottom": 0,
            "crop_left": 0,
            "crop_right": 0,
            "pix_fmt": "yuv411p",
            "sample_aspect_ratio": "8:9",
            "pict_type": "I",
            "interlaced_frame": 1,
            "top_field_first": 0,
            "repeat_pict": 0,
            "chroma_location": "topleft"
        },
        {
            "media_type": "video",
            "stream_index": 0,
            "key_frame": 1,
            "pts": 408,
            "pts_time": "13.612920",
            "pkt_dts": 408,
            "pkt_dts_time": "13.612920",
            "best_effort_timestamp": 408,
            "best_effort_timestamp_time": "13.612920",
            "duration": 1,
            "duration_time": "0.033365",
            "pkt_pos": "51693116",
            "pkt_size": "120000",
            "width": 720,
            "height": 480,
            "crop_top": 0,
            "crop_bottom": 0,
            "crop_left": 0,
            "crop_right": 0,
            "pix_fmt": "yuv411p",
            "sample_aspect_ratio": "8:9",
            "pict_type": "I",
            "interlaced_frame": 1,
            "top_field_first": 0,
            "repeat_pict": 0,
            "chroma_location": "topleft"
        },
        {
            "media_type": "video",
            "stream_index": 0,
            "key_frame": 1,
            "pts": 409,
            "pts_time": "13.646285",
            "pkt_dts": 409,
            "pkt_dts_time": "13.646285",
            "best_effort_timestamp": 409,
            "best_effort_timestamp_time": "13.646285",
            "duration": 1,
            "duration_time": "0.033365",
            "pkt_pos": "51813124",
            "pkt_size": "120000",
            "width": 720,
            "height": 480,
            "crop_top": 0,
            "crop_bottom": 0,
            "crop_left": 0,
            "crop_right": 0,
            "pix_fmt": "yuv411p",
            "sample_aspect_ratio": "8:9",
            "pict_type": "I",
            "interlaced_frame": 1,
            "top_field_first": 0,
            "repeat_pict": 0,
            "chroma_location": "topleft"
        },
        {
            "media_type": "video",
            "stream_index": 0,
            "key_frame": 1,
            "pts": 410,
            "pts_time": "13.679650",
            "pkt_dts": 410,
            "pkt_dts_time": "13.679650",
            "best_effort_timestamp": 410,
            "best_effort_timestamp_time": "13.679650",
            "duration": 1,
            "duration_time": "0.033365",
            "pkt_pos": "51933132",
            "pkt_size": "120000",
            "width": 720,
            "height": 480,
            "crop_top": 0,
            "crop_bottom": 0,
            "crop_left": 0,
            "crop_right": 0,
            "pix_fmt": "yuv411p",
            "sample_aspect_ratio": "8:9",
            "pict_type": "I",
            "interlaced_frame": 1,
            "top_field_first": 0,
            "repeat_pict": 0,
            "chroma_location": "topleft"
        },
        {
            "media_type": "video",
            "stream_index": 0,
            "key_frame": 1,
            "pts": 411,
            "pts_time": "13.713015",
            "pkt_dts": 411,
            "pkt_dts_time": "13.713015",
            "best_effort_timestamp": 411,
            "best_effort_timestamp_time": "13.713015",
            "duration": 1,
            "duration_time": "0.033365",
            "pkt_pos": "52053140",
            "pkt_size": "120000",
            "width": 720,
            "height": 480,
            "crop_top": 0,
            "crop_bottom": 0,
            "crop_left": 0,
            "crop_right": 0,
            "pix_fmt": "yuv411p",
            "sample_aspect_ratio": "8:9",
            "pict_type": "I",
            "interlaced_frame": 1,
            "top_field_first": 0,
            "repeat_pict": 0,
            "chroma_location": "topleft"
        },
        {
            "media_type": "video",
            "stream_index": 0,
            "key_frame": 1,
            "pts": 412,
            "pts_time": "13.746380",
            "pkt_dts": 412,
            "pkt_dts_time": "13.746380",
            "best_effort_timestamp": 412,
            "best_effort_timestamp_time": "13.746380",
            "duration": 1,
            "duration_time": "0.033365",
            "pkt_pos": "52173148",
            "pkt_size": "120000",
            "width": 720,
            "height": 480,
            "crop_top": 0,
            "crop_bottom": 0,
            "crop_left": 0,
            "crop_right": 0,
            "pix_fmt": "yuv411p",
            "sample_aspect_ratio": "8:9",
            "pict_type": "I",
            "interlaced_frame": 1,
            "top_field_first": 0,
            "repeat_pict": 0,
            "chroma_location": "topleft"
        },
        {
            "media_type": "video",
            "stream_index": 0,
            "key_frame": 1,
            "pts": 413,
            "pts_time": "13.779745",
            "pkt_dts": 413,
            "pkt_dts_time": "13.779745",
            "best_effort_timestamp": 413,
            "best_effort_timestamp_time": "13.779745",
            "duration": 1,
            "duration_time": "0.033365",
            "pkt_pos": "52293156",
            "pkt_size": "120000",
            "width": 720,
            "height": 480,
            "crop_top": 0,
            "crop_bottom": 0,
            "crop_left": 0,
            "crop_right": 0,
            "pix_fmt": "yuv411p",
            "sample_aspect_ratio": "8:9",
            "pict_type": "I",
            "interlaced_frame": 1,
            "top_field_first": 0,
            "repeat_pict": 0,
            "chroma_location": "topleft"
        },
        {
            "media_type": "video",
            "stream_index": 0,
            "key_frame": 1,
            "pts": 414,
            "pts_time": "13.813110",
            "pkt_dts": 414,
            "pkt_dts_time": "13.813110",
            "best_effort_timestamp": 414,
            "best_effort_timestamp_time": "13.813110",
            "duration": 1,
            "duration_time": "0.033365",
            "pkt_pos": "52413164",
            "pkt_size": "120000",
            "width": 720,
            "height": 480,
            "crop_top": 0,
            "crop_bottom": 0,
            "crop_left": 0,
            "crop_right": 0,
            "pix_fmt": "yuv411p",
            "sample_aspect_ratio": "8:9",
            "pict_type": "I",
            "interlaced_frame": 1,
            "top_field_first": 0,
            "repeat_pict": 0,
            "chroma_location": "topleft"
        },
        {
            "media_type": "video",
            "stream_index": 0,
            "key_frame": 1,
            "pts": 415,
            "pts_time": "13.846475",
            "pkt_dts": 415,
            "pkt_dts_time": "13.846475",
            "best_effort_timestamp": 415,
            "best_effort_timestamp_time": "13.846475",
            "duration": 1,
            "duration_time": "0.033365",
            "pkt_pos": "52533172",
            "pkt_size": "120000",
            "width": 720,
            "height": 480,
            "crop_top": 0,
            "crop_bottom": 0,
            "crop_left": 0,
            "crop_right": 0,
            "pix_fmt": "yuv411p",
            "sample_aspect_ratio": "8:9",
            "pict_type": "I",
            "interlaced_frame": 1,
            "top_field_first": 0,
            "repeat_pict": 0,
            "chroma_location": "topleft"
        },
        {
            "media_type": "video",
            "stream_index": 0,
            "key_frame": 1,
            "pts": 416,
            "pts_time": "13.879840",
            "pkt_dts": 416,
            "pkt_dts_time": "13.879840",
            "best_effort_timestamp": 416,
            "best_effort_timestamp_time": "13.879840",
            "duration": 1,
            "duration_time": "0.033365",
            "pkt_pos": "52653180",
            "pkt_size": "120000",
            "width": 720,
            "height": 480,
            "crop_top": 0,
            "crop_bottom": 0,
            "crop_left": 0,
            "crop_right": 0,
            "pix_fmt": "yuv411p",
            "sample_aspect_ratio": "8:9",
            "pict_type": "I",
            "interlaced_frame": 1,
            "top_field_first": 0,
            "repeat_pict": 0,
            "chroma_location": "topleft"
        },
        {
            "media_type": "video",
            "stream_index": 0,
            "key_frame": 1,
            "pts": 417,
            "pts_time": "13.913205",
            "pkt_dts": 417,
            "pkt_dts_time": "13.913205",
            "best_effort_timestamp": 417,
            "best_effort_timestamp_time": "13.913205",
            "duration": 1,
            "duration_time": "0.033365",
            "pkt_pos": "52773188",
            "pkt_size": "120000",
            "width": 720,
            "height": 480,
            "crop_top": 0,
            "crop_bottom": 0,
            "crop_left": 0,
            "crop_right": 0,
            "pix_fmt": "yuv411p",
            "sample_aspect_ratio": "8:9",
            "pict_type": "I",
            "interlaced_frame": 1,
            "top_field_first": 0,
            "repeat_pict": 0,
            "chroma_location": "topleft"
        },
        {
            "media_type": "video",
            "stream_index": 0,
            "key_frame": 1,
            "pts": 418,
            "pts_time": "13.946570",
            "pkt_dts": 418,
            "pkt_dts_time": "13.946570",
            "best_effort_timestamp": 418,
            "best_effort_timestamp_time": "13.946570",
            "duration": 1,
            "duration_time": "0.033365",
            "pkt_pos": "52893196",
            "pkt_size": "120000",
            "width": 720,
            "height": 480,
            "crop_top": 0,
            "crop_bottom": 0,
            "crop_left": 0,
            "crop_right": 0,
            "pix_fmt": "yuv411p",
            "sample_aspect_ratio": "8:9",
            "pict_type": "I",
            "interlaced_frame": 1,
            "top_field_first": 0,
            "repeat_pict": 0,
            "chroma_location": "topleft"
        },
        {
            "media_type": "video",
            "stream_index": 0,
            "key_frame": 1,
            "pts": 419,
            "pts_time": "13.979935",
            "pkt_dts": 419,
            "pkt_dts_time": "13.979935",
            "best_effort_timestamp": 419,
            "best_effort_timestamp_time": "13.979935",
            "duration": 1,
            "duration_time": "0.033365",
            "pkt_pos": "53013204",
            "pkt_size": "120000",
            "width": 720,
            "height": 480,
            "crop_top": 0,
            "crop_bottom": 0,
            "crop_left": 0,
            "crop_right": 0,
            "pix_fmt": "yuv411p",
            "sample_aspect_ratio": "8:9",
            "pict_type": "I",
            "interlaced_frame": 1,
            "top_field_first": 0,
            "repeat_pict": 0,
            "chroma_location": "topleft"
        },
        {
            "media_type": "video",
            "stream_index": 0,
            "key_frame": 1,
            "pts": 420,
            "pts_time": "14.013300",
            "pkt_dts": 420,
            "pkt_dts_time": "14.013300",
            "best_effort_timestamp": 420,
            "best_effort_timestamp_time": "14.013300",
            "duration": 1,
            "duration_time": "0.033365",
            "pkt_pos": "53133212",
            "pkt_size": "120000",
            "width": 720,
            "height": 480,
            "crop_top": 0,
            "crop_bottom": 0,
            "crop_left": 0,
            "crop_right": 0,
            "pix_fmt": "yuv411p",
            "sample_aspect_ratio": "8:9",
            "pict_type": "I",
            "interlaced_frame": 1,
            "top_field_first": 0,
            "repeat_pict": 0,
            "chroma_location": "topleft"
        },
        {
            "media_type": "video",
            "stream_index": 0,
            "key_frame": 1,
            "pts": 421,
            "pts_time": "14.046665",
            "pkt_dts": 421,
            "pkt_dts_time": "14.046665",
            "best_effort_timestamp": 421,
            "best_effort_timestamp_time": "14.046665",
            "duration": 1,
            "duration_time": "0.033365",
            "pkt_pos": "53253220",
            "pkt_size": "120000",
            "width": 720,
            "height": 480,
            "crop_top": 0,
            "crop_bottom": 0,
            "crop_left": 0,
            "crop_right": 0,
            "pix_fmt": "yuv411p",
            "sample_aspect_ratio": "8:9",
            "pict_type": "I",
            "interlaced_frame": 1,
            "top_field_first": 0,
            "repeat_pict": 0,
            "chroma_location": "topleft"
        },
        {
            "media_type": "video",
            "stream_index": 0,
            "key_frame": 1,
            "pts": 422,
            "pts_time": "14.080030",
            "pkt_dts": 422,
            "pkt_dts_time": "14.080030",
            "best_effort_timestamp": 422,
            "best_effort_timestamp_time": "14.080030",
            "duration": 1,
            "duration_time": "0.033365",
            "pkt_pos": "53373228",
            "pkt_size": "120000",
            "width": 720,
            "height": 480,
            "crop_top": 0,
            "crop_bottom": 0,
            "crop_left": 0,
            "crop_right": 0,
            "pix_fmt": "yuv411p",
            "sample_aspect_ratio": "8:9",
            "pict_type": "I",
            "interlaced_frame": 1,
            "top_field_first": 0,
            "repeat_pict": 0,
            "chroma_location": "topleft"
        },
        {
            "media_type": "video",
            "stream_index": 0,
            "key_frame": 1,
            "pts": 423,
            "pts_time": "14.113395",
            "pkt_dts": 423,
            "pkt_dts_time": "14.113395",
            "best_effort_timestamp": 423,
            "best_effort_timestamp_time": "14.113395",
            "duration": 1,
            "duration_time": "0.033365",
            "pkt_pos": "53493236",
            "pkt_size": "120000",
            "width": 720,
            "height": 480,
            "crop_top": 0,
            "crop_bottom": 0,
            "crop_left": 0,
            "crop_right": 0,
            "pix_fmt": "yuv411p",
            "sample_aspect_ratio": "8:9",
            "pict_type": "I",
            "interlaced_frame": 1,
            "top_field_first": 0,
            "repeat_pict": 0,
            "chroma_location": "topleft"
        },
        {
            "media_type": "video",
            "stream_index": 0,
            "key_frame": 1,
            "pts": 424,
            "pts_time": "14.146760",
            "pkt_dts": 424,
            "pkt_dts_time": "14.146760",
            "best_effort_timestamp": 424,
            "best_effort_timestamp_time": "14.146760",
            "duration": 1,
            "duration_time": "0.033365",
            "pkt_pos": "53613244",
            "pkt_size": "120000",
            "width": 720,
            "height": 480,
            "crop_top": 0,
            "crop_bottom": 0,
            "crop_left": 0,
            "crop_right": 0,
            "pix_fmt": "yuv411p",
            "sample_aspect_ratio": "8:9",
            "pict_type": "I",
            "interlaced_frame": 1,
            "top_field_first": 0,
            "repeat_pict": 0,
            "chroma_location": "topleft"
        },
        {
            "media_type": "video",
            "stream_index": 0,
            "key_frame": 1,
            "pts": 425,
            "pts_time": "14.180125",
            "pkt_dts": 425,
            "pkt_dts_time": "14.180125",
            "best_effort_timestamp": 425,
            "best_effort_timestamp_time": "14.180125",
            "duration": 1,
            "duration_time": "0.033365",
            "pkt_pos": "53733252",
            "pkt_size": "120000",
            "width": 720,
            "height": 480,
            "crop_top": 0,
            "crop_bottom": 0,
            "crop_left": 0,
            "crop_right": 0,
            "pix_fmt": "yuv411p",
            "sample_aspect_ratio": "8:9",
            "pict_type": "I",
            "interlaced_frame": 1,
            "top_field_first": 0,
            "repeat_pict": 0,
            "chroma_location": "topleft"
        },
        {
            "media_type": "video",
            "stream_index": 0,
            "key_frame": 1,
            "pts": 426,
            "pts_time": "14.213490",
            "pkt_dts": 426,
            "pkt_dts_time": "14.213490",
            "best_effort_timestamp": 426,
            "best_effort_timestamp_time": "14.213490",
            "duration": 1,
            "duration_time": "0.033365",
            "pkt_pos": "53853260",
            "pkt_size": "120000",
            "width": 720,
            "height": 480,
            "crop_top": 0,
            "crop_bottom": 0,
            "crop_left": 0,
            "crop_right": 0,
            "pix_fmt": "yuv411p",
            "sample_aspect_ratio": "8:9",
            "pict_type": "I",
            "interlaced_frame": 1,
            "top_field_first": 0,
            "repeat_pict": 0,
            "chroma_location": "topleft"
        },
        {
            "media_type": "video",
            "stream_index": 0,
            "key_frame": 1,
            "pts": 427,
            "pts_time": "14.246855",
            "pkt_dts": 427,
            "pkt_dts_time": "14.246855",
            "best_effort_timestamp": 427,
            "best_effort_timestamp_time": "14.246855",
            "duration": 1,
            "duration_time": "0.033365",
            "pkt_pos": "53973268",
            "pkt_size": "120000",
            "width": 720,
            "height": 480,
            "crop_top": 0,
            "crop_bottom": 0,
            "crop_left": 0,
            "crop_right": 0,
            "pix_fmt": "yuv411p",
            "sample_aspect_ratio": "8:9",
            "pict_type": "I",
            "interlaced_frame": 1,
            "top_field_first": 0,
            "repeat_pict": 0,
            "chroma_location": "topleft"
        },
        {
            "media_type": "video",
            "stream_index": 0,
            "key_frame": 1,
            "pts": 428,
            "pts_time": "14.280220",
            "pkt_dts": 428,
            "pkt_dts_time": "14.280220",
            "best_effort_timestamp": 428,
            "best_effort_timestamp_time": "14.280220",
            "duration": 1,
            "duration_time": "0.033365",
            "pkt_pos": "54093276",
            "pkt_size": "120000",
            "width": 720,
            "height": 480,
            "crop_top": 0,
            "crop_bottom": 0,
            "crop_left": 0,
            "crop_right": 0,
            "pix_fmt": "yuv411p",
            "sample_aspect_ratio": "8:9",
            "pict_type": "I",
            "interlaced_frame": 1,
            "top_field_first": 0,
            "repeat_pict": 0,
            "chroma_location": "topleft"
        },
        {
            "media_type": "video",
            "stream_index": 0,
            "key_frame": 1,
            "pts": 429,
            "pts_time": "14.313585",
            "pkt_dts": 429,
            "pkt_dts_time": "14.313585",
            "best_effort_timestamp": 429,
            "best_effort_timestamp_time": "14.313585",
            "duration": 1,
            "duration_time": "0.033365",
            "pkt_pos": "54213284",
            "pkt_size": "120000",
            "width": 720,
            "height": 480,
            "crop_top": 0,
            "crop_bottom": 0,
            "crop_left": 0,
            "crop_right": 0,
            "pix_fmt": "yuv411p",
            "sample_aspect_ratio": "8:9",
            "pict_type": "I",
            "interlaced_frame": 1,
            "top_field_first": 0,
            "repeat_pict": 0,
            "chroma_location": "topleft"
        },
        {
            "media_type": "video",
            "stream_index": 0,
            "key_frame": 1,
            "pts": 430,
            "pts_time": "14.346950",
            "pkt_dts": 430,
            "pkt_dts_time": "14.346950",
            "best_effort_timestamp": 430,
            "best_effort_timestamp_time": "14.346950",
            "duration": 1,
            "duration_time": "0.033365",
            "pkt_pos": "54333292",
            "pkt_size": "120000",
            "width": 720,
            "height": 480,
            "crop_top": 0,
            "crop_bottom": 0,
            "crop_left": 0,
            "crop_right": 0,
            "pix_fmt": "yuv411p",
            "sample_aspect_ratio": "8:9",
            "pict_type": "I",
            "interlaced_frame": 1,
            "top_field_first": 0,
            "repeat_pict": 0,
            "chroma_location": "topleft"
        },
        {
            "media_type": "video",
            "stream_index": 0,
            "key_frame": 1,
            "pts": 431,
            "pts_time": "14.380315",
            "pkt_dts": 431,
            "pkt_dts_time": "14.380315",
            "best_effort_timestamp": 431,
            "best_effort_timestamp_time": "14.380315",
            "duration": 1,
            "duration_time": "0.033365",
            "pkt_pos": "54453300",
            "pkt_size": "120000",
            "width": 720,
            "height": 480,
            "crop_top": 0,
            "crop_bottom": 0,
            "crop_left": 0,
            "crop_right": 0,
            "pix_fmt": "yuv411p",
            "sample_aspect_ratio": "8:9",
            "pict_type": "I",
            "interlaced_frame": 1,
            "top_field_first": 0,
            "repeat_pict": 0,
            "chroma_location": "topleft"
        },
        {
            "media_type": "video",
            "stream_index": 0,
            "key_frame": 1,
            "pts": 432,
            "pts_time": "14.413680",
            "pkt_dts": 432,
            "pkt_dts_time": "14.413680",
            "best_effort_timestamp": 432,
            "best_effort_timestamp_time": "14.413680",
            "duration": 1,
            "duration_time": "0.033365",
            "pkt_pos": "54573308",
            "pkt_size": "120000",
            "width": 720,
            "height": 480,
            "crop_top": 0,
            "crop_bottom": 0,
            "crop_left": 0,
            "crop_right": 0,
            "pix_fmt": "yuv411p",
            "sample_aspect_ratio": "8:9",
            "pict_type": "I",
            "interlaced_frame": 1,
            "top_field_first": 0,
            "repeat_pict": 0,
            "chroma_location": "topleft"
        },
        {
            "media_type": "video",
            "stream_index": 0,
            "key_frame": 1,
            "pts": 433,
            "pts_time": "14.447045",
            "pkt_dts": 433,
            "pkt_dts_time": "14.447045",
            "best_effort_timestamp": 433,
            "best_effort_timestamp_time": "14.447045",
            "duration": 1,
            "duration_time": "0.033365",
            "pkt_pos": "54693316",
            "pkt_size": "120000",
            "width": 720,
            "height": 480,
            "crop_top": 0,
            "crop_bottom": 0,
            "crop_left": 0,
            "crop_right": 0,
            "pix_fmt": "yuv411p",
            "sample_aspect_ratio": "8:9",
            "pict_type": "I",
            "interlaced_frame": 1,
            "top_field_first": 0,
            "repeat_pict": 0,
            "chroma_location": "topleft"
        },
        {
            "media_type": "video",
            "stream_index": 0,
            "key_frame": 1,
            "pts": 434,
            "pts_time": "14.480410",
            "pkt_dts": 434,
            "pkt_dts_time": "14.480410",
            "best_effort_timestamp": 434,
            "best_effort_timestamp_time": "14.480410",
            "duration": 1,
            "duration_time": "0.033365",
            "pkt_pos": "54813324",
            "pkt_size": "120000",
            "width": 720,
            "height": 480,
            "crop_top": 0,
            "crop_bottom": 0,
            "crop_left": 0,
            "crop_right": 0,
            "pix_fmt": "yuv411p",
            "sample_aspect_ratio": "8:9",
            "pict_type": "I",
            "interlaced_frame": 1,
            "top_field_first": 0,
            "repeat_pict": 0,
            "chroma_location": "topleft"
        },
        {
            "media_type": "video",
            "stream_index": 0,
            "key_frame": 1,
            "pts": 435,
            "pts_time": "14.513775",
            "pkt_dts": 435,
            "pkt_dts_time": "14.513775",
            "best_effort_timestamp": 435,
            "best_effort_timestamp_time": "14.513775",
            "duration": 1,
            "duration_time": "0.033365",
            "pkt_pos": "55119124",
            "pkt_size": "120000",
            "width": 720,
            "height": 480,
            "crop_top": 0,
            "crop_bottom": 0,
            "crop_left": 0,
            "crop_right": 0,
            "pix_fmt": "yuv411p",
            "sample_aspect_ratio": "8:9",
            "pict_type": "I",
            "interlaced_frame": 1,
            "top_field_first": 0,
            "repeat_pict": 0,
            "chroma_location": "topleft"
        },
        {
            "media_type": "video",
            "stream_index": 0,
            "key_frame": 1,
            "pts": 436,
            "pts_time": "14.547140",
            "pkt_dts": 436,
            "pkt_dts_time": "14.547140",
            "best_effort_timestamp": 436,
            "best_effort_timestamp_time": "14.547140",
            "duration": 1,
            "duration_time": "0.033365",
            "pkt_pos": "55239132",
            "pkt_size": "120000",
            "width": 720,
            "height": 480,
            "crop_top": 0,
            "crop_bottom": 0,
            "crop_left": 0,
            "crop_right": 0,
            "pix_fmt": "yuv411p",
            "sample_aspect_ratio": "8:9",
            "pict_type": "I",
            "interlaced_frame": 1,
            "top_field_first": 0,
            "repeat_pict": 0,
            "chroma_location": "topleft"
        },
        {
            "media_type": "video",
            "stream_index": 0,
            "key_frame": 1,
            "pts": 437,
            "pts_time": "14.580505",
            "pkt_dts": 437,
            "pkt_dts_time": "14.580505",
            "best_effort_timestamp": 437,
            "best_effort_timestamp_time": "14.580505",
            "duration": 1,
            "duration_time": "0.033365",
            "pkt_pos": "55359140",
            "pkt_size": "120000",
            "width": 720,
            "height": 480,
            "crop_top": 0,
            "crop_bottom": 0,
            "crop_left": 0,
            "crop_right": 0,
            "pix_fmt": "yuv411p",
            "sample_aspect_ratio": "8:9",
            "pict_type": "I",
            "interlaced_frame": 1,
            "top_field_first": 0,
            "repeat_pict": 0,
            "chroma_location": "topleft"
        },
        {
            "media_type": "video",
            "stream_index": 0,
            "key_frame": 1,
            "pts": 438,
            "pts_time": "14.613870",
            "pkt_dts": 438,
            "pkt_dts_time": "14.613870",
            "best_effort_timestamp": 438,
            "best_effort_timestamp_time": "14.613870",
            "duration": 1,
            "duration_time": "0.033365",
            "pkt_pos": "55479148",
            "pkt_size": "120000",
            "width": 720,
            "height": 480,
            "crop_top": 0,
            "crop_bottom": 0,
            "crop_left": 0,
            "crop_right": 0,
            "pix_fmt": "yuv411p",
            "sample_aspect_ratio": "8:9",
            "pict_type": "I",
            "interlaced_frame": 1,
            "top_field_first": 0,
            "repeat_pict": 0,
            "chroma_location": "topleft"
        },
        {
            "media_type": "video",
            "stream_index": 0,
            "key_frame": 1,
            "pts": 439,
            "pts_time": "14.647235",
            "pkt_dts": 439,
            "pkt_dts_time": "14.647235",
            "best_effort_timestamp": 439,
            "best_effort_timestamp_time": "14.647235",
            "duration": 1,
            "duration_time": "0.033365",
            "pkt_pos": "55599156",
            "pkt_size": "120000",
            "width": 720,
            "height": 480,
            "crop_top": 0,
            "crop_bottom": 0,
            "crop_left": 0,
            "crop_right": 0,
            "pix_fmt": "yuv411p",
            "sample_aspect_ratio": "8:9",
            "pict_type": "I",
            "interlaced_frame": 1,
            "top_field_first": 0,
            "repeat_pict": 0,
            "chroma_location": "topleft"
        },
        {
            "media_type": "video",
            "stream_index": 0,
            "key_frame": 1,
            "pts": 440,
            "pts_time": "14.680600",
            "pkt_dts": 440,
            "pkt_dts_time": "14.680600",
            "best_effort_timestamp": 440,
            "best_effort_timestamp_time": "14.680600",
            "duration": 1,
            "duration_time": "0.033365",
            "pkt_pos": "55719164",
            "pkt_size": "120000",
            "width": 720,
            "height": 480,
            "crop_top": 0,
            "crop_bottom": 0,
            "crop_left": 0,
            "crop_right": 0,
            "pix_fmt": "yuv411p",
            "sample_aspect_ratio": "8:9",
            "pict_type": "I",
            "interlaced_frame": 1,
            "top_field_first": 0,
            "repeat_pict": 0,
            "chroma_location": "topleft"
        },
        {
            "media_type": "video",
            "stream_index": 0,
            "key_frame": 1,
            "pts": 441,
            "pts_time": "14.713965",
            "pkt_dts": 441,
            "pkt_dts_time": "14.713965",
            "best_effort_timestamp": 441,
            "best_effort_timestamp_time": "14.713965",
            "duration": 1,
            "duration_time": "0.033365",
            "pkt_pos": "55839172",
            "pkt_size": "120000",
            "width": 720,
            "height": 480,
            "crop_top": 0,
            "crop_bottom": 0,
            "crop_left": 0,
            "crop_right": 0,
            "pix_fmt": "yuv411p",
            "sample_aspect_ratio": "8:9",
            "pict_type": "I",
            "interlaced_frame": 1,
            "top_field_first": 0,
            "repeat_pict": 0,
            "chroma_location": "topleft"
        },
        {
            "media_type": "video",
            "stream_index": 0,
            "key_frame": 1,
            "pts": 442,
            "pts_time": "14.747330",
            "pkt_dts": 442,
            "pkt_dts_time": "14.747330",
            "best_effort_timestamp": 442,
            "best_effort_timestamp_time": "14.747330",
            "duration": 1,
            "duration_time": "0.033365",
            "pkt_pos": "55959180",
            "pkt_size": "120000",
            "width": 720,
            "height": 480,
            "crop_top": 0,
            "crop_bottom": 0,
            "crop_left": 0,
            "crop_right": 0,
            "pix_fmt": "yuv411p",
            "sample_aspect_ratio": "8:9",
            "pict_type": "I",
            "interlaced_frame": 1,
            "top_field_first": 0,
            "repeat_pict": 0,
            "chroma_location": "topleft"
        },
        {
            "media_type": "video",
            "stream_index": 0,
            "key_frame": 1,
            "pts": 443,
            "pts_time": "14.780695",
            "pkt_dts": 443,
            "pkt_dts_time": "14.780695",
            "best_effort_timestamp": 443,
            "best_effort_timestamp_time": "14.780695",
            "duration": 1,
            "duration_time": "0.033365",
            "pkt_pos": "56079188",
            "pkt_size": "120000",
            "width": 720,
            "height": 480,
            "crop_top": 0,
            "crop_bottom": 0,
            "crop_left": 0,
            "crop_right": 0,
            "pix_fmt": "yuv411p",
            "sample_aspect_ratio": "8:9",
            "pict_type": "I",
            "interlaced_frame": 1,
            "top_field_first": 0,
            "repeat_pict": 0,
            "chroma_location": "topleft"
        },
        {
            "media_type": "video",
            "stream_index": 0,
            "key_frame": 1,
            "pts": 444,
            "pts_time": "14.814060",
            "pkt_dts": 444,
            "pkt_dts_time": "14.814060",
            "best_effort_timestamp": 444,
            "best_effort_timestamp_time": "14.814060",
            "duration": 1,
            "duration_time": "0.033365",
            "pkt_pos": "56199196",
            "pkt_size": "120000",
            "width": 720,
            "height": 480,
            "crop_top": 0,
            "crop_bottom": 0,
            "crop_left": 0,
            "crop_right": 0,
            "pix_fmt": "yuv411p",
            "sample_aspect_ratio": "8:9",
            "pict_type": "I",
            "interlaced_frame": 1,
            "top_field_first": 0,
            "repeat_pict": 0,
            "chroma_location": "topleft"
        },
        {
            "media_type": "video",
            "stream_index": 0,
            "key_frame": 1,
            "pts": 445,
            "pts_time": "14.847425",
            "pkt_dts": 445,
            "pkt_dts_time": "14.847425",
            "best_effort_timestamp": 445,
            "best_effort_timestamp_time": "14.847425",
            "duration": 1,
            "duration_time": "0.033365",
            "pkt_pos": "56319204",
            "pkt_size": "120000",
            "width": 720,
            "height": 480,
            "crop_top": 0,
            "crop_bottom": 0,
            "crop_left": 0,
            "crop_right": 0,
            "pix_fmt": "yuv411p",
            "sample_aspect_ratio": "8:9",
            "pict_type": "I",
            "interlaced_frame": 1,
            "top_field_first": 0,
            "repeat_pict": 0,
            "chroma_location": "topleft"
        },
        {
            "media_type": "video",
            "stream_index": 0,
            "key_frame": 1,
            "pts": 446,
            "pts_time": "14.880790",
            "pkt_dts": 446,
            "pkt_dts_time": "14.880790",
            "best_effort_timestamp": 446,
            "best_effort_timestamp_time": "14.880790",
            "duration": 1,
            "duration_time": "0.033365",
            "pkt_pos": "56439212",
            "pkt_size": "120000",
            "width": 720,
            "height": 480,
            "crop_top": 0,
            "crop_bottom": 0,
            "crop_left": 0,
            "crop_right": 0,
            "pix_fmt": "yuv411p",
            "sample_aspect_ratio": "8:9",
            "pict_type": "I",
            "interlaced_frame": 1,
            "top_field_first": 0,
            "repeat_pict": 0,
            "chroma_location": "topleft"
        },
        {
            "media_type": "video",
            "stream_index": 0,
            "key_frame": 1,
            "pts": 447,
            "pts_time": "14.914155",
            "pkt_dts": 447,
            "pkt_dts_time": "14.914155",
            "best_effort_timestamp": 447,
            "best_effort_timestamp_time": "14.914155",
            "duration": 1,
            "duration_time": "0.033365",
            "pkt_pos": "56559220",
            "pkt_size": "120000",
            "width": 720,
            "height": 480,
            "crop_top": 0,
            "crop_bottom": 0,
            "crop_left": 0,
            "crop_right": 0,
            "pix_fmt": "yuv411p",
            "sample_aspect_ratio": "8:9",
            "pict_type": "I",
            "interlaced_frame": 1,
            "top_field_first": 0,
            "repeat_pict": 0,
            "chroma_location": "topleft"
        },
        {
            "media_type": "video",
            "stream_index": 0,
            "key_frame": 1,
            "pts": 448,
            "pts_time": "14.947520",
            "pkt_dts": 448,
            "pkt_dts_time": "14.947520",
            "best_effort_timestamp": 448,
            "best_effort_timestamp_time": "14.947520",
            "duration": 1,
            "duration_time": "0.033365",
            "pkt_pos": "56679228",
            "pkt_size": "120000",
            "width": 720,
            "height": 480,
            "crop_top": 0,
            "crop_bottom": 0,
            "crop_left": 0,
            "crop_right": 0,
            "pix_fmt": "yuv411p",
            "sample_aspect_ratio": "8:9",
            "pict_type": "I",
            "interlaced_frame": 1,
            "top_field_first": 0,
            "repeat_pict": 0,
            "chroma_location": "topleft"
        },
        {
            "media_type": "video",
            "stream_index": 0,
            "key_frame": 1,
            "pts": 449,
            "pts_time": "14.980885",
            "pkt_dts": 449,
            "pkt_dts_time": "14.980885",
            "best_effort_timestamp": 449,
            "best_effort_timestamp_time": "14.980885",
            "duration": 1,
            "duration_time": "0.033365",
            "pkt_pos": "56799236",
            "pkt_size": "120000",
            "width": 720,
            "height": 480,
            "crop_top": 0,
            "crop_bottom": 0,
            "crop_left": 0,
            "crop_right": 0,
            "pix_fmt": "yuv411p",
            "sample_aspect_ratio": "8:9",
            "pict_type": "I",
            "interlaced_frame": 1,
            "top_field_first": 0,
            "repeat_pict": 0,
            "chroma_location": "topleft"
        },
        {
            "media_type": "video",
            "stream_index": 0,
            "key_frame": 1,
            "pts": 450,
            "pts_time": "15.014250",
            "pkt_dts": 450,
            "pkt_dts_time": "15.014250",
            "best_effort_timestamp": 450,
            "best_effort_timestamp_time": "15.014250",
            "duration": 1,
            "duration_time": "0.033365",
            "pkt_pos": "56919244",
            "pkt_size": "120000",
            "width": 720,
            "height": 480,
            "crop_top": 0,
            "crop_bottom": 0,
            "crop_left": 0,
            "crop_right": 0,
            "pix_fmt": "yuv411p",
            "sample_aspect_ratio": "8:9",
            "pict_type": "I",
            "interlaced_frame": 1,
            "top_field_first": 0,
            "repeat_pict": 0,
            "chroma_location": "topleft"
        },
        {
            "media_type": "video",
            "stream_index": 0,
            "key_frame": 1,
            "pts": 451,
            "pts_time": "15.047615",
            "pkt_dts": 451,
            "pkt_dts_time": "15.047615",
            "best_effort_timestamp": 451,
            "best_effort_timestamp_time": "15.047615",
            "duration": 1,
            "duration_time": "0.033365",
            "pkt_pos": "57039252",
            "pkt_size": "120000",
            "width": 720,
            "height": 480,
            "crop_top": 0,
            "crop_bottom": 0,
            "crop_left": 0,
            "crop_right": 0,
            "pix_fmt": "yuv411p",
            "sample_aspect_ratio": "8:9",
            "pict_type": "I",
            "interlaced_frame": 1,
            "top_field_first": 0,
            "repeat_pict": 0,
            "chroma_location": "topleft"
        },
        {
            "media_type": "video",
            "stream_index": 0,
            "key_frame": 1,
            "pts": 452,
            "pts_time": "15.080980",
            "pkt_dts": 452,
            "pkt_dts_time": "15.080980",
            "best_effort_timestamp": 452,
            "best_effort_timestamp_time": "15.080980",
            "duration": 1,
            "duration_time": "0.033365",
            "pkt_pos": "57159260",
            "pkt_size": "120000",
            "width": 720,
            "height": 480,
            "crop_top": 0,
            "crop_bottom": 0,
            "crop_left": 0,
            "crop_right": 0,
            "pix_fmt": "yuv411p",
            "sample_aspect_ratio": "8:9",
            "pict_type": "I",
            "interlaced_frame": 1,
            "top_field_first": 0,
            "repeat_pict": 0,
            "chroma_location": "topleft"
        },
        {
            "media_type": "video",
            "stream_index": 0,
            "key_frame": 1,
            "pts": 453,
            "pts_time": "15.114345",
            "pkt_dts": 453,
            "pkt_dts_time": "15.114345",
            "best_effort_timestamp": 453,
            "best_effort_timestamp_time": "15.114345",
            "duration": 1,
            "duration_time": "0.033365",
            "pkt_pos": "57279268",
            "pkt_size": "120000",
            "width": 720,
            "height": 480,
            "crop_top": 0,
            "crop_bottom": 0,
            "crop_left": 0,
            "crop_right": 0,
            "pix_fmt": "yuv411p",
            "sample_aspect_ratio": "8:9",
            "pict_type": "I",
            "interlaced_frame": 1,
            "top_field_first": 0,
            "repeat_pict": 0,
            "chroma_location": "topleft"
        },
        {
            "media_type": "video",
            "stream_index": 0,
            "key_frame": 1,
            "pts": 454,
            "pts_time": "15.147710",
            "pkt_dts": 454,
            "pkt_dts_time": "15.147710",
            "best_effort_timestamp": 454,
            "best_effort_timestamp_time": "15.147710",
            "duration": 1,
            "duration_time": "0.033365",
            "pkt_pos": "57399276",
            "pkt_size": "120000",
            "width": 720,
            "height": 480,
            "crop_top": 0,
            "crop_bottom": 0,
            "crop_left": 0,
            "crop_right": 0,
            "pix_fmt": "yuv411p",
            "sample_aspect_ratio": "8:9",
            "pict_type": "I",
            "interlaced_frame": 1,
            "top_field_first": 0,
            "repeat_pict": 0,
            "chroma_location": "topleft"
        },
        {
            "media_type": "video",
            "stream_index": 0,
            "key_frame": 1,
            "pts": 455,
            "pts_time": "15.181075",
            "pkt_dts": 455,
            "pkt_dts_time": "15.181075",
            "best_effort_timestamp": 455,
            "best_effort_timestamp_time": "15.181075",
            "duration": 1,
            "duration_time": "0.033365",
            "pkt_pos": "57519284",
            "pkt_size": "120000",
            "width": 720,
            "height": 480,
            "crop_top": 0,
            "crop_bottom": 0,
            "crop_left": 0,
            "crop_right": 0,
            "pix_fmt": "yuv411p",
            "sample_aspect_ratio": "8:9",
            "pict_type": "I",
            "interlaced_frame": 1,
            "top_field_first": 0,
            "repeat_pict": 0,
            "chroma_location": "topleft"
        },
        {
            "media_type": "video",
            "stream_index": 0,
            "key_frame": 1,
            "pts": 456,
            "pts_time": "15.214440",
            "pkt_dts": 456,
            "pkt_dts_time": "15.214440",
            "best_effort_timestamp": 456,
            "best_effort_timestamp_time": "15.214440",
            "duration": 1,
            "duration_time": "0.033365",
            "pkt_pos": "57639292",
            "pkt_size": "120000",
            "width": 720,
            "height": 480,
            "crop_top": 0,
            "crop_bottom": 0,
            "crop_left": 0,
            "crop_right": 0,
            "pix_fmt": "yuv411p",
            "sample_aspect_ratio": "8:9",
            "pict_type": "I",
            "interlaced_frame": 1,
            "top_field_first": 0,
            "repeat_pict": 0,
            "chroma_location": "topleft"
        },
        {
            "media_type": "video",
            "stream_index": 0,
            "key_frame": 1,
            "pts": 457,
            "pts_time": "15.247805",
            "pkt_dts": 457,
            "pkt_dts_time": "15.247805",
            "best_effort_timestamp": 457,
            "best_effort_timestamp_time": "15.247805",
            "duration": 1,
            "duration_time": "0.033365",
            "pkt_pos": "57759300",
            "pkt_size": "120000",
            "width": 720,
            "height": 480,
            "crop_top": 0,
            "crop_bottom": 0,
            "crop_left": 0,
            "crop_right": 0,
            "pix_fmt": "yuv411p",
            "sample_aspect_ratio": "8:9",
            "pict_type": "I",
            "interlaced_frame": 1,
            "top_field_first": 0,
            "repeat_pict": 0,
            "chroma_location": "topleft"
        },
        {
            "media_type": "video",
            "stream_index": 0,
            "key_frame": 1,
            "pts": 458,
            "pts_time": "15.281170",
            "pkt_dts": 458,
            "pkt_dts_time": "15.281170",
            "best_effort_timestamp": 458,
            "best_effort_timestamp_time": "15.281170",
            "duration": 1,
            "duration_time": "0.033365",
            "pkt_pos": "57879308",
            "pkt_size": "120000",
            "width": 720,
            "height": 480,
            "crop_top": 0,
            "crop_bottom": 0,
            "crop_left": 0,
            "crop_right": 0,
            "pix_fmt": "yuv411p",
            "sample_aspect_ratio": "8:9",
            "pict_type": "I",
            "interlaced_frame": 1,
            "top_field_first": 0,
            "repeat_pict": 0,
            "chroma_location": "topleft"
        },
        {
            "media_type": "video",
            "stream_index": 0,
            "key_frame": 1,
            "pts": 459,
            "pts_time": "15.314535",
            "pkt_dts": 459,
            "pkt_dts_time": "15.314535",
            "best_effort_timestamp": 459,
            "best_effort_timestamp_time": "15.314535",
            "duration": 1,
            "duration_time": "0.033365",
            "pkt_pos": "57999316",
            "pkt_size": "120000",
            "width": 720,
            "height": 480,
            "crop_top": 0,
            "crop_bottom": 0,
            "crop_left": 0,
            "crop_right": 0,
            "pix_fmt": "yuv411p",
            "sample_aspect_ratio": "8:9",
            "pict_type": "I",
            "interlaced_frame": 1,
            "top_field_first": 0,
            "repeat_pict": 0,
            "chroma_location": "topleft"
        },
        {
            "media_type": "video",
            "stream_index": 0,
            "key_frame": 1,
            "pts": 460,
            "pts_time": "15.347900",
            "pkt_dts": 460,
            "pkt_dts_time": "15.347900",
            "best_effort_timestamp": 460,
            "best_effort_timestamp_time": "15.347900",
            "duration": 1,
            "duration_time": "0.033365",
            "pkt_pos": "58119324",
            "pkt_size": "120000",
            "width": 720,
            "height": 480,
            "crop_top": 0,
            "crop_bottom": 0,
            "crop_left": 0,
            "crop_right": 0,
            "pix_fmt": "yuv411p",
            "sample_aspect_ratio": "8:9",
            "pict_type": "I",
            "interlaced_frame": 1,
            "top_field_first": 0,
            "repeat_pict": 0,
            "chroma_location": "topleft"
        },
        {
            "media_type": "video",
            "stream_index": 0,
            "key_frame": 1,
            "pts": 461,
            "pts_time": "15.381265",
            "pkt_dts": 461,
            "pkt_dts_time": "15.381265",
            "best_effort_timestamp": 461,
            "best_effort_timestamp_time": "15.381265",
            "duration": 1,
            "duration_time": "0.033365",
            "pkt_pos": "58239332",
            "pkt_size": "120000",
            "width": 720,
            "height": 480,
            "crop_top": 0,
            "crop_bottom": 0,
            "crop_left": 0,
            "crop_right": 0,
            "pix_fmt": "yuv411p",
            "sample_aspect_ratio": "8:9",
            "pict_type": "I",
            "interlaced_frame": 1,
            "top_field_first": 0,
            "repeat_pict": 0,
            "chroma_location": "topleft"
        },
        {
            "media_type": "video",
            "stream_index": 0,
            "key_frame": 1,
            "pts": 462,
            "pts_time": "15.414630",
            "pkt_dts": 462,
            "pkt_dts_time": "15.414630",
            "best_effort_timestamp": 462,
            "best_effort_timestamp_time": "15.414630",
            "duration": 1,
            "duration_time": "0.033365",
            "pkt_pos": "58359340",
            "pkt_size": "120000",
            "width": 720,
            "height": 480,
            "crop_top": 0,
            "crop_bottom": 0,
            "crop_left": 0,
            "crop_right": 0,
            "pix_fmt": "yuv411p",
            "sample_aspect_ratio": "8:9",
            "pict_type": "I",
            "interlaced_frame": 1,
            "top_field_first": 0,
            "repeat_pict": 0,
            "chroma_location": "topleft"
        },
        {
            "media_type": "video",
            "stream_index": 0,
            "key_frame": 1,
            "pts": 463,
            "pts_time": "15.447995",
            "pkt_dts": 463,
            "pkt_dts_time": "15.447995",
            "best_effort_timestamp": 463,
            "best_effort_timestamp_time": "15.447995",
            "duration": 1,
            "duration_time": "0.033365",
            "pkt_pos": "58479348",
            "pkt_size": "120000",
            "width": 720,
            "height": 480,
            "crop_top": 0,
            "crop_bottom": 0,
            "crop_left": 0,
            "crop_right": 0,
            "pix_fmt": "yuv411p",
            "sample_aspect_ratio": "8:9",
            "pict_type": "I",
            "interlaced_frame": 1,
            "top_field_first": 0,
            "repeat_pict": 0,
            "chroma_location": "topleft"
        },
        {
            "media_type": "video",
            "stream_index": 0,
            "key_frame": 1,
            "pts": 464,
            "pts_time": "15.481360",
            "pkt_dts": 464,
            "pkt_dts_time": "15.481360",
            "best_effort_timestamp": 464,
            "best_effort_timestamp_time": "15.481360",
            "duration": 1,
            "duration_time": "0.033365",
            "pkt_pos": "58785152",
            "pkt_size": "120000",
            "width": 720,
            "height": 480,
            "crop_top": 0,
            "crop_bottom": 0,
            "crop_left": 0,
            "crop_right": 0,
            "pix_fmt": "yuv411p",
            "sample_aspect_ratio": "8:9",
            "pict_type": "I",
            "interlaced_frame": 1,
            "top_field_first": 0,
            "repeat_pict": 0,
            "chroma_location": "topleft"
        },
        {
            "media_type": "video",
            "stream_index": 0,
            "key_frame": 1,
            "pts": 465,
            "pts_time": "15.514725",
            "pkt_dts": 465,
            "pkt_dts_time": "15.514725",
            "best_effort_timestamp": 465,
            "best_effort_timestamp_time": "15.514725",
            "duration": 1,
            "duration_time": "0.033365",
            "pkt_pos": "58905160",
            "pkt_size": "120000",
            "width": 720,
            "height": 480,
            "crop_top": 0,
            "crop_bottom": 0,
            "crop_left": 0,
            "crop_right": 0,
            "pix_fmt": "yuv411p",
            "sample_aspect_ratio": "8:9",
            "pict_type": "I",
            "interlaced_frame": 1,
            "top_field_first": 0,
            "repeat_pict": 0,
            "chroma_location": "topleft"
        },
        {
            "media_type": "video",
            "stream_index": 0,
            "key_frame": 1,
            "pts": 466,
            "pts_time": "15.548090",
            "pkt_dts": 466,
            "pkt_dts_time": "15.548090",
            "best_effort_timestamp": 466,
            "best_effort_timestamp_time": "15.548090",
            "duration": 1,
            "duration_time": "0.033365",
            "pkt_pos": "59025168",
            "pkt_size": "120000",
            "width": 720,
            "height": 480,
            "crop_top": 0,
            "crop_bottom": 0,
            "crop_left": 0,
            "crop_right": 0,
            "pix_fmt": "yuv411p",
            "sample_aspect_ratio": "8:9",
            "pict_type": "I",
            "interlaced_frame": 1,
            "top_field_first": 0,
            "repeat_pict": 0,
            "chroma_location": "topleft"
        },
        {
            "media_type": "video",
            "stream_index": 0,
            "key_frame": 1,
            "pts": 467,
            "pts_time": "15.581455",
            "pkt_dts": 467,
            "pkt_dts_time": "15.581455",
            "best_effort_timestamp": 467,
            "best_effort_timestamp_time": "15.581455",
            "duration": 1,
            "duration_time": "0.033365",
            "pkt_pos": "59145176",
            "pkt_size": "120000",
            "width": 720,
            "height": 480,
            "crop_top": 0,
            "crop_bottom": 0,
            "crop_left": 0,
            "crop_right": 0,
            "pix_fmt": "yuv411p",
            "sample_aspect_ratio": "8:9",
            "pict_type": "I",
            "interlaced_frame": 1,
            "top_field_first": 0,
            "repeat_pict": 0,
            "chroma_location": "topleft"
        },
        {
            "media_type": "video",
            "stream_index": 0,
            "key_frame": 1,
            "pts": 468,
            "pts_time": "15.614820",
            "pkt_dts": 468,
            "pkt_dts_time": "15.614820",
            "best_effort_timestamp": 468,
            "best_effort_timestamp_time": "15.614820",
            "duration": 1,
            "duration_time": "0.033365",
            "pkt_pos": "59265184",
            "pkt_size": "120000",
            "width": 720,
            "height": 480,
            "crop_top": 0,
            "crop_bottom": 0,
            "crop_left": 0,
            "crop_right": 0,
            "pix_fmt": "yuv411p",
            "sample_aspect_ratio": "8:9",
            "pict_type": "I",
            "interlaced_frame": 1,
            "top_field_first": 0,
            "repeat_pict": 0,
            "chroma_location": "topleft"
        },
        {
            "media_type": "video",
            "stream_index": 0,
            "key_frame": 1,
            "pts": 469,
            "pts_time": "15.648185",
            "pkt_dts": 469,
            "pkt_dts_time": "15.648185",
            "best_effort_timestamp": 469,
            "best_effort_timestamp_time": "15.648185",
            "duration": 1,
            "duration_time": "0.033365",
            "pkt_pos": "59385192",
            "pkt_size": "120000",
            "width": 720,
            "height": 480,
            "crop_top": 0,
            "crop_bottom": 0,
            "crop_left": 0,
            "crop_right": 0,
            "pix_fmt": "yuv411p",
            "sample_aspect_ratio": "8:9",
            "pict_type": "I",
            "interlaced_frame": 1,
            "top_field_first": 0,
            "repeat_pict": 0,
            "chroma_location": "topleft"
        },
        {
            "media_type": "video",
            "stream_index": 0,
            "key_frame": 1,
            "pts": 470,
            "pts_time": "15.681550",
            "pkt_dts": 470,
            "pkt_dts_time": "15.681550",
            "best_effort_timestamp": 470,
            "best_effort_timestamp_time": "15.681550",
            "duration": 1,
            "duration_time": "0.033365",
            "pkt_pos": "59505200",
            "pkt_size": "120000",
            "width": 720,
            "height": 480,
            "crop_top": 0,
            "crop_bottom": 0,
            "crop_left": 0,
            "crop_right": 0,
            "pix_fmt": "yuv411p",
            "sample_aspect_ratio": "8:9",
            "pict_type": "I",
            "interlaced_frame": 1,
            "top_field_first": 0,
            "repeat_pict": 0,
            "chroma_location": "topleft"
        },
        {
            "media_type": "video",
            "stream_index": 0,
            "key_frame": 1,
            "pts": 471,
            "pts_time": "15.714915",
            "pkt_dts": 471,
            "pkt_dts_time": "15.714915",
            "best_effort_timestamp": 471,
            "best_effort_timestamp_time": "15.714915",
            "duration": 1,
            "duration_time": "0.033365",
            "pkt_pos": "59625208",
            "pkt_size": "120000",
            "width": 720,
            "height": 480,
            "crop_top": 0,
            "crop_bottom": 0,
            "crop_left": 0,
            "crop_right": 0,
            "pix_fmt": "yuv411p",
            "sample_aspect_ratio": "8:9",
            "pict_type": "I",
            "interlaced_frame": 1,
            "top_field_first": 0,
            "repeat_pict": 0,
            "chroma_location": "topleft"
        },
        {
            "media_type": "video",
            "stream_index": 0,
            "key_frame": 1,
            "pts": 472,
            "pts_time": "15.748280",
            "pkt_dts": 472,
            "pkt_dts_time": "15.748280",
            "best_effort_timestamp": 472,
            "best_effort_timestamp_time": "15.748280",
            "duration": 1,
            "duration_time": "0.033365",
            "pkt_pos": "59745216",
            "pkt_size": "120000",
            "width": 720,
            "height": 480,
            "crop_top": 0,
            "crop_bottom": 0,
            "crop_left": 0,
            "crop_right": 0,
            "pix_fmt": "yuv411p",
            "sample_aspect_ratio": "8:9",
            "pict_type": "I",
            "interlaced_frame": 1,
            "top_field_first": 0,
            "repeat_pict": 0,
            "chroma_location": "topleft"
        },
        {
            "media_type": "video",
            "stream_index": 0,
            "key_frame": 1,
            "pts": 473,
            "pts_time": "15.781645",
            "pkt_dts": 473,
            "pkt_dts_time": "15.781645",
            "best_effort_timestamp": 473,
            "best_effort_timestamp_time": "15.781645",
            "duration": 1,
            "duration_time": "0.033365",
            "pkt_pos": "59865224",
            "pkt_size": "120000",
            "width": 720,
            "height": 480,
            "crop_top": 0,
            "crop_bottom": 0,
            "crop_left": 0,
            "crop_right": 0,
            "pix_fmt": "yuv411p",
            "sample_aspect_ratio": "8:9",
            "pict_type": "I",
            "interlaced_frame": 1,
            "top_field_first": 0,
            "repeat_pict": 0,
            "chroma_location": "topleft"
        },
        {
            "media_type": "video",
            "stream_index": 0,
            "key_frame": 1,
            "pts": 474,
            "pts_time": "15.815010",
            "pkt_dts": 474,
            "pkt_dts_time": "15.815010",
            "best_effort_timestamp": 474,
            "best_effort_timestamp_time": "15.815010",
            "duration": 1,
            "duration_time": "0.033365",
            "pkt_pos": "59985232",
            "pkt_size": "120000",
            "width": 720,
            "height": 480,
            "crop_top": 0,
            "crop_bottom": 0,
            "crop_left": 0,
            "crop_right": 0,
            "pix_fmt": "yuv411p",
            "sample_aspect_ratio": "8:9",
            "pict_type": "I",
            "interlaced_frame": 1,
            "top_field_first": 0,
            "repeat_pict": 0,
            "chroma_location": "topleft"
        }
    ],
    "streams": [
        {
            "index": 0,
            "codec_name": "dvvideo",
            "codec_long_name": "DV (Digital Video)",
            "codec_type": "video",
            "codec_tag_string": "dvsd",
            "codec_tag": "0x64737664",
            "width": 720,
            "height": 480,
            "coded_width": 720,
            "coded_height": 480,
            "closed_captions": 0,
            "film_grain": 0,
            "has_b_frames": 0,
            "sample_aspect_ratio": "8:9",
            "display_aspect_ratio": "4:3",
            "pix_fmt": "yuv411p",
            "level": -99,
            "chroma_location": "topleft",
            "refs": 1,
            "r_frame_rate": "30000/1001",
            "avg_frame_rate": "200000/6673",
            "time_base": "6673/200000",
            "start_pts": 0,
            "start_time": "0.000000",
            "duration_ts": 475,
            "duration": "15.848375",
            "bit_rate": "28771229",
            "nb_frames": "475",
            "nb_read_frames": "475",
            "disposition": {
                "default": 0,
                "dub": 0,
                "original": 0,
                "comment": 0,
                "lyrics": 0,
                "karaoke": 0,
                "forced": 0,
                "hearing_impaired": 0,
                "visual_impaired": 0,
                "clean_effects": 0,
                "attached_pic": 0,
                "timed_thumbnails": 0,
                "non_diegetic": 0,
                "captions": 0,
                "descriptions": 0,
                "metadata": 0,
                "dependent": 0,
                "still_image": 0,
                "multilayer": 0
            }
        }
    ],
    "format": {
        "filename": "/Users/admin/docs/911-worktrees/sherlock-wtc7-investigation/research/sherlock-wtc7-investigation/late-fire-catalog-join/sources/cbs-net-dub5-15.avi",
        "nb_streams": 2,
        "nb_programs": 0,
        "nb_stream_groups": 0,
        "format_name": "avi",
        "format_long_name": "AVI (Audio Video Interleaved)",
        "start_time": "0.000000",
        "duration": "15.848375",
        "size": "60183924",
        "bit_rate": "30379858",
        "probe_score": 100
    }
}
