#format: frame checksums
#version: 2
#hash: MD5
#software: Lavf61.7.100
#tb 0: 1/1000
#media_type 0: video
#codec_id 0: rawvideo
#dimensions 0: 320x240
#sar 0: 0/1
#stream#, dts,        pts, duration,     size, hash
0,         33,         33,       67,   115200, 7d53eca485d98d7b557cc791bc53c020
0,        100,        100,       67,   115200, 3dcaddc0b2dd0f54ba7362ed50e34ae1
0,        166,        166,       67,   115200, 868ddb13352915803eb7e583e4b99052
0,        233,        233,       67,   115200, f31be6d122d1eaf080580e2015ab3587
0,        300,        300,       67,   115200, e93fa9920f29909d38cbc33945a50189
0,        367,        367,       67,   115200, 9a499a95c4d0d6536b40aad5a4c9e8bb
0,        433,        433,       67,   115200, f3fa1898d138c20355eafd6de8345fe2
0,        500,        500,       67,   115200, f427df436fcb97c24a497d7ade7cd1cf
0,        567,        567,       67,   115200, c3f2bfd8d2bedfc46f0ac054c1523525
0,        633,        633,       67,   115200, d4a4f94bc46344be1207d38aed017e3c
0,        700,        700,       67,   115200, a7336816f1e3b7586da065fec0ccf29d
0,        767,        767,       67,   115200, 73f12406337accebd5e89890b758e476
0,        834,        834,       67,   115200, b835190636b6e92c3928b018a3435ed6
0,        900,        900,       67,   115200, b9cc1ff33c85a3ee7f2dc892447f2ebb
0,        967,        967,       67,   115200, 3e5627943f4f69961de847e3b530f5b8
0,       1034,       1034,       67,   115200, 7aa786c8ad350de95e961394c49b4d52
0,       1101,       1101,       67,   115200, f826a97a535bf01d6fcc4e2377a2f906
0,       1167,       1167,       67,   115200, 4d771390dab10a108f6b3b2af702cc1d
0,       1234,       1234,       67,   115200, 0914443ee360a064a1df0fcbc0240162
0,       1301,       1301,       67,   115200, 93b48ef18ef989a191f96c4f5c374820
0,       1368,       1368,       67,   115200, 4097492990360b7e10aa3775a462585b
0,       1434,       1434,       67,   115200, 533cc96e815b36d377c157b3b910f9ce
0,       1501,       1501,       67,   115200, b53ee14df8f88ec32a2bfcfddc6449f0
0,       1568,       1568,       67,   115200, 948e95ed2e6b889ac259a1c194558fcd
0,       1634,       1634,       67,   115200, d8a9b32f9d8e77ab3a8da4bf78a30fb7
0,       1701,       1701,       67,   115200, 4e0b5ca94ccc0a39ffe05cd908c884f3
0,       1768,       1768,       67,   115200, a39f85189c9717167581dc06e61d0c8f
0,       1835,       1835,       67,   115200, 31013293f153fea228f53f7e550cb571
0,       1901,       1901,       67,   115200, 81adf196d9fa546cde77826addc80fe9
0,       1968,       1968,       67,   115200, f019c2dc52c8d53447b787e8180985b2
0,       2035,       2035,       67,   115200, 6c31bbf4745d315e3a7eb938a3ff8d1d
0,       2102,       2102,       67,   115200, 1d71f159434aca267cee1e68df4c4fc8
0,       2168,       2168,       67,   115200, 2fc1481f19baf5d5f2e4d13e2017c6e6
0,       2235,       2235,       67,   115200, a192d8026c86efe5ad04ee9dc79a3186
0,       2302,       2302,       67,   115200, 5721e3decb6833e4a8fb6867f21c821a
0,       2369,       2369,       67,   115200, 0c40cd24587b0ad902cc3596ccecfbd0
0,       2435,       2435,       67,   115200, b171864aa4dc5bcdf37ee9d68feeb64b
0,       2502,       2502,       67,   115200, b2c720ba60cfebd7941c825af7951842
0,       2569,       2569,       67,   115200, 31071d5430d4a3ca58c5a08143821ca8
0,       2635,       2635,       67,   115200, 96dd16f08fc7f9d1b28301ca91887f32
0,       2702,       2702,       67,   115200, cef3196cf8849e36493d687bb15825b7
0,       2769,       2769,       66,   115200, 4556bb17a6947df88c95747c73c85874
0,       2836,       2836,       66,   115200, bec588951995bab528c0c1b691f16283
0,       2902,       2902,       66,   115200, cd5148cd5b8f215d24281026cb0c65fc
0,       2969,       2969,       66,   115200, 6f06694900538b02fbdf8d6b2872bd21
0,       3036,       3036,       66,   115200, 1d7c2fe977dca448a97625c5a41a0cdf
0,       3103,       3103,       66,   115200, f7278d30e933bc49c99d4562f95f94c7
0,       3169,       3169,       66,   115200, 3591f550f0b42ea1a6c2879453bc9d98
0,       3236,       3236,       66,   115200, b8a7d0f5f03307f79e8f6d49ee60c33e
0,       3303,       3303,       66,   115200, 5babe909db838fddb1b845b067712b3f
0,       3370,       3370,       66,   115200, 4ff17ab54b9213d242f1cff52d6cc8bb
0,       3436,       3436,       66,   115200, b02147b900b06c72bbfe173ec59302cd
0,       3503,       3503,       66,   115200, e6af68e55ec35c3f79176064bdc47312
0,       3570,       3570,       66,   115200, 6b21711c2b9957e333c04553f3531cfc
0,       3636,       3636,       66,   115200, c4d727017632b64c96647bf4ca786c5b
0,       3703,       3703,       66,   115200, aead0fe5141dddcc4168bb662e5fd55b
0,       3770,       3770,       66,   115200, 8141ca818943ceb9f4f22c212cc24461
0,       3837,       3837,       66,   115200, 8249b7b8726c28481b5b0878afe86474
0,       3903,       3903,       66,   115200, 9f2cdbc8a30ba407d8a302148cf50c7c
0,       3970,       3970,       66,   115200, 7104cf73b3d2970637794ce6705431c2
0,       4037,       4037,       66,   115200, 24915d6daec514b039288f7efe31c39c
0,       4104,       4104,       66,   115200, 27e51161a314bc7871c1b704a3145dd4
0,       4170,       4170,       66,   115200, 330f3995f75901408c760aecfcd72200
0,       4237,       4237,       66,   115200, 7f2b2c515f852b5f8c547ba805fa37ee
0,       4304,       4304,       66,   115200, 289185a664bd2427542686e67f170eef
0,       4371,       4371,       66,   115200, e3220604ca60b38701aab27710e2f30a
0,       4437,       4437,       66,   115200, 5f8b1c1cbd48edb63c9280b03028f145
0,       4504,       4504,       66,   115200, 4e32f7b844974006837a5bf402a14e8c
0,       4571,       4571,       66,   115200, 5082d3c0d8e02830c3dce6c500459b07
0,       4637,       4637,       66,   115200, c23cb9d77193408fa75f3fec6f232662
0,       4704,       4704,       66,   115200, e9b542f09b5b1fb54bd9a2b325f6f540
0,       4771,       4771,       66,   115200, 0083b015f163a4117c9fdda4e3d181ce
0,       4838,       4838,       66,   115200, a9efa238cf04e9907983c58e12987cec
0,       4904,       4904,       66,   115200, 2df87e0669e0586fd26fdfb89826bbbe
0,       4971,       4971,       66,   115200, bb941300a7010d9900d506624e743787
0,       5038,       5038,       66,   115200, 11b6b930f5e331a768d62c740f5514ec
0,       5105,       5105,       66,   115200, 0cd02055d31a93c58d3fa4766d0219d7
0,       5171,       5171,       66,   115200, 7fce04f05e6b7f2c138fbbe440216179
0,       5238,       5238,       66,   115200, 3542547419eff73da8d75173420b4698
0,       5305,       5305,       66,   115200, c11947594b773f387963560dfa2d874f
0,       5372,       5372,       66,   115200, 0b204ab75c439673ee7c10c72c61b615
0,       5438,       5438,       66,   115200, 40dceba4817511586a01c50b19057b4a
0,       5505,       5505,       66,   115200, 025111563a5c7c39033a173e1b94aad9
0,       5572,       5572,       66,   115200, 91747123178883c5bbb9fc9ce14bf174
0,       5638,       5638,       66,   115200, c705a5f6252dba845c88f08d53198998
0,       5705,       5705,       66,   115200, 51750010519ac605bcb60caee52ca417
0,       5772,       5772,       66,   115200, da00e4362b37743e819e12d5ebce471b
0,       5839,       5839,       66,   115200, f9dc02fc0cb1b01ee0d64e0be0eb37f6
0,       5905,       5905,       66,   115200, 92d6907ce453a2073a9f967381e2679d
0,       5972,       5972,       66,   115200, 16942703cf0d4112a80fd4f064c57c4d
0,       6039,       6039,       66,   115200, 8bc1b90f4df2f29718ab4f712123177c
0,       6106,       6106,       66,   115200, 3256cb5fe23213fb31416882730dc635
0,       6172,       6172,       66,   115200, 9c041a12d2a474c902d3273cb9e969ac
0,       6239,       6239,       66,   115200, bfc16efb2b6cb74daf27a1b9c6ac1850
0,       6306,       6306,       66,   115200, ba4ba4c3da53722723d6f4a8e0c2c484
0,       6373,       6373,       66,   115200, 0f0455b6c6ac8df15599b767686f33b0
0,       6439,       6439,       66,   115200, 263021009825816380d61e4b8de41fae
0,       6506,       6506,       66,   115200, 85a062b6a8814d0ffdbc454dad91396b
0,       6573,       6573,       66,   115200, 3d9f0667b9ba143eaf56e93beba97831
0,       6639,       6639,       66,   115200, c9cec932b2f2d485781f26fb962e8143
0,       6706,       6706,       66,   115200, ca9fc7dbf3b1cd026d0399b1e277d14d
0,       6773,       6773,       66,   115200, 26ef7101efd05f1d0b4bd8403445e378
0,       6840,       6840,       66,   115200, 29e7201d0eac26d0f3065b5c1686a210
0,       6906,       6906,       66,   115200, 071294d88aa1003d7081e5104a8e0be3
0,       6973,       6973,       66,   115200, 7ea7660c76d2642faa629749be1ec83e
0,       7040,       7040,       66,   115200, 0bf8323c6333be6f9a1efb36030d0c4d
0,       7107,       7107,       66,   115200, b7606b54afead74726c8f81ad4f8b11d
0,       7173,       7173,       66,   115200, 48627d4d8cac55681716deff7e3ee79c
0,       7240,       7240,       66,   115200, 6c68569c20fd08b2d98ee568a9bb0861
0,       7307,       7307,       66,   115200, 9d220ef63ea8e1b22d4f7720fdb6a10d
0,       7374,       7374,       66,   115200, b0768a05c26955ab5fe42fe0305d0c6c
0,       7440,       7440,       66,   115200, 304f44fe24d75440dad7376a2b09b4eb
0,       7507,       7507,       66,   115200, 177deaa58691ddcf4d0d38abf8bf29e0
0,       7574,       7574,       66,   115200, 3d43c625b92c13f9abb9c57a154dc05c
0,       7640,       7640,       66,   115200, e35d6ae98a1b16d8307be537661a9e47
0,       7707,       7707,       66,   115200, c03c4402570ee10aa55e270ee89f3393
0,       7774,       7774,       66,   115200, 804d64f290ea97279c4b6f3c472da203
0,       7841,       7841,       66,   115200, b9cab37d54ff0e63e931f8c8c5602baf
0,       7907,       7907,       66,   115200, a8a86e05d40aba070246ff936c9d28ac
0,       7974,       7974,       66,   115200, 6a9948dfe2f758d7423471210f9cec06
0,       8041,       8041,       66,   115200, a8c50e77023693b14161b471b6de15d5
0,       8108,       8108,       66,   115200, 9211608976743250854f7efe71146031
0,       8174,       8174,       66,   115200, 81d613ba84c5315bc04820ca81d0c002
0,       8241,       8241,       66,   115200, 7d7ee9c37c6f1c7399c9847b8a664879
0,       8308,       8308,       66,   115200, 4b2a95b1e6474a83d77bb8a5ce43547c
0,       8375,       8375,       66,   115200, 579d7425c3a76022ae22182a00bcf528
0,       8441,       8441,       66,   115200, 4f971ea45308b9ef8eb7b84f798797e9
0,       8508,       8508,       66,   115200, 3f804d27ea07934380d6b66a977141e8
0,       8575,       8575,       66,   115200, f00ff07083003389e2230a120eb562cf
0,       8641,       8641,       66,   115200, bdd42e3a913cd222669b93c35bfa920f
0,       8708,       8708,       66,   115200, 48c1a461da4b6876cb38091086113452
0,       8775,       8775,       66,   115200, e2fd355e62679e608936601818129d59
0,       8842,       8842,       66,   115200, 1f36acf8db65b09c414d31cbbe6020ed
0,       8908,       8908,       66,   115200, 5d9d8493798d4aa392546736ba2b7afe
0,       8975,       8975,       66,   115200, 3f15bac4ef35ea9f1b3e796fbd25e379
0,       9042,       9042,       66,   115200, a80dcd61849bdf634d0751bddb069c9f
0,       9109,       9109,       66,   115200, 2a00bed05ca9c94d53c53e71a858c42f
0,       9175,       9175,       66,   115200, 11c9dc5e3dc2bd0f476551ed70128262
0,       9242,       9242,       66,   115200, 33e0df930f70df9d0cc2c8bc67823f35
0,       9309,       9309,       66,   115200, 457c3f47cf971bfc0f915c948663def0
0,       9376,       9376,       66,   115200, bb8c4790f0b63ca93ae44db4a9c10720
0,       9442,       9442,       66,   115200, 1a8386174de75a8d923d9fb33d32f181
0,       9509,       9509,       66,   115200, 1ccdc014325fd9e6214287b7324adfe1
0,       9576,       9576,       66,   115200, 1eba4cac3891454c36fd1d2747cd1515
0,       9642,       9642,       66,   115200, 33ffa4e402091aad43ae9f257500f55c
0,       9709,       9709,       66,   115200, 0fe8cdd6a44098f387cbd7b1d812e636
0,       9776,       9776,       66,   115200, 26354c8ba142c87166cbd507d5d360cc
0,       9843,       9843,       66,   115200, add720baaf1575ef28a8409ec6d2a737
0,       9909,       9909,       66,   115200, 015d91b611cc039b857a537bd4b5ac9a
0,       9976,       9976,       66,   115200, 0f034eb27b0807b8230db2dac47b68fe
0,      10043,      10043,       66,   115200, 5c028be84e2906b174a36ecc3e36720e
0,      10110,      10110,       66,   115200, 45bd47d901ed0e9e4d1f9a7df1ef3b2c
0,      10176,      10176,       66,   115200, 6ce0560cc609d9ba6cc65eba2f31059e
0,      10243,      10243,       66,   115200, f5264b09cf8ddad7aa8b385ee54fbede
0,      10310,      10310,       66,   115200, e82fb61b6ccf4f4f238493552ef74d2d
0,      10377,      10377,       66,   115200, 1f033876e90b209aee9a2eb2999a2293
0,      10443,      10443,       66,   115200, 43361a00dc42a7775d1bfdd534b21ef6
0,      10510,      10510,       66,   115200, b120f6c5d7d05e4ab74abecaa1a8a1f9
0,      10577,      10577,       66,   115200, 8c341eae5c629a8801a3f795f1cc02cf
0,      10643,      10643,       66,   115200, 6e14049b941106dac6737b46f4aa7142
0,      10710,      10710,       66,   115200, c5a47288c71ca1afa6779d9e069e918c
0,      10777,      10777,       66,   115200, 705e5bd22c648e3d1df53219c89509f3
0,      10844,      10844,       66,   115200, ceb98454986dfdd79e226c4c197174ed
0,      10910,      10910,       66,   115200, 213cad8b2a5329398ad6bd62c282d319
0,      10977,      10977,       66,   115200, 97a711f370f0c0e096cb936fd80f1828
0,      11044,      11044,       66,   115200, 22e46914e180210129e8d3e04b12aeaa
0,      11111,      11111,       66,   115200, cfec07dcf1b5d4ba257fe9a81aa6ef20
0,      11177,      11177,       66,   115200, 48a135bc0907fdf947c4db6deff18353
0,      11244,      11244,       66,   115200, 6ba0cd8b8e3d14dd636192264490b1e1
0,      11311,      11311,       66,   115200, 025f994be71dd909da8d23c70369eafd
0,      11378,      11378,       66,   115200, 5a74a76318257591534827cc16099d9c
0,      11444,      11444,       66,   115200, 802dd13fc0e6afcc4c0f087bd8cf5d51
0,      11511,      11511,       66,   115200, 65866037918d0cbebdb9044fe5b193a8
0,      11578,      11578,       66,   115200, e101dd964f76272f2b21d89e126f4192
0,      11644,      11644,       66,   115200, 907172a8f6a1fcc03e7444468d0d7f18
0,      11711,      11711,       66,   115200, 987aaa93b7f4892b005f84ff802bf4c1
0,      11778,      11778,       66,   115200, 8a8501d96b8831462070c0929899df64
0,      11845,      11845,       66,   115200, 1422a2e53d17184d82c07a94e1c4abc8
0,      11911,      11911,       66,   115200, 5b33d59e1aa04c5ade7f5a65d5d55c28
0,      11978,      11978,       66,   115200, 56926e04af92d7b2111817154ad77e3f
0,      12045,      12045,       66,   115200, 25b67208607a2fabc98703973662eb38
0,      12112,      12112,       66,   115200, 8d94f14d1266f6d6f400e0c344a69798
0,      12178,      12178,       66,   115200, 7b904bb55375c5277a0e511265e411c6
0,      12245,      12245,       66,   115200, 893654d78b06bbf3879241aa27796b22
0,      12312,      12312,       66,   115200, f60cbeb15d02c6c72abdcc193d33f3a5
0,      12379,      12379,       66,   115200, 4cd93eb5c2531210d1825f08556c8078
0,      12445,      12445,       66,   115200, c315b8455d6e6a292f95ff2955d7a062
0,      12512,      12512,       66,   115200, 747a053cab3145b6cafda45309b9f18d
0,      12579,      12579,       66,   115200, b10fa83fc285c12ab571256d8f62e763
0,      12645,      12645,       66,   115200, 6fe80a5de353019f155be30ef2842b57
0,      12712,      12712,       66,   115200, a5edf341d55d1ae445572f8585d50de7
0,      12779,      12779,       66,   115200, 61a43d75189d308a21ec11507db9d38e
0,      12846,      12846,       66,   115200, e6a50b48a3234f296a420f80f6bca3ce
0,      12912,      12912,       66,   115200, 842b407a5d82e6fd163214eb5c340a14
0,      12979,      12979,       66,   115200, ebe2131ea01901ca34d6692e281c7766
0,      13046,      13046,       66,   115200, 9e054cba0b0a3b845627e1d34689e0bb
0,      13113,      13113,       66,   115200, 3fb9b4c11bd67d721dac7670bf023e42
0,      13179,      13179,       66,   115200, 0402a9d5d0ad308da19f1ecb2ee528f5
0,      13246,      13246,       66,   115200, 936321890fd22374c1b86d2e65a219ec
0,      13313,      13313,       66,   115200, 6f25e77d35e657889344afcd5bf5acb0
0,      13380,      13380,       66,   115200, 804cd734aee316df85239c2b73ee07b5
0,      13446,      13446,       66,   115200, 405f457fdfdc367e32755f71f05d8ed9
0,      13513,      13513,       66,   115200, 27f9972316aaa66422664ad1ccc752c8
0,      13580,      13580,       66,   115200, 59c57bb9868d5bc647171353a54db56c
0,      13646,      13646,       66,   115200, 66e8551a7165c337edfb220033664907
0,      13713,      13713,       66,   115200, 562bf44a2fc8a3c8129cfa1986bd6a11
0,      13780,      13780,       66,   115200, 90c21f6e2607449187d494cd6aaa51e0
0,      13847,      13847,       66,   115200, cbc70e4329138e6f115279c1228495d1
0,      13913,      13913,       66,   115200, 200c8b63766b3ca6e976aab8a54dfba4
0,      13980,      13980,       66,   115200, 8b97bb3df62a8996b8689b9174c72d72
0,      14047,      14047,       66,   115200, 51e3663e554c50a37ab748016b5bc4e9
0,      14114,      14114,       66,   115200, 9e5fca04d3072f6e0ff18dc2b531813d
0,      14180,      14180,       66,   115200, 162ab4037cf49df5a62aff2fc27063ae
0,      14247,      14247,       66,   115200, fbfba8c0c4a3bb6601bb784fc28c3e58
0,      14314,      14314,       66,   115200, 6ebd6b14aa0ff201442566a8bd5dae07
0,      14381,      14381,       66,   115200, bdfd8f803e01fef9116bd3946a5b1d3f
0,      14447,      14447,       66,   115200, 4c9dbf182639320efbad7555d9d1b2f0
0,      14514,      14514,       66,   115200, a59e96af3bef0c02619f5664aa902530
0,      14581,      14581,       66,   115200, 19c0f017bef10eb675d8bd055b277aa0
0,      14647,      14647,       66,   115200, c463834ea948b524c2e0a5be2af0824a
0,      14714,      14714,       66,   115200, ea2bc3b3ff0d6dc3333bea413bf34241
0,      14781,      14781,       66,   115200, aba3e704154e7fd93ae10e6313a2255c
0,      14848,      14848,       66,   115200, 5e9b7421e6a7179c5cdb0e56715f827f
0,      14914,      14914,       66,   115200, 7719e5c2166642add723dba6de3df0ef
0,      14981,      14981,       66,   115200, f7fd1f16fd5dcf55d608cbb9229b0986
0,      15048,      15048,       66,   115200, 46fb9698f5c2bfb9045dc4db3095c6ae
0,      15115,      15115,       66,   115200, 9531e4b95219c70bd2b1bb0ae1152722
0,      15181,      15181,       66,   115200, c93fd81480a5418b29e1d24ac0c7c37e
0,      15248,      15248,       66,   115200, 4cee1e9bc8b8a6734a619cf53415d0e4
0,      15315,      15315,       66,   115200, 9a2afef2092f5f2c0c4c89d7b6f8d38d
0,      15382,      15382,       66,   115200, de72b6a8509c1d8632d8495a48355c04
0,      15448,      15448,       66,   115200, 9aa5f35ede6a753fa0d38e2f55bbebc3
0,      15515,      15515,       66,   115200, ccb64ae063c3c38cb3bebac580b1fd4f
0,      15582,      15582,       66,   115200, 065422a3bd309d312823c3873ebb632d
0,      15648,      15648,       66,   115200, 9eee5ea02e4a2427eeddcfd185aca607
0,      15715,      15715,       66,   115200, e2c3899e65c07bded825bc6bce8db398
0,      15782,      15782,       66,   115200, 9678e99cd788f11244baa18dc05ddfd3
0,      15849,      15849,       66,   115200, f5e11e117c162ff1184b477a8057199a
0,      15915,      15915,       66,   115200, c128615b5bcc05d9d1f5925b52412ba9
0,      15982,      15982,       66,   115200, 8c015a8f5b0e07ecc52c628f42a70b0b
0,      16049,      16049,       66,   115200, 3822f4f9931f84f7c8c4eb9b494f2952
0,      16116,      16116,       66,   115200, 6dc8afe22075c63d1a2cabb1f4178e69
0,      16182,      16182,       66,   115200, e2d4785199dc8b3a928a067ab4e87ccf
0,      16249,      16249,       66,   115200, ecab586c68e17288a7b22f4b284bbcfd
0,      16316,      16316,       66,   115200, 4c20b9831008c802cd4bdc89189afd54
0,      16383,      16383,       66,   115200, 188f2657cbf24bdb333c7532bb2c16aa
0,      16449,      16449,       66,   115200, 4350cbbfa8fe882ceceb5ee0daa496a3
0,      16516,      16516,       66,   115200, dcec6dc1abe573c60ae08514f1cb6d71
0,      16583,      16583,       66,   115200, 04de8a433ec638208e164a68f5e1ee07
0,      16649,      16649,       66,   115200, 6cf1c8616bcbd1b8c7cd957c1dec77dd
0,      16716,      16716,       66,   115200, 910f6efbf36003db9f90872c4d64193c
0,      16783,      16783,       66,   115200, d262a511b582737bb3e6de6ddce79fdb
0,      16850,      16850,       66,   115200, f02e049b3d0d59ed7c9acdd1a93be71f
0,      16916,      16916,       66,   115200, dfd1ec579ee665ac3584c1544c5cbad1
0,      16983,      16983,       66,   115200, 207e3d233270ecd9dd8b6700568bf987
0,      17050,      17050,       66,   115200, 69b390e47a260f64b3a4a27741b479a8
0,      17117,      17117,       66,   115200, 33b7f3afab5316e8d9c52f627fde091d
0,      17183,      17183,       66,   115200, c2a46a1f1a5e99593952094a32eb0144
0,      17250,      17250,       66,   115200, eb2113a3cc2f05bf56c3d12ccf763a27
0,      17317,      17317,       66,   115200, 36d90b393aa8685a08718b63305845f5
0,      17384,      17384,       66,   115200, d3909408ea5188d72e75e72778c8b356
0,      17450,      17450,       66,   115200, 30d7bb92bc0f9bcf72fd1b3904bf52a3
0,      17517,      17517,       66,   115200, 5097143127ec9bb31d24ee4a7a6c5041
0,      17584,      17584,       66,   115200, 2ea7284facba8b07da1bac7a0edf6f57
0,      17650,      17650,       66,   115200, 8fb5118fdf3ddd991122797de1ae2787
0,      17717,      17717,       66,   115200, 812ec76d430bd1a09a0472d54a58c56f
0,      17784,      17784,       66,   115200, 989d7910e36f01a16259128bd7152725
0,      17851,      17851,       66,   115200, ca6cebc21a12a4e1e828d39661d7ee92
0,      17917,      17917,       66,   115200, 11cec618c323b3ed0392bf321aa20029
0,      17984,      17984,       66,   115200, 94e7d835005994d9ce1ab124788b7dc0
0,      18051,      18051,       66,   115200, d4ebf4af11069e25e6d511fb4ba1ec46
0,      18118,      18118,       66,   115200, d67345ceee174e44ce89a048670ab09e
0,      18184,      18184,       66,   115200, 408ab1c040952616a4012e6f60deecd3
0,      18251,      18251,       66,   115200, ffefee8dd2ffc163fa1afb8c6c049c87
0,      18318,      18318,       66,   115200, 27214b8be5ecde2b0d99b867d042e2df
0,      18385,      18385,       66,   115200, 675a4675a20af17cd5d90a85cc82ebca
0,      18451,      18451,       66,   115200, 59b2f6eebdb2e4f402a92eb87fc81b78
0,      18518,      18518,       66,   115200, 8fc40db5738f8531abe732235065f070
0,      18585,      18585,       66,   115200, 136a1fe9cdc8ea3de7c973dbfa6007cb
0,      18651,      18651,       66,   115200, f9d12efb2905be8820f745dc1f234eb5
0,      18718,      18718,       66,   115200, b5d72d2dbb9040b079afb689e4455cd2
0,      18785,      18785,       66,   115200, 90bdf34b1d5fc1b1e8de1c931e2c32a7
0,      18852,      18852,       66,   115200, c09c273688e287eead50fbb904dd180e
0,      18918,      18918,       66,   115200, 1cb7f3f870b1a4b9010510643652a7af
0,      18985,      18985,       66,   115200, 5de8bf52e83a62176900291c96fd0c79
0,      19052,      19052,       66,   115200, 97ecb94f11188244a4e1ddf62d7d80a2
0,      19119,      19119,       66,   115200, 6bdbd9551831172f46645b10c2f6c0e3
0,      19185,      19185,       66,   115200, 1497a07fb0ba6b137081e559699cdd00
0,      19252,      19252,       66,   115200, 02fa1bf88ece164817eed969b9e1ffba
0,      19319,      19319,       66,   115200, 5a898616adea85d3df2b7ca25f48040e
0,      19386,      19386,       66,   115200, 9546fe861d4ee4dccdb392bbfdf55bc2
0,      19452,      19452,       66,   115200, fdbb6cfb285738a0ac47c647c0485b79
0,      19519,      19519,       66,   115200, 13ac419005ce601c56e9f783a598e6ec
0,      19586,      19586,       66,   115200, 966d7211204370bf74235d25cf1a613a
0,      19652,      19652,       66,   115200, 8f0d0d8a94452beebdce2a86a59bde0d
0,      19719,      19719,       66,   115200, e6b446c02c81945e4f64b08f5f7414e2
0,      19786,      19786,       66,   115200, 55b866638abd08308a269036328801f8
0,      19853,      19853,       66,   115200, 6255ac7d3a957e4c432202167a7cf93b
0,      19919,      19919,       66,   115200, 28cfa03b14901650949462ffb7801eaf
0,      19986,      19986,       66,   115200, f9dceb4450e971b810ea8700e52c7e34
0,      20053,      20053,       66,   115200, 5e92314c6e65521508bd0fc873db0eba
0,      20120,      20120,       66,   115200, e7f30e49f32250245514222f8374edd4
0,      20186,      20186,       66,   115200, c6eb147a2c442cc1b27f1dd792bcdee5
0,      20253,      20253,       66,   115200, 2f5f244a59e31dcc7c5dd436e45a30c9
0,      20320,      20320,       66,   115200, fc0ef04134e47a5214d8a896fc52ff8a
0,      20387,      20387,       66,   115200, 5959fc5ca4bca51f38f0b48f71acb7d3
0,      20453,      20453,       66,   115200, 3e8275c5f2e28c0038fd1f7b039dcbc1
0,      20520,      20520,       66,   115200, f97444c55a388ea98b5ba7429d375e52
0,      20587,      20587,       66,   115200, 9364d6ec687162e9e08050fbb05432e1
0,      20653,      20653,       66,   115200, 1e8eecf06eacf7e9a98c639f3f98f13e
0,      20720,      20720,       66,   115200, f5d93c9cbe58cc075b076af6f090fb1c
0,      20787,      20787,       66,   115200, 1a2f120b4674ed5bf84973eb20ed7db1
0,      20854,      20854,       66,   115200, 14aa264d9f6cdf7401f260b63b2e6a04
0,      20920,      20920,       66,   115200, a2d036e618123f3835230e5d6de0ad91
0,      20987,      20987,       66,   115200, 504b4f2578eb8947668583d2cecaaa23
0,      21054,      21054,       66,   115200, e1090d9f7b2a446c3ce99dea97730fcc
0,      21121,      21121,       66,   115200, 787c7bd25f293a80600b22f03b7b3f69
0,      21187,      21187,       66,   115200, 30e7ce37553547993f8390b57a722d01
0,      21254,      21254,       66,   115200, 6b557c2b452b16dd538760e1eedfa3bc
0,      21321,      21321,       66,   115200, 1a3fc2cb320ff4bde495c952da5fb3e2
0,      21388,      21388,       66,   115200, d13ea06a898c7bbb9b771a63ad6c2b19
0,      21454,      21454,       66,   115200, 29f243af96a45045243486fa626e3444
0,      21521,      21521,       66,   115200, fe630749dfc23b25a439a15fda810891
0,      21588,      21588,       66,   115200, 8f05a2b3a0ea585696e591da8198f470
0,      21654,      21654,       66,   115200, 7d1940070cf04ce885316a173577f645
0,      21721,      21721,       66,   115200, 4fb811355372a30c88d2c20eac1142ac
0,      21788,      21788,       66,   115200, a8adb47d4bef99eccbec716b7a5e6894
0,      21855,      21855,       66,   115200, 18c0f9c94d46bb5d9ba480c6cbc46418
0,      21921,      21921,       66,   115200, f7b41262bcc32421763e59cc0672c8fc
0,      21988,      21988,       66,   115200, b6f6eb806312d014a23a6572bc5255ec
0,      22055,      22055,       66,   115200, 9a0193142898cec46cc4dec8a2cc4578
0,      22122,      22122,       66,   115200, edb132dbad213de5edd52c8265440a40
0,      22188,      22188,       66,   115200, 8f35dd592e918f12273cbfd1bc778a71
0,      22255,      22255,       66,   115200, feae1a793c002fd0c86be89605df27ad
0,      22322,      22322,       66,   115200, 008b1c2ba1d17305c776ecdccadf8775
0,      22389,      22389,       66,   115200, 228c3ca2cbc85ba0f226bbf8288c7430
0,      22455,      22455,       66,   115200, 598439fbfc0eac7aa35052d586e6587a
0,      22522,      22522,       66,   115200, a4b393ad7a724498acdd05ea597bf18f
0,      22589,      22589,       66,   115200, c89ea7bfed5c4af001142af918cdbb62
0,      22655,      22655,       66,   115200, d852b02244870aab3718af7b547347f4
0,      22722,      22722,       66,   115200, 2ad700eb74a15d5d29ae6233ba5ea43f
0,      22789,      22789,       66,   115200, 9aaf5db996efc406eb51ad30e0eda9e8
0,      22856,      22856,       66,   115200, 8cb2ec64c1451548e7c532dc61eba9e6
0,      22922,      22922,       66,   115200, 3e72251d89255233fd5bf56d87766a82
0,      22989,      22989,       66,   115200, 6993908fd93a260fe1c18acfe3c3b058
0,      23056,      23056,       66,   115200, 8177ff8c432c53f818be780eb39fccc9
0,      23123,      23123,       66,   115200, b0c49a692460c7d61e33cb20669a0643
0,      23189,      23189,       66,   115200, fdd284bc9065a83b8736e75cb819c4ca
0,      23256,      23256,       66,   115200, d25c2081711d33231c02738f4e3c6534
0,      23323,      23323,       66,   115200, b1705dcbc32677e836ea359e0ea40871
0,      23390,      23390,       66,   115200, f260124b144e48f64cb1e158c4e37e94
0,      23456,      23456,       66,   115200, c61f948c8e3fb28a5880bba89694f9cd
0,      23523,      23523,       66,   115200, 7c7fc89bea4e3991749bd421899143ee
0,      23590,      23590,       66,   115200, f124c4b0448e67103aa6a449eeff0175
0,      23656,      23656,       66,   115200, 553f05a751570fd1a57cdbebddd883ac
0,      23723,      23723,       66,   115200, 702199d32290127f658d3bfbdcd18bba
0,      23790,      23790,       66,   115200, 364d74eafccea73fa555129cb914a66b
0,      23857,      23857,       66,   115200, b50e1486df97ea96c56aa3a8f1036539
0,      23923,      23923,       66,   115200, e89341462d7d04ce44fe5bb8c76d7619
0,      23990,      23990,       66,   115200, 31f935261a1b28d51ee0e11a12eec3a0
0,      24057,      24057,       66,   115200, bcab4ea59646ce71bc37fb26ac598cb3
0,      24124,      24124,       66,   115200, 7a14b01d6a28789c604fdc70cb08089a
0,      24190,      24190,       66,   115200, 23ab502f58ceca8ba25c76b3f422736a
0,      24257,      24257,       66,   115200, 5f66b3488979397b6b28f9628c42cdd4
0,      24324,      24324,       66,   115200, 7b2a8b6702b34649a00a06105dddbc01
0,      24391,      24391,       66,   115200, 512b61c0cd44f2b998b0825d6f9e7015
0,      24457,      24457,       66,   115200, 93a2ad67722b2c76edac4c32cfa4160c
0,      24524,      24524,       66,   115200, defddd039bae663fd57c7e4fea5d1d29
0,      24591,      24591,       66,   115200, 4176a0ee0d9e3f1c0913bdd974c4e17a
0,      24657,      24657,       66,   115200, 2924f89790f316c7f7d7e9e6672a698c
0,      24724,      24724,       66,   115200, 25d234e93423cc2aa4ab5a8e1299105b
0,      24791,      24791,       66,   115200, 8df94a45647cbe4bffed24f779a03f7f
0,      24858,      24858,       66,   115200, 69ff2b6e8f28e1e16f77083ecc967736
0,      24924,      24924,       66,   115200, bf06184f2b2852ae5d83ddbd9ace5321
0,      24991,      24991,       66,   115200, 25d8adf674afe9772ec4f5938ce48491
0,      25058,      25058,       66,   115200, a59734afdcb6aaf037bd8b228347a28c
0,      25125,      25125,       66,   115200, a9acf2ca34a112bb9936d70cc36c6745
0,      25191,      25191,       66,   115200, 5225ab438d7045e5f57ee6eb6434e2ab
0,      25258,      25258,       66,   115200, cca46cd3e3ae2d70d4b2b2abff0dca2a
0,      25325,      25325,       66,   115200, 3e9db421a55858d80cad7c35451a9062
0,      25392,      25392,       66,   115200, 5adfb863821d8c4940850ac42b346c06
0,      25458,      25458,       66,   115200, 5905a4270fb7d1a7bfef98d85fa64f4a
0,      25525,      25525,       66,   115200, 78a7f63e6255a22ca9aa0cf83ba25294
0,      25592,      25592,       66,   115200, cb756cbef1f86ff450bf17ab5fe5e40f
0,      25658,      25658,       66,   115200, dfdebd82d24d0ad6682323fa15a6d4b9
0,      25725,      25725,       66,   115200, b15b4f3b761e7453df2cb1f2730a702a
0,      25792,      25792,       66,   115200, 7ac68380a44db485af256fd0b5a18ca1
0,      25859,      25859,       66,   115200, f7cea47421634211677778bbc6277c2c
0,      25925,      25925,       66,   115200, 2a1338ac71fcaa9be94d449643fe83e5
0,      25992,      25992,       66,   115200, a84a8714cc152d3db45ae30f7678ea39
0,      26059,      26059,       66,   115200, 1a9c81938ed1a5688ac467c08b5dd469
0,      26126,      26126,       66,   115200, 740ac0683af3a618fb0dbe4d63bdd1e0
0,      26192,      26192,       66,   115200, d15a0050897209e2976a1932433977ba
0,      26259,      26259,       66,   115200, 0d3eaae0c61e8666117c469b9edfc2d0
0,      26326,      26326,       66,   115200, 373eb0c275e2f9c12051641d1d2665ee
0,      26393,      26393,       66,   115200, 856d7249ddeaa12aed5749635658020e
0,      26459,      26459,       66,   115200, 8334ba1d1df95b3b23d5559363246c5b
0,      26526,      26526,       66,   115200, 491fb909644b142e3d8298ee464f5254
0,      26593,      26593,       66,   115200, bdb2480c5b742f88c3409f108a42d4ec
0,      26659,      26659,       66,   115200, 8899e24685ed9ee1abf03537a71b137b
0,      26726,      26726,       66,   115200, 9820ffceeceaf311a63de59734d4c94f
0,      26793,      26793,       66,   115200, 3e9d831675da89e502024ae541e29314
0,      26860,      26860,       66,   115200, 6aaf4b94d55b2d25d1cb6ae5fb2cdc7e
0,      26926,      26926,       66,   115200, f26a20533caf7faafee34a98be68b031
0,      26993,      26993,       66,   115200, 1cccedc4d6f95c77ca22f30f6c9f80e7
0,      27060,      27060,       66,   115200, 9dbedfb02657a77ffafe6e63fb53571a
0,      27127,      27127,       66,   115200, 130a846053ff7764ce0b8daccd39b086
0,      27193,      27193,       66,   115200, 5451dbb6319aaf43fb8692d192fe4f25
0,      27260,      27260,       66,   115200, 28edc6e7c4af9ea02e2e451319bcc98b
0,      27327,      27327,       66,   115200, d6167fa81b0cd500951da4a8c533123b
0,      27394,      27394,       66,   115200, 9a6a4d17541322b1886f63373dc3cd7d
0,      27460,      27460,       66,   115200, 1b841742e91950078dd6b53019b5c808
0,      27527,      27527,       66,   115200, 750bf3863ce4c843c6ceb504680830bc
0,      27594,      27594,       66,   115200, ebd561d7476f78a3857d71824cebd925
0,      27660,      27660,       66,   115200, 166c217ca4b71922744d23204937889c
0,      27727,      27727,       66,   115200, 66a049190fe8c7398929121741498c66
0,      27794,      27794,       66,   115200, 97fb827085cd0ef710ca4fa44329bcbf
0,      27861,      27861,       66,   115200, 0295dc0d411323b72be85d5fd3c1d565
0,      27927,      27927,       66,   115200, 30a470e1dc1cb7536788649e23dbfab5
0,      27994,      27994,       66,   115200, ac82751b95346400dcb026f4e951d189
0,      28061,      28061,       66,   115200, 758d8fa3a47e830ebcae206996b6c925
0,      28128,      28128,       66,   115200, c447ecb326d6d1f87bfc822500b07f20
0,      28194,      28194,       66,   115200, 7e86e5977dde67ce05bc9350ca5e918e
0,      28261,      28261,       66,   115200, a3e8e9a56771bd73289bdaf84af37143
0,      28328,      28328,       66,   115200, 6613d1bd827ca4c14928dea91a2f772b
0,      28395,      28395,       66,   115200, 953216913c0a31ae61407b6323d28f00
0,      28461,      28461,       66,   115200, 021cfb37ae325ee30d381ec2558ef7aa
0,      28528,      28528,       66,   115200, 23bf7b7824fa1a0ebbfb3a0f14733a12
0,      28595,      28595,       66,   115200, a156748f8f00988b97e0dbaa32e9def7
0,      28661,      28661,       66,   115200, d58c280b89bba2b039fe242e95356b49
0,      28728,      28728,       66,   115200, 8924c7ec442c3225f06fa5b0d5592126
0,      28795,      28795,       66,   115200, cb2b32f68a6a80b2014175989a3f1d15
0,      28862,      28862,       66,   115200, ee5dd33ef2c41f468ab0f78732869600
0,      28928,      28928,       66,   115200, cd994e43b966e83161e902c2a45e0092
0,      28995,      28995,       66,   115200, 771f0cc240f0e508cc8f9534086c2a15
0,      29062,      29062,       66,   115200, 65759244111033cf3926ec6d75b2d1d4
0,      29129,      29129,       66,   115200, 4186f83239f853bad44a8f58a1e4f956
0,      29195,      29195,       66,   115200, 4849b0559521f6cbd79a5e5aeccf7c58
0,      29262,      29262,       66,   115200, 85e86da28e4dc22a7eba4cd126e01bbe
0,      29329,      29329,       66,   115200, e52052b012a73ff7663a327578c943e2
0,      29396,      29396,       66,   115200, 3cdb049d63dceba8994717af90a39e18
0,      29462,      29462,       66,   115200, 5aeb7dac24209c3eafc779182ed497fa
0,      29529,      29529,       66,   115200, f936e3e52b51a8e7e3b82750f8a146cf
0,      29596,      29596,       66,   115200, 1270fade534e40d6d6551ce7eeabd30d
0,      29662,      29662,       66,   115200, 23e6d078db3892920b6756b044cca914
0,      29729,      29729,       66,   115200, 6b72904e56e753be15f1783e8cb06f62
0,      29796,      29796,       66,   115200, 50e0e2a6c3da048970d9235a69b605cc
0,      29863,      29863,       66,   115200, 0e7ecf7bf86ce8ad6fdb27de5dcc4bd2
0,      29929,      29929,       66,   115200, 4687838ad1a138dfa244878e388edf8c
0,      29996,      29996,       66,   115200, e4473fe735de3f26d618b9d47151b33a
0,      30063,      30063,       66,   115200, 92f6374dd46ae8a2ac49c63b990b34b0
0,      30130,      30130,       66,   115200, 937e3ce863d2a50712084896f78f9b40
0,      30196,      30196,       66,   115200, 261b16963f81a4f45b00ba9f42ba7c4d
0,      30263,      30263,       66,   115200, c7a9a61642668bb796d8149a9f0364c1
0,      30330,      30330,       66,   115200, 4d0129b3dc03792b3f5079c580c3ccec
0,      30397,      30397,       66,   115200, 4d4c82181a2c541f74f36f38adae5171
0,      30463,      30463,       66,   115200, c6b66287a1ab277fcc56046c170f0deb
0,      30530,      30530,       66,   115200, 4aad640c500638e3f2f3dd79dafab11a
0,      30597,      30597,       66,   115200, 80262edc22f8c2996097e0a71d6e2841
0,      30663,      30663,       66,   115200, 9644aa4acca36bb5a8953a43dd455ad4
0,      30730,      30730,       66,   115200, 1983f6aecf85ffff6de8e70f119b866b
0,      30797,      30797,       66,   115200, cd36ea2ca004c743957ee5db3223da9e
0,      30864,      30864,       66,   115200, 988e320b9ad39133221534298470ecc9
0,      30930,      30930,       66,   115200, 58207e4531e36bef98457a152d32b855
0,      30997,      30997,       66,   115200, 3b023208cb9789f932da031c1ca1bc01
0,      31064,      31064,       66,   115200, 2e2e6b8b7c5a6b7f5a8484e22efe47b5
0,      31131,      31131,       66,   115200, 09f669ebb28e2f28c8fb9df26bc9c540
0,      31197,      31197,       66,   115200, aeb5f4a820f8f41a2e5c2eaaa7a17e3f
0,      31264,      31264,       66,   115200, b28585cbdfdc22b022646d3df2b7927f
0,      31331,      31331,       66,   115200, 7bbe2f1b385c814bef0d8c981cf80991
0,      31398,      31398,       66,   115200, 56e4ed2a727be5cd472f753a195a26c1
0,      31464,      31464,       66,   115200, 60db7978066483eb4bba4296f36e6064
0,      31531,      31531,       66,   115200, 67a24f3c33ecd5054c2ed0f6f65c5353
0,      31598,      31598,       66,   115200, f9e7207ff6a2033a347d8e393f27759a
0,      31664,      31664,       66,   115200, 9154d4c5961a7e2faff62044f15ccaae
0,      31731,      31731,       66,   115200, 0d9349fc9ce3365d719e3b51b2bfcc3c
0,      31798,      31798,       66,   115200, 5989606be8af2f3af379e812818ffbd9
0,      31865,      31865,       66,   115200, b738f0d8cb96b6d22e53b5374951645f
0,      31931,      31931,       66,   115200, 2dae8fc3697afc71b74a6b826a75031c
0,      31998,      31998,       66,   115200, b538fd822445a0ae8f6d94d742cacff3
0,      32065,      32065,       66,   115200, 9f1913c4b783e14b3e97e45281d392c0
0,      32132,      32132,       66,   115200, 045acd4cc231da166ecf20e3a8f2de93
0,      32198,      32198,       66,   115200, 289db1a34c52e9c2f4d800f981c12438
0,      32265,      32265,       66,   115200, c652d68466d1b5c12986cf796dc3a39f
0,      32332,      32332,       66,   115200, 9acdae3e9bb37f7ac0452884fe34a877
0,      32399,      32399,       66,   115200, 1231f29dae0837bd432f64a8cc6e7f98
0,      32465,      32465,       66,   115200, 51c445ea588819714d9ad54c336c01ee
0,      32532,      32532,       66,   115200, e5b1ac9eb2449bb6184553290dca72d9
0,      32599,      32599,       66,   115200, f67768a9839522e28b4a7b24d25f64da
0,      32665,      32665,       66,   115200, 33f44ace3cd7c5db7c5cdae627e7db30
0,      32732,      32732,       66,   115200, 61fdc35b941ed8ed877bde8eea4b3f4a
0,      32799,      32799,       66,   115200, 2acc2f157d092a1c21d57bfdb2a19df1
0,      32866,      32866,       66,   115200, fe570ec81396feb27641dcdc71be5df4
0,      32932,      32932,       66,   115200, 5577705309dcab20b7c69e11088ccef2
0,      32999,      32999,       66,   115200, ed850d5150b1af05e7837b6f4887be7f
0,      33066,      33066,       66,   115200, 2315fa03c079765034a4e0a9c97690d4
0,      33133,      33133,       66,   115200, 226728c6ac84fb290f2b6b5dd8482e54
0,      33199,      33199,       66,   115200, 02aac279b94f170f2314b99642c5c080
0,      33266,      33266,       66,   115200, 8bfb8372b18a604f92d93b25de59cee3
0,      33333,      33333,       66,   115200, dda49d21e56dec949a4e16a3136b19ef
0,      33400,      33400,       66,   115200, 881c8feef2401d76055df574c7d34255
0,      33466,      33466,       66,   115200, 0d19d42c7fbf97e5ae7fa07ab1886b70
0,      33533,      33533,       66,   115200, ada558b80912c3fa16ae1fae14a95f2b
0,      33600,      33600,       66,   115200, 89522924d8314f94e16c30e3b93d5228
0,      33666,      33666,       66,   115200, 7a11c7359f0ed877774a2f079445f26e
0,      33733,      33733,       66,   115200, c58b494d11ef57bd11bae43804b1f5ee
0,      33800,      33800,       66,   115200, 6652a3667740b65e2ec5b7358235ff57
0,      33867,      33867,       66,   115200, bcf530a036663cdd600b67ba10897d19
0,      33933,      33933,       66,   115200, 1278288ed6bbb985a007ee73c95e90a8
0,      34000,      34000,       66,   115200, d2ed7f6471405fd192daf8f020480014
0,      34067,      34067,       66,   115200, 8fa01c8fcd365a4bf075ad1d59c9c8f7
0,      34134,      34134,       66,   115200, df456d69275b0fb83c854b6139f70d66
0,      34200,      34200,       66,   115200, df9d08248e4231d0790889b64a3c7f43
0,      34267,      34267,       66,   115200, 9a1589b9aa3ebaf273ed1ee9e84e1339
0,      34334,      34334,       66,   115200, 744332cc3a2c48bff4d54b219fb462eb
0,      34401,      34401,       66,   115200, c766333d062f7c63b8044cdac506df5f
0,      34467,      34467,       66,   115200, 7900098cdf907dfaf7e79eb211428966
0,      34534,      34534,       66,   115200, 07e9a1c66401c9dac60e9a93ec735f97
0,      34601,      34601,       66,   115200, bd35280d06c50e20e10623cb087edd59
0,      34667,      34667,       66,   115200, 190467116ce5ce72e04672039d3b6ad2
0,      34734,      34734,       66,   115200, fb45fe4b2e031019aac3985ecee55282
0,      34801,      34801,       66,   115200, fa8dec089413eeb124c331689ebcdbee
0,      34868,      34868,       66,   115200, 2c2b7a7f6dd94e39b8f665ab816d7532
0,      34934,      34934,       66,   115200, 4f5ad8d109ce8ac277e48cef14955549
0,      35001,      35001,       66,   115200, b4b6c53d1ee0c544dd011874eb377e0b
0,      35068,      35068,       66,   115200, d33d5a2e371ba3bcc63f6ea633b34196
0,      35135,      35135,       66,   115200, 86a22d496aab1a9063f925aab06a3722
0,      35201,      35201,       66,   115200, 780a8ccb0c51e99132a6e8df7e47e979
0,      35268,      35268,       66,   115200, b4d3860f72b47107db06cc59774757bf
0,      35335,      35335,       66,   115200, 474d612cc0f40bb8aae4e91434ecf9f9
0,      35402,      35402,       66,   115200, 3f15146f6b05990c3f0358348e96e818
0,      35468,      35468,       66,   115200, eee58707088d1730ce14a604fb80a899
0,      35535,      35535,       66,   115200, 6796cabb7aaeefa5cce9e1b6dd838d53
0,      35602,      35602,       66,   115200, c55c851474a12a33eb8d5d0f4c946a6b
0,      35668,      35668,       66,   115200, 333591934d6cd7d72ab49f47ce4b6669
0,      35735,      35735,       66,   115200, 5fb3b171e98d01f40c7dbd5ba59c1891
0,      35802,      35802,       66,   115200, 2c4d7e5556d06d91b8035299954c3adc
0,      35869,      35869,       66,   115200, 42cbb90a5ea44500ead9bb51fa7a3612
0,      35935,      35935,       66,   115200, af20dee2e024dc9f6c38c90f584fe970
0,      36002,      36002,       66,   115200, 256ed553b27320e8fc0cdbc6e63b5ab3
0,      36069,      36069,       66,   115200, d701628b4b24db0dc362828c46827994
0,      36136,      36136,       66,   115200, 50fe88cef5b533161de2122d58396add
0,      36202,      36202,       66,   115200, 7dbbbb7dbe22917062079a6518d5ff54
0,      36269,      36269,       66,   115200, 016aa640319433f5e25c2e06896b2331
0,      36336,      36336,       66,   115200, a46b7f795bca4ca6bd967f12b360182a
0,      36403,      36403,       66,   115200, d052c5451881a0522c393b52b2e2ec56
0,      36469,      36469,       66,   115200, de106de176809a438b58c9e0f9bdd2a9
0,      36536,      36536,       66,   115200, 358b85d63b373594b530f4cbc162c179
0,      36603,      36603,       66,   115200, 50761c0146875a5b140e1e8ee5b8e829
0,      36669,      36669,       66,   115200, 3c74471c974529655dec1bda381c7060
0,      36736,      36736,       66,   115200, 4a90f63b6d65bf4baf10cdb5e71edff3
0,      36803,      36803,       66,   115200, e4d8fb4b27ba51ffb45392da7e08e475
0,      36870,      36870,       66,   115200, d776b19d9153100345f8dcda32372f2b
0,      36936,      36936,       66,   115200, b90c1f8c9afcbaf7d73852abd203b932
0,      37003,      37003,       66,   115200, f7fcd820f713f4e8ba2c9ebf06c7c464
0,      37070,      37070,       66,   115200, f6932cef53097783ff15d1923cea671d
0,      37137,      37137,       66,   115200, 17bc7cd52b7bc1d70f429acbccca1593
0,      37203,      37203,       66,   115200, 988e8f42d115dae844e2f1ca10223d76
0,      37270,      37270,       66,   115200, cef0e0ba395f0349584268285575572f
0,      37337,      37337,       66,   115200, 3995893ff24aec6db4af66304270c24d
0,      37404,      37404,       66,   115200, 94a4b927046e79ed3041495398317167
0,      37470,      37470,       66,   115200, f7b5c100cc4cad255638c55fd8a62b5b
0,      37537,      37537,       66,   115200, f139bd95388e03eeb9ea6752b03c4350
0,      37604,      37604,       66,   115200, 99fadb35ebbfb276083fc370a706ed4d
0,      37670,      37670,       66,   115200, 0335e50016f5a706f5cde3d5e994add9
0,      37737,      37737,       66,   115200, 782c874a413bbcbdab6d321c46952c66
0,      37804,      37804,       66,   115200, 35567fdefd817e64b134909961eb87fe
0,      37871,      37871,       66,   115200, 646f75c54f2f3df00169c5e08d6257af
0,      37937,      37937,       66,   115200, de06f33095c2e69f0064d6aa3ce2b30b
0,      38004,      38004,       66,   115200, 524a20a2766d61857850023573f06d80
0,      38071,      38071,       66,   115200, 5ae3c7b57dc373b24879066f63681e40
0,      38138,      38138,       66,   115200, a7795d57901afda0c0ecc1db5494f293
0,      38204,      38204,       66,   115200, 0c2cf6fc74d001b39ac22b601187fee8
0,      38271,      38271,       66,   115200, 973a0d57950a5d16699d16d0a867dc75
0,      38338,      38338,       66,   115200, 6a62a7de4b3d2bdd4c17a5ab0e7ee317
0,      38405,      38405,       66,   115200, 28baa5b135c7012e934b8f6e962fe69e
0,      38471,      38471,       66,   115200, 4750559d487bfaf58005daa5f996450b
0,      38538,      38538,       66,   115200, 734b39b823e65e9380c4109ccff1b325
0,      38605,      38605,       66,   115200, b8cfc77d7e91a33bf185c12e66f4c31d
0,      38671,      38671,       66,   115200, bca3c75791f79e7a08586503490f05c6
0,      38738,      38738,       66,   115200, 6377e3089c85d1e818e33eb7792f6167
0,      38805,      38805,       66,   115200, f33d66486b90af76f92a9f71d73fd780
0,      38872,      38872,       66,   115200, 50c8ff1eef431b8c93a559ab2c27ce7b
0,      38938,      38938,       66,   115200, 859e728674a8d4d12cbd65f13f111436
0,      39005,      39005,       66,   115200, 1cd94cf8534b5f6d21cbcdcfc749deb8
0,      39072,      39072,       66,   115200, 7636e3d940b91bbbdd91e3e689f91717
0,      39139,      39139,       66,   115200, 9f032653fd2da663161001e5962727c0
0,      39205,      39205,       66,   115200, c9eb98a190f74b2ee659211ba16cc6e3
0,      39272,      39272,       66,   115200, 18628c643b89991d830e242d0c3a906e
0,      39339,      39339,       66,   115200, 9c778a81dde1bb828c130f56afd9a98f
0,      39406,      39406,       66,   115200, e6e7e484d52fd626953af0a0e5e999d3
0,      39472,      39472,       66,   115200, d3edab76c650b8330582adbabce6b205
0,      39539,      39539,       66,   115200, 96bef6beaf92c447e295e915aa216a65
0,      39606,      39606,       66,   115200, e489aaf82c4f657577bf4f68c3c990de
0,      39672,      39672,       66,   115200, 01e1c2f22d6fdea80ea69d396c1df4a1
0,      39739,      39739,       66,   115200, d4c2efca5191de2c693aadf1bb483814
0,      39806,      39806,       66,   115200, 5d02b7d8904b9c1609384e7050645cc4
0,      39873,      39873,       66,   115200, 52216920fac0bec3c582b3b61f62dca6
0,      39939,      39939,       66,   115200, 3266ecbec2bbc41155b412bfe4cf1302
0,      40006,      40006,       66,   115200, f7e8546412fe2825ea6b0f1a7b664257
0,      40073,      40073,       66,   115200, 20303875854e447407959b590d6bd4a8
0,      40140,      40140,       66,   115200, 485a9265d453a6f44a09d00d236ee94c
0,      40206,      40206,       66,   115200, e10117be62f4d5e44c9a91ec1721c5d1
0,      40273,      40273,       66,   115200, f32fb8e36c974bcb2515502c95318c90
0,      40340,      40340,       66,   115200, 1d6b439432c4e0136df06e486f929c86
0,      40407,      40407,       66,   115200, 180e665ebc28e6952871243fed68f90b
0,      40473,      40473,       66,   115200, 2b4899b1c0f4a5d0bd976b4889b84726
0,      40540,      40540,       66,   115200, 4ee07e6e15361f2f5ddd1ff6f546617a
0,      40607,      40607,       66,   115200, c95ba7e479478839649cdff4b75526db
0,      40673,      40673,       66,   115200, c157d570f650c36a8aff2c35dc2bf164
0,      40740,      40740,       66,   115200, 8e7e80b3f2ea39de83b402e2ba634998
0,      40807,      40807,       66,   115200, ccc05c89b7f13f59eea880fccb19fc4c
0,      40874,      40874,       66,   115200, c74b1a2a8a03205d24988866b817a10b
0,      40940,      40940,       66,   115200, fc2ea7ae0a7020f6b14fb7ac81cbb816
0,      41007,      41007,       66,   115200, 09268d4916e4ebd0944cd20f7623bf08
0,      41074,      41074,       66,   115200, fc617e4bea3be65c264055cdf0359dbd
0,      41141,      41141,       66,   115200, 0fb5d4abdcc315806f9b867676510f33
0,      41207,      41207,       66,   115200, 3025ad9cac54a3e096a6520de304d981
0,      41274,      41274,       66,   115200, c8f3c6742ba17bc1c4620cf8bf0dc403
0,      41341,      41341,       66,   115200, 6a86c66bd46d36b6610fadf2148ab7f2
0,      41408,      41408,       66,   115200, ce8ffaf071428ef636b7cb8b931aacc9
0,      41474,      41474,       66,   115200, 72162e1e9f1fc9d22a2ed352447c035b
0,      41541,      41541,       66,   115200, 7245feecaa74fbfe0a97a97eeaf315a8
0,      41608,      41608,       66,   115200, c36bb7a8cf674602c2e580e383776995
0,      41674,      41674,       66,   115200, d58521a83cead4878ff26faaa54968ec
0,      41741,      41741,       66,   115200, ab1f3976a3863c97c9c2da270cdbe28d
0,      41808,      41808,       66,   115200, 5792644db14e06af506484c822996c55
0,      41875,      41875,       66,   115200, b18ceb0dc702e049af40457db00d50e5
0,      41941,      41941,       66,   115200, c6b1ceeb6635ebaf6ceac64518cf0665
0,      42008,      42008,       66,   115200, 83a469a95feba183491a37c435313293
0,      42075,      42075,       66,   115200, 2a9837ab2119e071b4bb384b208f392a
0,      42142,      42142,       66,   115200, fb90f25c57b5390d571496902ee69d6a
0,      42208,      42208,       66,   115200, 7fcc4832214753c15214a4c8357743cf
0,      42275,      42275,       66,   115200, d180f08f361485c167df79f5661d55a6
0,      42342,      42342,       66,   115200, dab4963ee9fdca041c425a6770eeb8df
0,      42409,      42409,       66,   115200, da3d4c89706ae9534a6501f2dc098f99
0,      42475,      42475,       66,   115200, f6901bcfedc73c3373f6ac1e5db3b0b1
0,      42542,      42542,       66,   115200, 8c1483e8937f6bfc327a7a182a73c537
0,      42609,      42609,       66,   115200, 0d2497ccc1c0de1dc27889048005e940
0,      42675,      42675,       66,   115200, 8c23006acb3822b18dca939ae41daa1a
0,      42742,      42742,       66,   115200, 18807e594a30a449bafcc8b86c7df07a
0,      42809,      42809,       66,   115200, dc2afe4af359b821b100bcdfd10f7449
0,      42876,      42876,       66,   115200, 6512305ca93349ea560d4c0aa5506e1b
0,      42942,      42942,       66,   115200, 195ba5bb22843751a6d58840c96e0f1c
0,      43009,      43009,       66,   115200, 140873c5932bfe67a8a51a9dab02c733
0,      43076,      43076,       66,   115200, 20dd2a1cb5a778326856831f40122b7c
0,      43143,      43143,       66,   115200, 4ad120acc69c6dd2cf5fd08326179eb5
0,      43209,      43209,       66,   115200, c94652ef9d4c260ee49d4ef693df6610
0,      43276,      43276,       66,   115200, d78770a25fcea692129874762717a92a
0,      43343,      43343,       66,   115200, 4d09da1850fe9b451ed085d9f562f444
0,      43410,      43410,       66,   115200, 774f6d2233bef3de02559d2aef297f53
0,      43476,      43476,       66,   115200, 4a610de16ed7eca19b6c7b9c455e034a
0,      43543,      43543,       66,   115200, f12face54263ff4464d5a012d2b78031
0,      43610,      43610,       66,   115200, 33b39e1668e259cbbd451aca506d078a
0,      43676,      43676,       66,   115200, 1fe6cfb6527324b5d94a1f4b3edfdad0
0,      43743,      43743,       66,   115200, 8a410e75d2a6c6d543320e4e389d0453
0,      43810,      43810,       66,   115200, a278bbf255ab9a6cf2a114e7fda4abac
0,      43877,      43877,       66,   115200, 13887087e6e24a9e185335d7b241c1e7
0,      43943,      43943,       66,   115200, 046656cba4c4122195b01b393bc65cb4
0,      44010,      44010,       66,   115200, 47294b8e9578039873f512207cb1d5c7
0,      44077,      44077,       66,   115200, 7c8ef4c33c33c80f641b4975339ff934
0,      44144,      44144,       66,   115200, 64e5bf54ec470e66bcc391a831765c6f
0,      44210,      44210,       66,   115200, 1554ff93f244a5a1708066a5ffed31cd
0,      44277,      44277,       66,   115200, 3e017c3a7a6eb34bbd39bf5a442416a3
0,      44344,      44344,       66,   115200, 9132e4f537ea49c0547d6c034d6e2441
0,      44411,      44411,       66,   115200, 1733a89f8ae7831b742c5425297f8400
0,      44477,      44477,       66,   115200, e45fc5b6be56291fd7a35c16f67c56e6
0,      44544,      44544,       66,   115200, b987770e69a7295703a90d15da061252
0,      44611,      44611,       66,   115200, 28151c90a24cc66322123e98001c1392
0,      44677,      44677,       66,   115200, 2bab79ab6b7431dece55442fc2ef127d
0,      44744,      44744,       66,   115200, 39183b1811456dde0afa301c270072a1
0,      44811,      44811,       66,   115200, 3021cce42102d6baee7691f3a85b373f
0,      44878,      44878,       66,   115200, ea19c7be8c170ff35b31d3b3960bf9a6
0,      44944,      44944,       66,   115200, 8679f1e3f4e2aae8704857669019eb55
0,      45011,      45011,       66,   115200, 1d8d00d181f023b3c8418056d639d92a
0,      45078,      45078,       66,   115200, 45dd134d1b8c00e695a4e83d02416e80
0,      45145,      45145,       66,   115200, 81cbb859f49580bfee1da0e2506975fa
0,      45211,      45211,       66,   115200, 86801bf1ea26fa65965263041d0734a7
0,      45278,      45278,       66,   115200, 23529e4973e4e6c34ecdf736118a1d4d
0,      45345,      45345,       66,   115200, 2cd80df71938f849ab0ebb298bb5565d
0,      45412,      45412,       66,   115200, 99586850e316ccb1cab61f7d83ec6a7c
0,      45478,      45478,       66,   115200, 32eb9efbdf1ef934993ca0bd2ebc3d3c
0,      45545,      45545,       66,   115200, 58068528fe70ee6399f3577a0aada973
0,      45612,      45612,       66,   115200, c65305325c44b05c5730ad8353016525
0,      45678,      45678,       66,   115200, bf9243323adc65aaaf6a25f7f7873f68
0,      45745,      45745,       66,   115200, 50523e2ef07b1fa414d3d81f99b0a47f
0,      45812,      45812,       66,   115200, 87e4c2a2aeb57aecb2dd7e1d87a93c62
0,      45879,      45879,       66,   115200, 96e116b8ff5f009e6833a8da04850e85
0,      45945,      45945,       66,   115200, edebb3d9f3ce31a7b90b2f60fa388d6a
0,      46012,      46012,       66,   115200, f225df16030620a1016a2c4a0b1f0e7c
0,      46079,      46079,       66,   115200, 6861bf90cb778b64e772b61756ce466f
0,      46146,      46146,       66,   115200, bf4309e30e2f4922d7a448fa36b84ffa
0,      46212,      46212,       66,   115200, 18b9092e640a27abf1736ccc54037964
0,      46279,      46279,       66,   115200, 97df697bcce188a98949a22139da85d2
0,      46346,      46346,       66,   115200, 43d7e76a49f7528f8faa283399c8f7b8
0,      46413,      46413,       66,   115200, a9bc0fb5fc22c6a55af38653b7daa86f
0,      46479,      46479,       66,   115200, 9cc0b0a0b74537f003462d30222bc89c
0,      46546,      46546,       66,   115200, 7c83e6b101abc365b9bc8904cd446c97
0,      46613,      46613,       66,   115200, c2dfa155447e0c1b740756f70a6a5d75
0,      46679,      46679,       66,   115200, 3df8a3b187fff369e65d6a6f988c5263
0,      46746,      46746,       66,   115200, 76f783ccd8dc532a1aa95c2d49f059ee
0,      46813,      46813,       66,   115200, 5557dc648c81c830e9680ec1ad0c942f
0,      46880,      46880,       66,   115200, 4c16f35f38b06825349e84b1c92516e3
0,      46946,      46946,       66,   115200, cd9699b4e8c8095a22101718266f618c
0,      47013,      47013,       66,   115200, d2bceee2f88748ba0cfc7bfed4af75fd
0,      47080,      47080,       66,   115200, a3cfad4a8788eff6379ba0c48da2c192
0,      47147,      47147,       66,   115200, 0659a7442d332f19752315a05977f10a
0,      47213,      47213,       66,   115200, 29bf63a04f263fc008c9bbcd2c7d6853
0,      47280,      47280,       66,   115200, 4fc3c559c27b89dcbf12e85e1199d7c6
0,      47347,      47347,       66,   115200, e47780682602ac61d2b0592495fb3d93
0,      47414,      47414,       66,   115200, eedbc129227f4f6ab26ecfa713f6d622
0,      47480,      47480,       66,   115200, 6f0cfdc776231a2245f979cd2369fa13
0,      47547,      47547,       66,   115200, 8ed9f3a1f2b9842e7039324d165e1617
0,      47614,      47614,       66,   115200, e9f7c999c9ae7cca4741d6559a69e56f
0,      47680,      47680,       66,   115200, ec2e2029367d805abfd01e17fa876e26
0,      47747,      47747,       66,   115200, bd8078c97ef999d8fce910a7f27c5c57
0,      47814,      47814,       66,   115200, cb936ef9c26a1a1f5bb1bf4fa3300c90
0,      47881,      47881,       66,   115200, c41c5049d39737102ae50ce0385cd267
0,      47947,      47947,       66,   115200, 26f7862a6fbc1a961e4010a1dd0bb74a
0,      48014,      48014,       66,   115200, 4fedf2ae4c620a615e46cc5ef80c1872
0,      48081,      48081,       66,   115200, 07ff0332f175036cc01ff2101aab587f
0,      48148,      48148,       66,   115200, 7975b571892153a1e88bde07e33a1243
0,      48214,      48214,       66,   115200, d530fe0608734a0da270a803cb5d50f1
0,      48281,      48281,       66,   115200, 23124f418a763cd95a1eda935ba32f4d
0,      48348,      48348,       66,   115200, d2d09d9cf15c79e890fc297b998e8119
0,      48415,      48415,       66,   115200, e42d78aed249db812b83d8458d72622d
0,      48481,      48481,       66,   115200, a0a19a930627c05a4aba78b56141d321
0,      48548,      48548,       66,   115200, ed0e5e41d4544e0008af389666cfa627
0,      48615,      48615,       66,   115200, 94e3b87272537b967777bee030092ae2
0,      48681,      48681,       66,   115200, d3ccb1a82db711b015831dc2b4d58e42
0,      48748,      48748,       66,   115200, 04793746c0864f52ef0cdce9f5d64a59
0,      48815,      48815,       66,   115200, 278de4056656458ddbb55cac923a02c5
0,      48882,      48882,       66,   115200, e2d9fb00a21700b0fb5750d64246b2ba
0,      48948,      48948,       66,   115200, af59f9090f1e0d491ef95c86694a5a13
0,      49015,      49015,       66,   115200, 774dd81fc5bacce2a958dbb70f71ae58
0,      49082,      49082,       66,   115200, db9b511be6aeb54fe65e5049eb6df5a2
0,      49149,      49149,       66,   115200, 8e48c89888af7299eceb764c92c8cbd0
0,      49215,      49215,       66,   115200, ffc23f639358b012cecdcfd49b05a7f8
0,      49282,      49282,       66,   115200, 19786880f84d64410eb9dc98759d1d66
0,      49349,      49349,       66,   115200, b41922858d326d0ced93a4a4d7569718
0,      49416,      49416,       66,   115200, 20080bd591d540091dc4c2ee2087f9fc
0,      49482,      49482,       66,   115200, 20e1e629d44832690b91d179619d7169
0,      49549,      49549,       66,   115200, 9a31fd4990d318a065f5cd386ce8efe7
0,      49616,      49616,       66,   115200, 576e0aa9c777ab3e3f2435c3adf729b1
0,      49682,      49682,       66,   115200, 948efc311984898634cd833e0ea3457d
0,      49749,      49749,       66,   115200, 5980e9e8205ff0b9909e7f4a7ffa6bcd
0,      49816,      49816,       66,   115200, 1e7a672320afae6efa5c7f603f653d1a
0,      49883,      49883,       66,   115200, d7bf1129331f0b3b868fe37f78dbd4be
0,      49949,      49949,       66,   115200, bde01f45acd58165d9fd707e0fef8419
0,      50016,      50016,       66,   115200, e19bee035f57f013c087d83b63818df8
0,      50083,      50083,       66,   115200, da17095e5ce5d8184cfd7e3205ee7f40
0,      50150,      50150,       66,   115200, b2dc4ce5d7c8e81ef42fde3a7f8e621d
0,      50216,      50216,       66,   115200, 1c61d988e4906289a3dba876c3c92ef7
0,      50283,      50283,       66,   115200, fa4df77b5854a2bc24fa34d6e21ded8d
0,      50350,      50350,       66,   115200, 60c5cc4d4289ef8a77ef75bb2f5f1aee
0,      50417,      50417,       66,   115200, 60055c360530e084db21ee6e58c4e6df
0,      50483,      50483,       66,   115200, 788feab9e58bb5fe8a77d60356b3e1ca
0,      50550,      50550,       66,   115200, b03ae439269b56a7cb7faacce2867f42
0,      50617,      50617,       66,   115200, e74d092a917fc79270d146c79815c177
0,      50683,      50683,       66,   115200, fe369b3bc7cf3cb894745bb03294e83a
0,      50750,      50750,       66,   115200, 85915e017fbffcfae33b4921bc825a39
0,      50817,      50817,       66,   115200, ec428f5b9af0732fe6175a5a7e890c8d
0,      50884,      50884,       66,   115200, 157523d55b117a37b2398622c24f8d52
0,      50950,      50950,       66,   115200, f82642e52acc805425e468d927ffcad4
0,      51017,      51017,       66,   115200, 8bd14cdf6849aab93e64c1ef94a4f9ae
0,      51084,      51084,       66,   115200, 984fd532d78ef32ac98764beb664fb2b
0,      51151,      51151,       66,   115200, 57c092281f414072be0dc21279110e45
0,      51217,      51217,       66,   115200, 5c6868d3248f7558668638ce99907fa2
0,      51284,      51284,       66,   115200, 5e5862d442d018351f901534244f2ae2
0,      51351,      51351,       66,   115200, e452c5b873fc7bd37cb949b10c26d50c
0,      51418,      51418,       66,   115200, 8b13821336a5a51cae2f7c6da59cec1e
0,      51484,      51484,       66,   115200, 85224f01b44a467e4a750708d437f2c6
0,      51551,      51551,       66,   115200, 838bab960d1046ab72792675f1f9aeeb
0,      51618,      51618,       66,   115200, c88531a76d560a0209b8ae6649e35e9a
0,      51684,      51684,       66,   115200, 33b2c33e798570788577c9da30967458
0,      51751,      51751,       66,   115200, 722343586ee6b0ce9eb3df2ae526060b
0,      51818,      51818,       66,   115200, 66a2fa93ad7a56c9bf067af281341cb4
0,      51885,      51885,       66,   115200, d3459a5e231582b5c25789bea1e913c0
0,      51951,      51951,       66,   115200, 93709852da70c8a720ab82ae52892e21
0,      52018,      52018,       66,   115200, df357b91509aff6afc6872ed7ad83430
0,      52085,      52085,       66,   115200, 65db70686d0d766758d5c716cde206a5
0,      52152,      52152,       66,   115200, 5b26debe3def3669346b38ef48ada6c3
0,      52218,      52218,       66,   115200, 29c5fdf28c3519433c5f2a0ad7ec56de
0,      52285,      52285,       66,   115200, e0aab27ad9f70f804a057afcb3b99648
0,      52352,      52352,       66,   115200, f9c1e41f31ba6c8b1f3605fdeba28e1e
0,      52419,      52419,       66,   115200, 58c24cdad209e0685af1ec584c7afa28
0,      52485,      52485,       66,   115200, 00bf1a26b0923d92e875a282b162dcff
0,      52552,      52552,       66,   115200, 0984ae137c9b416b0d564f312e3745eb
0,      52619,      52619,       66,   115200, 540d5139220409a18ae9b198fa19cb79
0,      52685,      52685,       66,   115200, d0f3809f139985a319e1c4374df90e83
0,      52752,      52752,       66,   115200, 69b97fc11dbb68fccc99cc254ba8e7dd
0,      52819,      52819,       66,   115200, 4d43374cd64c32e46b05119dd08ff50c
0,      52886,      52886,       66,   115200, 20b88437f89e35ef48c95a7b4751c8dd
0,      52952,      52952,       66,   115200, 7baefa4b1fdd9dfba4f7142d341c85aa
0,      53019,      53019,       66,   115200, c6684993d44bb5269cccbb237fb91995
0,      53086,      53086,       66,   115200, 2e24366a1f2d1f18cc1bc02e8c7ba5f8
0,      53153,      53153,       66,   115200, 0e3d932c1dbd41a82cfb0e232112aa64
0,      53219,      53219,       66,   115200, 7339e704148350078681d78fca46001f
0,      53286,      53286,       66,   115200, d1d395eeccc48284610c075dd88da4d9
0,      53353,      53353,       66,   115200, 392f7a74167272b4a274596e2d997d6b
0,      53420,      53420,       66,   115200, 899d13c0020cae1b4b950c8cd34cadf6
0,      53486,      53486,       66,   115200, cbb34169962a20c0c0efa8442cfcbce1
0,      53553,      53553,       66,   115200, b03ba8afde9d54f8136a8d5754066589
0,      53620,      53620,       66,   115200, dfbad99aa9d828b25a2886a4c93229ec
0,      53686,      53686,       66,   115200, cbd59e0876b42ef0b17fba630a3bd52a
0,      53753,      53753,       66,   115200, 3b601c9552cda569f9b72765e3efca7c
0,      53820,      53820,       66,   115200, 6cbc215878ebcec82e4656f351e81a29
0,      53887,      53887,       66,   115200, f305979932cfcf4bbca139445345fe53
0,      53953,      53953,       66,   115200, b1e916f711bd7660d91605698e50d197
0,      54020,      54020,       66,   115200, d2787ec13e558fc0a73e6f0d86ea013a
0,      54087,      54087,       66,   115200, b4a61d5776a363c89a55840634050309
0,      54154,      54154,       66,   115200, dc7a08af42678273eb9e48e3ea53b566
0,      54220,      54220,       66,   115200, e65de5efbae7c225926abf90f7b76e37
0,      54287,      54287,       66,   115200, 8ae98d8759a6f30eeb27cfe427dd5995
0,      54354,      54354,       66,   115200, b09eafde09b4a61615eedde44fffdac1
0,      54421,      54421,       66,   115200, 97490b51b348b0ddae1e98d1f3ee715c
0,      54487,      54487,       66,   115200, 79bb876020322d84d5cfed400fb222a7
0,      54554,      54554,       66,   115200, 39f281605aedc67495c29fcac9e79ed4
0,      54621,      54621,       66,   115200, 68f6e63ad2d451cbef9f38253b008ca1
0,      54687,      54687,       66,   115200, 98bcb63777c6f3a65c39c290922080e5
0,      54754,      54754,       66,   115200, b3416cc168efc30d21ef7ac3425469cb
0,      54821,      54821,       66,   115200, 753333b113985367fa74ffeabb0fb6e1
0,      54888,      54888,       66,   115200, 1cdae92e26d28e7bc5bf2108a9dd152d
0,      54954,      54954,       66,   115200, e7c9201ce7a293a0d2ee206d6e13bb78
0,      55021,      55021,       66,   115200, 83de34b621b3d3930a4c46de48a43684
0,      55088,      55088,       66,   115200, 5000c84fc7e56e6e577a45969d1db3a2
0,      55155,      55155,       66,   115200, ff9cc567199b037ee44370b7d916c85a
0,      55221,      55221,       66,   115200, b9050b8528bde021461179f2985c4cc6
0,      55288,      55288,       66,   115200, 9f76461958db36c3a93d0161088288b7
0,      55355,      55355,       66,   115200, f88542deb949adfe761633b595e473e5
0,      55422,      55422,       66,   115200, ac9d5b0898a54bbd9cc42bd2a27f127c
0,      55488,      55488,       66,   115200, b6a435cd139aa1136b69432218a1ada2
0,      55555,      55555,       66,   115200, 0532a5bb157529eaccebead08e537f0f
0,      55622,      55622,       66,   115200, bc3077469ef66e293d51ef5298b1cf6e
0,      55688,      55688,       66,   115200, 1a7473ca84451674196bcf397aa9087d
0,      55755,      55755,       66,   115200, 126c517b5516a407d54293f8ddfc360f
0,      55822,      55822,       66,   115200, 498f42dc13fc0539918da5511a5d44ba
0,      55889,      55889,       66,   115200, 1a999eb1dcf16d698b1a882cd41dcfe2
0,      55955,      55955,       66,   115200, d6b9d12f4522bb67e339eef878595db1
0,      56022,      56022,       66,   115200, 6741c96d5227807246a72df8ab4cd462
0,      56089,      56089,       66,   115200, 6c16ad02ec2d0c783083a042f490d043
0,      56156,      56156,       66,   115200, 897f9a08a406ded6a65ec501d07b483e
0,      56222,      56222,       66,   115200, b7777cae588c10a375fa4ace411f44fe
0,      56289,      56289,       66,   115200, 9103488128ee97f29c9af1039231eb16
0,      56356,      56356,       66,   115200, 7960d7be701b6c65357473a12c1cdd16
0,      56423,      56423,       66,   115200, f735ec012e912b048970ff6f45909e70
0,      56489,      56489,       66,   115200, 331cbea5dd9455ed0394006ee26b576f
0,      56556,      56556,       66,   115200, e86c9f056344e9f610bd8a4f0caa4c08
0,      56623,      56623,       66,   115200, e3c1554ed8d28f08abeb95339aa815dc
0,      56689,      56689,       66,   115200, 3709ae0fc9c11b36961a5c9fbef7259a
0,      56756,      56756,       66,   115200, bc9eaf0adca983b5ccf710f47d7a9f66
0,      56823,      56823,       66,   115200, 2fb2b07c29f8d1d1429246c26701737c
0,      56890,      56890,       66,   115200, 9be08da869f75f3cc2692fb2611bc5d1
0,      56956,      56956,       66,   115200, 15b4b75537f72fa93d7ea7492bc7b7ef
0,      57023,      57023,       66,   115200, 7fc46e927aa04af20b961c38a38644db
0,      57090,      57090,       66,   115200, 21f0eedb489c0dde28dfd59348d902cf
0,      57157,      57157,       66,   115200, ecb86bcf9c764e196af738731f9a3672
0,      57223,      57223,       66,   115200, 423f0ee74f9f9abbee330802b82b0558
0,      57290,      57290,       66,   115200, cfdf38d3edfbd2912ae9a492d9439b3f
0,      57357,      57357,       66,   115200, 16020fbe56c31f3ff0fcd1efbd905dd9
0,      57424,      57424,       66,   115200, ed900290867049c29ddc25cdbcbab9e0
0,      57490,      57490,       66,   115200, c379738ca3b95fbd21761b776d4fc843
0,      57557,      57557,       66,   115200, 6a4328f4108f4fe1d913189fe7eaa479
0,      57624,      57624,       66,   115200, b02890e8147c5bc89b94a1981c8e2262
0,      57690,      57690,       66,   115200, 8b67f10e277f05e02794e6ca65cdea99
0,      57757,      57757,       66,   115200, cc57f4a8747d6547e04b3f3bae26d66e
0,      57824,      57824,       66,   115200, c0df2f5ca52ad2aea96bdc3e1a517ba9
0,      57891,      57891,       66,   115200, 0b7ad1a3245c44fa97be2d2dad437ae3
0,      57957,      57957,       66,   115200, 87e3aa535277c0b5a8a9b70b934380fd
0,      58024,      58024,       66,   115200, 9c70c3ec43ff543bbc62ea7fd94d91aa
0,      58091,      58091,       66,   115200, ce685682f80258e2ac4c637c7733a4bd
0,      58158,      58158,       66,   115200, 39b3632d78556af72a75bcb54abbe70a
0,      58224,      58224,       66,   115200, e158aeea3a1efa9d924b13e2e26ed748
0,      58291,      58291,       66,   115200, dad9eff29a431abca21513309da579cc
0,      58358,      58358,       66,   115200, 30f10b800b3c559b2af0009128bbda6a
0,      58425,      58425,       66,   115200, 11e374a5bcdc6a89b7e8af10cbabe0f5
0,      58491,      58491,       66,   115200, 2aaaecc8e1625f210ead906c5c3d297d
0,      58558,      58558,       66,   115200, 80856ffc5278ec8242c6c2e75b37e570
0,      58625,      58625,       66,   115200, 130de6402c33702c65857bb97db74fbc
0,      58691,      58691,       66,   115200, 51acc1ad8c0499e7e34c1beb2ba54c75
0,      58758,      58758,       66,   115200, 75d54a974c5e991c0313d9dac79456c8
0,      58825,      58825,       66,   115200, b4bcd471b6d60ab44b972106902ab607
0,      58892,      58892,       66,   115200, 39e067b5ea8f15356594471c9d4c75a2
0,      58958,      58958,       66,   115200, 45152f74c6f1a1ac857b88500d776371
0,      59025,      59025,       66,   115200, e762b33a6b8667e75282b84c6710b544
0,      59092,      59092,       66,   115200, b1b89ee87f574ef38e93c8b82e80f754
0,      59159,      59159,       66,   115200, 0891d9f1e69336f389ccde7c9bdd2802
0,      59225,      59225,       66,   115200, 15946dc44c2f0de8b13acf4122b63254
0,      59292,      59292,       66,   115200, a00f3c99ff7bb94fbe636ba6120cafb5
0,      59359,      59359,       66,   115200, 9ba342f4a7fafff30f8a049b435e0870
0,      59426,      59426,       66,   115200, 5489d9c8c988dd4ccf366f9d73a03fc3
0,      59492,      59492,       66,   115200, 9aaab79337ea2b47e896e0929c142a4c
0,      59559,      59559,       66,   115200, 523f180f48b9378f62d3acf37d6552ec
0,      59626,      59626,       66,   115200, 06209d402981f2939de431ee06f978ad
0,      59692,      59692,       66,   115200, e5e6c2504d45a6071f6d83bc7ace421f
0,      59759,      59759,       66,   115200, b875edf456dcde15fea15e1290c6bcaf
0,      59826,      59826,       66,   115200, 2fef507d9658b9df3d7f7dbd0119771c
0,      59893,      59893,       66,   115200, 2b54fc01d7063e02c25078b5cc47b361
0,      59959,      59959,       66,   115200, d2e3249d86bce9cbc4ae0eb49dd4a04e
0,      60026,      60026,       66,   115200, 4248f95393c075bf57f1caa38a8537c9
0,      60093,      60093,       66,   115200, 5a544250b0815c50889872759c2f6ca9
0,      60160,      60160,       66,   115200, f2e1da214a8b51747431ba06b33484bf
0,      60226,      60226,       66,   115200, 947b2903155ca9ef2360bdce7a75df76
0,      60293,      60293,       66,   115200, e6891596c6cff6d31a04900e742d7369
0,      60360,      60360,       66,   115200, e130f068516a993c704c7dc7d9cc6968
0,      60427,      60427,       66,   115200, 2ca688790a1b45a56f1278381d44ff23
0,      60493,      60493,       66,   115200, 017be62e9ceb898be69cd72b9dd59077
0,      60560,      60560,       66,   115200, 7883334b97cc6b37fb3c002ef5deda94
0,      60627,      60627,       66,   115200, 38656c4d4f14dd5e810361abb29d5740
0,      60693,      60693,       66,   115200, 3d5f4d9e74a09239e8cc456391fdb3d3
0,      60760,      60760,       66,   115200, 67015d2a5bfb59d439cbafe84a99ac02
0,      60827,      60827,       66,   115200, 2c77d0c2b95170e652bbd8066222b021
0,      60894,      60894,       66,   115200, 1f2e436c1b4e0f28cea912646dffe0b6
0,      60960,      60960,       66,   115200, 72208b9394bd2c3ff3eb049aabe25aa8
0,      61027,      61027,       66,   115200, 961d910d4e6e310ce25b8ccd71d69188
0,      61094,      61094,       66,   115200, f7469ba7af978627505343ecc8daec5f
0,      61161,      61161,       66,   115200, d9feb40136d0a90eb303bd311d0072e8
0,      61227,      61227,       66,   115200, fcdef91d5b6aa5ca80fd7edf9a35b80a
0,      61294,      61294,       66,   115200, af09bc9b93dc876ecc8051ffec0e66f1
0,      61361,      61361,       66,   115200, a62e1918d784f3caf0b73452f03c863c
0,      61428,      61428,       66,   115200, 4d45f224c08e669a825f6378289d14a1
0,      61494,      61494,       66,   115200, c870bae13f279407117a52e2333736ac
0,      61561,      61561,       66,   115200, ec1a6db8a96bb86d83dfb6e865e5b82c
0,      61628,      61628,       66,   115200, e63ee8c6dbae315089b18eda08afc7ab
0,      61694,      61694,       66,   115200, d39e832e80c1a18891caade0ba4bb56b
0,      61761,      61761,       66,   115200, 0413a600ef03842657519015e2519d94
0,      61828,      61828,       66,   115200, 519da77bc40375ab73bc04251cac830f
0,      61895,      61895,       66,   115200, 343f7e0d98a7cd6f4340e48ff4982ff2
0,      61961,      61961,       66,   115200, 89dc227dad9b57ca3b7b6eb854b9eedf
0,      62028,      62028,       66,   115200, cc76690f483d51b1563c27a30a9edf88
0,      62095,      62095,       66,   115200, 72ab54aadc736a6979c4c91fc5f604ff
0,      62162,      62162,       66,   115200, acadf0a9a6f10b09333c08a4c48a6cc3
0,      62228,      62228,       66,   115200, b67cceb420432d45e5b95c850b819746
0,      62295,      62295,       66,   115200, 3214e88d47349fdbbee156e756dd431f
0,      62362,      62362,       66,   115200, da65df87c534b829c1b9ed0f02e2938e
0,      62429,      62429,       66,   115200, c663a8b4e8f3537c6ff57c91662d4ff8
0,      62495,      62495,       66,   115200, 136cdc02c801d03aebc1bdda0f9a0698
0,      62562,      62562,       66,   115200, 1fbbbb7e8546d45675895b4aeb6e58b1
0,      62629,      62629,       66,   115200, bab944396dd2e5cba897f06a4bfcf3ad
0,      62695,      62695,       66,   115200, 949ba429af09628e7e29a28bf5a09614
0,      62762,      62762,       66,   115200, 54561e745cb1780ef5398221500409fb
0,      62829,      62829,       66,   115200, 846ad408ced3eaea5bb0ed052329263e
0,      62896,      62896,       66,   115200, 1327121cdc6e0a440e0e436f23a80cd1
0,      62962,      62962,       66,   115200, 97eb4331d53ccea11b4742def337c178
0,      63029,      63029,       66,   115200, 668b46f60bdc3087d912c956bcf2830a
0,      63096,      63096,       66,   115200, 3fd4351c9999d66f630ff1bc2a6c2d48
0,      63163,      63163,       66,   115200, 2e2027f44cf9bf31e56f54da0097bd1e
0,      63229,      63229,       66,   115200, 7e92af2740edc4697b9edec024cabad5
0,      63296,      63296,       66,   115200, 3e72d94256214031cc562cb2379171e8
0,      63363,      63363,       66,   115200, ee0c5c990bf80ac2ef283961f372c2e8
0,      63430,      63430,       66,   115200, 52c15d46cea469f66fdc9a419032f90c
0,      63496,      63496,       66,   115200, 7d2229243b18bfddd77e591e576547d5
0,      63563,      63563,       66,   115200, 1672cd28ff54b3b0f106d1b85b774bed
0,      63630,      63630,       66,   115200, dbf7cf8a47e176e88a493c8284349575
0,      63696,      63696,       66,   115200, 978bce6450902aedd30a561ceee98aee
0,      63763,      63763,       66,   115200, 5ac5213e1c607a46b203fc0ad7ede510
0,      63830,      63830,       66,   115200, d2bfe8d8954b80696c7ba6a67839627d
0,      63897,      63897,       66,   115200, 2095e69055ff23cbed8abe2ed220b3a3
0,      63963,      63963,       66,   115200, 045727fb00b0facaa8ac2081d251c616
0,      64030,      64030,       66,   115200, 6f44a5adf580504112c50a8791e8c9ee
0,      64097,      64097,       66,   115200, 54d75603e482c91bd37aec531d57a076
0,      64164,      64164,       66,   115200, fab9d7864c78436b9dfe18d3ba704b3c
0,      64230,      64230,       66,   115200, 54aba4327f687d22c47098296f49f6f5
0,      64297,      64297,       66,   115200, 261f937432a08891073cdd86d55ec228
0,      64364,      64364,       66,   115200, 4abc38e2e792a85e4a334f6aa0fa9c1e
0,      64431,      64431,       66,   115200, 9fb79c1c0c87d768ec0214a4e6174aff
0,      64497,      64497,       66,   115200, e15e7b164706ab3e7872c227b162a42f
0,      64564,      64564,       66,   115200, d21858ce1ef65b6ca18a91fb5de055eb
0,      64631,      64631,       66,   115200, d71949e1316ad6855ae9fcbb808ce6a3
0,      64697,      64697,       66,   115200, 37eaaef10b1247c1b76311f844c1e99c
0,      64764,      64764,       66,   115200, 01655c0e521330bd8cd52b0165652c8b
0,      64831,      64831,       66,   115200, 0ba73be3982c30603be3ce8bfec62c0a
0,      64898,      64898,       66,   115200, 0183bf5fe859aa12a65c570ad015c23d
0,      64964,      64964,       66,   115200, f1c97b7cb604537e31b101c4403da06f
0,      65031,      65031,       66,   115200, e14c107d0f75e5c85b14b8e21e330328
0,      65098,      65098,       66,   115200, e7c6671931aa708e7591a84118fa462e
0,      65165,      65165,       66,   115200, 56894ee0a0b5334e7556604ed35420c1
0,      65231,      65231,       66,   115200, d811f48ec2915b791e701e00407f17dd
0,      65298,      65298,       66,   115200, ed7ae6c63aeed7f8a27baa1354b07688
0,      65365,      65365,       66,   115200, 2a048a868b0287decc44e274e662eaf5
0,      65432,      65432,       66,   115200, 534bc75dfe0657d7de9c582fc588e6ae
0,      65498,      65498,       66,   115200, 77cd3f2c4b4e9d1423d5e96e289c91e8
0,      65565,      65565,       66,   115200, 7ccb5fdc020c5a7da5bee9df98b1b761
0,      65632,      65632,       66,   115200, c3682aa52ea636dca731debcce9e119b
0,      65698,      65698,       66,   115200, a97270d3a0a399e724bd6e87f40bccf3
0,      65765,      65765,       66,   115200, c1fddd9a1cc061c1097b830bd019d445
0,      65832,      65832,       66,   115200, cf9e8e728fb44dda76a9952c93086f71
0,      65899,      65899,       66,   115200, 097f70266a6c636d377563168b558e12
0,      65965,      65965,       66,   115200, 0c95d080140aa502d0ecea55be829a60
0,      66032,      66032,       66,   115200, c07314e8b7f2f725c73635d2c9352529
0,      66099,      66099,       66,   115200, 5e6679147969d75a1b4b34d4f0e6ee2d
0,      66166,      66166,       66,   115200, 2956acad712a43a02c9debdff2d6c1ce
0,      66232,      66232,       66,   115200, 1d32aef29892503a4932ac1458972e6d
0,      66299,      66299,       66,   115200, 12a2479691c85b66827b689dcfbe7a20
0,      66366,      66366,       66,   115200, 1e2763d03a8640c0445226d5722d6c15
0,      66433,      66433,       66,   115200, 43506e80119305f106b1d97b33c5ade6
0,      66499,      66499,       66,   115200, 7f1180ff9480b98ee29899545dc73eb3
0,      66566,      66566,       66,   115200, 90ed11b700e7e9372ab3d0017fcc5c85
0,      66633,      66633,       66,   115200, 5444f783eb78e7e21e323aa8e0dd5850
0,      66699,      66699,       66,   115200, a38bf9eb4959e7b20d36681b2e2470aa
0,      66766,      66766,       66,   115200, a490c8e21a052e2e8fa392a9fb788df6
0,      66833,      66833,       66,   115200, 86f0f8b1fefc7e1279d589ef7d1009b4
0,      66900,      66900,       66,   115200, ba41b2eaf1cb2b55ca45f111b677ffbd
0,      66966,      66966,       66,   115200, 124c4aed21a884fa6e684bfaea301a52
0,      67033,      67033,       66,   115200, 1674b3deb7974745c67441cbc5257ca6
0,      67100,      67100,       66,   115200, ce5de011b25e23474ffbc9390230f315
0,      67167,      67167,       66,   115200, 83ce75df5ed98661cabfdcf88a58afff
0,      67233,      67233,       66,   115200, ffa618bdf7cbe5856b437b780e6af21e
0,      67300,      67300,       66,   115200, 35390b98835a9897d2e1743b9f149ae4
0,      67367,      67367,       66,   115200, 88cabd402de1e6f4d4f2dc59fb20be06
0,      67434,      67434,       66,   115200, fc6650e22ff62e0c020c92713af38baa
0,      67500,      67500,       66,   115200, ad46da9c5c9cc49c3f7b25e04efc79d1
0,      67567,      67567,       66,   115200, a715bd07c726622772ccdf0ff5d4fe4a
0,      67634,      67634,       66,   115200, d59dcbf7d8cb89b797c11cb6ee8a1d41
0,      67700,      67700,       66,   115200, 5ff7e8d8778ae94d6fdfbff3f9bb6314
0,      67767,      67767,       66,   115200, c05c8c59240dc5271e9371654a150db6
0,      67834,      67834,       66,   115200, f518eead9e388135714e1c3a3b098c91
0,      67901,      67901,       66,   115200, 7e1c04578b88866c6c95522210f1d4bd
0,      67967,      67967,       66,   115200, 251995e66138f458be91dac3a62a3c7f
0,      68034,      68034,       66,   115200, ef987b8a566a54f9ac80e8f7606c69bf
0,      68101,      68101,       66,   115200, 4eb2d07f4c4cb76c4d20f9c11fa74625
0,      68168,      68168,       66,   115200, 3f4a7b0f30509f161b20f66bf355a704
0,      68234,      68234,       66,   115200, e031ea93d598b6d9061ef627fe2f6503
0,      68301,      68301,       66,   115200, e035ff1829b6bab5f410b69a84342e1d
0,      68368,      68368,       66,   115200, 30b42d2717e2fa3f66d3200ad1dc9463
0,      68435,      68435,       66,   115200, f3b08b7908817dab9a48c81d58e09661
0,      68501,      68501,       66,   115200, d88645a9a748b2959f6b37c3fda9ec6c
0,      68568,      68568,       66,   115200, 34e7cd643e5ce7a321676c57bac23be2
0,      68635,      68635,       66,   115200, 903bcb1793f27b3d092e7bab19c90334
0,      68701,      68701,       66,   115200, 94bbb315359cd9d87f503066a47e2197
0,      68768,      68768,       66,   115200, ab72cecc78e2ba65a8d23af6ca45c23d
0,      68835,      68835,       66,   115200, 8a49a9333a48849a91bcd44e85e65780
0,      68902,      68902,       66,   115200, c12666c05e18b8da58a810a79dd7b129
0,      68968,      68968,       66,   115200, 6d0c7a70f18ed8c462d412114a8cf09c
0,      69035,      69035,       66,   115200, 96c3d71f9e89388c4a5a36610c9bf776
0,      69102,      69102,       66,   115200, d3b0ddb4c8a94ef8cc48318763c039c8
0,      69169,      69169,       66,   115200, 83b296609bf6cfb7a4aa31538b0f16fb
0,      69235,      69235,       66,   115200, c54ebf084150753a2c148f54a6c5df44
0,      69302,      69302,       66,   115200, 7420d2b6c3e75514e04185a1c5fd33ca
0,      69369,      69369,       66,   115200, a9c9b2aed1224a1570789c4c25305644
0,      69436,      69436,       66,   115200, 175056d3908247e173deda5010dadaa1
0,      69502,      69502,       66,   115200, 74215079e343f4137e0bf90022b51df1
0,      69569,      69569,       66,   115200, 135234061668398022d0ab5a6d08d3de
0,      69636,      69636,       66,   115200, 6618b9455a4f2b2d8d3a2a5be869c6de
0,      69702,      69702,       66,   115200, daa413fceefb9fe88d5d513392e31990
0,      69769,      69769,       66,   115200, 474b20705b3538db5701dcdca595e05f
0,      69836,      69836,       66,   115200, 5163a84f471aea7c8c20800347447d23
0,      69903,      69903,       66,   115200, 2feab8abb7d3f9081825c32e3f8d7cf4
0,      69969,      69969,       66,   115200, 4ed9f639a580e9ba526d0aaba3d79610
0,      70036,      70036,       66,   115200, 617ed148ed914b97eff3b27caace25af
0,      70103,      70103,       66,   115200, e43d0dac3c7d2cdb18a4bd5d64263cb1
0,      70170,      70170,       66,   115200, 8f26b70d7b1a2d78e71592ea15dbf73b
0,      70236,      70236,       66,   115200, de2d372e2ad5acdf83fa25ce0443c6c8
0,      70303,      70303,       66,   115200, cf87f286bd85608caa8ccf9b09ffe38c
0,      70370,      70370,       66,   115200, 27ddf8549cb11b32fcfffff727673071
0,      70437,      70437,       66,   115200, 2a4e2a791e0dd90109899e4c7961a03d
0,      70503,      70503,       66,   115200, 84d6fd08295202f9b136ccf2138ccc6c
0,      70570,      70570,       66,   115200, 3757be6bfa799931694fa4dc6ec8e521
0,      70637,      70637,       66,   115200, fcfffa117818619bb4af6f040793b4c6
0,      70703,      70703,       66,   115200, 8b836d2a079a0a3452b84c726618fd69
0,      70770,      70770,       66,   115200, ac7e3e6ce8edced827452d5d4f652e15
0,      70837,      70837,       66,   115200, 2bb8045347897262f3a26737ee750fad
0,      70904,      70904,       66,   115200, 0bab68d79f51e7199d802ae723fbf418
0,      70970,      70970,       66,   115200, 91367dec00813de6ac41928754a5ba1c
0,      71037,      71037,       66,   115200, b7a85b5b582952233b2dcac9bdc82861
0,      71104,      71104,       66,   115200, 4efbe9007ada0a820bcc3e7df71cf349
0,      71171,      71171,       66,   115200, 66cf45a71e3568628d389307e57556c9
0,      71237,      71237,       66,   115200, d6242bdad2b06319407b98431fd8a97a
0,      71304,      71304,       66,   115200, 2a5bdbf6b02bad2b6fbb16ccb8dea066
0,      71371,      71371,       66,   115200, a5717572f6bb7c0d704e155fdf342499
0,      71438,      71438,       66,   115200, 03e4068abf120159dbdc9b0a0123253c
0,      71504,      71504,       66,   115200, b710531ac124933502decaa5226612cf
0,      71571,      71571,       66,   115200, 44be6914c18d599a291a9ef3d9fd6eb3
0,      71638,      71638,       66,   115200, 13f301435adbab711166d38916aaff86
0,      71704,      71704,       66,   115200, d63d73ca022e6f22a1f52186489b00c7
0,      71771,      71771,       66,   115200, e95ca9888ef6d85b7437bbcedc1a04e1
0,      71838,      71838,       66,   115200, 3f8a8f19073e6c49776751aea342478b
0,      71905,      71905,       66,   115200, 723d29b4c8ac6612b5ddb041924df59e
0,      71971,      71971,       66,   115200, a21b10a9ec4d6f86e3d17f88068278b5
0,      72038,      72038,       66,   115200, 288e2a9ed451a2062044428cbddd5380
0,      72105,      72105,       66,   115200, da4d5d089a59fbf00e7f100b4cace2e3
0,      72172,      72172,       66,   115200, 442ff5d7d2aab19a7b0e672b42906ec0
0,      72238,      72238,       66,   115200, 46fdb82b7ab778aada5ada67e7ffbbd9
0,      72305,      72305,       66,   115200, 51f26dc15be3b9d143618e9b9e8b4fea
0,      72372,      72372,       66,   115200, 162a61faf5a65a13c0c57db0538cf7d1
0,      72439,      72439,       66,   115200, 27504ae42f536d9db0879b66e773be34
0,      72505,      72505,       66,   115200, dd1e1a8926205183bdcfc8e3a828d56e
0,      72572,      72572,       66,   115200, 90f92b28c68a0eb8922b6af8b4c0439d
0,      72639,      72639,       66,   115200, 9b6b783bb7b8d6f70876d4c02b1832d4
0,      72705,      72705,       66,   115200, 038e477a1a591ba6db6ad5e82aa62169
0,      72772,      72772,       66,   115200, 412667d2bfb16c28aacea8896766681f
0,      72839,      72839,       66,   115200, bfaf9d642b948ec4d2387cd217a17588
0,      72906,      72906,       66,   115200, a8b436890bc06153197499cfae378f7c
0,      72972,      72972,       66,   115200, f8e1fb7a72eb306937af39a8c87f380c
0,      73039,      73039,       66,   115200, ecbd639142928ddce59bfd7dc1dc0711
0,      73106,      73106,       66,   115200, fd16e15f86526c0ae596d64715f1d4fb
0,      73173,      73173,       66,   115200, 02059367eb4dc49992e186949341b3f8
0,      73239,      73239,       66,   115200, e8dd4378267ec408b1c6e5294714585c
0,      73306,      73306,       66,   115200, b3205cae21ed4bbf843e711fcca01164
0,      73373,      73373,       66,   115200, c4016a4f29870ab2d50077f6ad4bb71c
0,      73440,      73440,       66,   115200, e54b7e2ffb59ea51446a79cd0a00c3e5
0,      73506,      73506,       66,   115200, b39af53e90aa8b399d440e66873363ee
0,      73573,      73573,       66,   115200, 89c82ae390a219037626adf77d22cd39
0,      73640,      73640,       66,   115200, 39983e6fea64a20cfaae6d7653b9c2ff
0,      73706,      73706,       66,   115200, 6c3aa0dfa411b0aad60de642525efbac
0,      73773,      73773,       66,   115200, 63da393e43e35f7421bf277a8aa7fa0e
0,      73840,      73840,       66,   115200, 8202b78ae2019a38bf0edee379b4dd1f
0,      73907,      73907,       66,   115200, 2ced5f6f7581da67a39fec6b673917e8
0,      73973,      73973,       66,   115200, 76bed35c6d917a993bc54d5a9c136d42
0,      74040,      74040,       66,   115200, c6dc876037a1dd1af995b67ae1b7f805
0,      74107,      74107,       66,   115200, 67ca4651183338b0c6c8fd76a09779f6
0,      74174,      74174,       66,   115200, 59edcec0f0ebf00ba15b2a327194b793
0,      74240,      74240,       66,   115200, 0b3e0d789023607c117ae026bf33d074
0,      74307,      74307,       66,   115200, 175ec0898808c9d4f4c3cc5806a99823
0,      74374,      74374,       66,   115200, a881b7f124c0b1ab157e74cc8db311e9
0,      74441,      74441,       66,   115200, da00c39fbcec98ae61f616b1182b9ab8
0,      74507,      74507,       66,   115200, df5d61420a6b26c431bfeb4f7cd912a3
0,      74574,      74574,       66,   115200, ee8d0df7ce3ef10f51655c85c4db7748
0,      74641,      74641,       66,   115200, adf92326e5e9c172365a9b9c7c32b3a0
0,      74707,      74707,       66,   115200, b5ec3ed520adaab9f456ce41010829b5
0,      74774,      74774,       66,   115200, 569cbac8664abbd75f6559bf1c00ef42
0,      74841,      74841,       66,   115200, 8ebb23cbf8c33608e7ddf09efbc9bb04
0,      74908,      74908,       66,   115200, dbd6de0b40ac822e4aff5366cb013daf
0,      74974,      74974,       66,   115200, 6c904e8c46200ac6ed52f9c603849de9
0,      75041,      75041,       66,   115200, fc7a691c2ce282fd45736086d656554d
0,      75108,      75108,       66,   115200, cbfb4f4ea050f2b75799a597701572a1
0,      75175,      75175,       66,   115200, 236a2f44ef55f7b0d78b14bc599b74be
0,      75241,      75241,       66,   115200, 0081e4fb040ff1c861ac8f77f267ee2c
0,      75308,      75308,       66,   115200, ecc4f7d777878404d0b4cd39f5c40f46
0,      75375,      75375,       66,   115200, 9a5de4e0f298bb8c2e1fc03b15b46ed2
0,      75442,      75442,       66,   115200, a324458a019db83a0407b1159de66d8e
0,      75508,      75508,       66,   115200, 273af4b79e183d9a8f4a579dceba9806
0,      75575,      75575,       66,   115200, 271aab8bdd5fe6fc3985318758ca2b8e
0,      75642,      75642,       66,   115200, 8e50dde0ede0c78791ae4867fc7196dc
0,      75708,      75708,       66,   115200, 31aba47775782714c65ca6d539d1126a
0,      75775,      75775,       66,   115200, 387e918466b484815baf18d85f4ac6d1
0,      75842,      75842,       66,   115200, 62a9ac0cf65f76ed87ec0d17a93bf92a
0,      75909,      75909,       66,   115200, b00c5aaeef95356d1edf36b2b766989c
0,      75975,      75975,       66,   115200, 7762b6bab8c223fe028581404e99d05d
0,      76042,      76042,       66,   115200, c7fcbde607f6c404551712477f9596a0
0,      76109,      76109,       66,   115200, 9428768052d42545a0edfcd81c41999d
0,      76176,      76176,       66,   115200, c87f87603ea3549cd580b436be3e7c93
0,      76242,      76242,       66,   115200, 19656be99e3dc146924ed5116d81b434
0,      76309,      76309,       66,   115200, 08e3173f1ad928bb0bf97e9da23b89dc
0,      76376,      76376,       66,   115200, 80254b2e3068c1bf272b8e1928a2ce02
0,      76443,      76443,       66,   115200, 8b56d1b29e0fbd2c7180778ca0655419
0,      76509,      76509,       66,   115200, 95ad4c1f516f6c7fff9ef9bb7837b6d6
0,      76576,      76576,       66,   115200, 25d4fcfab6dbb45374cac2745c99a142
0,      76643,      76643,       66,   115200, 61af1051e2c8d7ddd058267cfb145f08
0,      76709,      76709,       66,   115200, c57b2ca8535ff5fbe5d3f4a1cce4b841
0,      76776,      76776,       66,   115200, c99f7c72ec91c1aafd4f3fb650f265da
0,      76843,      76843,       66,   115200, f7125e46f9efe32b80583808297cfe58
0,      76910,      76910,       66,   115200, 32bce11e471580d59b58268151d97ed4
0,      76976,      76976,       66,   115200, d15d9d5de504e20aba63266b33f27ce7
0,      77043,      77043,       66,   115200, 1cf56d17c865554d88887898be1a090c
0,      77110,      77110,       66,   115200, 522e0cb55559070c72c72e298881f5c9
0,      77177,      77177,       66,   115200, cf8128af9bd4a6c522f250f935c5f239
0,      77243,      77243,       66,   115200, 5a49a5739a952f7dd11d28eb413bcaa3
0,      77310,      77310,       66,   115200, 0efa0a59e80e08ed357b2a751561a265
0,      77377,      77377,       66,   115200, 6965b1529179f7d2a1a7a91d8493193a
0,      77444,      77444,       66,   115200, fa21a4c830cd75544f42c10275436633
0,      77510,      77510,       66,   115200, d3613723960dc392c78bd6a1b9f71b76
0,      77577,      77577,       66,   115200, 9eefcbb22beccab69640066c6419c340
0,      77644,      77644,       66,   115200, 490aacdb4bec17561a7c3e9c55b7999d
0,      77710,      77710,       66,   115200, 89469a870fcf3a63c856e24353869066
0,      77777,      77777,       66,   115200, e1300f7a906051d1468b5925e5e62faf
0,      77844,      77844,       66,   115200, 94ff500df81363a3c269a342a57e1e4a
0,      77911,      77911,       66,   115200, f3bad25df60e2a58399718513a581a2a
0,      77977,      77977,       66,   115200, 46e999f189aa6d9da854c8b07026d815
0,      78044,      78044,       66,   115200, 2a14c01a0b8ce3029cff5cb0fe8f52ce
0,      78111,      78111,       66,   115200, 8ef17315931b409f7947f96c5bde6184
0,      78178,      78178,       66,   115200, d7050a1884ae2ebcf9acda890a944a9d
0,      78244,      78244,       66,   115200, 60aeae45b6ff06ffc35e057464aec48a
0,      78311,      78311,       66,   115200, ce2ad83d9a96c98762a68abb8971419a
0,      78378,      78378,       66,   115200, 4308f203bef6093a5b457ca8cc94a5a5
0,      78445,      78445,       66,   115200, cb5e98d678ceb84b4594087f19a81886
0,      78511,      78511,       66,   115200, c894bc4e5ed5b5d670036f6f1ff51178
0,      78578,      78578,       66,   115200, 6f880f4d72eb747cd5bae356032ba733
0,      78645,      78645,       66,   115200, 8ef9981133281f1fb3a62374d222c0e2
0,      78711,      78711,       66,   115200, 150dc9f91c54ba84f60e1302ef6a46ed
0,      78778,      78778,       66,   115200, c9d680fc7423d55acb579047b13f280a
0,      78845,      78845,       66,   115200, 99d3d5744c3d32b1eda836f632fc6d69
0,      78912,      78912,       66,   115200, f722d2dd9ea3e7c75da6a809c2e540b3
0,      78978,      78978,       66,   115200, 28a6202b3747458493aa8056de459bed
0,      79045,      79045,       66,   115200, b2cff7c75af245a1cb5e3c7179b33507
0,      79112,      79112,       66,   115200, 1238f1e7e6f6100b66b7379ebd559341
0,      79179,      79179,       66,   115200, d25fe571f261ba77ba3ad88ea27f96f8
0,      79245,      79245,       66,   115200, 99430488d7408fe085bedda80d945adf
0,      79312,      79312,       66,   115200, ad2e83da89f754a39d6c262d68616bbc
0,      79379,      79379,       66,   115200, 5e0e62e49f79870c70878dd710eb6bdc
0,      79446,      79446,       66,   115200, b81358c499fd91fe5a5f70617125e5bd
0,      79512,      79512,       66,   115200, 285caf1d0148843e23d816850307c99f
0,      79579,      79579,       66,   115200, 55a0af64fdf406382faefb08740ce385
0,      79646,      79646,       66,   115200, 7133e2e2ab36b8626569990a420b7a6a
0,      79712,      79712,       66,   115200, bb2408991abcf47a4cad484f0afa8339
0,      79779,      79779,       66,   115200, f0c9cdfd9ff9c79a476c3fcd94178220
0,      79846,      79846,       66,   115200, ed26228a6b27b1c5201bf3ec021987d0
0,      79913,      79913,       66,   115200, 996a4f405b67d8bd0c5d161f0f4697ea
0,      79979,      79979,       66,   115200, 7044ba9af21fe1bb3837d31c8f437cac
0,      80046,      80046,       66,   115200, 6e089bf1c20a1b753b50c95e8a1e864b
0,      80113,      80113,       66,   115200, 948d511f5b53c6f33db22b7350969201
0,      80180,      80180,       66,   115200, fffd21dc5abceea2f9589d275d53d84a
0,      80246,      80246,       66,   115200, c119ba52b0f9ccb82603fc50a9ddc1ba
0,      80313,      80313,       66,   115200, 7c3fbe2a1546eb75c4db7d5bf92980b5
0,      80380,      80380,       66,   115200, dfaa3790eef0dbe88578e8f9c13085a9
0,      80447,      80447,       66,   115200, bfb75024147d45a6ba37478855e8b83d
0,      80513,      80513,       66,   115200, 79439596e5808f484833d0fa860ab269
0,      80580,      80580,       66,   115200, a560ad67649641ca100f4335b900ac28
0,      80647,      80647,       66,   115200, f559f42955ac0b240594666588c4eac5
0,      80713,      80713,       66,   115200, 89bf341a2457eaaa7366561d1e99fcfc
0,      80780,      80780,       66,   115200, 8565d4af6eb676c6f86313e458b80628
0,      80847,      80847,       66,   115200, 87481912f851fa8f3f2ef8e2e73bf29a
0,      80914,      80914,       66,   115200, 401e7e520ae466bde4d98e7748404968
0,      80980,      80980,       66,   115200, 707aa07ae5f658e1a5ff19a9ef1b1198
0,      81047,      81047,       66,   115200, 0a903f9c556b36c4958aafed302b65b8
0,      81114,      81114,       66,   115200, b05e60ad657596a453e68e3260a5bd5c
0,      81181,      81181,       66,   115200, 11c7b9d942a7d368896ac02f89823e1b
0,      81247,      81247,       66,   115200, 59d518b8a0c10f5b24d17e10d44e8111
0,      81314,      81314,       66,   115200, 439b6eafad5756f2d0eb496805aef700
0,      81381,      81381,       66,   115200, 60ae04242f5dc4178ce7e2be2c400727
0,      81448,      81448,       66,   115200, 0db82b42700dfd76dd7516b67ac59094
0,      81514,      81514,       66,   115200, 7a20d70845d57d2211ff76bf2aca5f77
0,      81581,      81581,       66,   115200, 91f333018e40f8c74aeee749b64705c4
0,      81648,      81648,       66,   115200, 04f32d1a0cd6d34ecd400441d8bc0256
0,      81714,      81714,       66,   115200, e1d0e463047b7feb69e921b52f22a81a
0,      81781,      81781,       66,   115200, 3bb3cd60650003ddf6b75fa478a318d0
0,      81848,      81848,       66,   115200, 05002da8cba53a963ba22d6d808a9b66
0,      81915,      81915,       66,   115200, 8d722fdb3536b7a3ccc43937f3c524c7
0,      81981,      81981,       66,   115200, 0cd56cb0feeb6a379310f4bd171e7215
0,      82048,      82048,       66,   115200, a35e199e010eac5309b523c5bc6fca9e
0,      82115,      82115,       66,   115200, e38eb83bac5018a6a28a134d1b28c5d4
0,      82182,      82182,       66,   115200, eef2fad99caee4f71dd07f7cf474e8e6
0,      82248,      82248,       66,   115200, 2db091d45af301f1ca4c80d28643995c
0,      82315,      82315,       66,   115200, 774cb26268bf930d24ccdc9645d39faf
0,      82382,      82382,       66,   115200, 2b9af022f6d55d6bea274b8a1f98df8d
0,      82449,      82449,       66,   115200, bf30a16c70d732de7e98033ba864ea17
0,      82515,      82515,       66,   115200, da91fbe892b8500e7ff91aef378fad00
0,      82582,      82582,       66,   115200, 2504a927f4cd7c11c62ff10ca64ea1d9
0,      82649,      82649,       66,   115200, e37681c9c108600b5bec0f50d6f08165
0,      82715,      82715,       66,   115200, 0511f0b8df56d4069168b9295705985c
0,      82782,      82782,       66,   115200, 3dd8fcfd9fb8ec3e9d90b9484fcae25d
0,      82849,      82849,       66,   115200, c8b323cea2f0db749c320e2621981265
0,      82916,      82916,       66,   115200, 1d7c84ef9c8fbaa306f6bf6d3cadcb59
0,      82982,      82982,       66,   115200, e271bf6f2e25a3a2a600470d2e3b5816
0,      83049,      83049,       66,   115200, 11cc1605b2b0c1b91953be81ab278e1e
0,      83116,      83116,       66,   115200, 0740540707d8761f63c8bb6e31314b30
0,      83183,      83183,       66,   115200, 8a0c392499c9aa2f99a021f1d541bcd0
0,      83249,      83249,       66,   115200, 7320229959b1457787ab3e78b539e534
0,      83316,      83316,       66,   115200, 2b05e1591bdf42e1ea8103356677f0a5
0,      83383,      83383,       66,   115200, cab4faf6efcac1c069c7b1bb10396bb2
0,      83450,      83450,       66,   115200, de6ef117cde0c0a9857e198b9224e7de
0,      83516,      83516,       66,   115200, 869f6893d079df3712259eef18b718e2
0,      83583,      83583,       66,   115200, 41dfe27853b9d6801d14ebe2e525f94c
0,      83650,      83650,       66,   115200, 3618f4a31effc99725172cce0d49233b
0,      83716,      83716,       66,   115200, 9b7b111bded59690d6f62edd1847348f
0,      83783,      83783,       66,   115200, f410303d0b7eb2bb0b8edb7f35b09894
0,      83850,      83850,       66,   115200, b6ad4bbb123f24126b757e2e5234a577
0,      83917,      83917,       66,   115200, a9bb4dda232ccb749e0e98bab6295359
0,      83983,      83983,       66,   115200, 783974ee113aaacead9c033166cae889
0,      84050,      84050,       66,   115200, a4d7c7e5342d6f8bdcd1d494caefe90a
0,      84117,      84117,       66,   115200, 31be597d82f707d04952adfc3f021d3d
0,      84184,      84184,       66,   115200, 925b848c94173770872999de665a71b4
0,      84250,      84250,       66,   115200, db3e6e4e00add57051bf99deb2538ac9
0,      84317,      84317,       66,   115200, 65f6bbf109f655b45126aaf8b45267c8
0,      84384,      84384,       66,   115200, ecdcbf893582b96f2749f13202599c61
0,      84451,      84451,       66,   115200, 4672df8fcbca341bb7e5ecc5332ced25
0,      84517,      84517,       66,   115200, 3547d2fb9dd42b1ab8cfa21f5b8df836
0,      84584,      84584,       66,   115200, 09855f928c8bc4e0a7321c8008b4de4e
0,      84651,      84651,       66,   115200, 046cc1fd66e6d39971b212dad0ae4f65
0,      84717,      84717,       66,   115200, b4a62c7c6cf51475828801e8a70be084
0,      84784,      84784,       66,   115200, 0754e9dec0c1be3834e7862a66d3356d
0,      84851,      84851,       66,   115200, df031b2abc9afb490618ac02a8fe8718
0,      84918,      84918,       66,   115200, fb4c1119d02ce77747281f483f42d6e0
0,      84984,      84984,       66,   115200, ed65d081be56946095e12ffa31c97f15
0,      85051,      85051,       66,   115200, 6356e36b6178a07dbbb7b353cbde45cc
0,      85118,      85118,       66,   115200, c9b4f133c0177506fdd523f920f52aa3
0,      85185,      85185,       66,   115200, cd522e26678183c71d9655ed51f80436
0,      85251,      85251,       66,   115200, 5275edab86948102032eb4806a5489ee
0,      85318,      85318,       66,   115200, f34a90c1a33ff1ada319ffb71e85d39c
0,      85385,      85385,       66,   115200, 3dc64fd888cae731e42d25778adb342e
0,      85452,      85452,       66,   115200, a2615ea02814231367f178bbec4e7c6d
0,      85518,      85518,       66,   115200, 8399a5601bb8df740f861f17ee673039
0,      85585,      85585,       66,   115200, 98f379d4b68d46a5f37da78566ef6992
0,      85652,      85652,       66,   115200, 75aacfdda322ba7e0fe071e31c011577
0,      85718,      85718,       66,   115200, 0c5aa2aafabb1f5b123a7bc3442fc89f
0,      85785,      85785,       66,   115200, f8c26020bfdcdb3ca3002d0d1f73984e
0,      85852,      85852,       66,   115200, 599f575640192746be63ff1e4978ef55
0,      85919,      85919,       66,   115200, ebc0c0814017909d80e0e207e9168918
0,      85985,      85985,       66,   115200, d8ce54505040a44006bcb0ce6e58645f
0,      86052,      86052,       66,   115200, 97645a0e337a12eba9fecfe42903dcf1
0,      86119,      86119,       66,   115200, d11b318b594c5f7fbea16f1c373cf44d
0,      86186,      86186,       66,   115200, eab01ba48e75ece3d6b6ecb77500c782
0,      86252,      86252,       66,   115200, ed5c205cbfc2f327cc7c989f5a424a48
0,      86319,      86319,       66,   115200, 6e598a7ce2cd1e8c783d7efd500a1949
0,      86386,      86386,       66,   115200, e88eff3870e4f004e40fb7d1cbc2506d
0,      86453,      86453,       66,   115200, 0b3d6e9bcc4efd2fcb89ec52756c5f1e
0,      86519,      86519,       66,   115200, 32af0a2413c748ee9722bf408a076bd0
0,      86586,      86586,       66,   115200, ef9797c5ceb898fbe64ea76f3216fa8c
0,      86653,      86653,       66,   115200, a043ca2c3b9a1cb4c8bc91d644f0df7e
0,      86719,      86719,       66,   115200, 32e23bb5387663997537a4f58b7c0113
0,      86786,      86786,       66,   115200, 5ca63540f3e3e5f94de9ad1990fd8eb6
0,      86853,      86853,       66,   115200, 541841b4183781a3b7735b255368736d
0,      86920,      86920,       66,   115200, df07f0cb158350e08bccba49ba6d5259
0,      86986,      86986,       66,   115200, fa9c310734e1cea263042129e7941ab3
0,      87053,      87053,       66,   115200, d40d255eaafca7d0e3fae57ba0423159
0,      87120,      87120,       66,   115200, 747b2fef5bb6fc818dc5cf0f7521ff39
0,      87187,      87187,       66,   115200, e7984790708b0fc39fff49f7e35f2a8e
0,      87253,      87253,       66,   115200, caeb65a1e4f5362584a214548b373de1
0,      87320,      87320,       66,   115200, fe532a9cbb52f7158ce7103180e984ae
0,      87387,      87387,       66,   115200, 93992f36ffb6b78946874e112686c97f
0,      87454,      87454,       66,   115200, fc752083adee10b69204596239869c04
0,      87520,      87520,       66,   115200, 2826d98bbd90558e90162ddad82414eb
0,      87587,      87587,       66,   115200, de9ff1c5c5a6cc63da2488ac4a4abf7c
0,      87654,      87654,       66,   115200, c678bc488cee94e641b99c3e8fe52f54
0,      87720,      87720,       66,   115200, 4514ef84d03abe63a3edb2c14f76f7f9
0,      87787,      87787,       66,   115200, a2b38c49ba4ffcbd395d2942900f0888
0,      87854,      87854,       66,   115200, 09c51599756f01ec1a35143125bc783e
0,      87921,      87921,       66,   115200, e43987fc6616edd7c725f7af2318fb60
0,      87987,      87987,       66,   115200, 4cfd497da5c67eeeb274b59b8de0a07c
0,      88054,      88054,       66,   115200, 95b8ad834e34d21fe81c058fb7eb197a
0,      88121,      88121,       66,   115200, 116bc098f1df4eda340ec0780cdddf5e
0,      88188,      88188,       66,   115200, 3876409bcfb92c962764ffef79a51dbb
0,      88254,      88254,       66,   115200, 556d1874053b0ba9df6d762cf51da6dd
0,      88321,      88321,       66,   115200, 8813771907d85da27cd4d44958290a59
0,      88388,      88388,       66,   115200, fbb2372ba1f52fe16b1bf2df1a9ee59f
0,      88455,      88455,       66,   115200, 3afaef40241b59cbca7085463493ecb0
0,      88521,      88521,       66,   115200, 74a1adef44828ebdef665f9425b9bdc3
0,      88588,      88588,       66,   115200, 12da8ae1ecf1a210106ae333c889dd15
0,      88655,      88655,       66,   115200, 3eb06a329cf2f02f34b40aed9223806a
0,      88721,      88721,       66,   115200, f1df7420017a904cd20595041cc702fe
0,      88788,      88788,       66,   115200, ed42abda7f2101955746231d45996b7e
0,      88855,      88855,       66,   115200, 7e8e57bf9c066aecff7888518b0afa89
0,      88922,      88922,       66,   115200, bb41508e575d3b686b2051d674682f49
0,      88988,      88988,       66,   115200, d0f4dd265e670ee47c608de9e884b7d7
0,      89055,      89055,       66,   115200, 2ec835ef3a0a53e747b9c5fbcbf0fac8
0,      89122,      89122,       66,   115200, 2ce0462b6e8c6b88a59e7d764be6c55c
0,      89189,      89189,       66,   115200, f24ec9c836bd17dde812df7e6126e783
0,      89255,      89255,       66,   115200, 0fefa03785690a25090a2dad3106873a
0,      89322,      89322,       66,   115200, 0d4f36713e7c67e379df36bb65fb735a
0,      89389,      89389,       66,   115200, cb51ecfc26a71931388acc26a13571fe
0,      89456,      89456,       66,   115200, 527b96f5ea6d2de18b9c6de64b725e71
0,      89522,      89522,       66,   115200, d8c9d76285004864248cf46399cc9b90
0,      89589,      89589,       66,   115200, 52419b9ed1e6cce334570c744c5c4f2c
0,      89656,      89656,       66,   115200, 71a2d4cf5d4d41a6519eab9ec104e7d3
0,      89722,      89722,       66,   115200, 6c3b1a4fe071f07cbf4153dd63135c2e
0,      89789,      89789,       66,   115200, 95715b38252947257046b361aa61f29a
0,      89856,      89856,       66,   115200, 9939b8706a79a42e563e882cd81230f5
0,      89923,      89923,       66,   115200, e41fe49b23050e64c98f2e9a367cdb63
0,      89989,      89989,       66,   115200, ee3921cbd39df72fff7768b4a933d8ec
0,      90056,      90056,       66,   115200, ab662cb2ffd2bc769ba9730ab33a502b
0,      90123,      90123,       66,   115200, 534bc8cd6ab616da9775b43641bbd145
0,      90190,      90190,       66,   115200, 8ee248f2c93a86c9f9e692430c37e097
0,      90256,      90256,       66,   115200, 223819de12750fec1840013165b46dc8
0,      90323,      90323,       66,   115200, c19a98f72863482dedaaf57014230297
0,      90390,      90390,       66,   115200, 7c9ec8e93a54af98500590a2e54cf7e9
0,      90457,      90457,       66,   115200, b4e7634ed9f0a1ff865fe9cb5fd70dfe
0,      90523,      90523,       66,   115200, 64d4179f692e0c2f70542321ff4a5302
0,      90590,      90590,       66,   115200, b1941b9013f7795affd43f2d98a45ca7
0,      90657,      90657,       66,   115200, e454631a16c743ee39cd4a6aa228a53f
0,      90723,      90723,       66,   115200, aa64c39889e4d68d2b00b297684a2532
0,      90790,      90790,       66,   115200, 78f0daff8f8f63358f8d0b0aeb0c08d6
0,      90857,      90857,       66,   115200, 0e5e0d4acd7e2ad1a33733aee1744796
0,      90924,      90924,       66,   115200, d1ccdfb04d9b97827b251115b85fff97
0,      90990,      90990,       66,   115200, 574ed011ca9e6bd8693db8f4dabb0a78
0,      91057,      91057,       66,   115200, 3fa3cd13bc18aa8477244bc2e14dd64c
0,      91124,      91124,       66,   115200, a3dcabf9798f6f44806a6e308fd6abe3
0,      91191,      91191,       66,   115200, 3b27d7d9979815b61846d20a010a850d
0,      91257,      91257,       66,   115200, 1c40bded6ee62d36aab5c70d04ad67d0
0,      91324,      91324,       66,   115200, 3cf7ea16e0d407c5a7e85c88f3e41702
0,      91391,      91391,       66,   115200, 87cb98ebaefb2bb857452b5355408bcf
0,      91458,      91458,       66,   115200, 3ef64c65f69a02696356c025a2f9e02a
0,      91524,      91524,       66,   115200, 16de0719a0bcf18f88783c5118407936
0,      91591,      91591,       66,   115200, f1e8ce3b7a6c360b6c73ece839fe0cb0
0,      91658,      91658,       66,   115200, 15fb5be56cfa4fc55c6a1d34e8d4c50a
0,      91724,      91724,       66,   115200, eeb1df18c17e5b1b971ffbdbce27ddaf
0,      91791,      91791,       66,   115200, c1460a09c3a8ed35cc6625a783bf7962
0,      91858,      91858,       66,   115200, 03884af4cfe442bb3f630cc7f0884769
0,      91925,      91925,       66,   115200, ddc309ccefa50891689d1d9acf2fc3d8
0,      91991,      91991,       66,   115200, a364ec0cabcf01b94a8357c7e5de929f
0,      92058,      92058,       66,   115200, 203c29c02d3280f672e93be087428992
0,      92125,      92125,       66,   115200, bb87084de751b235a4db0536d7f4f45b
0,      92192,      92192,       66,   115200, db51d42493d28d72e76ec09c312b712a
0,      92258,      92258,       66,   115200, c08812ff15318feef91db66aaf4b0d05
0,      92325,      92325,       66,   115200, 7ce1b0fe18f5e6b119f93971f6e11ed4
0,      92392,      92392,       66,   115200, 384d4b5438d64ffbfae83ce93580daa6
0,      92459,      92459,       66,   115200, 4ed51fb250520a9cbe97ac377d817d24
0,      92525,      92525,       66,   115200, 1831f277a6b121d6e1af27d61bf604b2
0,      92592,      92592,       66,   115200, 2f90cf9832b87fc6cb32d3069c902bad
0,      92659,      92659,       66,   115200, 1a0fc6bfe8612ecffceb4f9cbdbcc089
0,      92725,      92725,       66,   115200, 98921849aa80e88e70119a53eb76e2ab
0,      92792,      92792,       66,   115200, 18cf858b1f512d21a12071bc1b17d4dd
0,      92859,      92859,       66,   115200, e988bd3b13c355e7c6aa02bbd177f0e8
0,      92926,      92926,       66,   115200, 099c47b16d099b7da105d3d7863a3178
0,      92992,      92992,       66,   115200, 2eed2f7daecce7eb8e28251258765366
0,      93059,      93059,       66,   115200, ecef23536788501426dbf36cf37073ec
0,      93126,      93126,       66,   115200, 497e7c2ca15d23a75a72a39c79751e51
0,      93193,      93193,       66,   115200, 5de59285da15b98d69c50f45d5bf417c
0,      93259,      93259,       66,   115200, cb4baac622a202595aa81e944136d955
0,      93326,      93326,       66,   115200, e502da439fe7739ac6327beed09890c2
0,      93393,      93393,       66,   115200, 6117bbd675c6efc6c18c80bf3729419a
0,      93460,      93460,       66,   115200, 16ca46b20d3b3ebed4a47305107fb9ab
0,      93526,      93526,       66,   115200, 7f31b4fc8d9e9f53e19219451f01aa3d
0,      93593,      93593,       66,   115200, 1a993b6d5f28440cae4546782ce5cccc
0,      93660,      93660,       66,   115200, 6a06084b104f7ca103e090b23a8255b1
0,      93726,      93726,       66,   115200, 8941cf81443e268805d9d19cf537dde8
0,      93793,      93793,       66,   115200, 90cb6d76a3c480cec9faf043916e50b7
0,      93860,      93860,       66,   115200, efa5a94a0accb6cc8ce6e74abed92566
0,      93927,      93927,       66,   115200, 718f8671192a4e106419354994a43bd8
0,      93993,      93993,       66,   115200, f8e6c229a923eb9f505e279609382607
0,      94060,      94060,       66,   115200, 2df02fc1e1a3a20796b9d01db5b08e55
0,      94127,      94127,       66,   115200, 3ae9dcd908a76563865fbc43bb4f90e1
0,      94194,      94194,       66,   115200, 21fefdc35f6a67301b2f5e9a725e928c
0,      94260,      94260,       66,   115200, e40108f85c2a4b5762157e6e1e58ccc6
0,      94327,      94327,       66,   115200, 9d7f02558cc7629fdbbbbeeee6c8342c
0,      94394,      94394,       66,   115200, 7b26ca4461682ffa209501ab612ea8b3
0,      94461,      94461,       66,   115200, 18973f2feac2b524493bfb18abaaa2c2
0,      94527,      94527,       66,   115200, 404bac80a8ecb01eb8803fcc848a677a
0,      94594,      94594,       66,   115200, baae3cfe49f671d997fa31a0127fb9a6
0,      94661,      94661,       66,   115200, 9f46ef053474100b3b724001a989b40a
0,      94727,      94727,       66,   115200, c5994d9f2bca37924715fa8057132d2c
0,      94794,      94794,       66,   115200, 6219b36eb68c2e1c5c5d7749a78ec58b
0,      94861,      94861,       66,   115200, da4ffedf9fed6ca201fb0fee7d0a63f1
0,      94928,      94928,       66,   115200, 1ed9a1e75f54e6c5d4811c89cdc176d7
0,      94994,      94994,       66,   115200, b8169e4a88e2a6972b9d94a7e9ac2bdc
0,      95061,      95061,       66,   115200, 8d723f0fc856e5f4ca588795288c5a3a
0,      95128,      95128,       66,   115200, 81b6095d17043e87b60c8864052077bf
0,      95195,      95195,       66,   115200, 94de74779c1027d4c73d65a2efe7654d
0,      95261,      95261,       66,   115200, a7c8d4c559cad9596573b866c1cd467c
0,      95328,      95328,       66,   115200, 98978dc5b808e88615678213a0d8f334
0,      95395,      95395,       66,   115200, b405486205a55de842cddecc59bdd4a1
0,      95462,      95462,       66,   115200, 83e59a822e3829338f5556c32a99f6a3
0,      95528,      95528,       66,   115200, 2e3b1735ae0f0bf9e2caec0fe30970e0
0,      95595,      95595,       66,   115200, 494f2843985b62e2f12532870c6f5d73
0,      95662,      95662,       66,   115200, ccc7cd3cee88f4859c8ca4182df69a71
0,      95728,      95728,       66,   115200, ec725149f6bbd49dd1d4f12202a78705
0,      95795,      95795,       66,   115200, 04e17fa2f27e6be4d79403bdd246300b
0,      95862,      95862,       66,   115200, 98e1da7dd88f839c295be006ab9387d4
0,      95929,      95929,       66,   115200, 9c53454f0233d9d1f42eb138b30a0989
0,      95995,      95995,       66,   115200, ad23bfa0f3673830437267cf3de1d244
0,      96062,      96062,       66,   115200, 2bc83bcc9f80575cad1c96828df7d907
0,      96129,      96129,       66,   115200, 1eb0ccb7c212bce01b373e33517dacad
0,      96196,      96196,       66,   115200, 8a36dda2d5d474fec07cb255a69a1c8b
0,      96262,      96262,       66,   115200, 179adfda18261835f06d489d4f5b3e54
0,      96329,      96329,       66,   115200, 5c76f4209e29de9a687ef6a3f03ff3bd
0,      96396,      96396,       66,   115200, 71eadab54ed31fdf5de290e0fe8862ca
0,      96463,      96463,       66,   115200, 426b6d42e3356b4f444852fb90d116e4
0,      96529,      96529,       66,   115200, 1c6f5027fdb00d0567584f47a734bfc7
0,      96596,      96596,       66,   115200, b712d3a088d63d103eb3e39935716b91
0,      96663,      96663,       66,   115200, a89d696f140e7176623a68b5be7147e3
0,      96729,      96729,       66,   115200, d0954948e2c53af894b66050c1c7f3dd
0,      96796,      96796,       66,   115200, 2abe9e66b3fc58bc190a34533ce9d3be
0,      96863,      96863,       66,   115200, c7291c91472ad13a7cfebeaf76b774fd
0,      96930,      96930,       66,   115200, 68538dbfca9aad871a1d5d69fbae3ca6
0,      96996,      96996,       66,   115200, 6803356e62ec06ceaadfb4d892677172
0,      97063,      97063,       66,   115200, 7464404498a91879ab148f9274ed738f
0,      97130,      97130,       66,   115200, 7692d9704067af3d53160ad85eadbea8
0,      97197,      97197,       66,   115200, ceb9f661b746ab0c7400a17b3d040f6e
0,      97263,      97263,       66,   115200, 7353d1110eaca2570faa4531caa8a0c2
0,      97330,      97330,       66,   115200, c31d2ff7732bb864c41ce4d20e7fe46c
0,      97397,      97397,       66,   115200, d27b9d1655b4c7f0879f4eeacb6c8761
0,      97464,      97464,       66,   115200, 50f0aba9f0f456b403f7b222f991d81c
0,      97530,      97530,       66,   115200, 9389d06f4a9b9149b79bcae5d0edf4ed
0,      97597,      97597,       66,   115200, 56f2430adf27834d00b56572a4ec7808
0,      97664,      97664,       66,   115200, da8cfafba52b1ab6665eb69f738b0f39
0,      97730,      97730,       66,   115200, 39b18bfc24ad3c5233701a10e2bca615
0,      97797,      97797,       66,   115200, 919e41b3a481897ce5e4445618f1e1a3
0,      97864,      97864,       66,   115200, f6940a30e8c3b37c19114ce53630f98c
0,      97931,      97931,       66,   115200, 758efd46315df9526ba9637193306c13
0,      97997,      97997,       66,   115200, cb644a01ab7b743aa09e19a6f187bcf6
0,      98064,      98064,       66,   115200, a5ba0e9a4a5eeaecc0f190b2513aaaa8
0,      98131,      98131,       66,   115200, adc3d3b543b1139a8fddebe413e3fcdb
0,      98198,      98198,       66,   115200, f4c1558d73881aa7edc12554a7c49412
0,      98264,      98264,       66,   115200, 94e1483c04bd37888bbb9ef61ea3b412
0,      98331,      98331,       66,   115200, 6d40bb226a6bdb114e590df77f894333
0,      98398,      98398,       66,   115200, c4f97d940e4d85188d8be56f2a5676cc
0,      98465,      98465,       66,   115200, 06f6b9ce3e863a2e3e24907f81292ca3
0,      98531,      98531,       66,   115200, bb1100991a0fd9759409c2fe83a22f84
0,      98598,      98598,       66,   115200, a6b72ae89bcb1b8ad4374b6fc96818c0
0,      98665,      98665,       66,   115200, 4f3cde9166e1969df80baac4b131f69b
0,      98731,      98731,       66,   115200, dc97372657e0b9f46f8b1b1211872db9
0,      98798,      98798,       66,   115200, 5b942ebbd4394cfd38bf32f65fcfdf58
0,      98865,      98865,       66,   115200, 4437e3463356b60519d45005406bffae
0,      98932,      98932,       66,   115200, 034dd161d0295679ee8e8ed08998b92a
0,      98998,      98998,       66,   115200, 9df8c59fd0a7dfedcd47762529fe92ff
0,      99065,      99065,       66,   115200, 8300ee5b3ca7fdf4d40059270877268a
0,      99132,      99132,       66,   115200, cd142bafdb45f79ad736ceca327096a3
0,      99199,      99199,       66,   115200, fd4f06455ee492474d46fd6021f69ea6
0,      99265,      99265,       66,   115200, ff9e91c714f3b85d79589ec5b368c88b
0,      99332,      99332,       66,   115200, e0360f089d606e418959ec8d53c18191
0,      99399,      99399,       66,   115200, cab2402847f712db86e5c5ca008b0159
0,      99466,      99466,       66,   115200, d4f0d1f406c80c3b4afbf9deda3ef85f
0,      99532,      99532,       66,   115200, 801f04b8ccd39058ab2fc24e4eab76cc
0,      99599,      99599,       66,   115200, 3e207bdd2187129bb9a6223ce01045ab
0,      99666,      99666,       66,   115200, fb5a1ba0849cbfdd66a73e9e5c58b9c7
0,      99732,      99732,       66,   115200, 5098b2557958d99bb0f66bf9b5a05d14
0,      99799,      99799,       66,   115200, 24038f1b6e4252a24081a51158cca11c
0,      99866,      99866,       66,   115200, 872389c86439a9e3328d90eebd6d2689
0,      99933,      99933,       66,   115200, e8d161cc27614dcb7cbdea7ad69dd5ed
0,      99999,      99999,       66,   115200, d3b582363bcacdba27309e304138333f
0,     100066,     100066,       66,   115200, 51b41f372493b7559a071df4d0c744ab
0,     100133,     100133,       66,   115200, 0948a77c9566220fdb0f23287423b998
0,     100200,     100200,       66,   115200, af3646aead16a56787f63f2cf99c3236
0,     100266,     100266,       66,   115200, 085dfd1ccbd624098c158da8364d139c
0,     100333,     100333,       66,   115200, 832ce16825b11685e595c28e299948fa
0,     100400,     100400,       66,   115200, 2bff001ea1408999ae820e8fb1fac61c
0,     100467,     100467,       66,   115200, b0176835144da8d2a3d258c1e7f64ff9
0,     100533,     100533,       66,   115200, 1a8752928d496f2562c06c53ea58493c
0,     100600,     100600,       66,   115200, 7aeb48bd11d5f9a330b59519f07cd8bc
0,     100667,     100667,       66,   115200, ba0264ea0595278c21121d99ffe28e75
0,     100733,     100733,       66,   115200, 8377b50d10d1bab78d8def9c6167b868
0,     100800,     100800,       66,   115200, b5299c2204c9d3f9206a3eac4da998fd
0,     100867,     100867,       66,   115200, 1234d8630fdb0b1af25c33a58f55cae5
0,     100934,     100934,       66,   115200, 42ab52df92ad3370c49916a7f8a4ca5f
0,     101000,     101000,       66,   115200, 14432314894134e3d1ddd852eaa6cf7b
0,     101067,     101067,       66,   115200, 2fe1edb63db9674667ae5a98b909f39a
0,     101134,     101134,       66,   115200, 15f9e56818968d6bdda77657ea1d0023
0,     101201,     101201,       66,   115200, afcdb0015f259060bb860f31b38c6c7b
0,     101267,     101267,       66,   115200, b1d107532a6259645a5894ee3095a38d
0,     101334,     101334,       66,   115200, 3890c29f58f1edeae9d650b827de9802
0,     101401,     101401,       66,   115200, 4ad7cc15ec1e68f34198f8b92bf654f4
0,     101468,     101468,       66,   115200, 88bafafe3aee347571e4d33aca3018a9
0,     101534,     101534,       66,   115200, 763a2afde09a841d856fa752402a6a4c
0,     101601,     101601,       66,   115200, d451cfcf0e765f357304e411e6f38d41
0,     101668,     101668,       66,   115200, b9b539d7b4c7d20b34429f5b52475e10
0,     101734,     101734,       66,   115200, b7974cf6953b95069ff6570140adf71d
0,     101801,     101801,       66,   115200, 84a2299416dc89a04493eed6a24f193d
0,     101868,     101868,       66,   115200, 2610b5e24783cc0e380d7dd7c992863d
0,     101935,     101935,       66,   115200, 15abb4841074684acebf8fb71eedeb7b
0,     102001,     102001,       66,   115200, 8bf82ecae5bc6fe5cf88a35fd127aec1
0,     102068,     102068,       66,   115200, aee309c4cf9bfb3d93016d3061630dd4
0,     102135,     102135,       66,   115200, 1ff93a9cddc863603f5b94da3b40a2d0
0,     102202,     102202,       66,   115200, 9aa426da2d3f259cfaaa4936d9dc2937
0,     102268,     102268,       66,   115200, 4e13b64d4dfb99ad92bbc3702fae702d
0,     102335,     102335,       66,   115200, 470c9587ff4bced8497e71ea717a0cc4
0,     102402,     102402,       66,   115200, c035323a81ca01b350ac1dfeda638207
0,     102469,     102469,       66,   115200, 09cbc0cda60a1ce28cb3e521ab10a6b1
0,     102535,     102535,       66,   115200, 5f6763dd2135c4af44dd31cf2e303acd
0,     102602,     102602,       66,   115200, 7d2e03b91160fe53d7f9ccdf92698d88
0,     102669,     102669,       66,   115200, f71f529a6ef1b7eff2f089010e1e1483
0,     102735,     102735,       66,   115200, e7445713d84a93f710f34870b416e41f
0,     102802,     102802,       66,   115200, c0b58a384169c54ae12b3675a4fe9f6f
0,     102869,     102869,       66,   115200, e9a08d48b3ca19cee58837e501d72459
0,     102936,     102936,       66,   115200, 6c592dc5d30976ab5057ef3a7d4f80e3
0,     103002,     103002,       66,   115200, 4766c625dcfcaf565ae5c94e9933b229
0,     103069,     103069,       66,   115200, caeb723022b7f681912c79820e828614
0,     103136,     103136,       66,   115200, 439dcc93f8cd1ec9989a301bb4166103
0,     103203,     103203,       66,   115200, 1aeaee94e88088afbd21c85f20e9f590
0,     103269,     103269,       66,   115200, 609d4d6db4565347e271d66abe1cfc56
0,     103336,     103336,       66,   115200, 158d8c326c05580f332378cbedc394a1
0,     103403,     103403,       66,   115200, 9ed885dfd99c0173ef7e85c9000c2f3e
0,     103470,     103470,       66,   115200, 6c761effcd0ae0ca81d8c7c30f193595
0,     103536,     103536,       66,   115200, 848b16249deae2df318ff9106831a13d
0,     103603,     103603,       66,   115200, 8ffebc4cd6b293748c79639dd02dfec3
0,     103670,     103670,       66,   115200, 254ec9308e5c50203240d1a16d95962f
0,     103736,     103736,       66,   115200, e767f2405dc25a91093f81467cec11fe
0,     103803,     103803,       66,   115200, 5ffbcbbfe73d0d384280e4509492c330
0,     103870,     103870,       66,   115200, bee4b43d4108af09024cb218062f44ce
0,     103937,     103937,       66,   115200, c87ed5bf9646672c51c77426ed28ff12
0,     104003,     104003,       66,   115200, 810dda0b9b3f63d5d4b9bd29178df687
0,     104070,     104070,       66,   115200, 573381e6e1b32220eb392dc74382b4a3
0,     104137,     104137,       66,   115200, dccce742fb3bf8875b3500fcb539460f
0,     104204,     104204,       66,   115200, 86eb904c4af8f3f3c28375bd2104aefd
0,     104270,     104270,       66,   115200, bb55449fe1222f762feed53ea080dafb
0,     104337,     104337,       66,   115200, 1d756c76bfa29857188185719c88e2ff
0,     104404,     104404,       66,   115200, b6e2876583d5bdddd10e67c8d366bd9f
0,     104471,     104471,       66,   115200, 866316a6bddad11b107decc5141a631d
0,     104537,     104537,       66,   115200, babd943136c80f266f0f110a1934b13e
0,     104604,     104604,       66,   115200, b4dbff1c28f13104ceff6906ad737506
0,     104671,     104671,       66,   115200, 274ac1601215cadd253827e8892f1d2a
0,     104737,     104737,       66,   115200, f41bdfad2d1e6b80a902e6cbf6e8c729
0,     104804,     104804,       66,   115200, 4f1276aeacd0b781a64e9c821b366221
0,     104871,     104871,       66,   115200, 08c95fc759eded9f2ee36b46dd9d6b9e
0,     104938,     104938,       66,   115200, 4cbabd51456375949bd05edb61ba454e
0,     105004,     105004,       66,   115200, 708d08fb7e1722a20fd8e69307d5c475
0,     105071,     105071,       66,   115200, 17e886a25e8e1a2279058550bdb3d5c8
0,     105138,     105138,       66,   115200, 28dbc7251f3001e4ff8e8d97e1ac13e7
0,     105205,     105205,       66,   115200, ba6aff7e3f945d9c75a536d2c05edc87
0,     105271,     105271,       66,   115200, 7ae4c3a8b9e2070e4ea1c0563d157001
0,     105338,     105338,       66,   115200, f428bae54d42affaecd6f6aa5a1004e1
0,     105405,     105405,       66,   115200, 5f04ad0a3d04597fd45c1b1b32abe3f6
0,     105472,     105472,       66,   115200, 4e7ee7caac35710c06633e6933760e8f
0,     105538,     105538,       66,   115200, e491743593050940224066d9a17542ad
0,     105605,     105605,       66,   115200, 0a8900badf8ed35b1bee4822d74b37f3
0,     105672,     105672,       66,   115200, 3d8ec002c75253d4b000c04e82684097
0,     105738,     105738,       66,   115200, 4687de703c5c9ab56a2451ddd3a2cb59
0,     105805,     105805,       66,   115200, 1aa05e65e571fee0c07e771c53d7e710
0,     105872,     105872,       66,   115200, c1c454218163508c5a9111dddbb12023
0,     105939,     105939,       66,   115200, e0b0f936b05f8d63534b2d887de4ea84
0,     106005,     106005,       66,   115200, 498f933fa787b4675ead923910cb20c1
0,     106072,     106072,       66,   115200, 5aef57f0453c9a7ff552882ee09bd096
0,     106139,     106139,       66,   115200, 928d61495363cd1f8ff59ee25ec794cc
0,     106206,     106206,       66,   115200, 3fe210ea21a097a185a36f03af277ad4
0,     106272,     106272,       66,   115200, 747b31259ad9c2771bab6bcb75722e83
0,     106339,     106339,       66,   115200, 96f40a02cefff458275cc3e573fa0011
0,     106406,     106406,       66,   115200, 7251d193e5f2a3139cbd7763b3624201
0,     106473,     106473,       66,   115200, 187cf1013f58e6aa1bb3820651c7aa35
0,     106539,     106539,       66,   115200, 2d057f69b43c84052ff61764bdc8e2e9
0,     106606,     106606,       66,   115200, 50e17319234f7c5c6050ff427200c4e5
0,     106673,     106673,       66,   115200, 1df864523faa81a068cd018d4ce4018e
0,     106739,     106739,       66,   115200, f49573a7859c47dff9a28269e94e552b
0,     106806,     106806,       66,   115200, fb1c7281f1ae5d7e550a1c0e031a6244
0,     106873,     106873,       66,   115200, 720aa97abe506cbb02102fe50aea38e3
0,     106940,     106940,       66,   115200, 6c2d30680315e68d526b58bc6add2f49
0,     107006,     107006,       66,   115200, 87ff025ca6e8b6e6200140f5ba8e80c3
0,     107073,     107073,       66,   115200, 09a7b3acfb0b32875d9d6f39818477ed
0,     107140,     107140,       66,   115200, dddc3fe8ba2ba38b504160bbfc39fb82
0,     107207,     107207,       66,   115200, 0b140d1f887ec2c78870f1889f4b625e
0,     107273,     107273,       66,   115200, bca5dc2495c41a9b8360fd4474919265
0,     107340,     107340,       66,   115200, 49ae705c6fd98891b762cb5b619a2ee7
0,     107407,     107407,       66,   115200, c57a7eea846f6293180b8afa3ca0ff99
0,     107474,     107474,       66,   115200, 15990df9b331b8600bb56a1d73f08b94
0,     107540,     107540,       66,   115200, e4490b7858204b75d08a9947e136b2c3
0,     107607,     107607,       66,   115200, c955171b54179a2039c0be12d74a43c6
0,     107674,     107674,       66,   115200, 38849c0b386dc2fca6e8303abe38c25c
0,     107740,     107740,       66,   115200, 63e9ef35c939ace698003de444a2b24a
0,     107807,     107807,       66,   115200, d9a90600ba84bc24ff62a5feab5c4f38
0,     107874,     107874,       66,   115200, 3884201027bc9d47d0875bd2ce29e5ed
0,     107941,     107941,       66,   115200, 20c748217553c332e8c7be2d24c2bc3d
0,     108007,     108007,       66,   115200, 1b1cd4e5142ed51605641937abd127e5
0,     108074,     108074,       66,   115200, 13d0f5fcfbb8c8f44a4700cd013c195d
0,     108141,     108141,       66,   115200, 79f13d02fb0787c84bdae93ae8ebbd4c
0,     108208,     108208,       66,   115200, 5f5ebcbd54f9df6be5a9d3f94fe08c69
0,     108274,     108274,       66,   115200, 582e758a0a639aed0f8da00ab255ac6a
0,     108341,     108341,       66,   115200, 54dc8be0075abe94d0fc0f1b68a22978
0,     108408,     108408,       66,   115200, ca4b3a04e9340a6806a20de51c42c0fe
0,     108475,     108475,       66,   115200, 60796dce654a2a46e73c1f0f299f3211
0,     108541,     108541,       66,   115200, 78bfcb079999bbc6c3760b031a5f363d
0,     108608,     108608,       66,   115200, e0ba27756915b32dedb429d74440812b
0,     108675,     108675,       66,   115200, d7c3f01e4fbc0c388bd79e99808989ea
0,     108741,     108741,       66,   115200, a7749324fb09bc59ac4d0fee640f59fc
0,     108808,     108808,       66,   115200, 3f5a8c2061f5a912a0fbe1362ed8399e
0,     108875,     108875,       66,   115200, 7a9d28c33934d8294a88aa13f72849fe
0,     108942,     108942,       66,   115200, 3ef10464450a35b02b76f6f27a23bff0
0,     109008,     109008,       66,   115200, d3a41e5a1b7d8816f0f0e4d0c2dd2a88
0,     109075,     109075,       66,   115200, 231296cdf1e681078dec1e1eacfde236
0,     109142,     109142,       66,   115200, da84dd1745a53183110417e3186259e6
0,     109209,     109209,       66,   115200, 28a2ef21365a73abba93355a16ff94c5
0,     109275,     109275,       66,   115200, d06271d43bca8d3c2615e99bf6cc6069
0,     109342,     109342,       66,   115200, 0ee761e28e218f8000a8c99f5ad89233
0,     109409,     109409,       66,   115200, 654b2b36560d9c15e4991eb169feed56
0,     109476,     109476,       66,   115200, 5f0a7f5f80779a50fc66013a4ffba8c6
0,     109542,     109542,       66,   115200, 68b10f262d0fe84c0ca0196aacad895b
0,     109609,     109609,       66,   115200, ee70bf96d1ecf5570ab75895d020b732
0,     109676,     109676,       66,   115200, 52735459ec917018330976126515af94
0,     109742,     109742,       66,   115200, 4a2065bbb7673a0a57d0ea28d76c8ebc
0,     109809,     109809,       66,   115200, 46c63de0696c67714881805bdc8024ab
0,     109876,     109876,       66,   115200, 0352c4da979c20d2985d584fef59f423
0,     109943,     109943,       66,   115200, e204e61f254222de2295ccb51ad407d8
0,     110009,     110009,       66,   115200, 62b8a43d873b550e6874e5e1ee84ee79
0,     110076,     110076,       66,   115200, 6d7ca69b0a25c19bd8f43bee3e790a5c
0,     110143,     110143,       66,   115200, 4c63f2edd5c9c39e56c29267e937cc1b
0,     110210,     110210,       66,   115200, 533df4c786af76c09b64ce81143ef630
0,     110276,     110276,       66,   115200, 2032d08020cb4d9d3ab3b0f8a4fce537
0,     110343,     110343,       66,   115200, 2630355a4deb689c16598d88e1f0ce90
0,     110410,     110410,       66,   115200, e2d1fba2a4e7063ecb243b882fbc8b41
0,     110477,     110477,       66,   115200, 3ddcc69ad0e01c298f33c1b9a37f5743
0,     110543,     110543,       66,   115200, 67236a29d763c754f6c117bf3b79b379
0,     110610,     110610,       66,   115200, 024be3086a1e1ab81343734d7e8a7ce2
0,     110677,     110677,       66,   115200, 0db64bfdf6304f67c72f499ddb2a232f
0,     110743,     110743,       66,   115200, 788878ac74ac8be5292294aff4d438ca
0,     110810,     110810,       66,   115200, 50cd8814f33a7c687658c19a4470a4ca
0,     110877,     110877,       66,   115200, 54b35a92bcf2e2d80eb2015b54290a36
0,     110944,     110944,       66,   115200, bbccf94862eb38a4e22c5b43b2ee0ee0
0,     111010,     111010,       66,   115200, 487d1108fbc77715e78958d8c134da39
0,     111077,     111077,       66,   115200, f80c2caa8edc0f016c06308ff075f235
0,     111144,     111144,       66,   115200, bfddb770313511d58b4f37582134edfd
0,     111211,     111211,       66,   115200, 7e578c62a6b7ff3ccd65a4f0e170060f
0,     111277,     111277,       66,   115200, 07b83a90d33fbf19d0b3d3a2dcb2d02a
0,     111344,     111344,       66,   115200, 1a90ab816b9813ec2cb25f49de7b637c
0,     111411,     111411,       66,   115200, 836d6cfbd2695f097095354d07dbb38c
0,     111478,     111478,       66,   115200, 6e47188d7c87ad92c5b9d2823e8b8637
0,     111544,     111544,       66,   115200, fe920d29a5e898040eb537f04ff55deb
0,     111611,     111611,       66,   115200, 597d4e777890e119e05c5c1fdee8ab52
0,     111678,     111678,       66,   115200, 9979ab532aed6e0312c986fa19b7263e
0,     111744,     111744,       66,   115200, 59dbb6cac3ff9f8cf97a18197a17a0bd
0,     111811,     111811,       66,   115200, 42a3a03686fb4920012079292b43013e
0,     111878,     111878,       66,   115200, 7931cece3ff872aed6c8951a09c1475b
0,     111945,     111945,       66,   115200, 2507328ecd9ab652ff2f9acc9e2db088
0,     112011,     112011,       66,   115200, 760ef349158462f62ef7fc7eb3f89d93
0,     112078,     112078,       66,   115200, 771a6a6f0215e2d53cacc9f839015b09
0,     112145,     112145,       66,   115200, d35d533cca11d6799e65d03456a27bfa
0,     112212,     112212,       66,   115200, db294b25ab3ab1bec544b613a8550451
0,     112278,     112278,       66,   115200, e17ef7d960948c0e0499f35365c76e24
0,     112345,     112345,       66,   115200, 5c9535236dc5cf2fd457a5db8e3e04ab
0,     112412,     112412,       66,   115200, d8f623d833a844641bca09a274bced75
0,     112479,     112479,       66,   115200, eeb6f9caddd28e64c66913ddb4d590ab
0,     112545,     112545,       66,   115200, 77fa66cf18f0e14f7b87222c119ee90b
0,     112612,     112612,       66,   115200, caea16081da3a95ba6f9fc68613cc5a9
0,     112679,     112679,       66,   115200, fa8251a6d32479a3e28daa5818ab0bf8
0,     112745,     112745,       66,   115200, 24d2652dac7112212b9c00b6bdb76751
0,     112812,     112812,       66,   115200, a75f32b0f23b5bc3ddee5f8f213cc0b7
0,     112879,     112879,       66,   115200, 5efb369dac6c9c06524980639ececb28
0,     112946,     112946,       66,   115200, 2bf8deda5475bfb0a068a665ebc02db1
0,     113012,     113012,       66,   115200, a24be757a08a0c7e84704b0d2221216d
0,     113079,     113079,       66,   115200, c94f65f364bc8a6577c722b920e8d966
0,     113146,     113146,       66,   115200, 949cc48e10636bb9216527422fd8055a
0,     113213,     113213,       66,   115200, 06db61ba3bc0bf75a7be4970d888776f
0,     113279,     113279,       66,   115200, bfc3a0193cf06e2f1e45c22109fd5399
0,     113346,     113346,       66,   115200, cc6c2405ee252c20869d314c6e65a792
0,     113413,     113413,       66,   115200, b0b8f087b7b257122ecf3c7c630640a6
0,     113480,     113480,       66,   115200, 7d66768276bc1dfad20f675c0c43ed31
0,     113546,     113546,       66,   115200, 241e2412560dfa12e5eed6b96fd4090e
0,     113613,     113613,       66,   115200, 6c7031fc6dd6b62128dfa724dd4836ec
0,     113680,     113680,       66,   115200, 4a6555d0f99c268cea36b6beb5491bc5
0,     113746,     113746,       66,   115200, 8432118d13e5b97334ebaa2a8c12577b
0,     113813,     113813,       66,   115200, 0373f6530cd00ad7d007d2c4f2eb68fe
0,     113880,     113880,       66,   115200, ec73c3986ecce2bfdd7e391082802fab
0,     113947,     113947,       66,   115200, 54a92710128b0e54bdd26fbfeeb2b024
0,     114013,     114013,       66,   115200, ee63f81d9cebfe8098d1e97aa4996e3e
0,     114080,     114080,       66,   115200, 79a7d85fdc966b758b6fb8383a91a051
0,     114147,     114147,       66,   115200, f7c0f43eccf9e295fced333a14cc7a26
0,     114214,     114214,       66,   115200, dd5ddcec1327ec8123a2cf136f4f621d
0,     114280,     114280,       66,   115200, bc0cd856c36544ee97947889f52804e5
0,     114347,     114347,       66,   115200, f3dc16cd1601a6523fc4afe576e12dbb
0,     114414,     114414,       66,   115200, 96c673ad3c6b0b802330e3107a784d3e
0,     114481,     114481,       66,   115200, 6c362dda272a32fe12448493e72bea5a
0,     114547,     114547,       66,   115200, 79ba28a3638b0d70b2413f827dad689a
0,     114614,     114614,       66,   115200, c6732656299f57adde009b14d292b075
0,     114681,     114681,       66,   115200, 836996302b2537a63f9dd668e093603c
0,     114747,     114747,       66,   115200, 134fe197ad0dbda172d4114a40f3bea9
0,     114814,     114814,       66,   115200, 371e0c5d2ec1af18be1fcd6c6221b4e4
0,     114881,     114881,       66,   115200, 95875dfc5c64e6e8cf955b5d34c8ca0f
0,     114948,     114948,       66,   115200, 69ae1230a42ab3f42aaec5cc9a08cf97
0,     115014,     115014,       66,   115200, ab345f9085b065f36aab230e8a55aa7c
0,     115081,     115081,       66,   115200, 82d1bf373e1da9f79bd5bdab1cd8a100
0,     115148,     115148,       66,   115200, 657a59889c1f37938ac1067fa3f5b413
0,     115215,     115215,       66,   115200, 943d8326ea51569001bc1f96bb4ce90a
0,     115281,     115281,       66,   115200, 3b8bdc21ec4baf84e339b8a48647ba62
0,     115348,     115348,       66,   115200, 0f09a13f99593e7a829d94b848d00a50
0,     115415,     115415,       66,   115200, 88606051243405e3c4e7216609fd125e
0,     115482,     115482,       66,   115200, 2ce38743fe0b692fee0413b8e13df79a
0,     115548,     115548,       66,   115200, 8e38f00a37f824ebf80053afb6e24f16
0,     115615,     115615,       66,   115200, 2c59d8b7f7cb58612df357ab4ee27a25
0,     115682,     115682,       66,   115200, 1da3440bc70405d58a11b6ea99a0cbfd
0,     115748,     115748,       66,   115200, 44c33cab7fd92bd6f794f158a016aea8
0,     115815,     115815,       66,   115200, 8be5c46658eff4a23fa18235f1033d61
0,     115882,     115882,       66,   115200, ec6a88cd438d3e1d0e7f2723affccaf7
0,     115949,     115949,       66,   115200, 63a6038e5644a0f9d4c9d0f9c707e32e
0,     116015,     116015,       66,   115200, 4fc748726bc5ed9be6a27f685e2b145e
0,     116082,     116082,       66,   115200, b43e6183078bc425ffe944c78b15f714
0,     116149,     116149,       66,   115200, 0808303744e42f48485e8460e8883755
0,     116216,     116216,       66,   115200, 344ae61080ec6a60a7284ba2d64d6c53
0,     116282,     116282,       66,   115200, 14fba38fa942ad0259ea7e3b2908581a
0,     116349,     116349,       66,   115200, d9fe722269cdb3e35433c0f0a4684c8d
0,     116416,     116416,       66,   115200, f35e96371f445c4bc4c1967fc951158a
0,     116483,     116483,       66,   115200, 525a2a0aa635789d0253eed4ad304850
0,     116549,     116549,       66,   115200, eaf469a692093e88b0d5205fb37ee2f3
0,     116616,     116616,       66,   115200, 0a603de6c158c481848b195717327dc6
0,     116683,     116683,       66,   115200, 1f0cef2a362f2236b36a02386d7f111c
0,     116749,     116749,       66,   115200, a4efe20408849df871a4f9e86bb3f3b3
0,     116816,     116816,       66,   115200, 8bf2bd1033f2ac1cf987d968151bc2b3
0,     116883,     116883,       66,   115200, 6d3433961f8acba98362a468eb234ce2
0,     116950,     116950,       66,   115200, 1ce686c299b4696a3ab9c7336e94aad7
0,     117016,     117016,       66,   115200, 4a71d4e109d4de287fd5cdfcb622cc46
0,     117083,     117083,       66,   115200, 5b710260140fd4bb9bf329babd190172
0,     117150,     117150,       66,   115200, 47d9d738e06bbd9debf2710c109970cc
0,     117217,     117217,       66,   115200, 817c01b664764a33573ac30ec79033b0
0,     117283,     117283,       66,   115200, 26a7c963746a2f1e3e326289227b2edb
0,     117350,     117350,       66,   115200, 47825b35f5eb7c4e04d8c89accdb5d40
0,     117417,     117417,       66,   115200, 303edbc857ec56954dcf31a63e429133
0,     117484,     117484,       66,   115200, 04c20f6f0ec155c8bd32ff3ee22cb23b
0,     117550,     117550,       66,   115200, 50b19880d02faf272f36e29706a15e31
0,     117617,     117617,       66,   115200, fa25123e58048fbda57b4a70a1d76a51
0,     117684,     117684,       66,   115200, 13f46e63f5e0a9571df5c0b0879ac8b5
0,     117750,     117750,       66,   115200, 7c67304f46b1a17198bda95527b2c0ad
0,     117817,     117817,       66,   115200, bb73ab39ddb232a5787c6179525116c4
0,     117884,     117884,       66,   115200, cde3bc5383121e567167a2a8d1f7fd1d
0,     117951,     117951,       66,   115200, 4539fe2d1522ad81962816a89c27c385
0,     118017,     118017,       66,   115200, 77ae393f6d4aa6a8f6803334aab9de34
0,     118084,     118084,       66,   115200, bac3d269f4d2f5bc78fb2acbdc265b20
0,     118151,     118151,       66,   115200, cdaf324a8054767dca33f768958363b7
0,     118218,     118218,       66,   115200, aca4f07d9bdcf7a52a8698a98cdbccf7
0,     118284,     118284,       66,   115200, 01116d1f5d1446eca0d105c99a0f4d14
0,     118351,     118351,       66,   115200, 9e0ce0ed099217b93b700f9ab28268cb
0,     118418,     118418,       66,   115200, 3460ab33cbf6096175e69aa8f7f94b60
0,     118485,     118485,       66,   115200, b85c1c1129d22282b80db4baed668a8a
0,     118551,     118551,       66,   115200, 809bfa966a4c94ce357fe253591572a9
0,     118618,     118618,       66,   115200, d3a24ed535dadf35e809d1d04cbcad20
0,     118685,     118685,       66,   115200, 29b4227ef0dc367c58417667e88ff781
0,     118751,     118751,       66,   115200, 255c6aeb7b2e206a20913c8a57e7f46d
0,     118818,     118818,       66,   115200, 4a148eedd13b88c0899468dad2f145a1
0,     118885,     118885,       66,   115200, 06b0856dc7c4304a5c0236a02171f386
0,     118952,     118952,       66,   115200, 4ec4d3b7239e0167a16caacdc7f97202
0,     119018,     119018,       66,   115200, ee009e4159462c2b6cfecdd6b9e84585
0,     119085,     119085,       66,   115200, 2285889c97b63840117512ed9b4e4d9b
0,     119152,     119152,       66,   115200, c1391a07042183acff1ed0235853134f
0,     119219,     119219,       66,   115200, 229e4cae0232eee57491368f93301d34
0,     119285,     119285,       66,   115200, 95bc5df6e1f3df8fa3cd41d4276d14e4
0,     119352,     119352,       66,   115200, 1f916fffdc657a20284c1881c5c52828
0,     119419,     119419,       66,   115200, 0454c02b9b10d5a8404c030817ae4db5
0,     119486,     119486,       66,   115200, c26d864ce6c6e43ab0a124dc93d76a77
0,     119552,     119552,       66,   115200, aae1beb620750a2a6c15a73aadd2f886
0,     119619,     119619,       66,   115200, 8a0a87de488a1bd3ed56e346155e233d
0,     119686,     119686,       66,   115200, a031fa2000e46ccac66cb9897c044313
0,     119752,     119752,       66,   115200, c865f6802b55d255cb5082d41e188c13
0,     119819,     119819,       66,   115200, 37f157b18009c4d8d8e36ad9faf61745
0,     119886,     119886,       66,   115200, c45c6b03e4dbfab73e48d062b7c34484
0,     119953,     119953,       66,   115200, cf8296bbdba872dac7bf8070e31505dd
0,     120019,     120019,       66,   115200, 24b78a0ddfdf0be7a505b0f5d5d383fc
0,     120086,     120086,       66,   115200, 4773b7339bac000f079368d0e46554d9
0,     120153,     120153,       66,   115200, 4dc7e7299864b2796b12296870f3fb3a
0,     120220,     120220,       66,   115200, e79861ab08a9ec43a5b16ed1901bb268
0,     120286,     120286,       66,   115200, f05381e28ba5982973b2171e4de554fc
0,     120353,     120353,       66,   115200, 264b2ce23ebfa3b4a0a8b8c94d1ad23f
0,     120420,     120420,       66,   115200, 47dbf7b6e43055aa3129bc1d3cb80985
0,     120487,     120487,       66,   115200, 85c99a8cd7266ae59104cd68ca5d654d
0,     120553,     120553,       66,   115200, 4964f98f9cdac5e7764e720d1600069b
0,     120620,     120620,       66,   115200, 0021bf98e6512039a8d655bb0ebe06dd
0,     120687,     120687,       66,   115200, 9c08868c1e8b6b3d18b2bc4fd212e3cb
0,     120753,     120753,       66,   115200, ecb512966e4fd721711ce53a12c7683a
0,     120820,     120820,       66,   115200, d083644564e26f4cf90225710e742ece
0,     120887,     120887,       66,   115200, 5b298caeac3ea6af31aca6ceb1b5b2cb
0,     120954,     120954,       66,   115200, a0d40f60ce67af96c6bdf58e1c84cd69
0,     121020,     121020,       66,   115200, ce868675e6b18615a64dee6c50a64110
0,     121087,     121087,       66,   115200, 9d0152492838f3dca14d973e2e6a2418
0,     121154,     121154,       66,   115200, 566f8e6cf7a4a3bc027d6479ab881141
0,     121221,     121221,       66,   115200, 31f31d065db678f331afc841afa67562
0,     121287,     121287,       66,   115200, 32e3af413983daaf812e7cd51704db52
0,     121354,     121354,       66,   115200, 300b71a3c8616d73c60e71d88afb91b7
0,     121421,     121421,       66,   115200, 9b883e754c0eb9068560b863419bf071
0,     121488,     121488,       66,   115200, dc0b68f4087550b833ce1e2e12536cac
0,     121554,     121554,       66,   115200, f67ca61ab8a1765ba3b36e344a4fb47a
0,     121621,     121621,       66,   115200, 7e2cb693af9234cabdb36fcaffa61a7c
0,     121688,     121688,       66,   115200, 1686e7281700f13d1c7e517836e08869
0,     121754,     121754,       66,   115200, f5357fd1bad58b532e6f3db1cb4d391d
0,     121821,     121821,       66,   115200, c48fc058ed032123649d868dbf866b90
0,     121888,     121888,       66,   115200, 0f4ce1c12f88f98eea5199aed583b92f
0,     121955,     121955,       66,   115200, 445386c030964ba1058f295ab5d546db
0,     122021,     122021,       66,   115200, cad8a3013436b617209270bda6af8917
0,     122088,     122088,       66,   115200, d73f1c19a0e785894c3636f1b89d3d35
0,     122155,     122155,       66,   115200, 1a05bab091d79c620c00fa8545d37e3e
0,     122222,     122222,       66,   115200, eff9b302f43ce29881e93c5ea3208735
0,     122288,     122288,       66,   115200, 3d1af345d4205762c0a36fef794ea9c4
0,     122355,     122355,       66,   115200, e90d5ef7544c24ad057ccef781eff58f
0,     122422,     122422,       66,   115200, 578b96f02925668418e51fc19b2059e6
0,     122489,     122489,       66,   115200, cb93e5075130e2b51b42115aefdc4a16
0,     122555,     122555,       66,   115200, e997d1536943447e12afea8148fe45e0
0,     122622,     122622,       66,   115200, 43a9e0eb4722d1c51ce9954ed62fc3b0
0,     122689,     122689,       66,   115200, 22ecc92526fc486a0fe6797f0d843cb4
0,     122755,     122755,       66,   115200, bc03488176cbd0ba23eafc3e0a8d1db8
0,     122822,     122822,       66,   115200, e3cdd3d4b199ab25a05a8738009b6c2c
0,     122889,     122889,       66,   115200, 874f9c03e3fb6903ffe9a2d35340823c
0,     122956,     122956,       66,   115200, 6c612eb468b7d0519ded45c21bdd41fd
0,     123022,     123022,       66,   115200, af29c0525aea2cd8d8d62521607b7874
0,     123089,     123089,       66,   115200, 133d393370d788e77e123572dc9579fe
0,     123156,     123156,       66,   115200, 2dcefc15eefe7f678b0e2850e985df52
0,     123223,     123223,       66,   115200, 386b8aa7bb562699823668eb54805f63
0,     123289,     123289,       66,   115200, 56e7558c6e0094fe8b387e6cddcbebff
0,     123356,     123356,       66,   115200, 22c3bcc1a24b65e53c36e5bac454ed4d
0,     123423,     123423,       66,   115200, 3be98f91f26924954f2da7a3413486d5
0,     123490,     123490,       66,   115200, 357ee9224bf3fe75779f413843807d0f
0,     123556,     123556,       66,   115200, 567f1d2cf800b055f480e52226d80e9d
0,     123623,     123623,       66,   115200, 2db57e15ffd2dd4b36ef34bb1171d7a2
0,     123690,     123690,       66,   115200, 53172f19a298799a8a2ac700f022e62c
0,     123756,     123756,       66,   115200, cd2f8047beaaf35fdecef377eabe9052
0,     123823,     123823,       66,   115200, a28213e176dd980f5f6281fbf4dd634f
0,     123890,     123890,       66,   115200, 7f2273a3425d9090a318092bbc39218b
0,     123957,     123957,       66,   115200, 779439487e46bc151173071f2a0d0bdf
0,     124023,     124023,       66,   115200, 365907041a1309b136097f8b7270d352
0,     124090,     124090,       66,   115200, d3b91d9a4b6ab7a808f06ea7480cddd1
0,     124157,     124157,       66,   115200, ce87707f8827f981f7696c1dac299332
0,     124224,     124224,       66,   115200, 74750f41035f6cb16a142d4fd99bd7c3
0,     124290,     124290,       66,   115200, f66ccfe1c3ae5d3ec59b25597827baa6
0,     124357,     124357,       66,   115200, 5737e721b563f03bbee362a37588cc5c
0,     124424,     124424,       66,   115200, bf69c072213f6ac9039d66905fd292ad
0,     124491,     124491,       66,   115200, 769d85837702a6475ec6191019e3de27
0,     124557,     124557,       66,   115200, 75283bd30b3755f0e903ff508a29581f
0,     124624,     124624,       66,   115200, 56cda0fc467ae3809d2c19c00d8482fe
0,     124691,     124691,       66,   115200, 136bdea8e864ac8f8146e3497d9e3dfd
0,     124757,     124757,       66,   115200, b94ab920e642d3b0d82349ddb9816ab0
0,     124824,     124824,       66,   115200, 81a8ea00ca7ae2a44e7da5aecc10cb6c
0,     124891,     124891,       66,   115200, d40bdf4930b573400de4579f0746fb3a
0,     124958,     124958,       66,   115200, 3fcaa12ad6c209141a006927a44a768b
0,     125024,     125024,       66,   115200, f515e7caab97cb4cede045925f2e01a3
0,     125091,     125091,       66,   115200, fd5d93b7cdefa811427c134227819232
0,     125158,     125158,       66,   115200, 2354db88ad70ae52ddeaee7fea7d47ff
0,     125225,     125225,       66,   115200, 3138cb3b2100d87aac3e6a13e43acd60
0,     125291,     125291,       66,   115200, 2d8b4f441cb99986359824898bedb180
0,     125358,     125358,       66,   115200, 8e0529141efd46b8c35dc8f196fa174e
0,     125425,     125425,       66,   115200, a411afa5ea935d53525becae50fe826e
0,     125492,     125492,       66,   115200, 4dfd20633f410be9b8cc77357f758a0c
0,     125558,     125558,       66,   115200, 88e8690e6c7cca92ee15d549485c5a70
0,     125625,     125625,       66,   115200, 619c53f2296312223d48514259d4ac2c
0,     125692,     125692,       66,   115200, d1127c64c9ec8720da59114ecb422320
0,     125758,     125758,       66,   115200, 84b8fc754156a0db827da8e8a8f7e001
0,     125825,     125825,       66,   115200, bd73c489ae61241522b079a506f97bf1
0,     125892,     125892,       66,   115200, 4707740a8aec1180b2777f03b7a9b5c5
0,     125959,     125959,       66,   115200, 7b21a53ee77db64c9c6448597d9c2dae
0,     126025,     126025,       66,   115200, a81194fe2ac83e1962fb10645d44030a
0,     126092,     126092,       66,   115200, 3b693c273a6cc1f6536ac8bcdf82f412
0,     126159,     126159,       66,   115200, 8e3f7f11cfb42a1ba544b32d94dc3b6c
0,     126226,     126226,       66,   115200, 69596329994703e05aaadac5f48790c2
0,     126292,     126292,       66,   115200, 4f7d78fbc434a7a0d76380f30e14f97d
0,     126359,     126359,       66,   115200, c8fe5228c53efa3599d5d07390f5d211
0,     126426,     126426,       66,   115200, e6cf08678945c643b45f550e50f61f93
0,     126493,     126493,       66,   115200, 87032d2415d6720bec52b5da2fb8b0d0
0,     126559,     126559,       66,   115200, 8d5a76213a39271d30599774a8bdf13f
0,     126626,     126626,       66,   115200, 9235ef45b1bba8a4ba32ac241f6f7397
0,     126693,     126693,       66,   115200, 1547d2d9c88b855843933b7d6250d51f
0,     126759,     126759,       66,   115200, b02e2f48785e1c003cd2c9ed0d75d077
0,     126826,     126826,       66,   115200, b69e69b521193e17ea64ef89b5aa1865
0,     126893,     126893,       66,   115200, 7d84cefa403ebbc53482138bc262a987
0,     126960,     126960,       66,   115200, 275d30e65174ac5340e0d0918e2cfd58
0,     127026,     127026,       66,   115200, a46c7091fdff2d54e18c9923eea8aa13
0,     127093,     127093,       66,   115200, e2d2d63be88c12e471a6a72fe38c1bec
0,     127160,     127160,       66,   115200, 51719cda6e1fb7a983bf7aea4ef27cad
0,     127227,     127227,       66,   115200, 8767daf2f87252b47429eb7fbb5eb335
0,     127293,     127293,       66,   115200, 4b321a71f929d91199ba608d9fa6ba24
0,     127360,     127360,       66,   115200, 9c10aa1a02c7e5bfb4d53862cd2cbc99
0,     127427,     127427,       66,   115200, 8db3998b6e8882aed7e35e4b4285a079
0,     127494,     127494,       66,   115200, 35c5becae4333c1392161cb7ff1f147c
0,     127560,     127560,       66,   115200, a1cf91ed4d06229771178fccc53c7954
0,     127627,     127627,       66,   115200, 9760dae14d4b28d22ac0f6b5280937ab
0,     127694,     127694,       66,   115200, b59c8d71f2908656cb9d67926bea53ac
0,     127760,     127760,       66,   115200, 824fb3d6475e088d8a64b50979b24e51
0,     127827,     127827,       66,   115200, 3334520ab757b081acc9fe40e1af0de0
0,     127894,     127894,       66,   115200, 2bfa9386c67e6122392a8e6ec2130bdf
0,     127961,     127961,       66,   115200, 8e946bb8dba66dca8c78a9023300df62
0,     128027,     128027,       66,   115200, e18f24852ca4dfaa7802d4a55e9d6958
0,     128094,     128094,       66,   115200, cc11ddf890f7773ffb5e10a8d285676a
0,     128161,     128161,       66,   115200, 8ff681687ac3a32caf9e500852acfa6b
0,     128228,     128228,       66,   115200, f9e59cf32008c0bf4911ddd90f4df122
0,     128294,     128294,       66,   115200, 7c6c327d0051f10cc5eb32eb8e841192
0,     128361,     128361,       66,   115200, 48ece6456ed154156310289bf5a81481
0,     128428,     128428,       66,   115200, e7b71ae77486ddb97b6544e2ddeab572
0,     128495,     128495,       66,   115200, 42c2901ebc57799e1642a7120c215a7a
0,     128561,     128561,       66,   115200, 1982f3f20914a4791da48b3962101359
0,     128628,     128628,       66,   115200, 9ad877282e1c1b6e373503f7a28afa3c
0,     128695,     128695,       66,   115200, 4e7765f8d2d34cea4766547b477db58e
0,     128761,     128761,       66,   115200, c21a4bf635ecfb71e116775bc92abc4f
0,     128828,     128828,       66,   115200, d199256e8a01b0198e6af7383cde53a1
0,     128895,     128895,       66,   115200, 13a976244544dfc760c1a76d36a45fa3
0,     128962,     128962,       66,   115200, f750b5b91ff1a60745ca57b4885face1
0,     129028,     129028,       66,   115200, 3ac4ed17819ec2d35233eccf87621c1e
0,     129095,     129095,       66,   115200, e87ac51e0e3982cafca59bdd41e38afe
0,     129162,     129162,       66,   115200, 011d4034d3d2882a3ac8251a23a48ed7
0,     129229,     129229,       66,   115200, a6c90799da3577b24a460c217bb7e0fc
0,     129295,     129295,       66,   115200, f1ef5ef03a0982c73686bacc2bc5782c
0,     129362,     129362,       66,   115200, c9e32c87392a502405a1d570ac747f63
0,     129429,     129429,       66,   115200, 2bef7bd8ad58e9b5d5c41b3c5abc6571
0,     129496,     129496,       66,   115200, b6fdd0a1f47be5e61cedce397a0d1a82
0,     129562,     129562,       66,   115200, 63c234d0f55c947e082e6a6999646952
0,     129629,     129629,       66,   115200, 0efb7caf0ba06928ea34d4661e747063
0,     129696,     129696,       66,   115200, 16b2b0a1e19543a39d1468298aa12a9a
0,     129762,     129762,       66,   115200, ec8527abd25f307804da162a170957bc
0,     129829,     129829,       66,   115200, a55fc9c833b089dcab0b3942f668df37
0,     129896,     129896,       66,   115200, 87c818ac24de913d9347ec83aa8521de
0,     129963,     129963,       66,   115200, e281cfd4b704e69cd2007a49ddd59aa2
0,     130029,     130029,       66,   115200, 59faf26d4387a9cadd3d677a6e6d623e
0,     130096,     130096,       66,   115200, f9dabf1746ae2b13c0b408035b910de3
0,     130163,     130163,       66,   115200, e921621996e7bf54d59bc6db290b1399
0,     130230,     130230,       66,   115200, 0c7b325e728047acc80440ec50e96248
0,     130296,     130296,       66,   115200, 75607ed641ddf12a9ad5fa4ceb28e7f4
0,     130363,     130363,       66,   115200, 39e1dd5d063e3bb9ad351b58c8c15865
0,     130430,     130430,       66,   115200, 2170aa48da3cd8ba7f97b6d42fb351e6
0,     130497,     130497,       66,   115200, bb1e792f917a90ee10f6531fa46bb3cd
0,     130563,     130563,       66,   115200, bdb59886e35b60037bba8419852892cc
0,     130630,     130630,       66,   115200, 599e6611679593d47a3e9517e4f18e87
0,     130697,     130697,       66,   115200, e7c1ef80a753591543ac50b9bf2c62c1
0,     130763,     130763,       66,   115200, 28242d0238cab8ce6f61613f1203ab10
0,     130830,     130830,       66,   115200, 55ebe672057da7bfbf6f347acd52b5e4
0,     130897,     130897,       66,   115200, 2c764c66ef92705d129f299fb8d38fea
0,     130964,     130964,       66,   115200, 230f4677d5221dcf35464c6186fc8235
0,     131030,     131030,       66,   115200, 247e900c3339bdd204beb9c6d20e35a2
0,     131097,     131097,       66,   115200, e6a1115fe756d1496c148bad1c3b9e54
0,     131164,     131164,       66,   115200, 3c7824c46ecd036057fc781b6f125694
0,     131231,     131231,       66,   115200, d5ff80d7185f5c745a02f128ec20a649
0,     131297,     131297,       66,   115200, 66b2deeba7a37968d631a0104c49e10c
0,     131364,     131364,       66,   115200, 8096c020b2f1932f96179e1813c00b5d
0,     131431,     131431,       66,   115200, dbff91d4191af3a6281b40f3479f7526
0,     131498,     131498,       66,   115200, 32ba3b859dba633b2b1981238714b2a1
0,     131564,     131564,       66,   115200, 28be041b7c65414fcc0c170931ecde51
0,     131631,     131631,       66,   115200, 20a05b43e5c49e99a896b9ffd2e15e35
0,     131698,     131698,       66,   115200, 410496d07578804f5485b765bd0b15bf
0,     131764,     131764,       66,   115200, f2ebbe486ba4aeafdcf1354e4bdc0d44
0,     131831,     131831,       66,   115200, 3ca0ac1664fd5321459845c51c21a23d
0,     131898,     131898,       66,   115200, 5c7c9912608f0f746ac14e9e5f737d4a
0,     131965,     131965,       66,   115200, d120ce727af1736a017603090566e3d9
0,     132031,     132031,       66,   115200, dd7de7000c4712528b213d7c10e672de
0,     132098,     132098,       66,   115200, 78be7f2f7346d47e3ca3948649c07042
0,     132165,     132165,       66,   115200, 714b2c17a8dc47e6c15068131484a192
0,     132232,     132232,       66,   115200, d21f27ff3f3f24d1c17a31c293dddebb
0,     132298,     132298,       66,   115200, 1c8567c3f1fb36b407be0dd154e6af17
0,     132365,     132365,       66,   115200, 42be68626405b498bbf064eee580450d
0,     132432,     132432,       66,   115200, 3a0e0ec31ad3e6e9db1f59e14d286c87
0,     132499,     132499,       66,   115200, 9e73413a1deac82c734039bf89cfacbb
0,     132565,     132565,       66,   115200, 73a3cc2b8161933952d204520eaa3adc
0,     132632,     132632,       66,   115200, 9f5b987365cc5f9a92248a63d703cad0
0,     132699,     132699,       66,   115200, 95f2bd73e04cf22107e8c803af89b7ba
0,     132765,     132765,       66,   115200, 20046736457b96dd73a20df936586c52
0,     132832,     132832,       66,   115200, 4f0eeabff70f9ac9fadad86291b9c318
0,     132899,     132899,       66,   115200, 760948e507ab531efe71352f090413b7
0,     132966,     132966,       66,   115200, a012e4bbc39d44075b30d3979fb64141
0,     133032,     133032,       66,   115200, 23f1f1372c1c47db346e58d2cf28b7ba
0,     133099,     133099,       66,   115200, 24133e21010b067ab5f60328455104db
0,     133166,     133166,       66,   115200, 21371bbfe7450e0d9115ae661924568b
0,     133233,     133233,       66,   115200, 1a84519acda8112617dfa1ac6a933008
0,     133299,     133299,       66,   115200, e6a408499626e853e23b12931fc0d536
0,     133366,     133366,       66,   115200, 340feb836e413301538bd59f6db09a20
0,     133433,     133433,       66,   115200, bb28f62446decd36bae65ecbe2d7455d
0,     133500,     133500,       66,   115200, 5cdb17cfce41d67dc59597a8e269f562
0,     133566,     133566,       66,   115200, fcebf7d6d9a9568753b4af3ea1bf929b
0,     133633,     133633,       66,   115200, b73788e5d39d174ea81ff055617e5a6d
0,     133700,     133700,       66,   115200, 2bbcba38d7a9e4f3b15df7edf14d2921
0,     133766,     133766,       66,   115200, 206ae1e780116dcb68256a6e09e20411
0,     133833,     133833,       66,   115200, 8e7207d07648423154cd146290231436
0,     133900,     133900,       66,   115200, 1a940a69de9ed2c637321d28ffadb52e
0,     133967,     133967,       66,   115200, 5d0a29d2459eab16fc8dc1687bf68f35
0,     134033,     134033,       66,   115200, 3e5bf1e0276cd5d6de387ac69eed970e
0,     134100,     134100,       66,   115200, 7a08b0b9e5e231e553e04faa7799ddc2
0,     134167,     134167,       66,   115200, 9273ce3069fbee70c3dafbb38f06b270
0,     134234,     134234,       66,   115200, f6a14d4cd5e0878d572a5912ad63b609
0,     134300,     134300,       66,   115200, bcba199586b76a4e2107e01e7212c554
0,     134367,     134367,       66,   115200, 10af34c3a400d667d4172be9b4825bc9
0,     134434,     134434,       66,   115200, 6f4dee177967a02358bd1f5a345b78c9
0,     134501,     134501,       66,   115200, 02fb5a4250d1617a2f829330843f680a
0,     134567,     134567,       66,   115200, dc19cd9f6b0cc0556f96abeb4577649b
0,     134634,     134634,       66,   115200, d839f2bcde672306c73580553e02c4ae
0,     134701,     134701,       66,   115200, 0e612423ec4ff23f584032cbce468612
0,     134767,     134767,       66,   115200, 0078c24fe5ab64df5c6f4cf5cec89ea5
0,     134834,     134834,       66,   115200, c24dff78e3300675d39957044ea2a4e4
0,     134901,     134901,       66,   115200, 2ab4f076b3abe349f89557f473baae55
0,     134968,     134968,       66,   115200, 56b02885ded8c588c165554eff5fe706
0,     135034,     135034,       66,   115200, 82fec0598cf24747099a15b27c059718
0,     135101,     135101,       66,   115200, 05d814c42f36759b82021f47083f86fc
0,     135168,     135168,       66,   115200, 68cc21746b4a2ef1ec7520a155defc2b
0,     135235,     135235,       66,   115200, 0c2268aa4f9276877bb28532df4be07e
0,     135301,     135301,       66,   115200, 2725492959b0bd8692e6c9a2939d107a
0,     135368,     135368,       66,   115200, 58dbe338d89064353b926c5e37a91509
0,     135435,     135435,       66,   115200, f6a894c454ea7ade12ddbef10aed4ad8
0,     135502,     135502,       66,   115200, 30a9c192ab574a7e936be2a7aa350b08
0,     135568,     135568,       66,   115200, ad6fd8eb3291080234c9b80372f86fd8
0,     135635,     135635,       66,   115200, 64535eb4dcbaebae456e1447db8f6b1a
0,     135702,     135702,       66,   115200, 5a0b610d95b77f88eaed72016edf11c0
0,     135768,     135768,       66,   115200, 4b7bbcbb3685fa391efc31a0eee4019e
0,     135835,     135835,       66,   115200, a37a834b10a7a0556ab4f4ceffa62c4e
0,     135902,     135902,       66,   115200, 3216e2324197a8c25867bbfa72f6eab6
0,     135969,     135969,       66,   115200, cbe236eb65c670a1a9feb3b8e895c7e6
0,     136035,     136035,       66,   115200, cc81ff4cc7aad3a15a429d6373396787
0,     136102,     136102,       66,   115200, 495da9db9ad10ede2d0eba2ea47ff306
0,     136169,     136169,       66,   115200, 4e0f5a211226424a1beca6ecbd6c6d34
0,     136236,     136236,       66,   115200, df1d5abace894d81efa847d5f7e1b8be
0,     136302,     136302,       66,   115200, ad982b3cecb9a447ed3dd480ea532449
0,     136369,     136369,       66,   115200, 4f9adc230461c25d985cf815e5c1981e
0,     136436,     136436,       66,   115200, eb3c83e93954746daed8417cdf76ec52
0,     136503,     136503,       66,   115200, c3efd39e4d8b7a1e3fb009836bde5fb8
0,     136569,     136569,       66,   115200, b2dd19f2e91acf6c7271362d042515c6
0,     136636,     136636,       66,   115200, 85bd611ac187a0ca2583c9c8f18b4ad4
0,     136703,     136703,       66,   115200, a47e4763636f29579686f684a0b6336b
0,     136769,     136769,       66,   115200, b04e7aa4ff889c3b932a8368fe94462a
0,     136836,     136836,       66,   115200, cc409186bb99ed20628d5a6ffef2ede0
0,     136903,     136903,       66,   115200, 28dba3fb7119e8a64bce9d4d941cf878
0,     136970,     136970,       66,   115200, bb3075905d592d1a6ae3d2d86c0dce29
0,     137036,     137036,       66,   115200, 568bea3b4a55ede7c543170b3600daaf
0,     137103,     137103,       66,   115200, f96d21377332600631624b8516724da9
0,     137170,     137170,       66,   115200, 44f1df94fe52d96935fb95753a80c2d2
0,     137237,     137237,       66,   115200, 759bb81dabf468e21ad1e5a9a51f5200
0,     137303,     137303,       66,   115200, 5adf8596c685d10d38f9c66c31f29a6e
0,     137370,     137370,       66,   115200, 717810f6d265ffe70243daf6cf32d5aa
0,     137437,     137437,       66,   115200, b848f86b35b028aed5da9f79cd477f3f
0,     137504,     137504,       66,   115200, 73ef9d02525bcc20f457c34871939e86
0,     137570,     137570,       66,   115200, 41ebfe28da74a775332df28d8b4fc749
0,     137637,     137637,       66,   115200, 4de82a1dcde297452eb0ea5b30197382
0,     137704,     137704,       66,   115200, da6e2fc033fc6f9d47322cd6235289ea
0,     137770,     137770,       66,   115200, bbe4fa2d76cc45fab8daa21e90f64f01
0,     137837,     137837,       66,   115200, a88fadfef5b8af4a9fb67067920ba6fe
0,     137904,     137904,       66,   115200, eac7d98cbccaf20108490d4328ac2f36
0,     137971,     137971,       66,   115200, d52843e6150d6c342f9ad06aaee2eb9f
0,     138037,     138037,       66,   115200, c24d6043724bb01ce3bca40da9531821
0,     138104,     138104,       66,   115200, c9be1ce9dd8d2a95660ec5c75204d8dc
0,     138171,     138171,       66,   115200, 37b105cecd37e6312213c33d1686b479
0,     138238,     138238,       66,   115200, 39af93de036faba0dd7356cd9c3aeaa4
0,     138304,     138304,       66,   115200, 598ddc16a20c2a2af1a741162635219f
0,     138371,     138371,       66,   115200, 90cae5d3caed0d4f2dc245433a119982
0,     138438,     138438,       66,   115200, 4ee48804ab7f0abc0aeaa5887de3f448
0,     138505,     138505,       66,   115200, 8cf22f6d318e9ee048740212c86dede8
0,     138571,     138571,       66,   115200, 4a379a4d2717a1ccc96aa7695e0e6759
0,     138638,     138638,       66,   115200, 887a1503f00806daed3fa8d8276d582e
0,     138705,     138705,       66,   115200, 42ea0e074697ee9c8a6d0de7336a326f
0,     138771,     138771,       66,   115200, 95569aca975b516d48ee69d2c65f2b30
0,     138838,     138838,       66,   115200, 59df46a9f6effefc8908d79b5b72e460
0,     138905,     138905,       66,   115200, e5f1cbef288d24dcc45ff23bc3ff4aef
0,     138972,     138972,       66,   115200, ba4aa5f14e569f2bedf98245805372c7
0,     139038,     139038,       66,   115200, 706591a9c8d2a98619f4dfbee6f555c4
0,     139105,     139105,       66,   115200, 05524dc163f2e89c303dd7d096b4659b
0,     139172,     139172,       66,   115200, e0e560c41ee44f1877d2773b9b74237a
0,     139239,     139239,       66,   115200, 2d12c15b73d1fff7aaa38924b7398d42
0,     139305,     139305,       66,   115200, eac16fac384f9c8e42373557cf9d442f
0,     139372,     139372,       66,   115200, 8bd4ad82b863b350c33eb0a1b0e62296
0,     139439,     139439,       66,   115200, d3d8c2866e4811b23bcc8c58323df9c9
0,     139506,     139506,       66,   115200, 2ad8d7f9681f1a51e4f884a3fa71b7d4
0,     139572,     139572,       66,   115200, f6a9a04be3602ba8a03d178a7da707cf
0,     139639,     139639,       66,   115200, b73e504adadbdcac70e6ce544ba612d3
0,     139706,     139706,       66,   115200, 35068b94dd04481a59f6b049cd2c6c61
0,     139772,     139772,       66,   115200, 7550bfaf166b0528ecef4c30f89a7f5c
0,     139839,     139839,       66,   115200, a6b23b1eac032e36a4c8de84f110af62
0,     139906,     139906,       66,   115200, 685000469b17fbf319e22028c7a80b82
0,     139973,     139973,       66,   115200, baf8d2429c2e08efcfdc5f62aefdbf3b
0,     140039,     140039,       66,   115200, 1188e80be80a56fff587a7e007304033
0,     140106,     140106,       66,   115200, b4db61bd04f787ae1e2b95c535fe37d4
0,     140173,     140173,       66,   115200, 7ea2d29290d6d39d3d1e3a8d595a24d3
0,     140240,     140240,       66,   115200, edc418c46cc4768c0b8a2448eb81439f
0,     140306,     140306,       66,   115200, 538ca7640b1963a540c5eed09b26cc52
0,     140373,     140373,       66,   115200, 678ffe2881024e2ea38bee081ac85c02
0,     140440,     140440,       66,   115200, 42e258eba9cee59be80d5675be6ca3f0
0,     140507,     140507,       66,   115200, 2360c06bf9e66bd45183e187512aed6f
0,     140573,     140573,       66,   115200, cfbc6a16539b865a6addb04b66ffebd7
0,     140640,     140640,       66,   115200, aec2d4a05ed261b57e3db2cb637e887c
0,     140707,     140707,       66,   115200, 4dd58424eeccdb18a501964b55a60979
0,     140773,     140773,       66,   115200, f424ebf17d416045f253ed839ca8894f
0,     140840,     140840,       66,   115200, 57d2e313251b1c16320ed6c71a16eb4a
0,     140907,     140907,       66,   115200, 87915832c6d3c65ab183f5709036cac4
0,     140974,     140974,       66,   115200, a8e95dedd034721b6d6d2286bbeb9c02
0,     141040,     141040,       66,   115200, f0b258d57ba3d6da2dd4a0e2232afe88
0,     141107,     141107,       66,   115200, a7a89d91c2771874730f674590357766
0,     141174,     141174,       66,   115200, 45cb4d76d1b06c13cfd3359e123422e1
0,     141241,     141241,       66,   115200, cee8faa5d4880cb5a53c9e4904ceb4c9
0,     141307,     141307,       66,   115200, a2cf05b3686f60b7df62b4f41311bc75
0,     141374,     141374,       66,   115200, 9381004d6d8b28fcd0fd18c4c602f8e1
0,     141441,     141441,       66,   115200, df3998da133ca3e595c2981fb5e3b4de
0,     141508,     141508,       66,   115200, 2ece1aad27252c9b7b8deaabde15a3a6
0,     141574,     141574,       66,   115200, b446f21c4829a228ce5eb8240c511b2b
0,     141641,     141641,       66,   115200, a9c8afd1a4d491a4fb7501b69d62464d
0,     141708,     141708,       66,   115200, bbbcc2c8a570fb330532e6b94b753365
0,     141774,     141774,       66,   115200, dce958845056b2f1640176757614ac5d
0,     141841,     141841,       66,   115200, 4b9934acb92448a54f5f8e6ed2dc3a17
0,     141908,     141908,       66,   115200, 8d1d1f3303aa43ec53455004ba74dc43
0,     141975,     141975,       66,   115200, 980145ea8582352cad19583a6b8d0403
0,     142041,     142041,       66,   115200, 0d58968aafaba09d32a9f9a2dbbe6d34
0,     142108,     142108,       66,   115200, d6034227605acc193d5192c4f09efc7b
0,     142175,     142175,       66,   115200, b24daf82025f23ee975e509a092e46be
0,     142242,     142242,       66,   115200, 17ade4911fd5262199db9af371815ba3
0,     142308,     142308,       66,   115200, ac5c6f1a13bcbc2169cea5944d7b211b
0,     142375,     142375,       66,   115200, 5eae60752674b242807b789b26275f1c
0,     142442,     142442,       66,   115200, ecb23613db13cef720d9bcc4ec99781d
0,     142509,     142509,       66,   115200, e09fe563adea0a81c77c2f78869f1475
0,     142575,     142575,       66,   115200, 08f6acfa1c0196ff830a60d6c7b4ade3
0,     142642,     142642,       66,   115200, f3aa0868d310b930aded649b6df19652
0,     142709,     142709,       66,   115200, 7dfca8f48e18b30aa43ecd0e6acecd77
0,     142775,     142775,       66,   115200, 33901eb9136d9eead7f74200f041af61
0,     142842,     142842,       66,   115200, 1916ddc2421cee42b2c7b61a544154ec
0,     142909,     142909,       66,   115200, 3c11a999339b0f396e9e5d270afb4d06
0,     142976,     142976,       66,   115200, cd074798d6d56bc7e167d4f5af683c2b
0,     143042,     143042,       66,   115200, 195a4ce8010c4d265c5ed48491aab0c9
0,     143109,     143109,       66,   115200, 00544901db7ddbbfa85bcb8282bb56fe
0,     143176,     143176,       66,   115200, e902f1c06036d3a6a2148c6682b8450d
0,     143243,     143243,       66,   115200, cc4e58b6e5c026af6a4e1d353b8bcf09
0,     143309,     143309,       66,   115200, e015a8c1b2ce49ec36ce7e5886355d47
0,     143376,     143376,       66,   115200, 4db795cac89ed1a29eb9853405633df2
0,     143443,     143443,       66,   115200, d3493e51b7cea48c0f9044c8d6830bcc
0,     143510,     143510,       66,   115200, f260454fc9497b2319cf0dcdbd5ed2c8
0,     143576,     143576,       66,   115200, 33bc0ffdfe69cbbc4f3d0860abfc1edb
0,     143643,     143643,       66,   115200, 8ed8b61beef181a89a2efb306ed16c22
0,     143710,     143710,       66,   115200, 8204b05f5dd818ae88e8bcf73fb46374
0,     143776,     143776,       66,   115200, 8806f1f1fec79caac3dab14035bed7d7
0,     143843,     143843,       66,   115200, b8c9da4387303d957222bffc5f79ca9f
0,     143910,     143910,       66,   115200, be671147d593eaedea7cfb5f28355f16
0,     143977,     143977,       66,   115200, 4fe05045f76a5b4fc2dbd9e406b97781
0,     144043,     144043,       66,   115200, f6c89dbd4f80b7f7105090d01d05232c
0,     144110,     144110,       66,   115200, 5a2cad9f43a9283f870067288ead3ff1
0,     144177,     144177,       66,   115200, e596693d413344988f9b7647e92b4c6c
0,     144244,     144244,       66,   115200, f830c4d9566abffc468508e6918f96f3
0,     144310,     144310,       66,   115200, b7ff477bd0a7bd9b9fd201095ced0e06
0,     144377,     144377,       66,   115200, 01b33ead779c23d0e90abce3c34110a4
0,     144444,     144444,       66,   115200, 58b9a618f8ffa0000effdfe24ef4b348
0,     144511,     144511,       66,   115200, adfe8e5f671efb81d05ef11d7e5a94f8
0,     144577,     144577,       66,   115200, f5610e714fca522995e672586debf1e5
0,     144644,     144644,       66,   115200, fee1486a6f57ca18bf50ba857bd25dc5
0,     144711,     144711,       66,   115200, 9ca44183c32cc5e95b86caa296a2fd39
0,     144777,     144777,       66,   115200, a7e8c68dd128883d62f42c6674c85937
0,     144844,     144844,       66,   115200, c1b2df6ef9c62584dcb6a2fc72233c0f
0,     144911,     144911,       66,   115200, 3782547365f35b3d1582ecda333aef66
0,     144978,     144978,       66,   115200, f3e4a28e3fe0210e17a69281887d5080
0,     145044,     145044,       66,   115200, e7c5e308c5b7899453f6c1cab562432b
0,     145111,     145111,       66,   115200, 4e02b1a3c936dd70c86bafdc7e2dfddb
0,     145178,     145178,       66,   115200, 4523cb121108ec708a48168db104be28
0,     145245,     145245,       66,   115200, 601d528ab46b24b347ba39f027a11bef
0,     145311,     145311,       66,   115200, a0311a720ffe5dc91b332b61bbe1e967
0,     145378,     145378,       66,   115200, e914db5221d084d3b5c006c13146cef1
0,     145445,     145445,       66,   115200, 680099c64d79080eeb858977018b0493
0,     145512,     145512,       66,   115200, 8d48564d3c6d4d242f5c0b65b8c837ff
0,     145578,     145578,       66,   115200, 50111d194f645cc6095ac9bd5aeec1a8
0,     145645,     145645,       66,   115200, 14ceee63fb1628717ea468d7cb1169d1
0,     145712,     145712,       66,   115200, 9e9451810d52186c7fe48c621437d573
0,     145778,     145778,       66,   115200, 4ab47c3471b24ebe33a0a91cd3f4a41b
0,     145845,     145845,       66,   115200, 28957e22f160fc37b1cc3fe05e921c79
0,     145912,     145912,       66,   115200, 4d3d24e7bfc0bdb186fab7f4ab2fd3b6
0,     145979,     145979,       66,   115200, 17cc5a5c5ab18beca0793a11879a7c8e
0,     146045,     146045,       66,   115200, c54870a8da426e97c5706bb7dc209f03
0,     146112,     146112,       66,   115200, 04abe7a34346d7cf62831137e666cfcf
0,     146179,     146179,       66,   115200, 053c82331e348bb3470de7ff2dd778ed
0,     146246,     146246,       66,   115200, 7f247ae50a027f0308b1b7f38ed2c93f
0,     146312,     146312,       66,   115200, 723793ecbd552eb0870aac4d452526a0
0,     146379,     146379,       66,   115200, 5976c177396f67ca0296f1d8fc4bcfe1
0,     146446,     146446,       66,   115200, c2ba7cbe3d030405481c8bcd37bdad71
0,     146513,     146513,       66,   115200, 91e955ff04640c7559bbbd8b7903e1aa
0,     146579,     146579,       66,   115200, 3d74e3aa5714c2d704a89490853e70af
0,     146646,     146646,       66,   115200, ae868110eed9704995fcd4c5ea2c4ff2
0,     146713,     146713,       66,   115200, 0692eb17cdbff34d64fe26e2fdf205a3
0,     146779,     146779,       66,   115200, dbd05441edef5bd3842a11dba09d3894
0,     146846,     146846,       66,   115200, 5699ab55ac7690f1cb9f6ee52fcaaec7
0,     146913,     146913,       66,   115200, 1002db902c294dbe100b5d361e96f7a8
0,     146980,     146980,       66,   115200, 260d074b47f18afb7471c789a6156fac
0,     147046,     147046,       66,   115200, 8448b83240641103b98c707b65fd82c8
0,     147113,     147113,       66,   115200, 8a1c8126e5c1f2ca9099370492aa1dc1
0,     147180,     147180,       66,   115200, 71f18deef2a40efe8945beed012f8245
0,     147247,     147247,       66,   115200, 272e251778968ec60fa6f0761d361989
0,     147313,     147313,       66,   115200, 66354fe17d76a8b9399de0dfb0825369
0,     147380,     147380,       66,   115200, 2420f3fe473a17d760560ceea9453095
0,     147447,     147447,       66,   115200, f3e31e8e35c67d70035e430f3b8844e7
0,     147514,     147514,       66,   115200, 5728ca58ff321fe16c8a110b05bea7a5
0,     147580,     147580,       66,   115200, c0a8bf325a3fd36aaf9c616c246c9060
0,     147647,     147647,       66,   115200, d604203582713d60a66516c4bbfe5df0
0,     147714,     147714,       66,   115200, 22ddb4d041780af098bd834eee07950f
0,     147780,     147780,       66,   115200, 2f4e49ecf0c6adb92e74424c5943376f
0,     147847,     147847,       66,   115200, d044b2957846b85e7f008e4f6f648c7f
0,     147914,     147914,       66,   115200, f29b11f0046c1a0596dd286b9be7b6bf
0,     147981,     147981,       66,   115200, 7bc1efdb31461663e42f019e6f2e0a98
0,     148047,     148047,       66,   115200, 4dcf3f3938cb48a0139e690c0e579318
0,     148114,     148114,       66,   115200, 0566e3f600710dd7f22759bd69ce094b
0,     148181,     148181,       66,   115200, 3f3feb27eaad98c4a0e0dfba260f42d1
0,     148248,     148248,       66,   115200, 08fb414abc3fbc09d5281f31acb3bb74
0,     148314,     148314,       66,   115200, 7c4b621d343c57a68ba8951bff07e2b9
0,     148381,     148381,       66,   115200, 54905b8d6333d01f09ec51167a99c131
0,     148448,     148448,       66,   115200, 8317857eff4287cb405e3e7bc5b12e12
0,     148515,     148515,       66,   115200, 5c1425a7f9bbae7e4342c60e377eb535
0,     148581,     148581,       66,   115200, c58feccac9f20b91c6cc4878e09008b2
0,     148648,     148648,       66,   115200, 5e08829ec3bc7f79484b86a9f4bb3dfb
0,     148715,     148715,       66,   115200, 2a898420260c17429a595090359f2965
0,     148781,     148781,       66,   115200, 0e57f9ff0f6d1065b49715faff893232
0,     148848,     148848,       66,   115200, 320a255909b59b08fdeaefa867e87ed1
0,     148915,     148915,       66,   115200, d986b0f13dbc9719d2826c3358904189
0,     148982,     148982,       66,   115200, 52c56ac5c7863c0b7254b9bbe8da7d60
0,     149048,     149048,       66,   115200, ee67f41d9265b631732b6810ad0627c8
0,     149115,     149115,       66,   115200, 40772ab836fe7d20911c8bdd06edb666
0,     149182,     149182,       66,   115200, 1942d5d1e53112f5d3ec980469683490
0,     149249,     149249,       66,   115200, 08ea23d9583c5257bd11c9e57981775d
0,     149315,     149315,       66,   115200, e0c3bef2a0287d881010828130c46703
0,     149382,     149382,       66,   115200, 0c0de5fce1988da8648906c3b9a23d8c
0,     149449,     149449,       66,   115200, 9c2af65bee43e7fc57219c6493c623e6
0,     149516,     149516,       66,   115200, 8e8e5fbcc9252bb098dfb6cdf0dee95d
0,     149582,     149582,       66,   115200, a8e930108071101206f9e0aa8a2cd89d
0,     149649,     149649,       66,   115200, fc911e052ad6c97aff8054db7dc4e76d
0,     149716,     149716,       66,   115200, e100cc3f92ba51f84f35bf042983a927
0,     149782,     149782,       66,   115200, ef9bc762f346904da5e1b133b7203f06
0,     149849,     149849,       66,   115200, 2260f9f8ce3dd35a585a1f2488665e0b
0,     149916,     149916,       66,   115200, 21cc86ff6556b3815aa4dca62684b230
0,     149983,     149983,       66,   115200, 0657fee4b29392aca1e3a6d22eb80644
0,     150049,     150049,       66,   115200, f413e3d2e1717fe2fc70a97d5f76992b
0,     150116,     150116,       66,   115200, 5a9c032d02921efb9bdb63c992b6fa65
0,     150183,     150183,       66,   115200, e592bfd2a8726542a5b1ff25a7b73317
0,     150250,     150250,       66,   115200, cbac991ae2c5aca6fe383a84421f2bd1
0,     150316,     150316,       66,   115200, 29faa8c2bd8ae4c3dd3287bf5d270591
0,     150383,     150383,       66,   115200, 0b15dd84f3a52bbed5f114f7751d70e1
0,     150450,     150450,       66,   115200, c87e36581ea8a8d2d955258f18987fcd
0,     150517,     150517,       66,   115200, 4438a13c3c79d220d0d1e2bb828f634a
0,     150583,     150583,       66,   115200, d24d17b21176dcc6908e0e7ea2fb90a5
0,     150650,     150650,       66,   115200, 14804c63a1f20db4afac39f7b6ac030e
0,     150717,     150717,       66,   115200, 8a6dcaf17ad7321a7f7b78426a7635cb
0,     150783,     150783,       66,   115200, 303dfb5c1fd859da76f6ae35bfa5decc
0,     150850,     150850,       66,   115200, c9f2f75c67846043325da2d0b11175b4
0,     150917,     150917,       66,   115200, 986e425082efd0d6324a9d27672d6497
0,     150984,     150984,       66,   115200, faf5d3ab04b0b56a1cc8997645170ac7
0,     151050,     151050,       66,   115200, cbe7015c3fcbb53c56cf12053b3355af
0,     151117,     151117,       66,   115200, e988c14b12d6e2fc4c2155e8535ba196
0,     151184,     151184,       66,   115200, 0e5f551b9e340e9fa8bbc49d1ba9fa83
0,     151251,     151251,       66,   115200, 75bfa59202975649bc631230fbad3804
0,     151317,     151317,       66,   115200, f946681b3172ee4126b48bd6f5a57807
0,     151384,     151384,       66,   115200, f2e5879ba0b5189ba0922ececb9742c8
0,     151451,     151451,       66,   115200, b7dbe2b88d520ebbef13b6554ad32b64
0,     151518,     151518,       66,   115200, 0db511de08730c6bac20248f80d14aa8
0,     151584,     151584,       66,   115200, 76ea1ac1998d716fd16943add2adbd91
0,     151651,     151651,       66,   115200, a823bc69462fd07c04f57a4e8f3bb00e
0,     151718,     151718,       66,   115200, 866fbe968e145b8120c913b4eb1c2b66
0,     151784,     151784,       66,   115200, 6bb8e553f33371764ccca3db95bbc6b5
0,     151851,     151851,       66,   115200, bfce06807e8ed3a9876c36b40c5f6664
0,     151918,     151918,       66,   115200, 992f443d027d2608d4f34acc76b69705
0,     151985,     151985,       66,   115200, 55dfd59c88c2ada2809fc883b4df1846
0,     152051,     152051,       66,   115200, d3298382f5113e502ccc7198685e1f4a
0,     152118,     152118,       66,   115200, b3c564f6a05f835c70993f30aaa1397f
0,     152185,     152185,       66,   115200, 1a99ff8528dbfcaff3d81e95dd413fc4
0,     152252,     152252,       66,   115200, 212c078c5a0595393d6f9b95c8f2fb12
0,     152318,     152318,       66,   115200, a060a97eb72c657bdb37b76bdf47cdec
0,     152385,     152385,       66,   115200, 7411c6ada8784ca23670d8b6aa1b4ffe
0,     152452,     152452,       66,   115200, b3278427c2fc627dccb5b00c0b88415a
0,     152519,     152519,       66,   115200, 4c3e96592eb4c0fa319796d7b3ab4ce7
0,     152585,     152585,       66,   115200, 1ea612190f4da9f4e752b65147206624
0,     152652,     152652,       66,   115200, 515410dd90277ef577817e67bf2f8249
0,     152719,     152719,       66,   115200, efa794b397264b0a81c59d79b844be1f
0,     152785,     152785,       66,   115200, 88064d579923b23a900ec05b080f86ae
0,     152852,     152852,       66,   115200, 4726c3c824bcb5659b74b978a17da201
0,     152919,     152919,       66,   115200, 9abaa2c9b0a5c3249e39a56ff223cf93
0,     152986,     152986,       66,   115200, 72a09aa528c7454ff4c71787639ea916
0,     153052,     153052,       66,   115200, 2ad12aa5a32bcbafbe3eb0686298fb2f
0,     153119,     153119,       66,   115200, 9911ee6a82664e02aec761b7aafc889a
0,     153186,     153186,       66,   115200, af130241ea138143e46be82b3d845c60
0,     153253,     153253,       66,   115200, 25596312f9784281ab864b6907293bc3
0,     153319,     153319,       66,   115200, 2f5860a1f3b56172e74f8ad54e272831
0,     153386,     153386,       66,   115200, ba27bbca642c54df80b2445b819d0595
0,     153453,     153453,       66,   115200, 8f1ddf8fe827fff282a5490494ac3714
0,     153520,     153520,       66,   115200, 1131b9b3deec9f5a8f15a3ff50c29441
0,     153586,     153586,       66,   115200, f656ab50855e47b33084d3b8af646a85
0,     153653,     153653,       66,   115200, 525353f4c4e44265ddacc2a1ceb957c5
0,     153720,     153720,       66,   115200, d458e0d98030daa1351b70baae336750
0,     153786,     153786,       66,   115200, 6f178b5006c1f71e83b9d5e8a2da2f75
0,     153853,     153853,       66,   115200, 38bd21965cf07dc5b04ef944bd73901e
0,     153920,     153920,       66,   115200, f8de597bb50fb8be27f5784ae265b990
0,     153987,     153987,       66,   115200, b39655ec7337f041e80dadd4b8ffda6b
0,     154053,     154053,       66,   115200, 8a2051f81c267b7d46df136435257bbf
0,     154120,     154120,       66,   115200, 0bfd046dd061f6a4474cf5696bdbaeb0
0,     154187,     154187,       66,   115200, 664bff92b4f089f5e22bdffddc6ea0bf
0,     154254,     154254,       66,   115200, 4d1f1f77c41aabf1d68e597b9302d6ad
0,     154320,     154320,       66,   115200, ec766918762eb49519517141911f59b0
0,     154387,     154387,       66,   115200, 3783595669bd32f1292309ca39588830
0,     154454,     154454,       66,   115200, 35614b01ca7b8bf2cea0c1ef7ea1ce6b
0,     154521,     154521,       66,   115200, 1c75951112efad4673cf3f00f4014df0
0,     154587,     154587,       66,   115200, ec370b289dbc1a14309dbc44d462d64a
0,     154654,     154654,       66,   115200, 8208d138df8548e32a58aca2020184c5
0,     154721,     154721,       66,   115200, 495a51b018a2c17147856c531069a465
0,     154787,     154787,       66,   115200, 1ca9cdd9916d4f381caecd391e068940
0,     154854,     154854,       66,   115200, d0b82ec90efc1abec39bfae89f8f3a96
0,     154921,     154921,       66,   115200, d3405f44dd8ef4cdda2ac495a0e0bca5
0,     154988,     154988,       66,   115200, 0649bed7c11ade417a8b3474450870eb
0,     155054,     155054,       66,   115200, f9a68ac22512385208d57d378ed4d717
0,     155121,     155121,       66,   115200, 213c75467cd6af3c1fd16beced92e42e
0,     155188,     155188,       66,   115200, 9b42c7caf0bc8f9a48f51f0978fade9e
0,     155255,     155255,       66,   115200, 86755369e81c63e60d5228a6b9e4359e
0,     155321,     155321,       66,   115200, 5c938b4128ad322702e631d81a2dff7b
0,     155388,     155388,       66,   115200, 6a8b4d51fa57542c8ab1ffbdee59bddf
0,     155455,     155455,       66,   115200, f3a5413e9f8a3a1fb27ad9c3ea709db1
0,     155522,     155522,       66,   115200, 6e310d99016340f46e2d5793d9e521e4
0,     155588,     155588,       66,   115200, 7ac115e2117a6c9783b19e3ff2296ab2
0,     155655,     155655,       66,   115200, 1697e6b339bca8861c1825c7ca73a092
0,     155722,     155722,       66,   115200, b4b96e422891f0f378bf017a26c1646a
0,     155788,     155788,       66,   115200, aea8e0dada684f0d6b066ab1b00a8672
0,     155855,     155855,       66,   115200, 074f95ae43cd0a03816189a5c43361d1
0,     155922,     155922,       66,   115200, 96b74d6a0d2cc6c64832ff0f664726a7
0,     155989,     155989,       66,   115200, 3d044c83a4eb303f2c8fa5ecf8ebbcc3
0,     156055,     156055,       66,   115200, 05d4047ba36af7dc119da43b0e8acb85
0,     156122,     156122,       66,   115200, 0e183baf105cdc8a7a0f8c2aae9a5c3f
0,     156189,     156189,       66,   115200, 089db9aa175874e12cac1e2875235b0f
0,     156256,     156256,       66,   115200, 4301c2261750e0b58e7474d5fc708833
0,     156322,     156322,       66,   115200, a62c5f0e50752d3afa07a89d5ea58a60
0,     156389,     156389,       66,   115200, 6a828f46e9342b75e77e0b128ad136d2
0,     156456,     156456,       66,   115200, 1dfdebed73eab7a3211f1025b22ca25f
0,     156523,     156523,       66,   115200, 9cfb5ec3cb8e07c5d8385664122d29a9
0,     156589,     156589,       66,   115200, a15bcff7c2038e3d9e151f3b1dc19d13
0,     156656,     156656,       66,   115200, 906779483f58a3f45b4119d5060e139b
0,     156723,     156723,       66,   115200, 6c0a97a3f743d971a5cc9e471f4e4618
0,     156789,     156789,       66,   115200, 2ca54efc7e0ca3232ca124a92bab481a
0,     156856,     156856,       66,   115200, fb75afe521ac931af4705c07b1d05380
0,     156923,     156923,       66,   115200, 6e04404f33c244fd0b8cc4029ef645e9
0,     156990,     156990,       66,   115200, 1d38be2c083a55ef59c160b43d30cb78
0,     157056,     157056,       66,   115200, ed826a00fd01e68e0cec868af195fe02
0,     157123,     157123,       66,   115200, 273fd32cc9bd5b317d8aae5e7865da0d
0,     157190,     157190,       66,   115200, 2ebe1be6b2b5e37f6f9db60caf2c442c
0,     157257,     157257,       66,   115200, 3423753233fd3d02cbf46171dcf7b106
0,     157323,     157323,       66,   115200, 0794107702300a1d45a7e68a26e3a6e1
0,     157390,     157390,       66,   115200, 160af2ae5cd16c79319880346cb3ad96
0,     157457,     157457,       66,   115200, 414aeb1bf6aa31278940a55c5348cd3e
0,     157524,     157524,       66,   115200, de2fb85b1a1b77f5872d13c26dc436bc
0,     157590,     157590,       66,   115200, 959bcea6e8ac1255eccd748c93ce4009
0,     157657,     157657,       66,   115200, 6213c05ad3c261e77b8a312a95178d6e
0,     157724,     157724,       66,   115200, 92ef83c8b689378914c46b7acea3c080
0,     157790,     157790,       66,   115200, c36a2c2209e7956ce22286fbcdb4acb3
0,     157857,     157857,       66,   115200, a3e711af18b968d91db443ab87dc6746
0,     157924,     157924,       66,   115200, 8b41967ee3bf33ac8bbea67de919bf0d
0,     157991,     157991,       66,   115200, 95b1adb2184cc14d8705d556dbf9dd29
0,     158057,     158057,       66,   115200, 867892ae0f7b68c07885e733fb0099dd
0,     158124,     158124,       66,   115200, bd28c925e22ef5222ddc0ec34fa0af65
0,     158191,     158191,       66,   115200, 2ef49d2749a8ef1e6262848c27871a0b
0,     158258,     158258,       66,   115200, 4f8f4725f60bdebb7438afd292ce10d8
0,     158324,     158324,       66,   115200, e22d1e752aed8e74cb075400eec686c9
0,     158391,     158391,       66,   115200, e0bd40e63d4ca4dbcdc8af024d352539
0,     158458,     158458,       66,   115200, dcf3d247fc011929449c7d32bbe6f4a0
0,     158525,     158525,       66,   115200, fa9d2f829874da9e2e1b44ac51db988d
0,     158591,     158591,       66,   115200, 6b572e289ab3bac7b6d84a3514ec9ea4
0,     158658,     158658,       66,   115200, 33722da77256a31a1c255120ef3c665c
0,     158725,     158725,       66,   115200, bff5572dfed858a2ae2010995d4154f4
0,     158791,     158791,       66,   115200, f5f1d996edcbe5d2ae7caa7faf2cafcb
0,     158858,     158858,       66,   115200, 2fe00ac034af7ce78cb28f5ad51f28b2
0,     158925,     158925,       66,   115200, c7b7e50c3e67f3ded34ede2601b2a337
0,     158992,     158992,       66,   115200, 352fe2b6d42e54a09bc3e35970a41b06
0,     159058,     159058,       66,   115200, 0bc28df85f0572c80e569a47f6d8354d
0,     159125,     159125,       66,   115200, 093749ef08bf92d17e989c70690df1a2
0,     159192,     159192,       66,   115200, ccf2f31ede31b04f3e9ca2825f9bb78c
0,     159259,     159259,       66,   115200, 2107d19e4b0713de14144932c27083a3
0,     159325,     159325,       66,   115200, c218276864aac10e503e888367825f0b
0,     159392,     159392,       66,   115200, 15e75aaa41ea744f7ea2b3d5ed3a84a3
0,     159459,     159459,       66,   115200, 72e18583aae19ae7eba1bba7f548a7cc
0,     159526,     159526,       66,   115200, 90249b3c6de8efe52320deb3c1f255be
0,     159592,     159592,       66,   115200, d17aa61fed7da8b389deacb5be9f6135
0,     159659,     159659,       66,   115200, 7d3eb0b3c2b6a362e4fddb0a270ba4f2
0,     159726,     159726,       66,   115200, bfcd6d1d9cde1268b6e53e40263e5c54
0,     159792,     159792,       66,   115200, 0700f980e84d0ade133745b438bec7b7
0,     159859,     159859,       66,   115200, 3c4e57cf7df730c9073613cc64a211b5
0,     159926,     159926,       66,   115200, bc8b1db41396f7a6d80699e23d745106
0,     159993,     159993,       66,   115200, 16f7a0c8ac540e79ca398ebcf2f5e778
0,     160059,     160059,       66,   115200, ce1283d86ee64e2131634e6d521aeeb9
0,     160126,     160126,       66,   115200, 9953ac85fdf4e400be42d727b720df28
0,     160193,     160193,       66,   115200, 0e3e106a460ed78b5900f194009f69f8
0,     160260,     160260,       66,   115200, abfd25ea472ff554524c04d6d16fc562
0,     160326,     160326,       66,   115200, efd8209873867f75ce3e6419446d089f
0,     160393,     160393,       66,   115200, 9fc186b4d4241fe8734cd46252fc0dbb
0,     160460,     160460,       66,   115200, 3ef911f715554ed56dcecfe3eaf3e8f8
0,     160527,     160527,       66,   115200, 8b5ee9abe9da536c18f9c8e13b7ba83e
0,     160593,     160593,       66,   115200, e2a81d604c632f410032012ea4e9c869
0,     160660,     160660,       66,   115200, 35df096cb821e452f273a307ff2f0a62
0,     160727,     160727,       66,   115200, 9b68496e50a4d3684df7dfc2fa2c2145
0,     160793,     160793,       66,   115200, 125b539a1963135dfc27683c58417295
0,     160860,     160860,       66,   115200, dcf37f038b9b5caeaacdaac14b71d9de
0,     160927,     160927,       66,   115200, 6a239105dbfc7ab2b50f6f72b8a28a5a
0,     160994,     160994,       66,   115200, 82c84e88f3130898cc380e5726226b92
0,     161060,     161060,       66,   115200, 14a3d968f2c68f8a198b0bbeedab9a23
0,     161127,     161127,       66,   115200, 2524fe96e9cae8ed2ddd0c2784dd29de
0,     161194,     161194,       66,   115200, 7a895932d9f38a7db3d96a1fc04e11de
0,     161261,     161261,       66,   115200, 17700b618652c643a96f8b660a31066e
0,     161327,     161327,       66,   115200, 0b7e886e88e034144fd4c61f2003f981
0,     161394,     161394,       66,   115200, 0d5d25256ca009ec5d730156499b6aa0
0,     161461,     161461,       66,   115200, 671065882b1f5d6655271a54d1777205
0,     161528,     161528,       66,   115200, 6215190887fcc1cb3a38c903f23366ac
0,     161594,     161594,       66,   115200, 20f02b47fb2dfeecd60a99e036110bdd
0,     161661,     161661,       66,   115200, c66bda6eaba671ead03d08387e71d954
0,     161728,     161728,       66,   115200, 86963aafabceb711999e1ff35525be03
0,     161794,     161794,       66,   115200, 472d275196e5ed9e06c5813fba9960dc
0,     161861,     161861,       66,   115200, 7c074d807fe43367db271f727a630ada
0,     161928,     161928,       66,   115200, f84e51c83af0d06bd5fe0098181b5840
0,     161995,     161995,       66,   115200, bfca48ebdb7aabc9af6f87c0a2d949ff
0,     162061,     162061,       66,   115200, 9413eccf902f142a57c5e1701c9e4f19
0,     162128,     162128,       66,   115200, 01c41acdafa8c927f30735b3de7ba11c
0,     162195,     162195,       66,   115200, 05e0446773a7a081dab163b5db971fc3
0,     162262,     162262,       66,   115200, faa51a9647015d9f2c9b4ed76c512298
0,     162328,     162328,       66,   115200, cc82b0ecda7630d9a2ec90aa6d89e52d
0,     162395,     162395,       66,   115200, a4267706ed39d8f2b116145286f8a192
0,     162462,     162462,       66,   115200, 23f31abc19d8c6db06c5e486be7a67ce
0,     162529,     162529,       66,   115200, d3835796b29a9888b31aadaa92627910
0,     162595,     162595,       66,   115200, 8ac98ec435c4216c1b3e0b1ebfffe2b7
0,     162662,     162662,       66,   115200, e219bd35ab65c3ec7129c2a988edf7c3
0,     162729,     162729,       66,   115200, ed546bc88e43af3c0466c7375123fdc0
0,     162795,     162795,       66,   115200, 0098ddf64efb3514d35852b611d8324d
0,     162862,     162862,       66,   115200, 58a77013577357a297f14c9830a5b95b
0,     162929,     162929,       66,   115200, 3906b13c61de762152023c3e99ef71b7
0,     162996,     162996,       66,   115200, 7988659233c3555dbbc475235cb30f00
0,     163062,     163062,       66,   115200, 4b115d43e43de70ca5456f3489d6bb67
0,     163129,     163129,       66,   115200, 7235c7819749116add7fcb01f40765c3
0,     163196,     163196,       66,   115200, 96b03d40dae586feec922b97fff392e8
0,     163263,     163263,       66,   115200, af9b5fa3532c42bc94a4c0c6c494d9c3
0,     163329,     163329,       66,   115200, fecfa9678e73479b8bf76c9a9fdfb49c
0,     163396,     163396,       66,   115200, 0ceadfa574b0da4767a6a7760c5c7d2d
0,     163463,     163463,       66,   115200, 0680fe965bb72ed50f8b0ecfdd5af769
0,     163530,     163530,       66,   115200, a841165578b3d7f57a404e95c1c9de32
0,     163596,     163596,       66,   115200, d09df1fab1bfb93c7376037495b2271a
0,     163663,     163663,       66,   115200, e2ab0dad10d9edc531b756204256f4d0
0,     163730,     163730,       66,   115200, a919b21d32481f0bd07dad29fdbfce77
0,     163796,     163796,       66,   115200, b6461188bdfa423e3faf0629f97ba975
0,     163863,     163863,       66,   115200, ba611aa67db69deaef12a38bc929a7be
0,     163930,     163930,       66,   115200, c80ae844808efb2aa16d45ee8ba89407
0,     163997,     163997,       66,   115200, 56238fb531c9d0b4e69547302b36bffa
0,     164063,     164063,       66,   115200, ba7ea0bb70efddc8d5b1cddc02d94aef
0,     164130,     164130,       66,   115200, 0184d8185e09012b01a9bf9e41f33c30
0,     164197,     164197,       66,   115200, 76050a49dd2581f6f69d8aa09a18fd97
0,     164264,     164264,       66,   115200, a0715be0f888ec39833b3bee285296de
0,     164330,     164330,       66,   115200, 32fb38201141f0548440e76ed63402f4
0,     164397,     164397,       66,   115200, 1a3a64d799d9c18dcd2620e113384503
0,     164464,     164464,       66,   115200, 928afadbb29a67fa5221df9ac57522fe
0,     164531,     164531,       66,   115200, c2fc934963ba306707e6114cd573681d
0,     164597,     164597,       66,   115200, c4f35a15cd30898225215b4e004e7e45
0,     164664,     164664,       66,   115200, f591fb7ba565efd3cecfaf0304b2a640
0,     164731,     164731,       66,   115200, 0d384b55c9fcc844f6c5b56f15b26595
0,     164797,     164797,       66,   115200, 8e2eaed15be52b799d5bbe68424beae2
0,     164864,     164864,       66,   115200, b7dc6f82de5b06b9508bc7a0f43ea863
0,     164931,     164931,       66,   115200, aa43715f80e1084d6562a8dda7b5bbc7
0,     164998,     164998,       66,   115200, fa0a5b84c8661e1c4d1fa541c65e38bb
0,     165064,     165064,       66,   115200, cbd4eea44ae515cdff82ce0559685cc0
0,     165131,     165131,       66,   115200, 786e2eb6c73604543d7c7d0cc48754ee
0,     165198,     165198,       66,   115200, 40b211d6962d4b0ba62f8b030064aa98
0,     165265,     165265,       66,   115200, 404be243811ccd8d37464b05c767e102
0,     165331,     165331,       66,   115200, 2030b44fe62e51d2a0c51f0668b44224
0,     165398,     165398,       66,   115200, 3d15527a515b81f05e077a0bc60cc883
0,     165465,     165465,       66,   115200, a1dc78e83c67aa2ee80efb7e5e82714a
0,     165532,     165532,       66,   115200, 62b260d1c1e6c4e25b6f4fee738e8a95
0,     165598,     165598,       66,   115200, 8ad8af8f42c0c1f08cdc2127716aba83
0,     165665,     165665,       66,   115200, aafd5aeaf7a47aec17662956ab764662
0,     165732,     165732,       66,   115200, 3d0786af3259272c5bc04c291f432594
0,     165798,     165798,       66,   115200, 0b6e27c7a33c15f5537b0d5c3989a552
0,     165865,     165865,       66,   115200, 1fc4d4a740006ea6d6a9825c3b0ae1da
0,     165932,     165932,       66,   115200, 2d4eb98d08730aee14ee3b0e1dd83955
0,     165999,     165999,       66,   115200, 4ddff0282f6207e02660575083d2d042
0,     166065,     166065,       66,   115200, 68260449ea385b3bbe976bc6f63d6993
0,     166132,     166132,       66,   115200, 8d9ba8a09f09fc62bed1691765c935e9
0,     166199,     166199,       66,   115200, e3613729d0408fee439c14ecab427b94
0,     166266,     166266,       66,   115200, 14185a820461e67aa1f749bb75a8db4b
0,     166332,     166332,       66,   115200, 65501bb45c4999d4af8178e268d3c64c
0,     166399,     166399,       66,   115200, e970341fd0c85e77886a322181c7cbf0
0,     166466,     166466,       66,   115200, 6c0068e00787172823a237627ff5240e
0,     166533,     166533,       66,   115200, 8fd7f4dc2ced4902a8cfdf83364d35ea
0,     166599,     166599,       66,   115200, e68fd1c3b26678ce47821b6b01d008da
0,     166666,     166666,       66,   115200, 48382bb412814aa1784e447194171647
0,     166733,     166733,       66,   115200, 7e5421a2df9f726969ea0a1b65858be9
0,     166799,     166799,       66,   115200, 62645981877d840469ae671bd9067eb1
0,     166866,     166866,       66,   115200, 1bbea8068e1527812b9a306944b7fba7
0,     166933,     166933,       66,   115200, 33b04d06c180477b65d025a861ed1b9d
0,     167000,     167000,       66,   115200, 78d554484bd3bb536f53e68091469f2d
0,     167066,     167066,       66,   115200, 8297f514ba2e721d7f8eddcbea5551e3
0,     167133,     167133,       66,   115200, f14002d42d168e5673a2747a3f87dd38
0,     167200,     167200,       66,   115200, db86ff15377cb12a7fe8505f9f6b5aa2
0,     167267,     167267,       66,   115200, 5b501bdb0f5142322b31305f64ed58c3
0,     167333,     167333,       66,   115200, e6db08149683339742a506d62a2f2e8f
0,     167400,     167400,       66,   115200, 5638242713cc1f49a9037212b71de8cd
0,     167467,     167467,       66,   115200, c9d2be29e0c848af2a0028ff7df676b9
0,     167534,     167534,       66,   115200, a53d6243b82962d000c3bb73ca0eaf12
0,     167600,     167600,       66,   115200, 0633d5df76b32c64650ef90885e032da
0,     167667,     167667,       66,   115200, de8bd562093a91f0dbe150437c17810f
0,     167734,     167734,       66,   115200, 21954e0d632afe56d8d6238c013ad3b0
0,     167800,     167800,       66,   115200, e64cbabaa06f217a1f49afb3bc77ff53
0,     167867,     167867,       66,   115200, fba9e2ded7228695ccd1169b16fb583f
0,     167934,     167934,       66,   115200, 10dcaf805293e3a92b3edb4bc9ae4455
0,     168001,     168001,       66,   115200, fc06a19e5c66cd4b38efcd9056ef5420
0,     168067,     168067,       66,   115200, 04d9f270398c4da91e724a545ea3c62b
0,     168134,     168134,       66,   115200, 2d8d5d659937395a33b8f711c85d62a8
0,     168201,     168201,       66,   115200, e00e5c92eba1189c6e564ce406bae607
0,     168268,     168268,       66,   115200, 9f00aaaf86d958c270e2033ec555c859
0,     168334,     168334,       66,   115200, f2e7467a4c387ff9249d50a2e63b7fae
0,     168401,     168401,       66,   115200, 30df48231ba38b8248d489ebddc99b1e
0,     168468,     168468,       66,   115200, 76e65e2a5c8feebc9e95c50129cd9ce1
0,     168535,     168535,       66,   115200, 6d875da9d377f62a146f1de728021159
0,     168601,     168601,       66,   115200, 8ab55bfdbbcf107f5d6281e9d06abda6
0,     168668,     168668,       66,   115200, 4ae9d246f1b64c37b5924e003700a3eb
0,     168735,     168735,       66,   115200, 695caded565b66114c8e565d6ebc988b
0,     168801,     168801,       66,   115200, 14d6a1d8877225d447a5f96b42f62a40
0,     168868,     168868,       66,   115200, 99aca4c06b0f528ea075833b2e7e40c5
0,     168935,     168935,       66,   115200, 4b673719f4d83dbdeb1b0b3cc02052b7
0,     169002,     169002,       66,   115200, 1d8d166a7f3e35cb15c94de50a64bbde
0,     169068,     169068,       66,   115200, d6cb7c4c160860063ed305d4f61c6108
0,     169135,     169135,       66,   115200, dfb6bf97cd7ad56e591b00f27a61fe8b
0,     169202,     169202,       66,   115200, 56168c295cbfcd8e97018356f7f9dd65
0,     169269,     169269,       66,   115200, 66a92f9c8239e42a3a8052b350c94513
0,     169335,     169335,       66,   115200, 6af2d676f65d2ac8b4a9a16bed96d73a
0,     169402,     169402,       66,   115200, df1e1e31aabd203ca1586b1ae5b19065
0,     169469,     169469,       66,   115200, a15eedf79aebd5a414ffd80eb4539657
0,     169536,     169536,       66,   115200, dd8623245c9b48856bd50d52251d110d
0,     169602,     169602,       66,   115200, 8302d8e57fb79313855b7c6a698ae28b
0,     169669,     169669,       66,   115200, 51e261f9716fa9afd937051094d0f79b
0,     169736,     169736,       66,   115200, d91cf30d58b42f780490296f4eb4a238
0,     169802,     169802,       66,   115200, ab66015f6ef9f70fa6a5330d0955d7da
0,     169869,     169869,       66,   115200, 9b221d4aba8cbff27a904ea16f956409
0,     169936,     169936,       66,   115200, 343813ca8e9985725908d4871f881236
0,     170003,     170003,       66,   115200, 08743b570c916e9a48c57f228d9cdf7b
0,     170069,     170069,       66,   115200, 8a988103f6f538ba730d0b2414aaf819
0,     170136,     170136,       66,   115200, 58ac32617a64c2e33aa737aeb34191f2
0,     170203,     170203,       66,   115200, ddaa3fac4f707b674e47f1ea47b8f780
0,     170270,     170270,       66,   115200, 7765b7f4aecd318dfa8ccad26858f780
0,     170336,     170336,       66,   115200, 78c70c2dd98cb7c29d702dbec55218c0
0,     170403,     170403,       66,   115200, 1c96f0b5a0c827896f4d73df2c60aea2
0,     170470,     170470,       66,   115200, f5fdcf0b9ce5db04f321d7033cd85ee5
0,     170537,     170537,       66,   115200, 8186862eca77d2a6beb2efaaba879283
0,     170603,     170603,       66,   115200, ef20546905f14d8864bc784502df6420
0,     170670,     170670,       66,   115200, 18439efe77c5b1556264be3d84f79260
0,     170737,     170737,       66,   115200, 6a0ccc3069487aa319548320d5da4660
0,     170803,     170803,       66,   115200, 05c68a173266b4114749ac65945a824f
0,     170870,     170870,       66,   115200, c9f559fcc8249ff2c2781241bf84770d
0,     170937,     170937,       66,   115200, bef13df310bd52b5d4fcabf0508a2b24
0,     171004,     171004,       66,   115200, 92942d12b9168f021c2125680dd2e1ee
0,     171070,     171070,       66,   115200, 86f1ebda4e6ab418bd4f65d3a822e9a9
0,     171137,     171137,       66,   115200, 251af21f8207da166159c2fca83cb236
0,     171204,     171204,       66,   115200, 52ff788ac02e9af57c84a5fdc5800bfb
0,     171271,     171271,       66,   115200, 907580b0f79c4de58eabd74deb4a076f
0,     171337,     171337,       66,   115200, 752f7177873f7ccf9b7e98fcac9734ce
0,     171404,     171404,       66,   115200, 0afd154ed879e952c12acc3b635f310a
0,     171471,     171471,       66,   115200, e7dd27d922b65af4ec0b14a5f76a63e3
0,     171538,     171538,       66,   115200, 67bfa139601ce5c09f5c678fec0d91a5
0,     171604,     171604,       66,   115200, f7fde565442c33b973a162540ce53b9b
0,     171671,     171671,       66,   115200, 648a8d7807645a15de2653ebae55a216
0,     171738,     171738,       66,   115200, 6cd6b824453cf922c949adf575a549ea
0,     171804,     171804,       66,   115200, 88f0b4684f22afd9aebe6090469eb4c3
0,     171871,     171871,       66,   115200, bd7d43966f1422d448438d9a9148851e
0,     171938,     171938,       66,   115200, 3e092f7df65891b9c11ad103977d20f2
0,     172005,     172005,       66,   115200, ab150b6a9c688d6d7866a8b3bae07686
0,     172071,     172071,       66,   115200, 52f2cb0c851e09a1bab67d79c3aa83b2
0,     172138,     172138,       66,   115200, 8ab6f5de5b87974ed34b9e85224ab70d
0,     172205,     172205,       66,   115200, c93ac8652206987d85695cbd27538e0b
0,     172272,     172272,       66,   115200, 8df1ec664d231eeec2293eb8a9450fcf
0,     172338,     172338,       66,   115200, 330369b54f5a68e6d47ce7362c13aaa3
0,     172405,     172405,       66,   115200, f75b97dbbf4be2e69f024b1b3ffe13b0
0,     172472,     172472,       66,   115200, 44d64faf83c659835ae05e6a8520057e
0,     172539,     172539,       66,   115200, 82d6556fd1586b89b50b125464b82518
0,     172605,     172605,       66,   115200, 9e2d5a7113db8ceb34bec45201133454
0,     172672,     172672,       66,   115200, f47696aafaaaa72ad7972992ac110b07
0,     172739,     172739,       66,   115200, fc3505f13ca3dfcebd6042e9e821829f
0,     172805,     172805,       66,   115200, d77c34b5fedfa270b9a99a9057f4047b
0,     172872,     172872,       66,   115200, 0fe996bc6b5ee42c0f649b686237e301
0,     172939,     172939,       66,   115200, c784be75f9279f40f97a74f5c2803886
0,     173006,     173006,       66,   115200, 2a753931bbb6624e89a6d1c73413bcee
0,     173072,     173072,       66,   115200, 739a53090df5d01a785c3b614dc7bf31
0,     173139,     173139,       66,   115200, c4678fc2fb8eb2371ee911c9cd1059e7
0,     173206,     173206,       66,   115200, 9ae2e51f0d939fc4486f978618d6c10b
0,     173273,     173273,       66,   115200, 2506b53e622e2b556cd31585504328da
0,     173339,     173339,       66,   115200, 57075f679c699132b2253dc6e6b7a256
0,     173406,     173406,       66,   115200, 967c3bb9a53224b813226405544009b4
0,     173473,     173473,       66,   115200, 2ff20f090a52714a6b4641c0a6d0a27a
0,     173540,     173540,       66,   115200, 128595255baa16488af1b0391a104aad
0,     173606,     173606,       66,   115200, ceb1d43406f2a2c044638cc1d8eab222
0,     173673,     173673,       66,   115200, ef177a9fc53130c4c161135e2c7d1555
0,     173740,     173740,       66,   115200, 60ab3fe8ae931cc296411be944b21095
0,     173806,     173806,       66,   115200, 3f156d1b3f6756c2b04f42a4529bd425
0,     173873,     173873,       66,   115200, 193084fa0699ad6fc99563fc246b4242
0,     173940,     173940,       66,   115200, cc7af6055a548389c25fae4db760f325
0,     174007,     174007,       66,   115200, 45298832bb72379565d2edbbf5ad8554
0,     174073,     174073,       66,   115200, 3c9570aa3108b1bd26efa3a7ed1699fa
0,     174140,     174140,       66,   115200, f02fffd28587d42025c0b03474ca9a0e
0,     174207,     174207,       66,   115200, b3a9cf567286af9b0837dd89877e8281
0,     174274,     174274,       66,   115200, 23e3b811e6ee0aa565ba184aa97ab824
0,     174340,     174340,       66,   115200, 6dfa9755fda387cfc97b38b4fc2f3909
0,     174407,     174407,       66,   115200, 10db48aa5faee66d153bc1f0d5609e06
0,     174474,     174474,       66,   115200, 605db2b8426ab8d8aea818879158fcb6
0,     174541,     174541,       66,   115200, 0a1cdf87b22aff54c7d533d909880f84
0,     174607,     174607,       66,   115200, 4799d535325fbbca96104f6bbbebfd07
0,     174674,     174674,       66,   115200, 0977a3bccc4c1d567d5a89ca28440310
0,     174741,     174741,       66,   115200, ce96aec1d3095ec9b1c9d22ac51eeb19
0,     174807,     174807,       66,   115200, 60f0b2d5416a96f9eec96d6c4f839b40
0,     174874,     174874,       66,   115200, d2e5cad43f2284488a1b256cf4546f64
0,     174941,     174941,       66,   115200, 4af7703dc6ed366d03cf653dc9eea0a7
0,     175008,     175008,       66,   115200, 6e26246d55b2942a1e282ef65ce92490
0,     175074,     175074,       66,   115200, f65c3dced1c4e32293ab8843f9b8074f
0,     175141,     175141,       66,   115200, 296f39f3a6b947c92ce74b62873989b0
0,     175208,     175208,       66,   115200, 90c44668a79842d9107bebab2e687042
0,     175275,     175275,       66,   115200, f325bca7198f096c09b58d2ce1692e85
0,     175341,     175341,       66,   115200, 045bb9f1deec22b6124e0f9c889be182
0,     175408,     175408,       66,   115200, 480a308b9e2db6a601ed877c77458527
0,     175475,     175475,       66,   115200, c305fa80b895dbfa22d075f56350926f
0,     175542,     175542,       66,   115200, ead9eeb14f306261879037d9e109597c
0,     175608,     175608,       66,   115200, 794c8c95216a20e91b09d2c85bdd5a47
0,     175675,     175675,       66,   115200, eb4c5711754a4f85266a3c305b0d5e5f
0,     175742,     175742,       66,   115200, e28d34c9a370cc8a31e672a1d287e664
0,     175808,     175808,       66,   115200, acea23ef952eec50147a91dae05b926c
0,     175875,     175875,       66,   115200, 830501b56ba5b8851635f50013a9ca6c
0,     175942,     175942,       66,   115200, b5bd3bf9a8b4e16f6b364bfbd4a6480b
0,     176009,     176009,       66,   115200, 984804a4615aff5f6d5dd38df7befa4f
0,     176075,     176075,       66,   115200, 1492f8e98d012344031a0854a6bdfce6
0,     176142,     176142,       66,   115200, de1b1de5e692755fe2cd88915301279e
0,     176209,     176209,       66,   115200, 57ada3f511fcc7e5f068661a0ff30a98
0,     176276,     176276,       66,   115200, 8336681b2ecc7d4c51327029789824ec
0,     176342,     176342,       66,   115200, 23cab8dccbee94ad16f904786001b492
0,     176409,     176409,       66,   115200, 9d422c3f06758769a666d3e96570d3c3
0,     176476,     176476,       66,   115200, 277e4a520ac6cc40b88ed33561b4f16d
0,     176543,     176543,       66,   115200, 5fc7e2b3fb2995c297197fecd0dd3e1b
0,     176609,     176609,       66,   115200, 38096a5d809b9fd42d0371b2c7a553ec
0,     176676,     176676,       66,   115200, 5691c2651a5b198be64313c5bd957ea2
0,     176743,     176743,       66,   115200, 36fd92ed4bf6dcc37744988642924f9e
0,     176809,     176809,       66,   115200, 9473bdf7216e898de514ff17e864152f
0,     176876,     176876,       66,   115200, 15a22c05442dc6dd5cf6375ed117da83
0,     176943,     176943,       66,   115200, 3e6934cec43801c7489b2dc942c81010
0,     177010,     177010,       66,   115200, 6ff92f15db9b7d34757f4a9b8c19c47f
0,     177076,     177076,       66,   115200, c0fbbf8f6cd6bd313c6e021e9e505b63
0,     177143,     177143,       66,   115200, bf7fa95e613d637d4eb15c3d0a98b20e
0,     177210,     177210,       66,   115200, 6468bf1bf486588c3d3fded6d426fe93
0,     177277,     177277,       66,   115200, b8a33664f1294ba43d2ae713ee4630ce
0,     177343,     177343,       66,   115200, 4bedef2e2c878e60dcf34fdb86d61731
0,     177410,     177410,       66,   115200, 22335d058a64b5271f334093cc4fc484
0,     177477,     177477,       66,   115200, 1f27eab103a33f81d2b1488573c8b2e2
0,     177544,     177544,       66,   115200, 010a4688192f0a06890b67d0a5bdb4f2
0,     177610,     177610,       66,   115200, f452520437c278a1f18f1ede2f61e8e6
0,     177677,     177677,       66,   115200, 0bde2212636f64419f2d8bb6fc4bd812
0,     177744,     177744,       66,   115200, 3f6df2de3daa77c35b1938966f7797ec
0,     177810,     177810,       66,   115200, 01faf6583952211e573d69a06123f784
0,     177877,     177877,       66,   115200, dff0cb71ad790ce7470a0c6282b1f54e
0,     177944,     177944,       66,   115200, 50de40996fed1256e6892e43aad2cd81
0,     178011,     178011,       66,   115200, 28783fde416652c30d2694dfd0073b01
0,     178077,     178077,       66,   115200, 7156312275de4089afd48244544f6e8b
0,     178144,     178144,       66,   115200, d6beec6040414414275f4a8c90f801cd
0,     178211,     178211,       66,   115200, 33b7d64022950f4efbb5e2ffb457adf7
0,     178278,     178278,       66,   115200, 2a3a2b6eb3206677a0c307046d5ffd3e
0,     178344,     178344,       66,   115200, 8e32b6c5cc29ea45b5e49d61a33329e0
0,     178411,     178411,       66,   115200, c80db1ae930fa8162be0125aeb3fac6c
0,     178478,     178478,       66,   115200, 05f8c87d9e157d1c9ed39edf621ad08d
0,     178545,     178545,       66,   115200, 9cca6b1283a84254783113f25eb4db4e
0,     178611,     178611,       66,   115200, 8216d249f2e6adbbc6d6258403410778
0,     178678,     178678,       66,   115200, 447d425b30d2e91d5fe5f4f5d76bfa2a
0,     178745,     178745,       66,   115200, d69d326180dbe2653b6d6aa7c26fc551
0,     178811,     178811,       66,   115200, 2e58d92cb5510ab45fbfae1dd3bf039b
0,     178878,     178878,       66,   115200, a2a07f7fafabf14f27f9725cec252a37
0,     178945,     178945,       66,   115200, 21668f6b77ce2751967e50fe49859486
0,     179012,     179012,       66,   115200, 76024ebe5597a7f4c0b04995c9c2f270
0,     179078,     179078,       66,   115200, 157be5d22d4543a682c7233a219b46de
0,     179145,     179145,       66,   115200, 82c9f64a2e488eac1113b283ffaf6c23
0,     179212,     179212,       66,   115200, d94c6af29454e8d1fe40becfb70012c4
0,     179279,     179279,       66,   115200, 9e23b0d347f97c3fbdc8ae4de79b8c14
0,     179345,     179345,       66,   115200, f53606d0c2b339a09b2ffc03990f047b
0,     179412,     179412,       66,   115200, 2ec0d54ec18a4f28dc06a7d26f1904e6
0,     179479,     179479,       66,   115200, f8864b375f18d1b7bb566be46433598e
0,     179546,     179546,       66,   115200, 65cd1ba499de9d633a0bd50021d0aef5
0,     179612,     179612,       66,   115200, f9e2ba09eff50c8e3b1e0aef97c616fb
0,     179679,     179679,       66,   115200, 32203cd353d09a7e2f919ca8827d75f2
0,     179746,     179746,       66,   115200, fcd36f7e9e2c691e8c3da92b86594df8
0,     179812,     179812,       66,   115200, 1d456e265ce91876b9ff1b314428e1b3
0,     179879,     179879,       66,   115200, 330bffab660153331180098784e184e4
0,     179946,     179946,       66,   115200, f25451609cd34bbe6568d54785e2c221
0,     180013,     180013,       66,   115200, fee78d4ef30ff3973dadd8366fa3b98d
0,     180079,     180079,       66,   115200, 9540aa8d1cee613f51f33775d8cbe00c
0,     180146,     180146,       66,   115200, 5c2be1cbd19d41ea63ff3df69c3afeec
0,     180213,     180213,       66,   115200, e0cf1ab2733aa48cd27ba1091f3f7df1
0,     180280,     180280,       66,   115200, 9c81e171d3e133b61f82904d707474ed
0,     180346,     180346,       66,   115200, d210448cab1d945cf097f9713bce6b69
0,     180413,     180413,       66,   115200, 7ff3035292df8f8d841b2fe59a326254
0,     180480,     180480,       66,   115200, 4472e371fb9cfe3b39c1c962795fb886
0,     180547,     180547,       66,   115200, dfb96367ff33cc040a8d16c225b5c8b6
0,     180613,     180613,       66,   115200, 8fd2aa0c75b18968df328650dc8fdc1e
0,     180680,     180680,       66,   115200, 1f010d37f346737fe62668af36798224
0,     180747,     180747,       66,   115200, 5b2deb19bc1f36d18f1b6f40fd2c220a
0,     180813,     180813,       66,   115200, 3f2f9d90094d471cce128eb24321c2d4
0,     180880,     180880,       66,   115200, ad9d212978bba35a9e7b9b4e53779066
0,     180947,     180947,       66,   115200, 9f7ba854afa98370225e4c8ee9c0242e
0,     181014,     181014,       66,   115200, 0a7579ac0799d5ad405d10156e951634
0,     181080,     181080,       66,   115200, 6d81b763a7f221b44ec58bee800fe41d
0,     181147,     181147,       66,   115200, 3d87f4c67cf206c05849cf9fc823e46a
0,     181214,     181214,       66,   115200, e1f8a2359eea9a8ab77fd3bb414cebdd
0,     181281,     181281,       66,   115200, d82c267772f21e628c0d2d70e21b6ef8
0,     181347,     181347,       66,   115200, 0bf1f4c8665668f525836011152cc7d7
0,     181414,     181414,       66,   115200, f559050564a21246bcf5726d888f56eb
0,     181481,     181481,       66,   115200, 1cf236135beabfa3fdce2f98bf0e9e8f
0,     181548,     181548,       66,   115200, bf41a40bf64d8fcf5936ab17bc72991b
0,     181614,     181614,       66,   115200, d3ab896b4747720e1cdf532d488a94e5
0,     181681,     181681,       66,   115200, 2f8316045656a3ecb5a3b6a0eb3a676f
0,     181748,     181748,       66,   115200, abe918fc5b63fca61d49776d02e2c10e
0,     181814,     181814,       66,   115200, aacd8b4ff0c50c3c5c001d7676df07ad
0,     181881,     181881,       66,   115200, c00049a310456c34a6825c10e4715208
0,     181948,     181948,       66,   115200, 84198bb741183859a9a4f3598a7aea5d
0,     182015,     182015,       66,   115200, 8421b72156ff8389a4c3ec2127fd151e
0,     182081,     182081,       66,   115200, 0f87441ea41f224ffc1c02f9a3f1f246
0,     182148,     182148,       66,   115200, 96b5a104723ee443a38f48363d78e5c0
0,     182215,     182215,       66,   115200, 647aa877e73e5ff352e9127d190f4a1f
0,     182282,     182282,       66,   115200, bab8031497e8c52b330f16d21a90c397
0,     182348,     182348,       66,   115200, 46cd11a8c1d03785aef39e35157722b8
0,     182415,     182415,       66,   115200, 4fa6eb301e361464ac933281198968bb
0,     182482,     182482,       66,   115200, f9e9d99bf98252e0f1ee2e04c5684e3c
0,     182549,     182549,       66,   115200, 10b00a8fb4bd0f93a3044fe63cc10f2b
0,     182615,     182615,       66,   115200, 67ebb3d87e2d4bb0b3d40446b1789bcf
0,     182682,     182682,       66,   115200, 311e76305c388284e27de0e94d19fd97
0,     182749,     182749,       66,   115200, b061569519edba212794dc3afbc8fe5b
0,     182815,     182815,       66,   115200, b892379854e1f2a38021b143ea552c7d
0,     182882,     182882,       66,   115200, 12065502313a6f560aae6c143b8d8e7b
0,     182949,     182949,       66,   115200, a6976184745b24202eb3c071939a008c
0,     183016,     183016,       66,   115200, ab538d79ffd97bfd17b066734340be2a
0,     183082,     183082,       66,   115200, 82b4ecc4f942a09555731c7a6a5f2d5b
0,     183149,     183149,       66,   115200, 4fa7a7bc6a9f6204a57e146bebc5f6ef
0,     183216,     183216,       66,   115200, 42fdf5f58377d947a70d3d2ace5ac179
0,     183283,     183283,       66,   115200, 5c92a67840e53e4edb26f54d209f3a14
0,     183349,     183349,       66,   115200, 12b3041762ba7fcdcc7e80c9635a46aa
0,     183416,     183416,       66,   115200, 0a23012ba4519fe1a8a8e32e00e81136
0,     183483,     183483,       66,   115200, 3e65ba0e103a7809327bb2e297ef0c8c
0,     183550,     183550,       66,   115200, 31380b445e6258f5f3861570d211b21c
0,     183616,     183616,       66,   115200, b701179f745b5ca43d1cf4ffc7497feb
0,     183683,     183683,       66,   115200, 458be52cab661092c0fa3fd41c2818b0
0,     183750,     183750,       66,   115200, be72f5cf128be8df574178892961dec3
0,     183816,     183816,       66,   115200, 46edabdd4751f3fab4150057c68e7c51
0,     183883,     183883,       66,   115200, 20d5a212519a5070184c76b61bfc6a57
0,     183950,     183950,       66,   115200, 3e476b12a6746e067678f74693e641ff
0,     184017,     184017,       66,   115200, abf4bbec8926fff2f4ccf84a51d782ef
0,     184083,     184083,       66,   115200, 6080a1f928ad43d1da0ae6fd2ae6d36d
0,     184150,     184150,       66,   115200, 17109121fe0afa18826c00589ddb107d
0,     184217,     184217,       66,   115200, f97bb247184cc12b522255de2591cc37
0,     184284,     184284,       66,   115200, b2b3e71b13e7e4fc3969ab72e32231cd
0,     184350,     184350,       66,   115200, f2f83d3b948a15c5669b67843e0cb7f9
0,     184417,     184417,       66,   115200, 768d3b6528b0fc0ce25eaaaca97724e1
0,     184484,     184484,       66,   115200, 246460004cb6ac0176ab90c75423c940
0,     184551,     184551,       66,   115200, e3a1448c7e7dae1b1c4181a9ef5e37e8
0,     184617,     184617,       66,   115200, 3330a69154cb4b043bdab7f14b3547e5
0,     184684,     184684,       66,   115200, b906f4e017cccbe9da59c975b8919811
0,     184751,     184751,       66,   115200, e1658268b4dae56e429cf0fc1353c59f
0,     184817,     184817,       66,   115200, ef6fa64552f8f0239d5a1c5cb223af9e
0,     184884,     184884,       66,   115200, 7319acb7494c4a83ce227fb81fce56db
0,     184951,     184951,       66,   115200, bda803752e46190600d62d37b4875615
0,     185018,     185018,       66,   115200, 150086be21bc7ed341661bb690f20cbd
0,     185084,     185084,       66,   115200, bb5157691384f6dd43545a1d76a8d1a5
0,     185151,     185151,       66,   115200, ec9fe7994be50c32470144c1a5738502
0,     185218,     185218,       66,   115200, 829ed8b983002829eeeefa64481385ca
0,     185285,     185285,       66,   115200, 007b4f1843653cee11d75855d12a8ad5
0,     185351,     185351,       66,   115200, b19aaa435cfff1abda4ad4d51260c333
0,     185418,     185418,       66,   115200, b6232bf3c00fa5d83566cfc248d046ad
0,     185485,     185485,       66,   115200, 716ceca815c0f6db83d52c04b51533d9
0,     185552,     185552,       66,   115200, 9aed9c236f645c0b94a19a030ec934eb
0,     185618,     185618,       66,   115200, 5a8cfa82a1d824f83b505a84e427edf1
0,     185685,     185685,       66,   115200, e40a4ccb7e38131c0379d81338698c2a
0,     185752,     185752,       66,   115200, 2a003a8842af6ddf765a7fd253b3ae43
0,     185818,     185818,       66,   115200, 8814b31aed7934c17d7c85f26a6fcebb
0,     185885,     185885,       66,   115200, cb62a7df8881cdd5d55f9f108e9e97dd
0,     185952,     185952,       66,   115200, 50002240231d8857006e1753e0d3093a
0,     186019,     186019,       66,   115200, 94f487feebe2f4faff31b171ad235078
0,     186085,     186085,       66,   115200, 76a19ee3f0a0db228b9be090f0ac2307
0,     186152,     186152,       66,   115200, 09489c2b9c1df56af420bb4b3ad48eb8
0,     186219,     186219,       66,   115200, 603fa01a22afbeca14803abb9ccdf71b
0,     186286,     186286,       66,   115200, 261729c2c944389cdf3c5b883a1b44b9
0,     186352,     186352,       66,   115200, 412bf0f3ad5065e84cecf17da770c8c9
0,     186419,     186419,       66,   115200, fd26c116f693b081a9184b3259d7c016
0,     186486,     186486,       66,   115200, fe9ff39552429df0414e496009bcc462
0,     186553,     186553,       66,   115200, 12a807154c9cbe9689f7d36331d6ab69
0,     186619,     186619,       66,   115200, f1fa7fc99970a2907904cea506767439
0,     186686,     186686,       66,   115200, 6ab6dd0e395db5ea05dda6c433c792d8
0,     186753,     186753,       66,   115200, 32887df579892af84f7bb3ef90e27260
0,     186819,     186819,       66,   115200, 97ed019e8af76bcc3d40e5f5341e2c2c
0,     186886,     186886,       66,   115200, e448b85b90393826bbf24aef169ea536
0,     186953,     186953,       66,   115200, 6abdf39c390ca9f41b394eba7e962052
0,     187020,     187020,       66,   115200, 641a77efd9ecbff3b8970a351e163d93
0,     187086,     187086,       66,   115200, 73beff9f3fff1bfc466460c6fd8e3b9b
0,     187153,     187153,       66,   115200, 26150b61f2deeb180c85435512afd595
0,     187220,     187220,       66,   115200, ea19a1a930c5266d189345fbecde4906
0,     187287,     187287,       66,   115200, 4c9ac487f1f883f00ce19b2de3bc9b45
0,     187353,     187353,       66,   115200, b16ceb6a09f06e775d2138ad98d49faa
0,     187420,     187420,       66,   115200, 18119f9049d15731defdb88caaebf80a
0,     187487,     187487,       66,   115200, bb8cab8ba3cbe1066af4f86ef41f0b3d
0,     187554,     187554,       66,   115200, 3ee5de9f667227a6a2f3e2cd0b3aa094
0,     187620,     187620,       66,   115200, 9a43c949dedad0417f0cbb115e584f17
0,     187687,     187687,       66,   115200, 7fb685750fb0492a899b036a76c3cc5a
0,     187754,     187754,       66,   115200, dfe073c6ef0ac739fc2a463403d8da3c
0,     187820,     187820,       66,   115200, 14de6a51b3c31d142c27d14c6524e149
0,     187887,     187887,       66,   115200, 87e6fb6b64d295163fd1f4213f5e9f25
0,     187954,     187954,       66,   115200, cd89ea1b2176f5ff40c6b69510faf99a
0,     188021,     188021,       66,   115200, 7651706f2da9a559f885e30e624c8eb2
0,     188087,     188087,       66,   115200, 7a18974df2eec93318c6fb0bb308b7ea
0,     188154,     188154,       66,   115200, 39d339bc90404b5e034621a50e8c9287
0,     188221,     188221,       66,   115200, 40e2eeb2c5bae78208d32cf1b0d78ee9
0,     188288,     188288,       66,   115200, 91a3734f7ef425101b5f4e37b750b6b5
0,     188354,     188354,       66,   115200, d3618f8bac856e2375899c9f21c8825d
0,     188421,     188421,       66,   115200, 4c48517f6576a3e5d8689ea61a168316
0,     188488,     188488,       66,   115200, b847881fc3341995a3dc32af16036932
0,     188555,     188555,       66,   115200, 71a1b79bee893c84dc8567ddd793fab5
0,     188621,     188621,       66,   115200, 27bca965a4ef564c0214abae9c387fe5
0,     188688,     188688,       66,   115200, be3710a472af971061780405d25c7ba2
0,     188755,     188755,       66,   115200, 28605d680678bb7732834528663a05b2
0,     188821,     188821,       66,   115200, c8e057fa0fd0bbd2a7e59f396f98b230
0,     188888,     188888,       66,   115200, 9dfc5eb08fd7dcb544fd142a965c1bef
0,     188955,     188955,       66,   115200, c1d238e679198683f45f2a86fc0aef80
0,     189022,     189022,       66,   115200, d8858785b931531b0a42420543d519cd
0,     189088,     189088,       66,   115200, 9c4b95c24e6905e29161c5cf75d77d81
0,     189155,     189155,       66,   115200, 446aa203817b34ff178c758a7a60890a
0,     189222,     189222,       66,   115200, b45a43d2c575dcd0182acd8b3ef54516
0,     189289,     189289,       66,   115200, 7129ad462181c8c38960c294dd2e9b67
0,     189355,     189355,       66,   115200, 2cd1b60279369d27441cada69323d34e
0,     189422,     189422,       66,   115200, b5dafdf606f8beebfdf82f161f7d095d
0,     189489,     189489,       66,   115200, 369386f95320eca846d516b053ede950
0,     189556,     189556,       66,   115200, d588e836fb03bbf4aafcc0c176b06fe2
0,     189622,     189622,       66,   115200, 50f6ccb18549aa0477d6e5112496f659
0,     189689,     189689,       66,   115200, b1e1f6337e9fefe3dc10b988c1103fe8
0,     189756,     189756,       66,   115200, 5047d7f13ad4a4ed94a096dd0a37cd1e
0,     189822,     189822,       66,   115200, 328e30feecc1bbe32f77f913802bd741
0,     189889,     189889,       66,   115200, d37205e98cb2965ff2c7638b64e52935
0,     189956,     189956,       66,   115200, ff29f8999565e1bafe342c0b2a518b40
0,     190023,     190023,       66,   115200, 00f78ef2f0a121d537a019587684de37
0,     190089,     190089,       66,   115200, 7cef4aa788e73ab90382d38c2733b6ab
0,     190156,     190156,       66,   115200, 25389292df215f2dbe721f3c4ac8e72e
0,     190223,     190223,       66,   115200, 7af3634757eacc31bf6c5abbbdb1deed
0,     190290,     190290,       66,   115200, 986c6f7c7e83c6b2e9acb34974b04fce
0,     190356,     190356,       66,   115200, ab06df64621264a8baddedff43fe5696
0,     190423,     190423,       66,   115200, 60fcd520b6a14d9145b2767c239b7054
0,     190490,     190490,       66,   115200, 72452252c691bf4a363b46991c997bcd
0,     190557,     190557,       66,   115200, 29a766b4dda65ee9dedb2c73a7aedee5
0,     190623,     190623,       66,   115200, 643ad0c31ad86e4a8bba5831f5341f34
0,     190690,     190690,       66,   115200, ef793e8b86a0316ac330f2de81a1b6b8
0,     190757,     190757,       66,   115200, 42cc367d996667da45480ba46c075ec6
0,     190823,     190823,       66,   115200, 3ea2836ed70b9186e508707e3ebb04e6
0,     190890,     190890,       66,   115200, 432605562a55744c199d23a3be0e9401
0,     190957,     190957,       66,   115200, f9cde7d41663528a6ee0c2b5cbff4c23
0,     191024,     191024,       66,   115200, c2a343710fccbfd6f9e58cbea8a6759c
0,     191090,     191090,       66,   115200, b81546a3dd951a7c119049b7043230ed
0,     191157,     191157,       66,   115200, 3461a30b816b493500156a8de1a9c981
0,     191224,     191224,       66,   115200, e474910c459ab1949b7d908b6282bfd3
0,     191291,     191291,       66,   115200, fe86f746c096110be151e5722134d4a5
0,     191357,     191357,       66,   115200, 956cd944ba841f05a1ef217216b2ffcd
0,     191424,     191424,       66,   115200, 3fac64de88b75016022880d31dfe7f29
0,     191491,     191491,       66,   115200, 6ec01d1310bbc2781fb4e5adeae044fe
0,     191558,     191558,       66,   115200, 3b6f317e213bfa6d6a7ab0fc06a08d0c
0,     191624,     191624,       66,   115200, da6cd3cc0e7218cfa673f57889e0cb3c
0,     191691,     191691,       66,   115200, 17af320ceea8e0d62083ffa26ee4a06e
0,     191758,     191758,       66,   115200, 20ee550f49e6aaf7007856749db2195f
0,     191824,     191824,       66,   115200, 3a8ad4cc53f9be0f2f9f2c914f21f668
0,     191891,     191891,       66,   115200, ae5b4486804ef68422e2fe92bdd0de71
0,     191958,     191958,       66,   115200, fe22de1d0d3b0c7982fab8e8135f20d1
0,     192025,     192025,       66,   115200, d6cdabd2ba5ca5ea758b6bae03532ae5
0,     192091,     192091,       66,   115200, 4336ba5bb023238798ccd9023578f97e
0,     192158,     192158,       66,   115200, 4e23ca926b3e9bb628c6018578482857
0,     192225,     192225,       66,   115200, 447e5f4bd1e0c25a53f7ca6189a21c40
0,     192292,     192292,       66,   115200, 8da5ce47629ffc073b58f557163442da
0,     192358,     192358,       66,   115200, f745f253765797883d0619ac35b95bfc
0,     192425,     192425,       66,   115200, 082210aee049cef2b132ba9c12b37677
0,     192492,     192492,       66,   115200, 8ec19df55eee8e913c9f1b0e3f29c0b7
0,     192559,     192559,       66,   115200, 0677e551e19e2c5b5445817372383687
0,     192625,     192625,       66,   115200, cde344ba0c0e1353b23cbf8d6ed92701
0,     192692,     192692,       66,   115200, 3c681fd5f32cca0b3566ec1249df4bbb
0,     192759,     192759,       66,   115200, a1b400e58dd1379b3b9105649663067a
0,     192825,     192825,       66,   115200, a37c494929d274bb8755e65555dc2e93
0,     192892,     192892,       66,   115200, 65d2d349942f44aa1c90ab014529b82b
0,     192959,     192959,       66,   115200, 29b644ff5eb905f1c2d4a1c1bde4174e
0,     193026,     193026,       66,   115200, 347e7932d1934d4d5783820719a1c608
0,     193092,     193092,       66,   115200, 40929ab1200cca508c35b188fe42411c
0,     193159,     193159,       66,   115200, 469e2d8d67e4a8ff67f95330eb706825
0,     193226,     193226,       66,   115200, a653813215019207e992c7200e73f480
0,     193293,     193293,       66,   115200, bd43c05fcb2fc4fd1b8a52853bdf4782
0,     193359,     193359,       66,   115200, fabda8336fd720038e0dd723c4f5d4e5
0,     193426,     193426,       66,   115200, dec7f49e9b4cc96116749dd26eb2a18a
0,     193493,     193493,       66,   115200, 2809aef3de76f89f67754fd8096b1eaf
0,     193560,     193560,       66,   115200, 395875b303073d95a165484b34140603
0,     193626,     193626,       66,   115200, 17509c0b56b5c934b73269dc39d05d8a
0,     193693,     193693,       66,   115200, 3e470038efefa545b88553ffd2bde56a
0,     193760,     193760,       66,   115200, 4208e87e71ed6eeb2a9e6127e39ccb5b
0,     193826,     193826,       66,   115200, c760ea7eb0e56aac6f6acfbf71dec54a
0,     193893,     193893,       66,   115200, d8fa62371b712e865aef1e7b54a2bad9
0,     193960,     193960,       66,   115200, df9bbbfede0bbc51d3b5f3fc6c34527c
0,     194027,     194027,       66,   115200, 400afd6534fc55d5652555878b16098e
0,     194093,     194093,       66,   115200, fba1cb5001d87b5296b15797f56a4d75
0,     194160,     194160,       66,   115200, c707ddcd036adb243566bf6c500754c2
0,     194227,     194227,       66,   115200, bda311688d019e5d123842eb60965bb7
0,     194294,     194294,       66,   115200, 5bca048f7cfe9a238b1b12d992d3526f
0,     194360,     194360,       66,   115200, b185830d9ba8a9270a14f585076389f4
0,     194427,     194427,       66,   115200, b3977aa38e45097748f92b3456c5bd07
0,     194494,     194494,       66,   115200, 61745e42aebaaf6f42f9281d602776e6
0,     194561,     194561,       66,   115200, 7d10cfdb1e86d5b468ab23d1930bcc92
0,     194627,     194627,       66,   115200, 42130e15c1927198e679132b0dd0f7ce
0,     194694,     194694,       66,   115200, 1b0e4d5dd65f44573bcd61d91e7497c2
0,     194761,     194761,       66,   115200, beb0c7ff3b6772b5a89e62556af7d112
0,     194827,     194827,       66,   115200, b94a47c242f2483562c254bcff5bd75e
0,     194894,     194894,       66,   115200, 5505a3adf6125ac675777db1123821c2
0,     194961,     194961,       66,   115200, c31e12bb48ba48805be86b1d6693dc02
0,     195028,     195028,       66,   115200, be68a0b6caa4432ebfd60b1a2179d61d
0,     195094,     195094,       66,   115200, 46a6011b12e679ab1af05af614f4b676
0,     195161,     195161,       66,   115200, 1f3d41ee8eea587f3e0d527746b43ed4
0,     195228,     195228,       66,   115200, e7312cb39065f26c97c6d1718eab62a6
0,     195295,     195295,       66,   115200, 538d88a1a264147dc9267e1ef8e3d4b7
0,     195361,     195361,       66,   115200, 5468e3952127f7fc3e802e108d9b14aa
0,     195428,     195428,       66,   115200, b2be90f9d6f524713c328bcd6bb59120
0,     195495,     195495,       66,   115200, 54ea90fc972e558d172e46091b097784
0,     195562,     195562,       66,   115200, 966c0eb200c7d42302cf4392be648ab5
0,     195628,     195628,       66,   115200, 04e6c3c05d5b166ee4aa3685af1eb97b
0,     195695,     195695,       66,   115200, 6adf15327e9cc9f1976cf517f48244e0
0,     195762,     195762,       66,   115200, b54bfe9c9f4ade878417c4b7f1e8a6b0
0,     195828,     195828,       66,   115200, f30a0134260580612a7944060a416c92
0,     195895,     195895,       66,   115200, 92ebdccb28b6507a943c7ff095428d16
0,     195962,     195962,       66,   115200, 660bd467d2a5073991501eda934be80f
0,     196029,     196029,       66,   115200, 2c67313bcdb9f695c8db796b3f6d330f
0,     196095,     196095,       66,   115200, a00c937d3b686151bef1e2036af68df0
0,     196162,     196162,       66,   115200, edf64066f25f6f88a69ffb5cc7cf918d
0,     196229,     196229,       66,   115200, 02adef0d6e4d4181297d3850c746a354
0,     196296,     196296,       66,   115200, 1edf5873a90e08059096b83b0ed4c586
0,     196362,     196362,       66,   115200, 199322b9c21881d6b77f7772d4880615
0,     196429,     196429,       66,   115200, 00e4d8bbea69e6be745ad6cc90890599
0,     196496,     196496,       66,   115200, d4166286c5121a46f6b438b6639bb6bc
0,     196563,     196563,       66,   115200, 02d0bf64288ad1dd23122167c8a20a0d
0,     196629,     196629,       66,   115200, fc6e18ed853c4c667da948d82c1394b6
0,     196696,     196696,       66,   115200, d6e447cce609ea34a1f4813752e3676b
0,     196763,     196763,       66,   115200, 767ef9fb8d02b3367be4f9809bb72f72
0,     196829,     196829,       66,   115200, 04903aaa644c710ac8a1c2d0909e3855
0,     196896,     196896,       66,   115200, 61bcdaa1eb8eadd0ae6c23eb81d48012
0,     196963,     196963,       66,   115200, 105bc78927f55f87dd3896296c28e36c
0,     197030,     197030,       66,   115200, 1ec7e6c68f674f23d1e39975baaba6f5
0,     197096,     197096,       66,   115200, 9d573c3f048e7c223c56eb08660b23ba
0,     197163,     197163,       66,   115200, d1f636a83c2edcf8f8d83597d155e0a8
0,     197230,     197230,       66,   115200, c8b99f5a1ca2507f77ccc975d1fde2d6
0,     197297,     197297,       66,   115200, 6b76f58dd53c8291755978ddb95135f1
0,     197363,     197363,       66,   115200, d443a8a00c0a25593efae40bf6536050
0,     197430,     197430,       66,   115200, 68f5131fda97d543fde5624eafe0b66d
0,     197497,     197497,       66,   115200, 4904768fe6aa4ed9b314ab086da1d484
0,     197564,     197564,       66,   115200, 8bc342b8479b4c3f705852d9db848b04
0,     197630,     197630,       66,   115200, 73ff1e4cce424449617c8ec9e5c15bb0
0,     197697,     197697,       66,   115200, d1efc61905ed03b881eb17fb71d7568b
0,     197764,     197764,       66,   115200, 33860852e67a9dfb280a49a463f2c92f
0,     197830,     197830,       66,   115200, 3c3cfb77902f36d3120a5e5ddf453ef5
0,     197897,     197897,       66,   115200, 0aa931bcad65904b8f90662b9c07832e
0,     197964,     197964,       66,   115200, 8cfcae6838ece29f766ab6892347a3cf
0,     198031,     198031,       66,   115200, 7ea990d6d09c62b95c8f840b2e4cc56b
0,     198097,     198097,       66,   115200, c4c7231f5148d510a286a9d9cd423811
0,     198164,     198164,       66,   115200, 039ae317c60ba2ca3e8c84c5ff9b3414
0,     198231,     198231,       66,   115200, 24b03b8e3973def9d207d4172edeaa5e
0,     198298,     198298,       66,   115200, 7007b9e0a884eefca100ab266a8dec67
0,     198364,     198364,       66,   115200, a7855b1f90472e6246ac826c01c006b8
0,     198431,     198431,       66,   115200, 4ba32e16237bee8664ec317e24bb4e2b
0,     198498,     198498,       66,   115200, dcc96de078038c743a368c91cf0e00bf
0,     198565,     198565,       66,   115200, bb8bc609ce206592dd57e7b91fad6c6f
0,     198631,     198631,       66,   115200, 98c5b14d488c4d14d37aad7c72edad6c
0,     198698,     198698,       66,   115200, 94d10efa7d348c60beeaa8105f23bda9
0,     198765,     198765,       66,   115200, f5b571ccb9d69b91c121bdcee3bf73ae
0,     198831,     198831,       66,   115200, 5dcf141de11354040197cb5828c22ad0
0,     198898,     198898,       66,   115200, 72ce8c0047d87ea9f21df70196307ce6
0,     198965,     198965,       66,   115200, 5ad84ef4ebcd418051c74a792058dd15
0,     199032,     199032,       66,   115200, ab227a7059e4312ad19fb5be3fb6ae93
0,     199098,     199098,       66,   115200, 6a7043d52fbbbe81443731981cdc87f1
0,     199165,     199165,       66,   115200, 21bc848d84f32fbcde72f6808c8d5266
0,     199232,     199232,       66,   115200, d3cc82ff787bd7fe4fd96994a643c77a
0,     199299,     199299,       66,   115200, b70bdf5fa3d50b54735dc1c386451d8b
0,     199365,     199365,       66,   115200, cefe454725ad012596ba4db328c05a3a
0,     199432,     199432,       66,   115200, 2867807c12230053f1662c5634fe18ae
0,     199499,     199499,       66,   115200, 9041d45ba2984c3cd1c69b09a22c139c
0,     199566,     199566,       66,   115200, b451849a16d72ce092df95ee2d8b1338
0,     199632,     199632,       66,   115200, 3743c8adec5e2b4c91620dac53f78866
0,     199699,     199699,       66,   115200, 3475b603a8ce857e435b41126ffa2455
0,     199766,     199766,       66,   115200, 0c768e75761e150d429ff77c6e76d150
0,     199832,     199832,       66,   115200, 6168ff9720fc66cee61abf559c3705e1
0,     199899,     199899,       66,   115200, 775e3e46c98407b64ea1fb84b87368fd
0,     199966,     199966,       66,   115200, baca5bbdae3e9750971207b0a6f4345c
0,     200033,     200033,       66,   115200, 5258c7e674e71160d71eba04f0a61e8c
0,     200099,     200099,       66,   115200, ca54286d909992eb9c8302e896868970
0,     200166,     200166,       66,   115200, 3c2ebe629b02f2a871eb77a1c5a0901e
0,     200233,     200233,       66,   115200, fecd4b034cc37c701284742ccecf8fa4
0,     200300,     200300,       66,   115200, 40a3204c6e381afe60e82df5ba1c00f5
0,     200366,     200366,       66,   115200, db150398873b5dc5756df7bd4d290a43
0,     200433,     200433,       66,   115200, e70d09850c60d401434c0744990961dd
0,     200500,     200500,       66,   115200, bfe3712ddab85ab9c3a318b9d671468a
0,     200567,     200567,       66,   115200, 460518c7ac26b8bdfd6dff2e98b30de5
0,     200633,     200633,       66,   115200, ebdd85b6e9872078ee0b60bbd35f499e
0,     200700,     200700,       66,   115200, 3206fbf13de3443aadbd74fba4b6837d
0,     200767,     200767,       66,   115200, 4b466a4780e9df9a9c5eac3f393ae8cc
0,     200833,     200833,       66,   115200, ecff85b452b3b7189ed6f2b60c2012d3
0,     200900,     200900,       66,   115200, 38b49301a3bd6dc04be613793a106f1f
0,     200967,     200967,       66,   115200, 9e62d9b5db5d102ca5845641a44246e2
0,     201034,     201034,       66,   115200, 67c26a79374ef467b183e5f5b120b927
0,     201100,     201100,       66,   115200, 5682f44d9da8a46805262bc665c80058
0,     201167,     201167,       66,   115200, 1fd2801ef3d4b5c14f8d7b445e9c37c4
0,     201234,     201234,       66,   115200, 9e51a138380d4fea03c8e19bfd1255ca
0,     201301,     201301,       66,   115200, b7a250f31cabd8b45b39ab2d6365b071
0,     201367,     201367,       66,   115200, 457f555c0b8b0399f029d981c52e2a28
0,     201434,     201434,       66,   115200, 71c04aec90323c1c91900ffa22fd1773
0,     201501,     201501,       66,   115200, 8c92eba6208578cdc721b3ab073b2690
0,     201568,     201568,       66,   115200, 0cda251dbda21c85c54083b07c5ebf50
0,     201634,     201634,       66,   115200, 78352f0867e3862586e3a8104f972aba
0,     201701,     201701,       66,   115200, ab874125856b9a8b85f0ce2a0c52e029
0,     201768,     201768,       66,   115200, fb73d3d1ebbfe00c6651985b5bee577c
0,     201834,     201834,       66,   115200, e2e76358a6079c98a95f94a5d1e020be
0,     201901,     201901,       66,   115200, 6e49fc6429d3183cf17dbe9284832b55
0,     201968,     201968,       66,   115200, 08ec0a507b2827c72b82002abcbc6fcc
0,     202035,     202035,       66,   115200, 1629a651e0f3baf9a59a6ab183c104b0
0,     202101,     202101,       66,   115200, 828d9fb3289a17e336b4570274278610
0,     202168,     202168,       66,   115200, b9533ccb4607a70eb374b7195d435899
0,     202235,     202235,       66,   115200, 32bf1f7ce82b533fb6298e3b5a828c75
0,     202302,     202302,       66,   115200, f828fbceb9785973273f409c1de3f495
0,     202368,     202368,       66,   115200, 87536a8a01e50532ee92d3311d8804a5
0,     202435,     202435,       66,   115200, 0f8046cf2cb757c99857f00a118f9e21
0,     202502,     202502,       66,   115200, f409891c52a101e1dcd079cc0c428e52
0,     202569,     202569,       66,   115200, 3196ca44ae9e4078120ff37e7e7ea316
0,     202635,     202635,       66,   115200, c034d4851315a197d50d9a509ed9b1e8
0,     202702,     202702,       66,   115200, 2f6601cc34e1aedfd2e9500d442f4f00
0,     202769,     202769,       66,   115200, aaac5d5941c356ca4d2e37e6192d7e72
0,     202835,     202835,       66,   115200, 5d77a47b3299c3e351f12bce25e9d945
0,     202902,     202902,       66,   115200, 081090eb14f936dd945e00291315e101
0,     202969,     202969,       66,   115200, 56ba42baa302bbf48bbe4f19c9ce7209
0,     203036,     203036,       66,   115200, 9eded3d9bb9f60ef530dad3968c23faf
0,     203102,     203102,       66,   115200, 07b0397379bc4a50a9f66ab067ecceb9
0,     203169,     203169,       66,   115200, b5b0992d74af0b620433255b226c5985
0,     203236,     203236,       66,   115200, 77860421854968d5406a7e392cfc4701
0,     203303,     203303,       66,   115200, 04d3ec5d03d2c40f37863d34f56331c0
0,     203369,     203369,       66,   115200, c6a2afb3559ab065d8d748e66d1027cf
0,     203436,     203436,       66,   115200, e804e78ad458639abe060fde1d35b759
0,     203503,     203503,       66,   115200, b0fd092df01ef43712982ae556d18e07
0,     203570,     203570,       66,   115200, 21acee3da76906485953273536abd70e
0,     203636,     203636,       66,   115200, c130268724c8deb397bce265ea668d19
0,     203703,     203703,       66,   115200, 4c756a3d4b14d4193259073da4996d9a
0,     203770,     203770,       66,   115200, 680a7b573cf0b48994dab1cf50f587ff
0,     203836,     203836,       66,   115200, 87bda11e2fe9f1f79c72fbdde06f4f94
0,     203903,     203903,       66,   115200, d0bc85360accdbf558b9300ae88ed7fa
0,     203970,     203970,       66,   115200, 5d98888a064ce63abd10e6f7f9910594
0,     204037,     204037,       66,   115200, edefea0290c2e34128ec50321b3be9a2
0,     204103,     204103,       66,   115200, f65367f68eeddde675a2032e4982a52f
0,     204170,     204170,       66,   115200, 5bd54b0b6472fea68a2e43d50f4cf65f
0,     204237,     204237,       66,   115200, 93ac0aa4cf43c5db0423be1ebc2710a7
0,     204304,     204304,       66,   115200, 643223237081c2e5e7e0010eb5026de2
0,     204370,     204370,       66,   115200, da801aadf1d17cf8005cf1be83d37a0d
0,     204437,     204437,       66,   115200, 6335e264d1761a4c44767e4b4b16d5a0
0,     204504,     204504,       66,   115200, 0b3cd603b6b23d90668e7fa99869a5ad
0,     204571,     204571,       66,   115200, 9f26a89aaf47a75ade360ec00d2130fc
0,     204637,     204637,       66,   115200, 61aaed041169e9a5e6dcbf05b86e1502
0,     204704,     204704,       66,   115200, f45fc25db97018f65dbf7c835bba8b07
0,     204771,     204771,       66,   115200, dc98ea28647e74b6c339e13fd7fc924b
0,     204837,     204837,       66,   115200, c1583890e383503cf237f4875af5ae6f
0,     204904,     204904,       66,   115200, 8db2556348dcffa85fd0db3db3a91732
0,     204971,     204971,       66,   115200, f7eeab3ce5265083a4141c1e0a1a4146
0,     205038,     205038,       66,   115200, 7c8a60f9e3a93525d338f22f9311fa7c
0,     205104,     205104,       66,   115200, 53866911dce308561fcbfffe290811d5
0,     205171,     205171,       66,   115200, 5509c9c75b4586e1a50fcf548c282451
0,     205238,     205238,       66,   115200, 4b315b20a46ec2bdfd7cbf875d5554bf
0,     205305,     205305,       66,   115200, 2ee2da7148ecff8648a525b8327dc605
0,     205371,     205371,       66,   115200, 05b3f631540f2aef5ef6879f2dda1cbb
0,     205438,     205438,       66,   115200, c97f7c3e909fbeabf8b7776bb6940b15
0,     205505,     205505,       66,   115200, 10657881316d4ae51a882eef7e09cbfc
0,     205572,     205572,       66,   115200, 1e4d0959c1ae204f42d9ecdd23d6d3c7
0,     205638,     205638,       66,   115200, cfe88ff2edfdc95489593d78dfe5c3da
0,     205705,     205705,       66,   115200, 4b4df205afc31c6be6f2dcd88c274881
0,     205772,     205772,       66,   115200, f5d1e1c79dad41bab9ff0cc3c9d53521
0,     205838,     205838,       66,   115200, aab7245b8dff0870c8f857e710500d78
0,     205905,     205905,       66,   115200, 3717a7b591e352429862cf5e6f7c0e21
0,     205972,     205972,       66,   115200, 664e3aa3a88ae81d9d7116f79b665fd0
0,     206039,     206039,       66,   115200, 9ea5486435b3c98c0c50d124f5325ed4
0,     206105,     206105,       66,   115200, d818c05584d8146fb2850dbd9080e09b
0,     206172,     206172,       66,   115200, fd73bcdf1be31786f5f77c8fa29d2c04
0,     206239,     206239,       66,   115200, 1cab3fc66fbfa26a9097b7c8388cf5ba
0,     206306,     206306,       66,   115200, a338981f586be7ed89cd66e13b48d289
0,     206372,     206372,       66,   115200, 6c83c8fce708bcada3dfd881be6184cf
0,     206439,     206439,       66,   115200, 9c4d123075215b320d9ae8a4289ede0b
0,     206506,     206506,       66,   115200, cd676fee75d0f79daa4a5409cc28d564
0,     206573,     206573,       66,   115200, 3792d083cbfe7e89bdd04ea170705fd1
0,     206639,     206639,       66,   115200, 0016b806fb05aaf05545b0df1557b7fe
0,     206706,     206706,       66,   115200, ab1d7dd3a1e67e0dd986705524c1d86a
0,     206773,     206773,       66,   115200, 8663d99a1d1096b6c14cce119bc47020
0,     206839,     206839,       66,   115200, f623633075b413c383446bae4ccc28d6
0,     206906,     206906,       66,   115200, 4925c0e09f8fd65d6e9150552c7527a2
0,     206973,     206973,       66,   115200, 737d6804c8afe7cac2530ceff0b3d2ab
0,     207040,     207040,       66,   115200, befdcc1261135904167ca49a14fc6b98
0,     207106,     207106,       66,   115200, 547fbbc441f4a360df236424cd908e05
0,     207173,     207173,       66,   115200, 6d90e3c5e4a618fe1deed14dc91ba124
0,     207240,     207240,       66,   115200, 7248ba2eba7e9e39d4de2aae79106273
0,     207307,     207307,       66,   115200, 9be4c5adaa15b23accc37fa4f0b27b5b
0,     207373,     207373,       66,   115200, 137aeee265374a3c8adaa2871346d345
0,     207440,     207440,       66,   115200, de62bde85405326b6e7c298ef87f5075
0,     207507,     207507,       66,   115200, f535981bc034f1f2fb971824e032348a
0,     207574,     207574,       66,   115200, ef809a0f945faadf4d693e807ec5e992
0,     207640,     207640,       66,   115200, e695156dc1abb2b760bb5681093a34b8
0,     207707,     207707,       66,   115200, d72c100aae6e192c4d7b19cc89820de6
0,     207774,     207774,       66,   115200, d6c552447303575925cd7c263d4af43c
0,     207840,     207840,       66,   115200, 676d485795cb8a5e6ba73cc17a47108b
0,     207907,     207907,       66,   115200, 748375f84c8c1bda014707cb6f845b9c
0,     207974,     207974,       66,   115200, df6def8718d5f44d98553854bc85b8f6
0,     208041,     208041,       66,   115200, 4ce5453abbd62cc29a73ad0bd67f2b75
0,     208107,     208107,       66,   115200, e4874c30b82e08afe60c2b76b5a4283e
0,     208174,     208174,       66,   115200, 8c4d19a058dffa15d62e4f522ca92469
0,     208241,     208241,       66,   115200, fb7d8129c37e363bf96012d6f07ea34c
0,     208308,     208308,       66,   115200, 9e9a2d8049da4ea546cf4ac73e981ac9
0,     208374,     208374,       66,   115200, 1c277be487cef4c3f243ab05c470c71d
0,     208441,     208441,       66,   115200, 495de7eb5afe9dd2b9b35079bfbba470
0,     208508,     208508,       66,   115200, b23e3f6dfe49f7477495b22e325efc16
0,     208575,     208575,       66,   115200, 2a0a288f9ca887f243daab97c7e1183b
0,     208641,     208641,       66,   115200, 477fb315db667ab9c29e2edde1ab2b3f
0,     208708,     208708,       66,   115200, 9598d5d0eaad045da616e23a6fd8d138
0,     208775,     208775,       66,   115200, 5ec28eb493abf59ffb28e3c71408be71
0,     208841,     208841,       66,   115200, 8ffc60408033ac2b99698646d149658d
0,     208908,     208908,       66,   115200, ad96dbe8c4875b6b5191c18ced60f309
0,     208975,     208975,       66,   115200, 23840f6751f179e73fc739eb1a1cd503
0,     209042,     209042,       66,   115200, cd93854c889d30257a7cef71fa73d990
0,     209108,     209108,       66,   115200, 18c3b31f8100ff598dea33b8baccf1f6
0,     209175,     209175,       66,   115200, 368425392e650fb0f363a508c0694b61
0,     209242,     209242,       66,   115200, c76b84715d586486e4a619c081fe3b77
0,     209309,     209309,       66,   115200, f2bc927acee7ca57a4f4968f2af9ceae
0,     209375,     209375,       66,   115200, 0b7409cc56694cdc9495132c1c02ff95
0,     209442,     209442,       66,   115200, d00ac50847dae0d6f234d04afc8aaa26
0,     209509,     209509,       66,   115200, 9e4570e9bfcbbfae8fa511794440dd5c
0,     209576,     209576,       66,   115200, 17307ef691c96aacbf9f95cf18907f77
0,     209642,     209642,       66,   115200, d5dda08c5f06b59b8485418e27522efc
0,     209709,     209709,       66,   115200, f16c7c8bb85563debcb47f59cad2e2f4
0,     209776,     209776,       66,   115200, 8b8bb268af1b1a8ecbfe5b7af313afc8
0,     209842,     209842,       66,   115200, 802bd7b2dcfae0a8dd550f884881bfe9
0,     209909,     209909,       66,   115200, 065c4936aa3b45c925b50b0b8fcab9bf
0,     209976,     209976,       66,   115200, 41dd58a1afd0be4c387a8b9e505d4756
0,     210043,     210043,       66,   115200, 01199b1021692ff4a1031d11469f6901
0,     210109,     210109,       66,   115200, be9f02fd38a458c362c0b1150f07212e
0,     210176,     210176,       66,   115200, 67c96a2141b1989557385ae43dd9ef90
0,     210243,     210243,       66,   115200, 9d0c60c5078c607ecceabb8855d0ed43
0,     210310,     210310,       66,   115200, e3e2cfe4910c95d0aa7f57682ee4d4cd
0,     210376,     210376,       66,   115200, 7202cb1fe0a7507812a10c2b95e32bcc
0,     210443,     210443,       66,   115200, 0c25ca9ca1162d0240657c5f0a003efa
0,     210510,     210510,       66,   115200, 65974d4b0652e85334f109caae5e69a3
0,     210577,     210577,       66,   115200, 97d276e60496822c66f9bd4cb3549737
0,     210643,     210643,       66,   115200, dd0497c9ecc49be901df56df2c6c8407
0,     210710,     210710,       66,   115200, 939c946932668e0ef6d5597e08a6581b
0,     210777,     210777,       66,   115200, 893c7d3bd655884d6a8f3f00f87a1bd4
0,     210843,     210843,       66,   115200, 5c03f6f010f250f2aa1e44c2ebf663b3
0,     210910,     210910,       66,   115200, 73def737c6e0391b2c716f2f8b3f0bbf
0,     210977,     210977,       66,   115200, 5b015b830c5571e90bce9125fa3f13f4
0,     211044,     211044,       66,   115200, 0f2a7e4172be0ae788aeae411864da0f
0,     211110,     211110,       66,   115200, 744ca7bfb6af94cde4615ca89561a810
0,     211177,     211177,       66,   115200, 1d0aa201bc261250ac40a6a326beb516
0,     211244,     211244,       66,   115200, eba976661996252ce154f59545e993a0
0,     211311,     211311,       66,   115200, ccdf6b71ad294bd35f3b5f41dc2040f7
0,     211377,     211377,       66,   115200, c3055b988f480bd9de1976277cb0d74f
0,     211444,     211444,       66,   115200, d30699a1e0efa242db23a771eff43f6d
0,     211511,     211511,       66,   115200, cfe90821665dbfcb81ad605811794974
0,     211578,     211578,       66,   115200, 2656754aa25d8447b5783d9cef689b95
0,     211644,     211644,       66,   115200, e0a1ceccce5e563cb335a18680341835
0,     211711,     211711,       66,   115200, 07a7c0c58f28ca3b093445e115dcd4b9
0,     211778,     211778,       66,   115200, 0b1895b12fad0aeb542773628e17a607
0,     211844,     211844,       66,   115200, 7621733ba9d475bf69bb0cc6fbf26b2a
0,     211911,     211911,       66,   115200, e556cd0ff49b6993ecfdb9db294a8fdc
0,     211978,     211978,       66,   115200, bae2f46d9dc44e08b17e57930513cf7b
0,     212045,     212045,       66,   115200, 3104782fc823fff84bb07c9b42381c22
0,     212111,     212111,       66,   115200, 38f099b14134e33b92ed9b4ab0cfd5f5
0,     212178,     212178,       66,   115200, 9d58e4e9063802a6875c6d88c0f026fc
0,     212245,     212245,       66,   115200, 418a6ab0513064696296a3d0b3b3aa83
0,     212312,     212312,       66,   115200, ec42caf74f6720c09203eaa811697116
0,     212378,     212378,       66,   115200, 48d9e022640fba2901f6bcf8b169f167
0,     212445,     212445,       66,   115200, 0b75d64fe8b7fc9db5a0efbb58c6a7a4
0,     212512,     212512,       66,   115200, 9bd36e98d472efc6ee763ea92ad7ef00
0,     212579,     212579,       66,   115200, 4a27ddcf50724a31f5b1f878b2b9a9bd
0,     212645,     212645,       66,   115200, 15d342fc96f1372f4059aa899fc40820
0,     212712,     212712,       66,   115200, 6b6b86564d5a3aa04c3315d9118007e8
0,     212779,     212779,       66,   115200, 9e8d8066c04b8d7d2e50ee95411aa609
0,     212845,     212845,       66,   115200, bd9e74c36476aac64ed5786a0a0136a8
0,     212912,     212912,       66,   115200, 84d008f09640eb400ad3cb2726902c73
0,     212979,     212979,       66,   115200, 7698059963cc82ef9f9c227e2c70acc5
0,     213046,     213046,       66,   115200, cb02eb9d6e13e44fe29ad6686b6e7986
0,     213112,     213112,       66,   115200, bcfc7689cae0b98415de6fdd24f694f8
0,     213179,     213179,       66,   115200, 3781fd139cd01b7595843524ca6e3327
0,     213246,     213246,       66,   115200, af974e25fcfaeaecd9051c62d1c1f0ce
0,     213313,     213313,       66,   115200, edc85b7df34537d74f8469e1454b00bf
0,     213379,     213379,       66,   115200, d3d3600c424d34bbf54570de80319869
0,     213446,     213446,       66,   115200, 16862cd45815dc93b775a131a7e9e295
0,     213513,     213513,       66,   115200, 8e41103fd3d881131f14d689961a64bc
0,     213580,     213580,       66,   115200, b09447cdfaf88a0a3a26bc3bde1769f2
0,     213646,     213646,       66,   115200, 0224ddb976906d3c7666db9419d73999
0,     213713,     213713,       66,   115200, 84b16477736bd3520b06a311250d3672
0,     213780,     213780,       66,   115200, 8dbd4065b3bf83dd55f1fa853f5e91fc
0,     213846,     213846,       66,   115200, 633efa0479349a9c6868c03a6f52f9c7
0,     213913,     213913,       66,   115200, 0edf09f62ba327ea68f3e931579181f5
0,     213980,     213980,       66,   115200, b975332a54bae2f973d4c99e28b166f1
0,     214047,     214047,       66,   115200, 1cae1de2e77d8c6cc0f5eb7b2009d596
0,     214113,     214113,       66,   115200, f7bf25a446339c1f74fee019d86e0016
0,     214180,     214180,       66,   115200, 9cd225d26d6959be9cf6d5184b8842f4
0,     214247,     214247,       66,   115200, 6eb770a4e2ba6277b03fc83ab0ff8f93
0,     214314,     214314,       66,   115200, 009aa650bb1f384242093e9169ad422a
0,     214380,     214380,       66,   115200, 02fd32c4e35ae5c3cffee2c68743b0ab
0,     214447,     214447,       66,   115200, eae722685e00af119bba3b178f98b157
0,     214514,     214514,       66,   115200, f8a002602ef71cf46286271b553ef2db
0,     214581,     214581,       66,   115200, 02314e5ff35ed74e90d6a9b5ebaf298d
0,     214647,     214647,       66,   115200, b085238b3a2b82fd76db816f9d0a9cae
0,     214714,     214714,       66,   115200, 8f8d11428aa48df8b7cd7b6a3a97bf95
0,     214781,     214781,       66,   115200, 7dbff6adb59d5c07acd6b1bdc666a577
0,     214847,     214847,       66,   115200, b26a27a7ff6c5285c11fcb0b8abc2ef1
0,     214914,     214914,       66,   115200, 08ce57364bcfbb2b014bea29bbf19f95
0,     214981,     214981,       66,   115200, 6dcf23e1f074c21ea2f694630d99ec3b
0,     215048,     215048,       66,   115200, ccdda9dff9b1f42f4a936c2f9d433c8a
0,     215114,     215114,       66,   115200, 09cde667104bc5a6d98f7d36ea5bd552
0,     215181,     215181,       66,   115200, 43d125bc631271fcca8cc95656bea2a4
0,     215248,     215248,       66,   115200, c77201a542941bfd9ff769694e78ac4c
0,     215315,     215315,       66,   115200, 02ff4201df539ac11dc8430255ce4e90
0,     215381,     215381,       66,   115200, deb2a467c78eb5e4f29c02bc11a853c7
0,     215448,     215448,       66,   115200, bb61a1899fb953f9593d7936def6118a
0,     215515,     215515,       66,   115200, 65255b301b21d37352f71d318f1771b6
0,     215582,     215582,       66,   115200, 86c4413b3aeecb4446db5707abd2e228
0,     215648,     215648,       66,   115200, ceeb950af9ecab585e711fa63ac9a67f
0,     215715,     215715,       66,   115200, 4883eae35a977fdb5363584e299b24d7
0,     215782,     215782,       66,   115200, 24936e9e84657d2ea16832786b2c7d40
0,     215848,     215848,       66,   115200, fe5c7c54d206301c739f6b0562484c9f
0,     215915,     215915,       66,   115200, ef8d1a6ed01ce3a3982916dd570d0c9a
0,     215982,     215982,       66,   115200, 266ba0a14f8ef88641819fd8716d3a19
0,     216049,     216049,       66,   115200, 92dc6a9bd4c744092fd2a94a10ae028b
0,     216115,     216115,       66,   115200, 4c4367ad7d154dba5333e1d6a28e08b4
0,     216182,     216182,       66,   115200, 9ce1abf3f19cdf16043d3076d2b6d660
0,     216249,     216249,       66,   115200, 2e7319a007c6686be6c8f0515bb8fda8
0,     216316,     216316,       66,   115200, 031ed15cdf7e5b4e1b5015ab7cfe56ff
0,     216382,     216382,       66,   115200, f813765021c5f89cb898571cbe9315ce
0,     216449,     216449,       66,   115200, 4f1d9fb77159dba5ac485ec2046bc206
0,     216516,     216516,       66,   115200, 0dfc1310f31664bac98618e4b5afb50b
0,     216583,     216583,       66,   115200, 25a04af059d7db68f5a80712d33b45aa
0,     216649,     216649,       66,   115200, 991e0ad52f11a0941239a400ceab53e7
0,     216716,     216716,       66,   115200, 0ccebc4cc664051bad247f573e757160
0,     216783,     216783,       66,   115200, d6daf20ba44e796e634899b0c82e6dcd
0,     216849,     216849,       66,   115200, d5cd28ef21677725ace3f5c311d0745d
0,     216916,     216916,       66,   115200, 380852ef9bbb4de578e05512007b5ba9
0,     216983,     216983,       66,   115200, 8c680592e0e50e5267c1bd07a3040993
0,     217050,     217050,       66,   115200, 8fb00f1685c80ce251297f93f64f5a57
0,     217116,     217116,       66,   115200, 7b78e80dfc8c43942c21dfcb73f0e50e
0,     217183,     217183,       66,   115200, 8fe5ca235a951e58ecd0e63fc0c6b704
0,     217250,     217250,       66,   115200, 469b3124c3fce8383dbcf5f150a83c07
0,     217317,     217317,       66,   115200, 4ac6003f1c127ccc64c8bade4090ef37
0,     217383,     217383,       66,   115200, b6e02c6ff98a9c8eb7cd0713a5db7b0c
0,     217450,     217450,       66,   115200, ba860592eb55989cca497fd2ef2ba0ea
0,     217517,     217517,       66,   115200, 6b59bd297794a2e540dfed5efce40ac1
0,     217584,     217584,       66,   115200, c3c2b69fab41578165813d98e2bdac76
0,     217650,     217650,       66,   115200, c2c0bb57e9d46850826413055c6c29e1
0,     217717,     217717,       66,   115200, 71a190550d02a70e58879d204d39fd3b
0,     217784,     217784,       66,   115200, 74ab079a1d885b634ef91b4f8501380e
0,     217850,     217850,       66,   115200, 815ab891cc3738ac4972d3669380174b
0,     217917,     217917,       66,   115200, 3d102fdfd88df92dc646759cf6135cc8
0,     217984,     217984,       66,   115200, 2fe31d0720120e15e744fd5717c07176
0,     218051,     218051,       66,   115200, 40769be96948f3f398b8c594eedc1d04
0,     218117,     218117,       66,   115200, 22303f5706b0f0bfb374515fdc0e4df6
0,     218184,     218184,       66,   115200, f56df7897e6cab1548cf717eeb59e9cd
0,     218251,     218251,       66,   115200, 8da2f196f4d49213bcbcbc08544e2287
0,     218318,     218318,       66,   115200, 47db695cb633088355af8fc70ca50404
0,     218384,     218384,       66,   115200, dd78c86fd7bbc937eb68fd8dc26c711e
0,     218451,     218451,       66,   115200, 6420541087736105d42bde1455b1a47e
0,     218518,     218518,       66,   115200, a73dbff2d35754da35e4e82a13fc3689
0,     218585,     218585,       66,   115200, aa9a3412a67d10defde382a7b0f801ea
0,     218651,     218651,       66,   115200, 54aaf5919ae7485dacdda94c3af48016
0,     218718,     218718,       66,   115200, bec4b070603310a290181257b521e085
0,     218785,     218785,       66,   115200, 5964ad0597b44809e525aef1e0953929
0,     218851,     218851,       66,   115200, d522c80c7438239bdaf233a7b30d522b
0,     218918,     218918,       66,   115200, 550f4e6b12d8233b6908b742fa19abac
0,     218985,     218985,       66,   115200, 047c02bf5bdf86a30fdb84ea35383f9d
0,     219052,     219052,       66,   115200, 04d08a8e808a3bfd6557ae7389af97cf
0,     219118,     219118,       66,   115200, 21f4b332fff998230703909c621daf30
0,     219185,     219185,       66,   115200, 275acb19c447716f274ccd74358b6281
0,     219252,     219252,       66,   115200, d7cfcd26b3fe11fb6d900423b45d951f
0,     219319,     219319,       66,   115200, 503a5c6b4e2e2943000d05ede3a062a5
0,     219385,     219385,       66,   115200, 78bb6cf5d1e534b6b01c88c2d1a71129
0,     219452,     219452,       66,   115200, 486c211901e828727c3bd45059f2f07f
0,     219519,     219519,       66,   115200, 534ba2c13e23e97e50beb47c5db8d6af
0,     219586,     219586,       66,   115200, a828b3ed6967bcb7c3fa67bc57ce18e7
0,     219652,     219652,       66,   115200, 8faa5c543977d20d5e85e5d7e37caae5
0,     219719,     219719,       66,   115200, 3468fad441a93ddab237aa340b665907
0,     219786,     219786,       66,   115200, 707f9a4b7d455830d196b817e96c7159
0,     219852,     219852,       66,   115200, 2ef364e031bc8cdafdbf85873c29d9f3
0,     219919,     219919,       66,   115200, 2db6a9045a2ef1dfdcd453e2aadd9855
0,     219986,     219986,       66,   115200, 7709472b29e6c661d7ea3f9e8e10d52d
0,     220053,     220053,       66,   115200, 522645d41fa589c62895f0e62951a8c0
0,     220119,     220119,       66,   115200, 7e9bcbef0005fef9b2443b1f3fd0f82b
0,     220186,     220186,       66,   115200, 6ee22e08af1233efa61f5135b8dd535b
0,     220253,     220253,       66,   115200, 5ea1ca4a444d61f185a5fb4b680d74d9
0,     220320,     220320,       66,   115200, 73407d68e3ad0a61ec9ffaa228d927ff
0,     220386,     220386,       66,   115200, db49fc0660ca484472494ffb2493847e
0,     220453,     220453,       66,   115200, c5e4a1b26a509d5a378656c1d10c694c
0,     220520,     220520,       66,   115200, 212af20294ca2a4588aadd88e1e6cbe1
0,     220587,     220587,       66,   115200, cfc5bd3f33225777417b43362bbd5da3
0,     220653,     220653,       66,   115200, 40c5694ab668faaab153ebf519958933
0,     220720,     220720,       66,   115200, 97b2434ac84597611c609cdff405df0c
0,     220787,     220787,       66,   115200, 1688d39d8e1a760220516a1531077af1
0,     220853,     220853,       66,   115200, 7b556f94a2433edd272491b2f4f1ce0b
0,     220920,     220920,       66,   115200, 27c945c583d31eb6e88fe00c1c35020d
0,     220987,     220987,       66,   115200, 71ab87df1816dfbeb5a0bd551ee91279
0,     221054,     221054,       66,   115200, a7a02f726258a357d49b44f0556d63d0
0,     221120,     221120,       66,   115200, 4ca08507c4973f2ce3f90f24fb14cf3d
0,     221187,     221187,       66,   115200, d0916f4a02a4eaa5d6acef91abff89dd
0,     221254,     221254,       66,   115200, 2409d0ff0de2a263a27607d94b6c03b2
0,     221321,     221321,       66,   115200, 6433ed90cf27234bfcf912f56f1f93ef
0,     221387,     221387,       66,   115200, 1079101da9f4bd465aad5ab6ab81b4ad
0,     221454,     221454,       66,   115200, 6edfbeb3202e13a7bb4a7c1aa0ebd271
0,     221521,     221521,       66,   115200, eef0a867ab7cfe49ce8f543196052426
0,     221588,     221588,       66,   115200, b690d47be9ae3ea3a7531c56e3cc383a
0,     221654,     221654,       66,   115200, 3ad9aba1e9599583a7f68b3716d1951a
0,     221721,     221721,       66,   115200, 8f64661bafc5b09a4c01f811a168e8fb
0,     221788,     221788,       66,   115200, 4ed87886d2e1662bbb6a61efac993878
0,     221854,     221854,       66,   115200, 776a2c7cc0ab9afa0d9e12d6c600a54e
0,     221921,     221921,       66,   115200, 405558d6ef238dbafcaf8fca46a482cb
0,     221988,     221988,       66,   115200, 8d9107f99c143fd23a544c7f62090ee0
0,     222055,     222055,       66,   115200, 37089771f550e615e6e1ddfce29fbb9a
0,     222121,     222121,       66,   115200, 593cafe019a0365669c802f703699d9d
0,     222188,     222188,       66,   115200, 14399694f03c8f3756e9ebae305fa159
0,     222255,     222255,       66,   115200, 0d01390b86b71faa1b53f1a2d253d274
0,     222322,     222322,       66,   115200, be9e8294f3ddbbef358fc2e985d8edaa
0,     222388,     222388,       66,   115200, 8041c00e57142221adc85129dc6fb775
0,     222455,     222455,       66,   115200, 9a39bf991cc947036bc4c51c24cafda6
0,     222522,     222522,       66,   115200, bb98cbd51e732f26274cadf3e291816d
0,     222589,     222589,       66,   115200, 01e41acfd71f98be935da50810842a33
0,     222655,     222655,       66,   115200, d5305e969a2b61cff5a9d9362b41d426
0,     222722,     222722,       66,   115200, 22cb74aa10ecaf375fc78726e9daa378
0,     222789,     222789,       66,   115200, b6ff4e2a52c6564d070996c1d8478810
0,     222855,     222855,       66,   115200, 87182d5ea9f472bb81e3a6abf671b689
0,     222922,     222922,       66,   115200, 7c641fc274060aa9f3da178219340d6d
0,     222989,     222989,       66,   115200, d894aacb0ad00081e26e42018d2493cd
0,     223056,     223056,       66,   115200, 35ddf55dd99197193cc1ad1d3c6d2a5d
0,     223122,     223122,       66,   115200, 37e52332f3c3641a32147cf73c8d9bd8
0,     223189,     223189,       66,   115200, 67c3e69e485a720d8d239d8589b46746
0,     223256,     223256,       66,   115200, 8f67f7192cef6735c36e66bed4c17647
0,     223323,     223323,       66,   115200, 12d13db480ea637d1246a2672f7838df
0,     223389,     223389,       66,   115200, 94adf1384f171afacf5da5f0fe2b1fcc
0,     223456,     223456,       66,   115200, cdbbd04bc31a44995a541188d4d4f85d
0,     223523,     223523,       66,   115200, 65f8afc366dd5b0393f17045c17bab3c
0,     223590,     223590,       66,   115200, aa4c7ecc4462d9aecd9efa05d7775c44
0,     223656,     223656,       66,   115200, 19a487841677f34fae1d258ccbd7ce4c
0,     223723,     223723,       66,   115200, d95e81c4fe711c6e66a31e8e6bafe774
0,     223790,     223790,       66,   115200, cc29eb9266a3659b5fb57acb4b345ea0
0,     223856,     223856,       66,   115200, fff95cd7e530d3b01d0797ab6e08cf2e
0,     223923,     223923,       66,   115200, 74a313df91be0b9c00a5337cfd986894
0,     223990,     223990,       66,   115200, 87fc7f37101a1ba978ca2ed455311907
0,     224057,     224057,       66,   115200, 3206778741ef961d329681b398d8be22
0,     224123,     224123,       66,   115200, cb6dde01508a43ec3beb6ec07106db81
0,     224190,     224190,       66,   115200, 37ef860f8cb59fb70b928b52b29c6814
0,     224257,     224257,       66,   115200, 4148808453feb987e41f45ef545c1224
0,     224324,     224324,       66,   115200, b69fe18cd7335acf5ce3178cfdfd2893
0,     224390,     224390,       66,   115200, 693385b33107d768b18e14e1d33b378c
0,     224457,     224457,       66,   115200, 4c7c330542ecf62884026e7c88241e85
0,     224524,     224524,       66,   115200, 082fb784a84b9241969bb64cc8d01611
0,     224591,     224591,       66,   115200, 5144f56e90cd05b9d2990a9dfd46b8ca
0,     224657,     224657,       66,   115200, 1abefcfd1c996838f2e5d6af383e8200
0,     224724,     224724,       66,   115200, b36015e09353e6ab6ce02c699a451f31
0,     224791,     224791,       66,   115200, 3af3041d476619fbaaf7f99ab713ce4c
0,     224857,     224857,       66,   115200, 52368a2624100bafb76fe75da3628ad5
0,     224924,     224924,       66,   115200, 67de2765c3f1e036daab6ab5f5b5f017
0,     224991,     224991,       66,   115200, cfeda8ee1560c73159300d0a88e60b39
0,     225058,     225058,       66,   115200, 8bab943c1aaddd90b5e4888dca48fcc9
0,     225124,     225124,       66,   115200, 833fedf5824306a35ffd73a14fc6b2fb
0,     225191,     225191,       66,   115200, 9748edfd61ff6e86d945a70f16d0cab8
0,     225258,     225258,       66,   115200, 94cf78ff1f5767a4a9288e0a257d49e2
0,     225325,     225325,       66,   115200, 4aa2c17c4792b2153ec530bdfbd882de
0,     225391,     225391,       66,   115200, a4a1a916382ee474b8a2288a21e080ec
0,     225458,     225458,       66,   115200, b72792ecbb5d9ff74e63c1ec431fe06c
0,     225525,     225525,       66,   115200, 2b38fa31c4a3cc6d40a2a2faa77dd1f3
0,     225592,     225592,       66,   115200, b0942d76bb15c343f1a7f345f93c5bc3
0,     225658,     225658,       66,   115200, 4e5d5b4ac1b3e4cf5d3b4efa739aa86b
0,     225725,     225725,       66,   115200, 6fcf8a7a9800f6570498444da5bf730b
0,     225792,     225792,       66,   115200, 51454b538009d7651a33345447590c1a
0,     225858,     225858,       66,   115200, 520dc74ed977b680f9223acbc56017b0
0,     225925,     225925,       66,   115200, 8e650d5e7b207edb56c566ca07509e47
0,     225992,     225992,       66,   115200, e82c6fe4bf40592d90e1ab93945ad708
0,     226059,     226059,       66,   115200, 94fcaf4f909feb2ea8579a57490ca9ab
0,     226125,     226125,       66,   115200, bc5a3336b3f46af9d9181509b549e8d6
0,     226192,     226192,       66,   115200, 8e04ef4a27394c867b0aae031d370fd7
0,     226259,     226259,       66,   115200, 4e1b7d18779e549576c2040032d72c32
0,     226326,     226326,       66,   115200, 39b313cccd74380d49163306e3f82c1b
0,     226392,     226392,       66,   115200, 7a42ea7b5e50e0c5ebec55ec3d8f913f
0,     226459,     226459,       66,   115200, b1567b327b66a9f0a23c77baa286ba88
0,     226526,     226526,       66,   115200, ab8fbfdee39d63a7df8d4478161eed34
0,     226593,     226593,       66,   115200, 743b013aece5b15b2d53d8f72b6dd6c6
0,     226659,     226659,       66,   115200, 16cdb77a06fd923e31ee3f7ffc43f997
0,     226726,     226726,       66,   115200, 88075999258a7d7aefc6f93e9ac361e7
0,     226793,     226793,       66,   115200, d469edb7453ffd84d97b3d6aa95021ed
0,     226859,     226859,       66,   115200, 4fee637284c029f95e9d37c8f2ccb446
0,     226926,     226926,       66,   115200, fe8cf197ec9164fdcaa531f692130c91
0,     226993,     226993,       66,   115200, 8a85f59cf8cdb71f2b80c5773428647e
0,     227060,     227060,       66,   115200, c571958ef2f514d8777d1606fbea87d6
0,     227126,     227126,       66,   115200, b909ecbe38504ec0fa9fa8899f3e65d4
0,     227193,     227193,       66,   115200, e3962b612f7331f770a86cc79cdb4e92
0,     227260,     227260,       66,   115200, 62eb1019d02a800927e0e009024f4000
0,     227327,     227327,       66,   115200, 80ecc6d76f424adef1b675f0fb45f181
0,     227393,     227393,       66,   115200, 66f2809da41230de560dfed10ad244b2
0,     227460,     227460,       66,   115200, 139783b8a14820d1856fce92835e1dc6
0,     227527,     227527,       66,   115200, 2129b3aecac358242499b154f692cbfa
0,     227594,     227594,       66,   115200, 7d88f53f3829cef96671017d5c040ec5
0,     227660,     227660,       66,   115200, 4bcdd6665889ae57085849532dd4b420
0,     227727,     227727,       66,   115200, c6ad047a475ac84a27c29376e9c2fdf9
0,     227794,     227794,       66,   115200, 52731ce0b430b33dec0e3ee2cfd6d67b
0,     227860,     227860,       66,   115200, 96fcacf0f477c4edb51a8a0da3bff121
0,     227927,     227927,       66,   115200, 17f64f2f4bde1dcc4f088b79dbdd3901
0,     227994,     227994,       66,   115200, cab26e32808cf642110414749088ac58
0,     228061,     228061,       66,   115200, 50c5a23dc8899818e963f559d1cd8d60
0,     228127,     228127,       66,   115200, f673c39170d45997ad712cb6539f412a
0,     228194,     228194,       66,   115200, dced39328cf4a891053c896c7cb8205e
0,     228261,     228261,       66,   115200, b6360f601179ca7474cb0b702fadad1e
0,     228328,     228328,       66,   115200, ce2754d93dae0735d26f4ce9ad19924a
0,     228394,     228394,       66,   115200, 7db9d1d6527113c16928f0183cab6f7c
0,     228461,     228461,       66,   115200, 4603cbdaad0459bbbed943c3ed849f78
0,     228528,     228528,       66,   115200, 498df53cddf1eb51681b14b095079f4d
0,     228595,     228595,       66,   115200, 7ccf3705e80c78839ab7ab264e857fc7
0,     228661,     228661,       66,   115200, 8e91ccf2f7eddc8a820c56a9d7c60879
0,     228728,     228728,       66,   115200, 8fab6d1bca47184efac937f340f61181
0,     228795,     228795,       66,   115200, c25c60e3d2cce256d3eee3a4089a63b3
0,     228861,     228861,       66,   115200, 9d24a5a6464e708f717f6495410eb9e6
0,     228928,     228928,       66,   115200, 723c86adf8acbc87814e7ad09e4c158f
0,     228995,     228995,       66,   115200, 747385277b8ae66271d1eb38f4865044
0,     229062,     229062,       66,   115200, 6427595580fa102fea3708628851f2e2
0,     229128,     229128,       66,   115200, 31a6ef4a098764b8146d9c14aaad6c8b
0,     229195,     229195,       66,   115200, e166079e8e8f65cf919ff690c3e628d9
0,     229262,     229262,       66,   115200, 72809b3fbd8d27a4b321555be43fcc7b
0,     229329,     229329,       66,   115200, d153da0ff5437812df11af86887e7e81
0,     229395,     229395,       66,   115200, ab8c68e08ebce1d1cfea83c9d56ddf49
0,     229462,     229462,       66,   115200, e3483e24318be04ac9f2cab2a4d2ccaa
0,     229529,     229529,       66,   115200, fa3910870686bfb6d280fea7985f3098
0,     229596,     229596,       66,   115200, 1415c2652757220696be15c2774b0f59
0,     229662,     229662,       66,   115200, bfffd69c2a0a588b517980aa1a1ba229
0,     229729,     229729,       66,   115200, 6de0f2acb191e36b522f2da1128dd2c0
0,     229796,     229796,       66,   115200, e1c805e058fe81b7b65868bfc936d75a
0,     229862,     229862,       66,   115200, 769d40ddd31e1147277713df6031b1f9
0,     229929,     229929,       66,   115200, 9f8bb1b38faf7b7c8cdf2fb1be2e3591
0,     229996,     229996,       66,   115200, 52d207e2834b97b0d8f31dfe79e53024
0,     230063,     230063,       66,   115200, 3df5d9c28557f037172a656e0b861202
0,     230129,     230129,       66,   115200, a9509d2ba215d7f31275ad804f23b6b3
0,     230196,     230196,       66,   115200, f07552b4afd1631f5ca0c0ec473d6d07
0,     230263,     230263,       66,   115200, a8a64805781e17725efe556daf8eef54
0,     230330,     230330,       66,   115200, 3f3cc16384c3502e30922fb2f2ef3f1a
0,     230396,     230396,       66,   115200, 70e2a48535e6f8bb0edb0bcb883676ea
0,     230463,     230463,       66,   115200, 6670e430275f5028d89c4985c6e0eedf
0,     230530,     230530,       66,   115200, 83efc09dc0e7067c709c6d53f0482915
0,     230597,     230597,       66,   115200, 025f0e0a0538ad4e0e7556fc4c13cc82
0,     230663,     230663,       66,   115200, 79d0b89fd3924718b44e88a9b843fcd0
0,     230730,     230730,       66,   115200, f0f3818d54776d01c93b076fb28e6b0f
0,     230797,     230797,       66,   115200, 5aa0cf18fd509ebc3ec22d9a7918b7a1
0,     230863,     230863,       66,   115200, 68a722be190fff5aae1777903c347a0e
0,     230930,     230930,       66,   115200, b37c3c28377ff265079d4685d2a7217f
0,     230997,     230997,       66,   115200, edc7db7b90e1746e590449f4c4ff453f
0,     231064,     231064,       66,   115200, a6786d5c2aa83572638d8d43cbe87778
0,     231130,     231130,       66,   115200, fb9dc819f434c2d77f4da95a29cf96f5
0,     231197,     231197,       66,   115200, dadaf940f5601e050fe18e3e40073a66
0,     231264,     231264,       66,   115200, 5b283ee24a554520081489eecabb6edc
0,     231331,     231331,       66,   115200, 20dd8e1c6685b4b4e38761e3f9f0e4cb
0,     231397,     231397,       66,   115200, e3cf59a0aa499537a0d7f0a3d4623c36
0,     231464,     231464,       66,   115200, 09ee51d7dc0a3e27d699e68ed14901ea
0,     231531,     231531,       66,   115200, e98b8916bbde9efced919e4c386feac1
0,     231598,     231598,       66,   115200, 297c5a64bf704cdc28bc413ec99f769c
0,     231664,     231664,       66,   115200, 901cee145fde9fe23a952fccbcdc9e49
0,     231731,     231731,       66,   115200, 298200e51d3aedc4cf5d0bc5a8a1601a
0,     231798,     231798,       66,   115200, dbe40af93472a40e3cab9e0011fdc945
0,     231864,     231864,       66,   115200, 166e11229ca4f826bba56a8006c32382
0,     231931,     231931,       66,   115200, 7d15b647b1fc942a6b70a4892621a2d2
0,     231998,     231998,       66,   115200, 939b72f8bd4df2c84488d54e559af1f5
0,     232065,     232065,       66,   115200, 6d3c84ce6ff781553f0970668f931e9e
0,     232131,     232131,       66,   115200, 56ed696da2dad123dedee62986399954
0,     232198,     232198,       66,   115200, 5b0444abdd18c702e4b8b65e06a16eb9
0,     232265,     232265,       66,   115200, 6ddbc269b250459ad7537b6a299d7cde
0,     232332,     232332,       66,   115200, a58b3e20ad877f7377c5eb72b16d8552
0,     232398,     232398,       66,   115200, cba76463f090ddf10e9295bd02b96110
0,     232465,     232465,       66,   115200, a7dc4e521307e0e9b33c7d2389aa38c0
0,     232532,     232532,       66,   115200, c7a7fd53e0d231f2cc7b55e592e3c78e
0,     232599,     232599,       66,   115200, cbb23fe68c2293a711513e6c532a7fba
0,     232665,     232665,       66,   115200, 04dbd042a474c3de8e0c01753297377a
0,     232732,     232732,       66,   115200, 04cce728f945b80c29ab465802b8b6f2
0,     232799,     232799,       66,   115200, c90180c46be32475490bb603dd93303a
0,     232865,     232865,       66,   115200, 50a73deb2c026d6c6785756f1f219333
0,     232932,     232932,       66,   115200, 6a344acffa5a327dd3d921c1adb98590
0,     232999,     232999,       66,   115200, 6f152d00192ae233d9a4f031e4f6a93d
0,     233066,     233066,       66,   115200, 9b395d95393ad2687fb4e8ef7e9f1603
0,     233132,     233132,       66,   115200, 1c3627eb7e4f4eec3356bb067c1c2ea6
0,     233199,     233199,       66,   115200, 3d9c4818c9d9d019efa4e1d0aa9f4aee
0,     233266,     233266,       66,   115200, 8fcd4b500b50c88acc6331442c13e64b
0,     233333,     233333,       66,   115200, 78efd3361b4b99339fe3cc89d35a9eaf
0,     233399,     233399,       66,   115200, ba05edaba921933cc32a1691f10a7267
0,     233466,     233466,       66,   115200, a6c938095f8cb88206a9a29f8ef253c1
0,     233533,     233533,       66,   115200, 69f34e49052e537b781466a29547133a
0,     233600,     233600,       66,   115200, 51e5d0b9fb98405882ff113e2a0d93b1
0,     233666,     233666,       66,   115200, 890abd3ef114ee3abc83e118330c217e
0,     233733,     233733,       66,   115200, 5c216ae0b98f7561dae00b5c3befab35
0,     233800,     233800,       66,   115200, 5f00a68d75fdcf876e4ef1402505aacd
0,     233866,     233866,       66,   115200, b578f8a725c8d28909a230178e7bcbb5
0,     233933,     233933,       66,   115200, 362d1869bfa2bc33a83894bfb6fc62cb
0,     234000,     234000,       66,   115200, a98f1b053570b0236d51a25b9023428d
0,     234067,     234067,       66,   115200, e6e286acbd9323381b4622adddfc82e6
0,     234133,     234133,       66,   115200, a12fad38ef0d792c6af429f6ae7dcd54
0,     234200,     234200,       66,   115200, 5646140aa160b8533df59029f18bbe6d
0,     234267,     234267,       66,   115200, 51b45c6a754fb2e42d0ab1677ac59881
0,     234334,     234334,       66,   115200, b19260760f909d7eea96febc894be9a0
0,     234400,     234400,       66,   115200, 9982e53f664b13f353b2e63d7d9fb0c2
0,     234467,     234467,       66,   115200, 02be88f5a7bae2ad87e20bf69183e4d6
0,     234534,     234534,       66,   115200, 02c34f778445cda494cb03adfecb46ab
0,     234601,     234601,       66,   115200, eb3a09a0cd3fbed4eda6f30e3dbc1566
0,     234667,     234667,       66,   115200, ecd88049904f56b1eb8deffc136f2b21
0,     234734,     234734,       66,   115200, 4188fdce28a816ea0d72f81e44f14dff
0,     234801,     234801,       66,   115200, 4f4c49f67fa989186366b695cb03df63
0,     234867,     234867,       66,   115200, a8a89916fc28bdbf422598adf0b08170
0,     234934,     234934,       66,   115200, 39cda8fe510cabcd71c74d67e056de2d
0,     235001,     235001,       66,   115200, ae56ca720489c178fbf98e0d421fe249
0,     235068,     235068,       66,   115200, 35f2593c352bba9da749d9fea65dd27e
0,     235134,     235134,       66,   115200, ebf61e3183174b3d921e8f28d8a6e886
0,     235201,     235201,       66,   115200, b34dee3cf592a81a81a5014d2ea3ba68
0,     235268,     235268,       66,   115200, a925f88ded730b87ffe0546eedd05427
0,     235335,     235335,       66,   115200, deb5a963b09b7f0b578c80c070a57f16
0,     235401,     235401,       66,   115200, d52e8beecd052dce64f5b09707443414
0,     235468,     235468,       66,   115200, 4129b6fc1c536fc1197ddffbdce81e9b
0,     235535,     235535,       66,   115200, 8dc2086b4f01b04926cfc4b95705e0f3
0,     235602,     235602,       66,   115200, 9fd3fac9c707db4692310ddb358befcc
0,     235668,     235668,       66,   115200, dbe22cdf671a30dd4c13baac07c83446
0,     235735,     235735,       66,   115200, 99e21688bf2cb3fe7a578bc959e453d0
0,     235802,     235802,       66,   115200, 691cd250a87a09c8915e4ba018377d38
0,     235868,     235868,       66,   115200, 68908f92cc07aace527d4482e5bbfdd0
0,     235935,     235935,       66,   115200, de3e7d6c08eab888c5e02cda6f4665cb
0,     236002,     236002,       66,   115200, 6e5792332f610a4008c3a7272a977d7b
0,     236069,     236069,       66,   115200, 728523d9219c613a50f9e65326de9e38
0,     236135,     236135,       66,   115200, fc76e383f02b94fa8e25fbf5fcdc568e
0,     236202,     236202,       66,   115200, 95314b046b80f2f8b0f2c649a4db568c
0,     236269,     236269,       66,   115200, 6e08d37692d3209d5f4caa0a5e65b1e5
0,     236336,     236336,       66,   115200, f1e432fbf57506d956bcd6a957b8e2b0
0,     236402,     236402,       66,   115200, 75673f6419eb6e538c3861d227e80bfc
0,     236469,     236469,       66,   115200, 4c7b8d53f9cc7873e523c97cb6d44b10
0,     236536,     236536,       66,   115200, 22343f5bc24db97979451dfc3c0a18c4
0,     236603,     236603,       66,   115200, 3d0b705a060adbb6607285b9be66a83f
0,     236669,     236669,       66,   115200, 2251bbf5b8f6d0a9cf3dbc7f59143b32
0,     236736,     236736,       66,   115200, 6ad6236164072d824a82fec947ed85ab
0,     236803,     236803,       66,   115200, 83d6e6c090ce6d7a2fcf17af0a3490d7
0,     236869,     236869,       66,   115200, be900bd30d3a804b94d44a7719e9d1d0
0,     236936,     236936,       66,   115200, 6c23c103b75534612cee68ff9c213b89
0,     237003,     237003,       66,   115200, de07c21ccc13eca1b785358384b1bd76
0,     237070,     237070,       66,   115200, 10910b08a9c145f1097b732d18be48f0
0,     237136,     237136,       66,   115200, acd241f6a9f3543532b6c9e6da51f36e
0,     237203,     237203,       66,   115200, 703aae10cbc6a1de4c8cea5f136a8440
0,     237270,     237270,       66,   115200, d68cd3519eb6fcff4781bea9a11e8369
0,     237337,     237337,       66,   115200, 13cbdde010a45f449c2ee6a67fdb042d
0,     237403,     237403,       66,   115200, 07ce2079d2250e078e27c7b7a6005c72
0,     237470,     237470,       66,   115200, d37db754585d35763ed54024ab44de40
0,     237537,     237537,       66,   115200, c85c990ce3cf87a1d375b2be7135a93d
0,     237604,     237604,       66,   115200, ac3ccf4cca0564ca92e64a249aafdfec
0,     237670,     237670,       66,   115200, 11823b2d035003673754eaf7f513b818
0,     237737,     237737,       66,   115200, 7799b15957a7b9285e4a547ca29d4829
0,     237804,     237804,       66,   115200, 5f87e63923655fd7abcc29b193581470
0,     237870,     237870,       66,   115200, 5b8ee0501aa8b0902c4fadf931ac2a10
0,     237937,     237937,       66,   115200, 1eef27d8526f25c6afb5a1cb74bc58a6
0,     238004,     238004,       66,   115200, 41a29a3d896162189ffebe2429847601
0,     238071,     238071,       66,   115200, 6a2e0edcb6f108d76659dc5531d30ed0
0,     238137,     238137,       66,   115200, 60a04a2d9e88dce4ad603bed26c75ead
0,     238204,     238204,       66,   115200, b6ef6509036cddfa05a94ec9a2ab0028
0,     238271,     238271,       66,   115200, 6a19d36eda9714c85df6dde14695c78a
0,     238338,     238338,       66,   115200, c8829b5a27b83a0bfc5785e1e2ef433a
0,     238404,     238404,       66,   115200, dedc44b2d87d25a67dc776e3415e76e4
0,     238471,     238471,       66,   115200, d1c0d7a2b216a1dfb87b676d420f06a7
0,     238538,     238538,       66,   115200, d5bb2c5b0fe47d05526ef0cc7080fb14
0,     238605,     238605,       66,   115200, 95c23a525e8146ea9f0b9cd6d5505d3c
0,     238671,     238671,       66,   115200, 2f28955c4cfd2c9a7ead7aadcdbd4be9
0,     238738,     238738,       66,   115200, cd2ec11205af712840815d27b78c55ba
0,     238805,     238805,       66,   115200, 8edb86908293eb13f67426178e417789
0,     238871,     238871,       66,   115200, feed315ec29db4cb70be3119c0f8db3d
0,     238938,     238938,       66,   115200, c93be56e443897847e9f3dc20d386cd9
0,     239005,     239005,       66,   115200, fd6f7eb9b62912312ff1a1e343cff628
0,     239072,     239072,       66,   115200, ee1e6f64f26692a6c00e2f5223e33ab1
0,     239138,     239138,       66,   115200, 9ba64e82a5b42984ea2f132dd5234588
0,     239205,     239205,       66,   115200, 40b98b8f0a6a8de2a3457747be416ac3
0,     239272,     239272,       66,   115200, 69d6fd200bc7da95a2cb3d58b32e0ede
0,     239339,     239339,       66,   115200, 1cbeebd03453c2a15ebcd0e2423a7326
0,     239405,     239405,       66,   115200, 6e426068fef945a442452afcd9d4b3e9
0,     239472,     239472,       66,   115200, a3b2fb01a7517b145be5333dc118e94b
0,     239539,     239539,       66,   115200, 42df81d0ce7fbe6e225fe1501b65ac38
0,     239606,     239606,       66,   115200, 34c6071f28f0e39642a014f14226190b
0,     239672,     239672,       66,   115200, 57289ae5856c7a82e85ce1c4881c2d98
0,     239739,     239739,       66,   115200, 983f45d3ff574e8638f6197ed58f0f9e
0,     239806,     239806,       66,   115200, 045bd045eab1c3e40b2d6bd34b5ecf45
0,     239872,     239872,       66,   115200, 3cb358d4e2ffea803faf9822919b4cd9
0,     239939,     239939,       66,   115200, d5dac08127f140a63786fa8b08ad88bc
0,     240006,     240006,       66,   115200, bf1fc6fc10862e05a86cf7344355baf9
0,     240073,     240073,       66,   115200, c7c450ccc45ab6b4eeec8239f0a336e5
0,     240139,     240139,       66,   115200, a77732763942d1bb32179e17d501ffdb
0,     240206,     240206,       66,   115200, 0c5aa7dc300fd5a2dccf85075dde126a
0,     240273,     240273,       66,   115200, 830b4241ef06a5d0fca5be4a390fcf2b
0,     240340,     240340,       66,   115200, 204b0f81f34ef1d9191ee3a2a6418b6e
0,     240406,     240406,       66,   115200, 6bc1a161f1aa2a0b9fc710ea6e118495
0,     240473,     240473,       66,   115200, bf952364d2188d1be754aac89958f636
0,     240540,     240540,       66,   115200, 496c8f3cdf45d52bd871f029c7879107
0,     240607,     240607,       66,   115200, ad3355e4ee90bdc50822723254f8a3c0
0,     240673,     240673,       66,   115200, 57dc65e88e771a70d126fd7a69eaffbc
0,     240740,     240740,       66,   115200, 3e0684fb098cd3cc6f2b0460608d96da
0,     240807,     240807,       66,   115200, 6e036aa186ec6cedb65db709e0f8094c
0,     240873,     240873,       66,   115200, 6af6875b1a11789cf508a290ddf63c61
0,     240940,     240940,       66,   115200, 36e516087c012d7ce4ec5473a5d87353
0,     241007,     241007,       66,   115200, 71d3e7dcc36f7453a41465bbe4939220
0,     241074,     241074,       66,   115200, fc1588c777c9375eafc83b2af6396026
0,     241140,     241140,       66,   115200, 50f7bbfc401b743de1806e96343afec9
0,     241207,     241207,       66,   115200, 75bb90ef97617e10ea9ffcd32692bead
0,     241274,     241274,       66,   115200, e2753698c99e22ddaed013e5b51c1f61
0,     241341,     241341,       66,   115200, ff7ae9cdbb0470cc7363d3a999e2e858
0,     241407,     241407,       66,   115200, 9342a7860a706280b22b65f678c1f718
0,     241474,     241474,       66,   115200, 3ce58b8d41858237eaa25ac5e02601b2
0,     241541,     241541,       66,   115200, 9edbeaf1e40c136a986c179ef28c9413
0,     241608,     241608,       66,   115200, 31fd616dfef8053f861be7213ffd05d8
0,     241674,     241674,       66,   115200, 8293cde1536b711ef721b2f1ec5ec875
0,     241741,     241741,       66,   115200, 806b091b8577b7d37161ce5de0cd9d2e
0,     241808,     241808,       66,   115200, e76f043e33bf73c2170700faac7d0b77
0,     241874,     241874,       66,   115200, 03c2618fe43d8dbeb338ad7adaa80147
0,     241941,     241941,       66,   115200, 7ed24dd77a9f21ab0e25b1450a69bfce
0,     242008,     242008,       66,   115200, 57f401c4e391f32318dc6327a244a389
0,     242075,     242075,       66,   115200, ab7c88ff6f7d6445446b9742043520d6
0,     242141,     242141,       66,   115200, 06d8fddbeeb8c12de6d2020d8d9c3883
0,     242208,     242208,       66,   115200, d87802174c5fff640b1d21681a9ebfae
0,     242275,     242275,       66,   115200, c82f5c521b4ae5eac5733194f8ea46e5
0,     242342,     242342,       66,   115200, a739ba9264976c91360eeb07e7ee8861
0,     242408,     242408,       66,   115200, 31124516592f3495be704a2d132b6f7a
0,     242475,     242475,       66,   115200, 664c04910fb5143571121e7409f04206
0,     242542,     242542,       66,   115200, 4204fa27e3c4d44813d42e5f09f7ee41
0,     242609,     242609,       66,   115200, b4faa99918df16838bfa043a96b40555
0,     242675,     242675,       66,   115200, 51e8acc1a03d26f03921622ad3755439
0,     242742,     242742,       66,   115200, c186ff6346b65f36068a5a69ce7fe959
0,     242809,     242809,       66,   115200, 7433395dd23bcd27193e07871d287dba
0,     242875,     242875,       66,   115200, 24b7ebac528411ce9071516613b18dcd
0,     242942,     242942,       66,   115200, 01dd884efd3c13df117cfca29148257a
0,     243009,     243009,       66,   115200, 964f3a072a8847e3b9a5c3c2bb322e74
0,     243076,     243076,       66,   115200, 8769059257150b31d4da360f8b8acbf3
0,     243142,     243142,       66,   115200, a2e943156c3338c36331e04b3c9e4ddf
0,     243209,     243209,       66,   115200, 5c1966dc0a93d076f1460ec880d24c48
0,     243276,     243276,       66,   115200, 6cec6317dc610df2fec6a420e4404d24
0,     243343,     243343,       66,   115200, e9f4d431dd77f09f670afbe42191f2dd
0,     243409,     243409,       66,   115200, 3728cac26c7825f986c07bb16cccd6aa
0,     243476,     243476,       66,   115200, 16a965182b9b490fda6c239ab1c5b498
0,     243543,     243543,       66,   115200, 2a562936deabe83a9c5a996956dae18a
0,     243610,     243610,       66,   115200, 61c0044c2eec1f3a665fb7fc5df909f2
0,     243676,     243676,       66,   115200, c90177d4a4ab4a99d83b0b2f8e07208e
0,     243743,     243743,       66,   115200, 3d0e3515acc893fc4ea6704104875a9b
0,     243810,     243810,       66,   115200, eede0bf474fcefc781b8342ca4bae6f7
0,     243876,     243876,       66,   115200, d4785738e6a67ce3dca71a00a3ae2459
0,     243943,     243943,       66,   115200, 32e76754691f2dcc78206b0b45e19135
0,     244010,     244010,       66,   115200, 245929b26da007c229c80a926c0139ce
0,     244077,     244077,       66,   115200, 8eb889580d2e3e111dceb0fb9b5d87e2
0,     244143,     244143,       66,   115200, 6087bcbd1fe3b39267bc5db7ce63701a
0,     244210,     244210,       66,   115200, 85e8361b4047a52f24cdd03ddd4c7d24
0,     244277,     244277,       66,   115200, 8bff2203be7e29b8ebcc00c8708fa5d1
0,     244344,     244344,       66,   115200, 78b49a862e474470c6fcbd6719f64474
0,     244410,     244410,       66,   115200, cefa66c3c947aa0ef4d2aacbf8b0c174
0,     244477,     244477,       66,   115200, abd32db7c764ce953277da7c801af4ef
0,     244544,     244544,       66,   115200, bb0dc4fb0d03a800c08314d461bad94a
0,     244611,     244611,       66,   115200, 0ec7603dd9d7bfdd21283d73d376694c
0,     244677,     244677,       66,   115200, 600c21fccc0165796c555d50469b3a1b
0,     244744,     244744,       66,   115200, 23dc8604bfc62ce9c2fabc1376b9362f
0,     244811,     244811,       66,   115200, 84ec11d5d3f13a3d2b0ab423bb84ba3e
0,     244877,     244877,       66,   115200, df6a2b032d79c50831b865798aaffb15
0,     244944,     244944,       66,   115200, 3434230c8e5572613b996320eb726762
0,     245011,     245011,       66,   115200, a9da33a9fa2001c1bdbdaca51605d216
0,     245078,     245078,       66,   115200, f90893307b4a1c8279bd6075a555cbb3
0,     245144,     245144,       66,   115200, 4180e23231abcc0d340ca41ed3ea986c
0,     245211,     245211,       66,   115200, 2df7914c0df894466d70d399627fcab1
0,     245278,     245278,       66,   115200, e3ff52b81665477ac7df643d2efe19fd
0,     245345,     245345,       66,   115200, 2b480ac17ab621fc6985fbf059aeffc6
0,     245411,     245411,       66,   115200, b94b5e5acd0a3e311fb89512244e1d96
0,     245478,     245478,       66,   115200, 852688bc7d7440bc5e13539e36a4bc08
0,     245545,     245545,       66,   115200, 4671975c36a92534d57776a09f62da26
0,     245612,     245612,       66,   115200, fd43d24d05152271ea5a9748c42665c9
0,     245678,     245678,       66,   115200, fdaf6c8ab5d981c936cf8d8c7c349382
0,     245745,     245745,       66,   115200, 58b33e522430752932940cf745da2442
0,     245812,     245812,       66,   115200, 6b0d15268ba3cdf4f999d03870bc7c65
0,     245878,     245878,       66,   115200, 6cfa2a4c4dc60aba04b52e3c148fdab7
0,     245945,     245945,       66,   115200, 71f753adb083002baa5a671465e33ae3
0,     246012,     246012,       66,   115200, 4979e3e1f74132b5a2fad135a0d70e9d
0,     246079,     246079,       66,   115200, 15737dc780359222bfafc6a10fb9b7e4
0,     246145,     246145,       66,   115200, 6cca401a97dcbee6ba2aa6d9fbb10d06
0,     246212,     246212,       66,   115200, 05ea0228970362a69028222c80da78df
0,     246279,     246279,       66,   115200, 121362f80a6e957abaa86dee6a5ef1cf
0,     246346,     246346,       66,   115200, f936a6a7f25bdd5f99fc05d0f218a46d
0,     246412,     246412,       66,   115200, 9c1eabbcd60aeff3fbe6ca7c64f7ef28
0,     246479,     246479,       66,   115200, cd35c24dc8a6ed716d988c9134c6652c
0,     246546,     246546,       66,   115200, e37696cf0b55887c379c019013e4fa3c
0,     246613,     246613,       66,   115200, 74a6ebefdb1dc7b2ba7e363877f22200
0,     246679,     246679,       66,   115200, bde5d869c7b0fda9dbcf050425dfeedb
0,     246746,     246746,       66,   115200, f4a5198aa92f72377305e90dfa45a0a4
0,     246813,     246813,       66,   115200, 3fdfad419ed8c914c2a26097f304521b
0,     246879,     246879,       66,   115200, 68504cc7a5667197ba194737752305e4
0,     246946,     246946,       66,   115200, a49f77b0bf9da96efa5826f2d8fb195b
0,     247013,     247013,       66,   115200, caaddfd5de773e06ee204b633f814e20
0,     247080,     247080,       66,   115200, 26dc971c68b043c9afd3ce3d39aa0981
0,     247146,     247146,       66,   115200, 8e2d98bd5eefa8be6012c625c5596058
0,     247213,     247213,       66,   115200, 147b40c0d803d4934278d7b04f8aebe9
0,     247280,     247280,       66,   115200, 1a0d8c75b4b30fa5f1abb5876dc7535f
0,     247347,     247347,       66,   115200, 22b79de08ce965f0f24e807db82450a0
0,     247413,     247413,       66,   115200, 961a3b6c6e7691f29afad00ceacd71e0
0,     247480,     247480,       66,   115200, 1d4bc118ca5b05d5c7f7d75ed9ace36f
0,     247547,     247547,       66,   115200, 5d9fff193e0cf8710f097a2aa6025243
0,     247614,     247614,       66,   115200, f949d8d4bf10653345289bb0a97ea888
0,     247680,     247680,       66,   115200, be16db07f45ee504f27d79cdaae17754
0,     247747,     247747,       66,   115200, 1af22a61f77b4dc69341795cd7ccafe7
0,     247814,     247814,       66,   115200, e08a16956139dd948055e118fca19633
0,     247880,     247880,       66,   115200, 1ba3f5c76bb0711b819b835ea04d2755
0,     247947,     247947,       66,   115200, f84e878ff518694ea1ed1c203f14cad7
0,     248014,     248014,       66,   115200, 2f2bd67cefc9da95b92a90d946e85e15
0,     248081,     248081,       66,   115200, a8c586842835952bd3bbec4f6e09b502
0,     248147,     248147,       66,   115200, 32e874e5551a5d85589a72a6ba3c8372
0,     248214,     248214,       66,   115200, 799793408a6139a85737327df3a00f22
0,     248281,     248281,       66,   115200, 895a387319ff264c1d3050c88b875dc5
0,     248348,     248348,       66,   115200, 7cac2803b994b155ee96e36d9c4db952
0,     248414,     248414,       66,   115200, 091179ee62bd74102400e2125df58b30
0,     248481,     248481,       66,   115200, 801d90e70e7447327784bdf2bf20a497
0,     248548,     248548,       66,   115200, eb8dd70f39a0e0522d1e616378d8ffbf
0,     248615,     248615,       66,   115200, 8b3ffa2339d0d2d66104a8c95ec64168
0,     248681,     248681,       66,   115200, f498324d9adfb6b8ab2fc376b72a8675
0,     248748,     248748,       66,   115200, 8c7d1e8e5677d76da71f3e92cb5da747
0,     248815,     248815,       66,   115200, ee9518a524764a09970bb56ff584346a
0,     248881,     248881,       66,   115200, 31cae1399924c5c81dfa0274acf4f470
0,     248948,     248948,       66,   115200, e351bb2c0c432f8284b107d066ab97b1
0,     249015,     249015,       66,   115200, 4807b99dc764c3db621df97d9dfc0760
0,     249082,     249082,       66,   115200, a0e29de8a166c4ea2e79066656cee856
0,     249148,     249148,       66,   115200, a2ff8bfa022bb5fdd9d1dd61fd5ca87b
0,     249215,     249215,       66,   115200, 897039a67097f16c7f6dda933da2fc52
0,     249282,     249282,       66,   115200, 8ee5dc61ad53c0aff9262a09a5349b8e
0,     249349,     249349,       66,   115200, fbe3b876f525e9575d57df70070f9271
0,     249415,     249415,       66,   115200, 227acd44360f730c6ab42405e596517c
0,     249482,     249482,       66,   115200, 030f9b16fa3ae8e06c4a3a6650a803ff
0,     249549,     249549,       66,   115200, 26241f913daf93da6f00738ccad65436
0,     249616,     249616,       66,   115200, 9057d9433bc1ccaa506347c40721137c
0,     249682,     249682,       66,   115200, f1168fc74e6552da2a80057480b03377
0,     249749,     249749,       66,   115200, ff8bb1031758ca56fc946598016281b2
0,     249816,     249816,       66,   115200, 58fae3dd0c45f5eb706d7aef828a6e49
0,     249882,     249882,       66,   115200, e694ce01ea0c687d982db7f863140d4e
0,     249949,     249949,       66,   115200, 42cc0f6f0980c1182723541d8a006cbf
0,     250016,     250016,       66,   115200, c4d6eac7ee7571b9e4011dc92f9cf5e8
0,     250083,     250083,       66,   115200, 9758adb39f7d9f8364c22c19631f37a6
0,     250149,     250149,       66,   115200, e5078de2d4a899217fb1c276d8b261c6
0,     250216,     250216,       66,   115200, 5de20a1846e44993229a5b9238b9be2c
0,     250283,     250283,       66,   115200, 5965ebdab7d67a654c4cd05374dbe682
0,     250350,     250350,       66,   115200, bed92fb33cf2fe85e88fa75432d04ecd
0,     250416,     250416,       66,   115200, 631ce170c7a64a205790f4a30fee3e9f
0,     250483,     250483,       66,   115200, 8664664f4424ce47efaedf8e14de44cd
0,     250550,     250550,       66,   115200, 4da1fee17d74995eec5a5a074a44563f
0,     250617,     250617,       66,   115200, 83a5cc38bb9252582992fdd51f812ff3
0,     250683,     250683,       66,   115200, 7b03f9bf933e83d1347393fb1de7d97d
0,     250750,     250750,       66,   115200, 69afee37a83ddee160433b37389ebe46
0,     250817,     250817,       66,   115200, df33f16af2155236dc8b9a3f051a8708
0,     250883,     250883,       66,   115200, 7f1843909dee77e0122852bb79e58512
0,     250950,     250950,       66,   115200, 05b6109953c7b646cdbc4b1e305f2268
0,     251017,     251017,       66,   115200, 4f98ffb4cf8b72175acaf88b516e35f8
0,     251084,     251084,       66,   115200, 2c15fb4c1339f8de94c3b4e72dc61d3c
0,     251150,     251150,       66,   115200, 639e3a50e7e4038329b1408f1d2bdf1e
0,     251217,     251217,       66,   115200, c31c4a707dd2d1fd569b195eb9493833
0,     251284,     251284,       66,   115200, 8df5d7fa9d73c7a1718a43c02e159a2b
0,     251351,     251351,       66,   115200, ec3176e4e4f287c6520173a684e93f44
0,     251417,     251417,       66,   115200, 0a7eaea454d5518697cd5c1c1f021f85
0,     251484,     251484,       66,   115200, 1573f92511b851b5681bf940f16351b6
0,     251551,     251551,       66,   115200, 3a4d7b4ca73044c8943b8eacce76fcac
0,     251618,     251618,       66,   115200, 5ba454bd77356363c78ee8e3a799db05
0,     251684,     251684,       66,   115200, 76c5a9490e0456f2a0707c8f1ffd6365
0,     251751,     251751,       66,   115200, fa1f4cf15673ba1d179479b74c243139
0,     251818,     251818,       66,   115200, 086af456013714d3966c86819366b27f
0,     251884,     251884,       66,   115200, f78e8d39115261f670a52400d30f6509
0,     251951,     251951,       66,   115200, d8499bd65eb6d08a0df38dc1a63a193c
0,     252018,     252018,       66,   115200, 6c88737644727af4f0e8aedf744a48ee
0,     252085,     252085,       66,   115200, 93687eb21a92e580de01b5a7457c7eaf
0,     252151,     252151,       66,   115200, a062ac81794143b6d1218ff244612786
0,     252218,     252218,       66,   115200, af31b4cd2441f83c9932044baad286c5
0,     252285,     252285,       66,   115200, de6737738894a9fe09cddff1e30e28aa
0,     252352,     252352,       66,   115200, bae71958a394d2b661eb968c61b74c55
0,     252418,     252418,       66,   115200, f630ea9e9899cec5912af2f6a6f306bb
0,     252485,     252485,       66,   115200, f3fd7df947962b8b2504176782092e29
0,     252552,     252552,       66,   115200, 3f32e907447a9ecdb9344f532763376a
0,     252619,     252619,       66,   115200, 54e407cb0ad699e557862f9426c89ee5
0,     252685,     252685,       66,   115200, f29a80b1857cab50bc3cc2a134028137
0,     252752,     252752,       66,   115200, 448808241f69230b830866426f3af2df
0,     252819,     252819,       66,   115200, bdeafbd7ef847e3d50a8cd55b6812d02
0,     252885,     252885,       66,   115200, 42e98aef98b70569155db14c46fe26be
0,     252952,     252952,       66,   115200, de09c9c4c09558aa63fa4f13eb878783
0,     253019,     253019,       66,   115200, 2816223505cf4e5b85749f87a28857c4
0,     253086,     253086,       66,   115200, b2a1e13632affa17720e3b7c0220f64f
0,     253152,     253152,       66,   115200, 97a9880f468e7968d6fb7b28f62abb47
0,     253219,     253219,       66,   115200, 7937de4947fc0c2545546e3cf7148752
0,     253286,     253286,       66,   115200, 6f38912285e14d6a5790472458cff9ee
0,     253353,     253353,       66,   115200, b089a33a9a4b379e6c3eab0e6148840d
0,     253419,     253419,       66,   115200, 47318f524817d93764c0f52f090f4f95
0,     253486,     253486,       66,   115200, 869e19b75ebd3708313eef1a8b1c5ea6
0,     253553,     253553,       66,   115200, 8e96d2cb9ec25cec52f096473c29b5b0
0,     253620,     253620,       66,   115200, 4ef387845af86d472660f9b7cd8bf184
0,     253686,     253686,       66,   115200, 292f1971bcac1859913259ce18b1672f
0,     253753,     253753,       66,   115200, ed094b8bc771c51ab4060ecd90935aa8
0,     253820,     253820,       66,   115200, d5a6600945a2688164cf740b06b623e9
0,     253886,     253886,       66,   115200, a892836cc61672e1865f3a16e83907bd
0,     253953,     253953,       66,   115200, 1b33d355823ab760ab909fec84451ab2
0,     254020,     254020,       66,   115200, c231a3e4abdef24cb7919165c140fe07
0,     254087,     254087,       66,   115200, 175d33625c9cdf6b4339d6930c81b91e
0,     254153,     254153,       66,   115200, 1f1d2e6daad0ec1d29ccfdd75ab48dfa
0,     254220,     254220,       66,   115200, c096b91fb9c7e87c6a32d54885515b99
0,     254287,     254287,       66,   115200, bb2924c9870f77b7461bd886864b93c5
0,     254354,     254354,       66,   115200, eb6c3bd6386035ee3785fd9cbac40839
0,     254420,     254420,       66,   115200, 5a0c448a30ff47d54506c8efd6c91d53
0,     254487,     254487,       66,   115200, 2d2206aca0c28bb0caa3a610d16548a5
0,     254554,     254554,       66,   115200, 79b4ab4ba9823f74c9366db8d80672c6
0,     254621,     254621,       66,   115200, 893253dd1a911e29dd749b4bcf32bfad
0,     254687,     254687,       66,   115200, e9f404f17924639308137395b86a8e25
0,     254754,     254754,       66,   115200, 7c82e119500a92e804ce59d1ec0af6ab
0,     254821,     254821,       66,   115200, 10d31017fc9dd34fafc6ca0835201288
0,     254887,     254887,       66,   115200, 34fa148507d89758e144d30c90c865ee
0,     254954,     254954,       66,   115200, bf9e5b8e66c7c3cf92d6210aa4eccd06
0,     255021,     255021,       66,   115200, 2889ee4d70c08fbc666045ff741ac176
0,     255088,     255088,       66,   115200, af60a9e1a1e9ed95dbedbcb4c050e9c9
0,     255154,     255154,       66,   115200, 9ea1ae4cc3cc74841cae592dbfa9b39d
0,     255221,     255221,       66,   115200, 50a1091e990ec59584cc941ccd00077e
0,     255288,     255288,       66,   115200, 5bac3a7d4b17799bd6171022bbf5a259
0,     255355,     255355,       66,   115200, 9e363349c8fc2561b76ba86e3201a316
0,     255421,     255421,       66,   115200, b9f50d37528e67a8ddd6cd0fb331b24c
0,     255488,     255488,       66,   115200, d6223bae53a36a509ef7457407aa6022
0,     255555,     255555,       66,   115200, 424dd78d5d9e68e4ebf88adee1a34947
0,     255622,     255622,       66,   115200, 4e23e1a655c74d281583931721cc01a7
0,     255688,     255688,       66,   115200, 130234a4e67c8648d17f5fcac522af9d
0,     255755,     255755,       66,   115200, e70335a5aafddecc7265bbe415029ecb
0,     255822,     255822,       66,   115200, 99f24ebb420af577336068e280d47ef1
0,     255888,     255888,       66,   115200, 5141b68179155dae9dcf5c459ea92ec9
0,     255955,     255955,       66,   115200, 5d7e38a257be1be59bccfbd7a9030da7
0,     256022,     256022,       66,   115200, 96d2bd89ff9ee0a18dfdaadaef8a69ed
0,     256089,     256089,       66,   115200, 9a6b22240957db94661500709809e542
0,     256155,     256155,       66,   115200, da9c111d64d2281f6eeca86a738a7580
0,     256222,     256222,       66,   115200, fa482f447a2fee2c32aaea5574f10c01
0,     256289,     256289,       66,   115200, d34d339b07fbeb9b3310e3995b4e6c60
0,     256356,     256356,       66,   115200, 16999fd4fe7ae57e6636b037b0852f7d
0,     256422,     256422,       66,   115200, 290a2c10a7660dbbda8e4cd05d507f1d
0,     256489,     256489,       66,   115200, a8e7731a14e049ecd922b8e8e98c15ba
0,     256556,     256556,       66,   115200, 6a045026a1aa8cded12a98c673ce3bef
0,     256623,     256623,       66,   115200, 696593e2738670014e7876a629f02ee8
0,     256689,     256689,       66,   115200, 74bb37cc0b2e88da39f8065cfd4e5d24
0,     256756,     256756,       66,   115200, 4367e5796f07bfe9426b76f91479e31e
0,     256823,     256823,       66,   115200, f88ada4a404407c7dae1134048793c68
0,     256889,     256889,       66,   115200, e9cf08be4e333486d36b7cfe4186437a
0,     256956,     256956,       66,   115200, 801f2fa744970167be42868773849ae5
0,     257023,     257023,       66,   115200, 211415ac7d018f4e1ef25e20af5ce052
0,     257090,     257090,       66,   115200, 7f69fd56a541469f3c73998558059951
0,     257156,     257156,       66,   115200, 573b58432b3ca0db1bcc66105d0f17b2
0,     257223,     257223,       66,   115200, e940546c7d246d4bcd0516ac797b965a
0,     257290,     257290,       66,   115200, e3dbcb66be7cbe479ad26a366942b46f
0,     257357,     257357,       66,   115200, d1c6449abdc397b613340ea9fe5abb88
0,     257423,     257423,       66,   115200, 4e44f674eed8ab7ef9c64d291e3ae631
0,     257490,     257490,       66,   115200, e8fa747d324e71edd78ba1acde3d48f7
0,     257557,     257557,       66,   115200, 81c169cea0486596955f1acacb7f5b61
0,     257624,     257624,       66,   115200, df853f8709ad0463cc9a141646af032b
0,     257690,     257690,       66,   115200, 97f0cab571ea2df54d6d195d73df5d57
0,     257757,     257757,       66,   115200, d5e8a67058f37140b47be7beebef05aa
0,     257824,     257824,       66,   115200, 6a467d95d11d9318a5e9ed6544491970
0,     257890,     257890,       66,   115200, cba1f95ab382189b4c682447d2fe2434
0,     257957,     257957,       66,   115200, 88f5cfcb714c969e32fd1123473eb9a1
0,     258024,     258024,       66,   115200, 4196607f27e0c2b7da7d2a7cb18e2d38
0,     258091,     258091,       66,   115200, d1291e19849bd94656aaa363ee1c6818
0,     258157,     258157,       66,   115200, 1eb8dde718224ef6181698949d30ace9
0,     258224,     258224,       66,   115200, 726c0027be2522a03e8e9394334d6ab3
0,     258291,     258291,       66,   115200, 68e10c5b196e13910ec38535eb0179f7
0,     258358,     258358,       66,   115200, 241755233ba7ae9d8388704970ff20b6
0,     258424,     258424,       66,   115200, 0bedfc6a806b77b68eba9fc47aeca2f0
0,     258491,     258491,       66,   115200, b3a826aa70b67f6829dd66877a32c9a5
0,     258558,     258558,       66,   115200, 56994cc8c540933ed25176ce268eb977
0,     258625,     258625,       66,   115200, 6064c9a8e2af3daad36e2829f821ab83
0,     258691,     258691,       66,   115200, f8b0eb222c109299a69592ccc2e5ff89
0,     258758,     258758,       66,   115200, b25b5894c61d74457d8c161a3d5f2313
0,     258825,     258825,       66,   115200, c1f18ee087ca898d2c32551a6a39350f
0,     258891,     258891,       66,   115200, 40556ba7016f9c7f8fcc22b9d1b02493
0,     258958,     258958,       66,   115200, 107a738b1c557ed3281c1639f0a516d8
0,     259025,     259025,       66,   115200, 0034621536c2a568631b297c186f72c2
0,     259092,     259092,       66,   115200, 077b03be054116f45d7d78442f3e33b0
0,     259158,     259158,       66,   115200, 9acd41963f91f2d3d64c28db59faaeef
0,     259225,     259225,       66,   115200, a994e165e2b32b23c936c32cb0349766
0,     259292,     259292,       66,   115200, 7e4a98d2e5460e6f674e14e5a5c05e16
0,     259359,     259359,       66,   115200, d031eb738e8b3884098e73112b5ccd0d
0,     259425,     259425,       66,   115200, 6eedb22fa0871741424501b2547e4c6a
0,     259492,     259492,       66,   115200, c3d3e80b2880f8089a3b723b4c4df9bf
0,     259559,     259559,       66,   115200, cf4fd3ac85ad198de6ca6dec1ab2ec64
0,     259626,     259626,       66,   115200, eb9b8010af3fe9b2cef70d1cf02bf0e9
0,     259692,     259692,       66,   115200, 5ad72e8eed175c77d42998ee0e101c1b
0,     259759,     259759,       66,   115200, f480f22fb74befe10ee1d9b5f8a77ebc
0,     259826,     259826,       66,   115200, 06ddf0e0e97dd4384d072d283493bf25
0,     259892,     259892,       66,   115200, 9dc3eb5e4ac42ef0001b535bf7496073
0,     259959,     259959,       66,   115200, bcdf02210f3f859239d625386958c730
0,     260026,     260026,       66,   115200, cb8c5f1b1116c18cf6d857881237b86d
0,     260093,     260093,       66,   115200, 54b4c8fcd2bb3db125eb8777a08826a8
0,     260159,     260159,       66,   115200, d134c106addebf562251a07a2c03ff0c
0,     260226,     260226,       66,   115200, eac9129dc5603474a1890a28cdfad05e
0,     260293,     260293,       66,   115200, ab1c495b79c83bc0546d26492a0249b7
0,     260360,     260360,       66,   115200, 3d831c57a7aec874e3de41cab71e5159
0,     260426,     260426,       66,   115200, 3399cd762f572f48c5d38dbc4912b5d1
0,     260493,     260493,       66,   115200, 8487259a3a7d36068667890aa6cabc25
0,     260560,     260560,       66,   115200, 017feac7814cba91f13755ab94ffad9c
0,     260627,     260627,       66,   115200, 6a23fc82bb442d75bd34f1a98dc25597
0,     260693,     260693,       66,   115200, 9eaee8fd2b8357d57c12e91e2b3c07aa
0,     260760,     260760,       66,   115200, 79473e24db285f072206f3502f1be46e
0,     260827,     260827,       66,   115200, 90a02c3fcc2b7daba3f80cdf8acb3c6a
0,     260893,     260893,       66,   115200, 5aebc329b5b642bf95db908b37acfedc
0,     260960,     260960,       66,   115200, c6ca1a900c8a67dcaa2f7160c0df42e0
0,     261027,     261027,       66,   115200, 3dbcd81654e6a23ac5e3ad4098e8891d
0,     261094,     261094,       66,   115200, e3708f204bef5b83398518b5587f769a
0,     261160,     261160,       66,   115200, dcd59f92dc9afe386752db0dc54bb4fe
0,     261227,     261227,       66,   115200, cc55be33228d9d6a6a5a79a9c7dc6d6f
0,     261294,     261294,       66,   115200, 6eeff2a77de4e647fb8aa0491f8b1c5a
0,     261361,     261361,       66,   115200, 74e2ce5bf21ba340a421f11d362cacd8
0,     261427,     261427,       66,   115200, f1f54392af9b48141e60bf2834ba43d0
0,     261494,     261494,       66,   115200, a05846e9cde4db060f2b77b7c62b0b0c
0,     261561,     261561,       66,   115200, 92f266d6b1ddafab9394591585f59344
0,     261628,     261628,       66,   115200, 1025209d80353f4c7a7a4880e1623e35
0,     261694,     261694,       66,   115200, 0f6e3e5d0ecfccbfeeb9ade8266c04b4
0,     261761,     261761,       66,   115200, 1045d2c9a19c1dde26ae563c04d7c73f
0,     261828,     261828,       66,   115200, f8d9634feb5fda8fe10326c38bfd5847
0,     261894,     261894,       66,   115200, 9be6f55a78fa0a8d964c52c68711d55d
0,     261961,     261961,       66,   115200, b8a7af882b107e4c1a14320c9b94caae
0,     262028,     262028,       66,   115200, 46f9f4c073de6192edc160709f7c3bdc
0,     262095,     262095,       66,   115200, a238735f644625a99b991836756668bb
0,     262161,     262161,       66,   115200, c8e3b3077d2cc1972de9400747346e57
0,     262228,     262228,       66,   115200, 23b70c4a0c3bdf74dfa7672c6c2281d2
0,     262295,     262295,       66,   115200, 3c8e0178aa17039c285f18e8ab969db5
0,     262362,     262362,       66,   115200, d309e9da561ca6e772c183caace53537
0,     262428,     262428,       66,   115200, f373016808513723ae70e897c1a8ae89
0,     262495,     262495,       66,   115200, 6531af1a7956f7bf6b4c881ed081341f
0,     262562,     262562,       66,   115200, 37c262fa24528e5163fc947df349e2aa
0,     262629,     262629,       66,   115200, 98e63fe57768a716b6293ce8718a824c
0,     262695,     262695,       66,   115200, 61871ccaf4b886e0828125bfd3ad4ef2
0,     262762,     262762,       66,   115200, ff2a5ad345691c570d530b68f6fc759e
0,     262829,     262829,       66,   115200, 2256f4e6bf3147bc7faed35e7d14f58b
0,     262895,     262895,       66,   115200, f9b4b407bc304e4f8e31b33a32b11cff
0,     262962,     262962,       66,   115200, 8066873eba9fa2275ec4256c1959a67a
0,     263029,     263029,       66,   115200, 3f3c70fdb719c89045e025c21679a5df
0,     263096,     263096,       66,   115200, 8bf740b7552c04e3d1e3325f69efa414
0,     263162,     263162,       66,   115200, c0eec3280fcaa3735b8d1be04d74f839
0,     263229,     263229,       66,   115200, 768c64fd494c85c858560342cb3e2f16
0,     263296,     263296,       66,   115200, 6cd102817ec1c71142774fe4e8c509a3
0,     263363,     263363,       66,   115200, d9fdbfbfa8908243d72b59209401808f
0,     263429,     263429,       66,   115200, a74f5a8c85a2dfe9ce2c5611a7c805f3
0,     263496,     263496,       66,   115200, d55162a77595dab78be1b54d2fc7fbe3
0,     263563,     263563,       66,   115200, dffaf2b34d6ab3ab2d49adeb18488d9c
0,     263630,     263630,       66,   115200, c1c37e725f6804e61a540707648b345d
0,     263696,     263696,       66,   115200, 2bbdcb730695def7f7318d90e2f5394a
0,     263763,     263763,       66,   115200, 2fd03cf9a751e5261342e43581439a7d
0,     263830,     263830,       66,   115200, 6dee8a52e37d1ab3bd48ab1f69c7b7ac
0,     263896,     263896,       66,   115200, 1ca6d78659ece01c0aeea8b7b15b8e88
0,     263963,     263963,       66,   115200, b71b62dc6f35de8c92f2266c5e60e830
0,     264030,     264030,       66,   115200, 6d218350dad29dc7d2df5bc8d4f99a0c
0,     264097,     264097,       66,   115200, 35a5d9954bae5201ff3b1eb2d0543795
0,     264163,     264163,       66,   115200, 8bf3fcc6b4e5aa171cf112baef449baf
0,     264230,     264230,       66,   115200, 2c3206f41e3de2a4d0cc0800e4bc49f0
0,     264297,     264297,       66,   115200, 318e0bd13d3cb91cc41f75ce41c056c3
0,     264364,     264364,       66,   115200, e926eb12270509876d1c332ca08aa07d
0,     264430,     264430,       66,   115200, 9e7708e63a8455fb857ada373581c234
0,     264497,     264497,       66,   115200, 3cbeabf3c10055a871feceeb1a51a561
0,     264564,     264564,       66,   115200, cfc0a17e5a19bf55408fe6783f1441ce
0,     264631,     264631,       66,   115200, 78f559e80d36cc32fc67d9219f0e2371
0,     264697,     264697,       66,   115200, fcac0f874a8225f33bc19cfa18acd295
0,     264764,     264764,       66,   115200, 7b35fc22024ff47f0c8656eec16112c8
0,     264831,     264831,       66,   115200, 42a6eddb8e12cfb752b5bb271027742c
0,     264897,     264897,       66,   115200, 6a28e1b013667c11964e1eb0a47a98b9
0,     264964,     264964,       66,   115200, 48e7926bcb38c1f61d48a5114239ac0e
0,     265031,     265031,       66,   115200, c5d91a7b8935470a1f803ea74569b33f
0,     265098,     265098,       66,   115200, 25c6800cd7086cfdeb12ff356aac3ebb
0,     265164,     265164,       66,   115200, ca6442ebb0cbcccf9e5a66f97043bbe9
0,     265231,     265231,       66,   115200, 9213158c5a0ae92e23a1cfda7ff08348
0,     265298,     265298,       66,   115200, fbf601e235e497792cbf306d82ee6e82
0,     265365,     265365,       66,   115200, 06df784ddb00c557de793aa2acf97424
0,     265431,     265431,       66,   115200, 28123acede805d20c9199cce6ab8d1f8
0,     265498,     265498,       66,   115200, 02cc55a417b8978f5b904cd3f603f150
0,     265565,     265565,       66,   115200, 389a1ee2b548085c6a4ad3badce59aa3
0,     265632,     265632,       66,   115200, bbfc4fced7514b8af73dc6877f9e14f1
0,     265698,     265698,       66,   115200, 062fb9f533135514085c98fdd39e2995
0,     265765,     265765,       66,   115200, ec03590a99512ff787bb21f683558c71
0,     265832,     265832,       66,   115200, a896aac5d470f36d6ce6432bc7b2352e
0,     265898,     265898,       66,   115200, bc5ef981ead669a919921cb1e8be0945
0,     265965,     265965,       66,   115200, c27b3f72837c558113eaa2930362f5d1
0,     266032,     266032,       66,   115200, 15e9708b30f53db4460a0b352ce9d29b
0,     266099,     266099,       66,   115200, e958d7577e4d089e196a8b41b1394ce0
0,     266165,     266165,       66,   115200, 54fac751f8b14e4134fdd93f854fde42
0,     266232,     266232,       66,   115200, 1abf46a5c5b9aa4e53d05012876316c4
0,     266299,     266299,       66,   115200, ed7ca719874e639a590e907793162e0f
0,     266366,     266366,       66,   115200, c3a96366d17af8100dcd7bfb8bf10d85
0,     266432,     266432,       66,   115200, fa4b2eb17a377f09ba7c096ab161f556
0,     266499,     266499,       66,   115200, 185fe7a30f446805b072e1063d907720
0,     266566,     266566,       66,   115200, d9ec2639a2c824644a33187519d68e1c
0,     266633,     266633,       66,   115200, 47a7cd8d326eb6e05124360d80865f5e
0,     266699,     266699,       66,   115200, 8241b29134d510ac23eed9c205791077
0,     266766,     266766,       66,   115200, 47f5e9440bbaecb38beba62dbd609266
0,     266833,     266833,       66,   115200, 46b8ab0ca04bc2c1041d68c73d4f5266
0,     266899,     266899,       66,   115200, d3943f9d792d4f6e612aceb8c333a136
0,     266966,     266966,       66,   115200, 236a713cf3be284af2cc410fc7cce5a4
0,     267033,     267033,       66,   115200, 393b96b4e96bc55c3e5878c24f2c4636
0,     267100,     267100,       66,   115200, 5e607ccac4c6bb52ffd1bfd55b29ac12
0,     267166,     267166,       66,   115200, c864c9fc9997e87937552e34223afca9
0,     267233,     267233,       66,   115200, 1067dc52c95e9aa18a77e194badbdbd9
0,     267300,     267300,       66,   115200, bbd43191c91130631d23a1cc32759a14
0,     267367,     267367,       66,   115200, 23725430d73b0015c837f6d9991de99b
0,     267433,     267433,       66,   115200, 17d065e3770dd90b671bc8c7d76859c2
0,     267500,     267500,       66,   115200, 4eec28974496b3d99f8eeae00154db2d
0,     267567,     267567,       66,   115200, d6c86186a0efb6aaf3ff0b5993630728
0,     267634,     267634,       66,   115200, fa478c37e526b970a51ce21c53ca3b38
0,     267700,     267700,       66,   115200, 56a074cd11bcee833eade395e7b85b24
0,     267767,     267767,       66,   115200, 9410c875c63dc7bbaf0909af238c9951
0,     267834,     267834,       66,   115200, 41b6cc63c806e26e5db577b47e9f7ba3
0,     267900,     267900,       66,   115200, 306ba53ad8f8e3780e1f16339dd2b3f7
0,     267967,     267967,       66,   115200, 56ff3966c594f291624d19f06d8780ba
0,     268034,     268034,       66,   115200, c39b1bc27a06c5d3552436b3b9b864d8
0,     268101,     268101,       66,   115200, b6ff9e2c0dfc4eb6d9360e28c2ed42ff
0,     268167,     268167,       66,   115200, 3d4948a877b4f183ad13436dc76d0707
0,     268234,     268234,       66,   115200, 251d1bbec7986efda658d2d00ab66cdc
0,     268301,     268301,       66,   115200, 621bab9411329ff6948ef0029b21b75f
0,     268368,     268368,       66,   115200, b2157cf495a76ecac83f406ed676cd83
0,     268434,     268434,       66,   115200, ef09ac21dbd180fe9937b39ff59b91a7
0,     268501,     268501,       66,   115200, 5c6a3295d455a6938ab2ae50b6d09dfd
0,     268568,     268568,       66,   115200, b29c02f9d9477d429ef0ce8371df1349
0,     268635,     268635,       66,   115200, 5b179f5cca0ba3d866ee62d4ea3378d6
0,     268701,     268701,       66,   115200, e508aa04590ca4a2ba530dfb398aff84
0,     268768,     268768,       66,   115200, 2cfd465fb5811c849d7b74565cfb5487
0,     268835,     268835,       66,   115200, 7c088d921ff7695e622966a539fec021
0,     268901,     268901,       66,   115200, f5a385c45999d255e27d62067db3dc35
0,     268968,     268968,       66,   115200, e2c711f550fd2244d264ebe0deab9e9a
0,     269035,     269035,       66,   115200, 82a72c749701cb1c256d34fb03e37d19
0,     269102,     269102,       66,   115200, ba1de861f74ff89ebd4e0c447edf8f71
0,     269168,     269168,       66,   115200, 016d75f4b0deca78ff5a61b8bd4456b6
0,     269235,     269235,       66,   115200, 96efc7ac5110c19cefb56017b0596bbf
0,     269302,     269302,       66,   115200, 968008fa4b844f8984732e5fc96484c4
0,     269369,     269369,       66,   115200, 2a02c1075eb8c05c2c8a1684e0ae97af
0,     269435,     269435,       66,   115200, 9d01330d6105d87a42f723cfb773dd6e
0,     269502,     269502,       66,   115200, d33d806fc30e78f2d696a5943f86a9f5
0,     269569,     269569,       66,   115200, aa78e8cacc9e803e520e9e357bbcfb78
0,     269636,     269636,       66,   115200, 0feb857888d9d371fbca1d2ad97f9d1a
0,     269702,     269702,       66,   115200, 74fc9fb20e7baa10a9b54c97c57f624a
0,     269769,     269769,       66,   115200, d6565ec583be40dd72e9e79bd9a25d28
0,     269836,     269836,       66,   115200, 5957785b1f833b2619f808ac792a8c8a
0,     269902,     269902,       66,   115200, b4733199561cccbc69228e1cb686e561
0,     269969,     269969,       66,   115200, 350d6c96ac9e3765c270b72bb605b724
0,     270036,     270036,       66,   115200, fb4cf0c9a4f5b51be49a174d29f626a9
0,     270103,     270103,       66,   115200, 27b160ad1f29bd40fe2d8306cd819d86
0,     270169,     270169,       66,   115200, 27b6e000fe8076f9b29a76751bc37995
0,     270236,     270236,       66,   115200, 7b1ec16d140d6e0ed65d718aa08957a7
0,     270303,     270303,       66,   115200, 84f71359d803a3c45baf518c08396897
0,     270370,     270370,       66,   115200, 33d5ed0b1a7fa66a59f9f6d9886fc8a0
0,     270436,     270436,       66,   115200, 9657f002f07cc88d4e4d5b45b3349278
0,     270503,     270503,       66,   115200, 6003eb8caf32f6975a5c761f50df4a0a
0,     270570,     270570,       66,   115200, 2d43822342673bfe67dd915ad5eeb422
0,     270637,     270637,       66,   115200, 87f85c2b72c4629d2f47886f6e80b4f5
0,     270703,     270703,       66,   115200, 97768ce8f1da7843f5de9fab1a334d4e
0,     270770,     270770,       66,   115200, 1757bbb60f0515c068343c5467301c5b
0,     270837,     270837,       66,   115200, 2edeb9dc55564118ea0d761045f2b52a
0,     270903,     270903,       66,   115200, 927261d8d5349f527ccc03d99a6c41ef
0,     270970,     270970,       66,   115200, a5faa7428603dc89713b146c7b0ce6e5
0,     271037,     271037,       66,   115200, f44617752408c91834ad23b64833d525
0,     271104,     271104,       66,   115200, 9d2f66ee1af7b1f0f9576b7f5e633792
0,     271170,     271170,       66,   115200, ab819a43a0bbbd5b3106876776ead8f4
0,     271237,     271237,       66,   115200, 0261d37b99c345337797b179be37c331
0,     271304,     271304,       66,   115200, fbca1c2e52340ca952759ced8ae8dbba
0,     271371,     271371,       66,   115200, 64772e4a6d072536074ce6d3419d79ff
0,     271437,     271437,       66,   115200, e8814165b5c2e0d2c2d57f0ef486d7e8
0,     271504,     271504,       66,   115200, 276a7f83f039a6c6bd9ac0979f30b156
0,     271571,     271571,       66,   115200, e1ef759c0009b298d8e92d62e7f15c20
0,     271638,     271638,       66,   115200, 5195dd2a4c8b0d052265530cf81bae75
0,     271704,     271704,       66,   115200, cce44fe20ec3876ff60aa4ec7bf04a7c
0,     271771,     271771,       66,   115200, 03cfce9cb4b7d2484ae218860e0cfd42
0,     271838,     271838,       66,   115200, 6757e704ff558cb4162a6cee6bafa0ea
0,     271904,     271904,       66,   115200, 09ed9c351b628f57f595cb3d597b59f0
0,     271971,     271971,       66,   115200, f9ea206bfa3c07cc891e68b308389700
0,     272038,     272038,       66,   115200, 9281b352a1e25ee831095fed9f83555a
0,     272105,     272105,       66,   115200, 00e89edfbe0f7bd00e4a814919f5dfea
0,     272171,     272171,       66,   115200, 832cfb778dbce8fdd15c5a34f4a4b8d0
0,     272238,     272238,       66,   115200, 746c1f52a4d1629ca66f180ef4c80972
0,     272305,     272305,       66,   115200, 3a08b34a8c2532add59561997d41092f
0,     272372,     272372,       66,   115200, 1cd2cea0c060fa7809b7572cdced80c8
0,     272438,     272438,       66,   115200, 2b6b08257bfa2e3fe2c967e2b0b17e7d
0,     272505,     272505,       66,   115200, 7af04fef18e92666ff7032464098c5ab
0,     272572,     272572,       66,   115200, 05a75a7931a9a6339c3e1d9689ab692d
0,     272639,     272639,       66,   115200, 813d74d2a0a1e573bc2e8b28fc996c38
0,     272705,     272705,       66,   115200, 087b4f575248059d95e2c14de666d372
0,     272772,     272772,       66,   115200, a1e137023dbab7b824ecd877e9e0b910
0,     272839,     272839,       66,   115200, 65c4a1d8e54b5782ceeeb8ae9c4e5de8
0,     272905,     272905,       66,   115200, 24a24c78a4c7d9196b399fff9966340e
0,     272972,     272972,       66,   115200, 15f5e56d6eb1a2cb9ee1347af08f7fa0
0,     273039,     273039,       66,   115200, 218276a35a4c2de153bad2c32a1437c7
0,     273106,     273106,       66,   115200, 0c28692e3919270a3f9f6fd1f3faf652
0,     273172,     273172,       66,   115200, c1d228752e50f92063c3ee816e49c295
0,     273239,     273239,       66,   115200, f8a2c03479e48cd2ec98265abd508342
0,     273306,     273306,       66,   115200, 9774cb8558217139456c87ff890f8bad
0,     273373,     273373,       66,   115200, 7830059c7be2870329a084d71e712ec5
0,     273439,     273439,       66,   115200, fdb9eae230271fa0809fe11577a4b3e4
0,     273506,     273506,       66,   115200, bd1dbe2c46ddafc1a62d139162e3c59f
0,     273573,     273573,       66,   115200, 5e5c325f6fc6a22911ebe33d8cb01493
0,     273640,     273640,       66,   115200, 66c4e3447ae4e1592a008ee091d56f67
0,     273706,     273706,       66,   115200, f99bb1b48161acc3b92177923a130e37
0,     273773,     273773,       66,   115200, dc16d1864c4639ac5900c74b1c3a58cd
0,     273840,     273840,       66,   115200, cdaa9358dff3c1a529d8ad56b032bdcd
0,     273906,     273906,       66,   115200, d01854581e149386c10b60a672a5a388
0,     273973,     273973,       66,   115200, 2e1f929ee62869a66aafccc74d22793b
0,     274040,     274040,       66,   115200, 8684a2911c2adfa48d3aa2af834ab09a
0,     274107,     274107,       66,   115200, f709355a2dc5bbf6d6126bc96906b7cc
0,     274173,     274173,       66,   115200, 7cf833b96a935030c84960eb3a5f52a1
0,     274240,     274240,       66,   115200, c51ac3e992d9f836934acb80efb6e364
0,     274307,     274307,       66,   115200, 7b9ea809594ca48dbc20893ddcd49f8f
0,     274374,     274374,       66,   115200, bf3640ef26ce6d47b3e21d6ad4485701
0,     274440,     274440,       66,   115200, ab565e4ef3a96ea852065be78e017bd7
0,     274507,     274507,       66,   115200, 679130f89b0b494389a867a2e7c484d1
0,     274574,     274574,       66,   115200, a5af1fa5329419446b86855e69dedca6
0,     274641,     274641,       66,   115200, 54ff07878b899a40813079c8b8598b3c
0,     274707,     274707,       66,   115200, 43637381e71e8b900670ae869a7912fd
0,     274774,     274774,       66,   115200, 330380f111d0b8fdc8cbfadb46a8d061
0,     274841,     274841,       66,   115200, ae23025183a7a97139b7c0d1d97b8698
0,     274907,     274907,       66,   115200, 7962e824572a028b64f0cb83105993be
0,     274974,     274974,       66,   115200, 5da215da9ab8d34050a1fa644fd0d78c
0,     275041,     275041,       66,   115200, 73c39696b6ef7d8e40ddc7286c555384
0,     275108,     275108,       66,   115200, 77549a9bf01b26240311d2e50b7d5c26
0,     275174,     275174,       66,   115200, 6d28e2c12e207f81480c39aac7474095
0,     275241,     275241,       66,   115200, 9a28c8c97bd5cdf14bbcd7fe18e56d5f
0,     275308,     275308,       66,   115200, f4bab26918bbea1c40dd425ad48a8309
0,     275375,     275375,       66,   115200, fed4f59b62db3ca0c0bcd5aeae0d8c82
0,     275441,     275441,       66,   115200, 526a8b7387b0f47cbb1a9d11ac8dd6c9
0,     275508,     275508,       66,   115200, 6c9f58e7d2e92f6e1e59afbc95b3379c
0,     275575,     275575,       66,   115200, f83b78979853e1b222abd11cf1f93e2e
0,     275642,     275642,       66,   115200, 36073a69dcedaf908d07ff39d00bc010
0,     275708,     275708,       66,   115200, 8cf9110ad3348c2405750b072fee9abd
0,     275775,     275775,       66,   115200, 9b9484b7a62445ee10e9530fbb5d7f8a
0,     275842,     275842,       66,   115200, 106b0755ac323d952981c18a568a6d8c
0,     275908,     275908,       66,   115200, b1782fece0572ea24ee643b01f29a182
0,     275975,     275975,       66,   115200, 9e83d8bc1a5eb25f7c6870e879e5adff
0,     276042,     276042,       66,   115200, 456bfeda6db390ece46bc2b93077cb92
0,     276109,     276109,       66,   115200, 41c6d9740f0c0f2a350eafd170efb0c0
0,     276175,     276175,       66,   115200, 1572b0cf91ba91122edc596a8008472c
0,     276242,     276242,       66,   115200, aeff5c4d475337b59ff5c63231d3014b
0,     276309,     276309,       66,   115200, c125aa8a0753237f281c4dd49f182fc5
0,     276376,     276376,       66,   115200, 2a5a94486b7f2f4fd0c022a9391584c3
0,     276442,     276442,       66,   115200, 8d22096c63dc0235853493d498feaa55
0,     276509,     276509,       66,   115200, 8feda65100e0e41ad0fdb7b2e600fd96
0,     276576,     276576,       66,   115200, e2e8f7870378741b37f73d5d78c3d879
0,     276643,     276643,       66,   115200, 6a62058b282e5db4f833ad5e939a8efa
0,     276709,     276709,       66,   115200, 74ad789c12e3e3da1184079ff3f44f56
0,     276776,     276776,       66,   115200, d27a016b52b1731f5bbe150c945b959c
0,     276843,     276843,       66,   115200, f34d7fb22acd184bee1cba0acb6bcdd3
0,     276909,     276909,       66,   115200, a365c00b8f780c5533cd584156f85125
0,     276976,     276976,       66,   115200, 8e4cdd58842c5adf653db39a5e0ec984
0,     277043,     277043,       66,   115200, 5381662127f74301556428e620ee0c16
0,     277110,     277110,       66,   115200, f659bd79056009e4d308aa437ac78907
0,     277176,     277176,       66,   115200, d046ef46d59e155269d4d1dcf0c188d5
0,     277243,     277243,       66,   115200, 0e3bf2a9587423484a782adf82ac5392
0,     277310,     277310,       66,   115200, 2c9f9df0f1de4e525cb6e4329f464bdb
0,     277377,     277377,       66,   115200, bcede14fa134af276a5ae4447156164f
0,     277443,     277443,       66,   115200, 56a2d993d10615bea225475807b43591
0,     277510,     277510,       66,   115200, 24e8d62f50279432d648eeed0bce8c6b
0,     277577,     277577,       66,   115200, 09571b372579c98494756c70d449a324
0,     277644,     277644,       66,   115200, ab6e10cef00c4413f3fa597784c6d323
0,     277710,     277710,       66,   115200, 60b45207402c8d440876716c10f2b748
0,     277777,     277777,       66,   115200, 8b69bd3ee58b2d2dafc49b2857830a88
0,     277844,     277844,       66,   115200, 1d0d846521cde9a52e89816e46db5172
0,     277910,     277910,       66,   115200, fba9b216a0b153edef280e6266885734
0,     277977,     277977,       66,   115200, 1a0731af8d173c97b92df06dd27f5a54
0,     278044,     278044,       66,   115200, 80949aea4046163ac9afa07ac98df309
0,     278111,     278111,       66,   115200, ddcdd6b2920eb64b4aa4c69b37dc7204
0,     278177,     278177,       66,   115200, 18b37b2920824ff0a4ad92781e3ad03f
0,     278244,     278244,       66,   115200, fa30cee08b594a1a08369da6104a1da5
0,     278311,     278311,       66,   115200, 6ebe1002aeb92ba951056c403538406c
0,     278378,     278378,       66,   115200, 832aa1aa6f8d80651965785163b4754c
0,     278444,     278444,       66,   115200, 1e06898bbc208961481f09ccf55a5057
0,     278511,     278511,       66,   115200, 54077d1d56b893cf00f5dba1221aa519
0,     278578,     278578,       66,   115200, 048d6a3c118eda620dfd8f51905cbc08
0,     278645,     278645,       66,   115200, e61e99fc9e5ce53053adabb528db3009
0,     278711,     278711,       66,   115200, a736af1cac945270a9b1081b404e52a0
0,     278778,     278778,       66,   115200, e6a9d4744b8a8d9665bd068858214078
0,     278845,     278845,       66,   115200, 186672b262fb2e62d9542a70e0845351
0,     278911,     278911,       66,   115200, 5c60f396bfe90b636bd5bd9bef56b0aa
0,     278978,     278978,       66,   115200, c1a3085aabf8cd428269aed346db8709
0,     279045,     279045,       66,   115200, 919046b9be404f780f873fea5eb1ac60
0,     279112,     279112,       66,   115200, 1ed43a62db98c0377e99383aa56df6c5
0,     279178,     279178,       66,   115200, de7346438072b37a87d69adf856b3410
0,     279245,     279245,       66,   115200, 628a8962d36a79fbcf83d8674bd8dfa1
0,     279312,     279312,       66,   115200, 02c2b0dcb1cfec224b9ecac32d45d40c
0,     279379,     279379,       66,   115200, c675245b4f389e3c2fc294970dc7a12f
0,     279445,     279445,       66,   115200, 898c689b81471b3e66620c95e5830e18
0,     279512,     279512,       66,   115200, 63f53b83c220b6b74b22f266293d1c1b
0,     279579,     279579,       66,   115200, c870a09162b52eb7ebe6e2deb50343d5
0,     279646,     279646,       66,   115200, 53928cf9b1461f0722ed6c82d2c01587
0,     279712,     279712,       66,   115200, 7fe7fe9c569b3efe4c74f18ae007a380
0,     279779,     279779,       66,   115200, 4505c64efafebae1939321db66669ffd
0,     279846,     279846,       66,   115200, cd03832098917ea7cc38f442d443837d
0,     279912,     279912,       66,   115200, 0696198eea70ed625025a2c8543ed951
0,     279979,     279979,       66,   115200, aab51507f97b3fe22de52de01d57e259
0,     280046,     280046,       66,   115200, 44f7aa74074230023abc85ea55cbd4b9
0,     280113,     280113,       66,   115200, 7cc5e801bfb05415d3d3dc27a4fbc633
0,     280179,     280179,       66,   115200, 4c8229aac905f3583560b7ae73fcc605
0,     280246,     280246,       66,   115200, 80e46d364009d0c189bf609a9ea08d2d
0,     280313,     280313,       66,   115200, fde40d26e99a6cbb396b044e4587df05
0,     280380,     280380,       66,   115200, 361b2635df2dc8c2400b7517cd4dbd7d
0,     280446,     280446,       66,   115200, cf254b2541528e18e1541b5a0ae6c45f
0,     280513,     280513,       66,   115200, b5397f7cf23753133fa24ac3d8e1e800
0,     280580,     280580,       66,   115200, 4c4e07ed16b76a868cc15890218ef308
0,     280647,     280647,       66,   115200, 3af0e05765c48909cc60d4cca6c83a45
0,     280713,     280713,       66,   115200, 954bcb3aa64ecb7ada02144a60e22001
0,     280780,     280780,       66,   115200, 39fa4444ebd7dcc77f65fde8e249e777
0,     280847,     280847,       66,   115200, f0b9ca38c218cb8d442885016e527286
0,     280913,     280913,       66,   115200, 20caa7e02b49d13d9504431565109cbb
0,     280980,     280980,       66,   115200, ba72c01a34653f19a5d088130acdecb3
0,     281047,     281047,       66,   115200, f671dc335f2c0388e9a066f16d09b7c1
0,     281114,     281114,       66,   115200, a281d53f2d97af11ba646892b0adf525
0,     281180,     281180,       66,   115200, c31c5ec4f63cb93f6b650269285c4547
0,     281247,     281247,       66,   115200, 570cc2c1702f6db26f93a99944c670ea
0,     281314,     281314,       66,   115200, c37fea03af66a8978d3fc5f1b9c72e11
0,     281381,     281381,       66,   115200, 967878822970b05a71c4ff38b9d24f76
0,     281447,     281447,       66,   115200, bfdcedff45e828a34ed7ac1afc861f5b
0,     281514,     281514,       66,   115200, 1a7ef66d5e9a7ee76120c0e6e2d1213d
0,     281581,     281581,       66,   115200, 67f589c7980cd0ae4ebf0d5ac1163bd5
0,     281648,     281648,       66,   115200, f50b820e7cfc16e75caa85bf19bbac60
0,     281714,     281714,       66,   115200, 04de65039fff2f2f8303ca66d2a89f04
0,     281781,     281781,       66,   115200, 8001dcc8a2f74eddd3eac0eb8512b586
0,     281848,     281848,       66,   115200, fb0cc7ef9e59fa707e7ac4d6282e1148
0,     281914,     281914,       66,   115200, ab8ef7dc567d46431f971c0595dbc3d0
0,     281981,     281981,       66,   115200, a13348b872d569d96fc2bc3c82093c4b
0,     282048,     282048,       66,   115200, b2b87833fd3435b0c7ef082c185f1a17
0,     282115,     282115,       66,   115200, 27277696720016741913e70138917db0
0,     282181,     282181,       66,   115200, 01a788d17cc280b54cd7cda8078ceba9
0,     282248,     282248,       66,   115200, af33df73603510b38314868cabb66baa
0,     282315,     282315,       66,   115200, 35e3c77b96331a0cfb166eee34281fd5
0,     282382,     282382,       66,   115200, c04740c0a3a6d451734bf806f4b88ab3
0,     282448,     282448,       66,   115200, d6ab113c6f71d79a3a42ee39d99fff4e
0,     282515,     282515,       66,   115200, 06c7dbd972350536b7b858db3678136e
0,     282582,     282582,       66,   115200, f996e9d216468d83730cea71300d791c
0,     282649,     282649,       66,   115200, 233a2e140157528f74bb3de1461d90b7
0,     282715,     282715,       66,   115200, 4cfa6df257bf5bd77ae26a8fac483bda
0,     282782,     282782,       66,   115200, 687f7178a9e975eff31eacbfb6435d9e
0,     282849,     282849,       66,   115200, 93c4ac17a8a9d912e2aa5f188712a279
0,     282915,     282915,       66,   115200, 4dc3589fd4f89f487699f2b117624d3c
0,     282982,     282982,       66,   115200, f791fcc50b69240770a05edf9fa4f478
0,     283049,     283049,       66,   115200, 14423bb93a0065f5720aa1f142543b50
0,     283116,     283116,       66,   115200, 9ae4d99c669a8bbd63884c347bec08b2
0,     283182,     283182,       66,   115200, 0ecf97d3b33389eecda0e82abd54161a
0,     283249,     283249,       66,   115200, 912c9424d7474258173690e98916a5cb
0,     283316,     283316,       66,   115200, ea56f98f6e86690cb7714e66ad156526
0,     283383,     283383,       66,   115200, 3222a6b123d802fa2c4558ca8917e91c
0,     283449,     283449,       66,   115200, 5ccb029a5d55fcae74e5983c6c65767a
0,     283516,     283516,       66,   115200, d4cd97266d4ad231a1bb97c92b834a9c
0,     283583,     283583,       66,   115200, d2ec8321b154fd540b1c1dc60ab8bd44
0,     283650,     283650,       66,   115200, c076ee3dcf7dd1e3935a87f9f82264d2
0,     283716,     283716,       66,   115200, 57506615b95d97b24dceb60bd8c75b74
0,     283783,     283783,       66,   115200, 8a73c0b497c345a5b4113b4bdd8a9997
0,     283850,     283850,       66,   115200, bb2093b4f0f4da6dd5c73830d97b2004
0,     283916,     283916,       66,   115200, 7ea87a5946ecc2279e88e9e5999378ac
0,     283983,     283983,       66,   115200, 4ebf47763812be59aa22f49c46e486c1
0,     284050,     284050,       66,   115200, a6314e3dca047b6491d5d4ca0bad10fc
0,     284117,     284117,       66,   115200, d53a56ce7db1ae2ef0bd134254477229
0,     284183,     284183,       66,   115200, b180b9a5c92d7d20ef086dda1664ee5b
0,     284250,     284250,       66,   115200, cd2d362ea84c24151a372c9d19b0ea29
0,     284317,     284317,       66,   115200, a85b16323a7b97aaad65d223f6b2be11
0,     284384,     284384,       66,   115200, 4763dce5e3001221b73e13272fdeb675
0,     284450,     284450,       66,   115200, 168c9f2db1f2ebc5cec3ef680db8b4c3
0,     284517,     284517,       66,   115200, 97459107b358326e104c387d55ff961f
0,     284584,     284584,       66,   115200, 63e10fca655fbfc5e3c1c5304b0b4c4c
0,     284651,     284651,       66,   115200, b2872682837fd1fd6c1ac6a736029f24
0,     284717,     284717,       66,   115200, db63e45b82b044017b490cd93674dc67
0,     284784,     284784,       66,   115200, bd494020b9a5d4ddd24b09606e95146c
0,     284851,     284851,       66,   115200, 6f11083709d9fd874027231b9e17ad42
0,     284917,     284917,       66,   115200, 6de8e4d4ef82af893d813afa6bdced91
0,     284984,     284984,       66,   115200, 399cde9900adaecc4e20a104fb1e2110
0,     285051,     285051,       66,   115200, 7ca4c3c8a48df212e676d86820833b58
0,     285118,     285118,       66,   115200, 2abfc48cc00cf39a5b6ecad985473fad
0,     285184,     285184,       66,   115200, d5e84a87acb0b0040fff508bdc7b3151
0,     285251,     285251,       66,   115200, 33e29af77826223b75a3cc99b6ebf365
0,     285318,     285318,       66,   115200, 9f1696e231a41f31dbccba8e1641079a
0,     285385,     285385,       66,   115200, 43121389a0aeeed4b46b797b408aa438
0,     285451,     285451,       66,   115200, 8c1cdabfaaa60624b503e8e18485665f
0,     285518,     285518,       66,   115200, 0aba71791ed5c197b016b085aa879e9b
0,     285585,     285585,       66,   115200, c18a4f02068e079686fbf9bb0f9b5b7a
0,     285652,     285652,       66,   115200, 17276087273cb3f02c72fbd9a7eddc0d
0,     285718,     285718,       66,   115200, 5f9f132914be1c939c413d0eca32be4e
0,     285785,     285785,       66,   115200, 69631556840149afad91116ec1a5ef10
0,     285852,     285852,       66,   115200, 76069c19f80a7981aff3929075ace7b6
0,     285918,     285918,       66,   115200, 4021cb573e7f94abac9cbfd1e7d1d9b1
0,     285985,     285985,       66,   115200, e997d998bbfa35b03d4f7a03b3a3ddce
0,     286052,     286052,       66,   115200, 173f40e4b8e29b02b3a210d7bbc03598
0,     286119,     286119,       66,   115200, b17dde4ac991e1eac332e4ecbd6650de
0,     286185,     286185,       66,   115200, ee05f8d0a2ffc17594592a2afc3f2d43
0,     286252,     286252,       66,   115200, 59c79034f85a30ef8f5d1fe5d6264c07
0,     286319,     286319,       66,   115200, 2da4adc7c54c9079c1cacbe598e538ea
0,     286386,     286386,       66,   115200, f0058cd164e0d114e4767d35a8542b6d
0,     286452,     286452,       66,   115200, 794ed06b26e025e72cfc24027c5e13c2
0,     286519,     286519,       66,   115200, 086fc0f431173376bbf158aa078c587c
0,     286586,     286586,       66,   115200, ddfa0ec88105c0f387a63a93e0a9d9ae
0,     286653,     286653,       66,   115200, 0d6dcab38dbf0f99a54613055de3de3c
0,     286719,     286719,       66,   115200, 2495d0c4dcb6fd720d8e75a88c8e3693
0,     286786,     286786,       66,   115200, e322fb09372c19cd136bec856e1168ac
0,     286853,     286853,       66,   115200, 9c94dd38622fc3358af798cf82e82e3b
0,     286919,     286919,       66,   115200, 8f3a568210a4e99b4750d9da13bf0ed6
0,     286986,     286986,       66,   115200, fb7dad6856135f985b54469bca2ab369
0,     287053,     287053,       66,   115200, 9eb7f481be6764dd7935b9231da34e0a
0,     287320,     287320,       66,   115200, 2f8110eb75d8d8c4c45b416ab32fd693
0,     287453,     287453,       66,   115200, 440825945ebd795d23952b1e394597d9
0,     287520,     287520,       66,   115200, 362264f79987612e44276a408ee87118
0,     287587,     287587,       66,   115200, 53060aa6b7e52ff9d9914c68f7a99d30
0,     287654,     287654,       66,   115200, 57d7eed3f1db5bda3752bb2758207c22
0,     287720,     287720,       66,   115200, f3ae5392219d366226b51176a95e1159
0,     287787,     287787,       66,   115200, 9053ea7c80c8a766040a18af25f6e4f7
0,     287854,     287854,       66,   115200, a2aede5e3e13ec0b38a5c6d2020208cb
0,     287920,     287920,       66,   115200, 9c778a706d50db56fbca9684870946ed
0,     287987,     287987,       66,   115200, b63eca2f293fcfba370bf68e83b5c340
0,     288054,     288054,       66,   115200, 512427b28ffae4b18e23d36788f7fa83
0,     288121,     288121,       66,   115200, bc3d6d432cf3376ec93f70360719d736
0,     288187,     288187,       66,   115200, b70e4c8f37f68e1d3201622ec8b9fd4a
0,     288254,     288254,       66,   115200, 2ae1415cd4f9ef796577d177bb677abb
0,     288321,     288321,       66,   115200, 936687c8546f1676b833217ad0029649
0,     288388,     288388,       66,   115200, d3f041a69fc89aa1283442c2844d0891
0,     288454,     288454,       66,   115200, e3aca4cf28c28a5a0d39347a58eac55f
0,     288521,     288521,       66,   115200, c47c353a3bba3ce692a496f92beb191f
0,     288588,     288588,       66,   115200, 135efaaae3efe726095b97f4f44efcf7
0,     288655,     288655,       66,   115200, 9179d4562beb5b796b030c9ea11890f6
0,     288721,     288721,       66,   115200, d59251a802a5ce69ef6e3db1545782ea
0,     288788,     288788,       66,   115200, cc5b374897a332c512835508d75461d3
0,     288855,     288855,       66,   115200, 125f7a0c05fd19fb28ca217f8b72d7da
0,     288921,     288921,       66,   115200, 9c018efb98380a8a34bae83225bf06b9
0,     288988,     288988,       66,   115200, b96eed470997fc2d25b18590cc615519
0,     289055,     289055,       66,   115200, 2cb4f3241dfbe21fe535c873079180ca
0,     289122,     289122,       66,   115200, 6fcd953f5b334ca94b4f9dd8f525f5aa
0,     289188,     289188,       66,   115200, 959b070ac64a44e5f06bcab5c5c0acf7
0,     289255,     289255,       66,   115200, 35a9738561b3643df08ba549174bc2d4
0,     289322,     289322,       66,   115200, 4c95a7dcdbbe4d1a46c0db526a74585f
0,     289389,     289389,       66,   115200, 1f8bcd0cd11439e1747bdc0625aa1ced
0,     289455,     289455,       66,   115200, b9d9a8cbf276e5b470659b42cafecaea
0,     289522,     289522,       66,   115200, e5aa7d397eda7ff789fa437e921c215e
0,     289589,     289589,       66,   115200, 66090d412f5a287ed81c8df09e0cb1ee
0,     289656,     289656,       66,   115200, 3508f8e98f2850969605fca116d0f2a2
0,     289722,     289722,       66,   115200, 47b17a773381424da7d50ac2d25756ef
0,     289789,     289789,       66,   115200, 9e4a748712b488844c0bc50c1d59e082
0,     289856,     289856,       66,   115200, 483fdf15dd41dbbbd97aaa7999ba8b60
0,     289922,     289922,       66,   115200, a7889e0694b385629ca4272bf9b4d9fe
0,     289989,     289989,       66,   115200, 3575aa6acbd622bd54a502034b985c7a
0,     290056,     290056,       66,   115200, c18aa66eadd437ea27fec34e5b9dd977
0,     290123,     290123,       66,   115200, 09082bff7a99df2a3adc1adb547d0491
0,     290189,     290189,       66,   115200, 1fc7b920b1a5bb38e6a7ad8b18000f6d
0,     290256,     290256,       66,   115200, 978d5ba6c9455cfa5b9af859737969bb
0,     290323,     290323,       66,   115200, 9d3d1e25c129e3f211100d602986f208
0,     290390,     290390,       66,   115200, 243dc0ba6c6bf90b3f13094e29ed7257
0,     290456,     290456,       66,   115200, 8a02f3f83c1c8e69d35c9c71703be4fd
0,     290523,     290523,       66,   115200, e069da55d621955f4b6535d640a8a346
0,     290590,     290590,       66,   115200, cdac17e8c952700bf8584812be432e8d
0,     290657,     290657,       66,   115200, 961fd3c198f62badeaf1dead746eebe3
0,     290723,     290723,       66,   115200, e2d4beb775c1bc8566658be39df9a380
0,     290790,     290790,       66,   115200, e1ad57c8467532e9b040416fe0dafd09
0,     290857,     290857,       66,   115200, 35b4c7170714dd056eb35936efd85758
0,     290923,     290923,       66,   115200, 76c072a1ea2b3cbae6ca9729c1163803
0,     290990,     290990,       66,   115200, 36b0822ee577f3261b42c45c150d9c9b
0,     291057,     291057,       66,   115200, ac89deabd17cade711df573f48c5f65b
0,     291124,     291124,       66,   115200, b495d7334ebc1729cad46b8ac5f15f0a
0,     291190,     291190,       66,   115200, 535488a7ce4051ca87f7f5dc87150228
0,     291257,     291257,       66,   115200, 3cad77534e84f1dcd5d097f21c9c5c28
0,     291324,     291324,       66,   115200, 56366fba248b3834e8916346d62297ea
0,     291391,     291391,       66,   115200, b65b564a1267d95808b252495ca70c0b
0,     291457,     291457,       66,   115200, 657eec7a40f13ae19f6fd41b752dd489
0,     291524,     291524,       66,   115200, 1de296eb2fb0e036ad75da15f3584e8e
0,     291591,     291591,       66,   115200, 5c15f0a3315549f22c42039dad14a5d3
0,     291658,     291658,       66,   115200, 2b1dbace3791e4a81cde4c8f74f5017c
0,     291724,     291724,       66,   115200, 0c99b7d62c214a1b571764057dcc7a1f
0,     291791,     291791,       66,   115200, 909771eca3c6332e99e2d66bcb34d428
0,     291858,     291858,       66,   115200, 7ecf3060db30915dc74b5c27c2fc67a6
0,     291924,     291924,       66,   115200, 518313afcc2b8f46c265b7487c80c361
0,     291991,     291991,       66,   115200, db91db1eefa778ceb993043f66febd3d
0,     292058,     292058,       66,   115200, 710724383b6191b513c3f9f3cd302a41
0,     292125,     292125,       66,   115200, 7ff3b947511b3babf27b79c23486f2ea
0,     292191,     292191,       66,   115200, 5748674ff7c0570ce38c172873636443
0,     292258,     292258,       66,   115200, e7d8e7d41209f3793092edca9e060615
0,     292325,     292325,       66,   115200, 7036736bf3010eb951be9c5955542474
0,     292392,     292392,       66,   115200, c3b957a63a5018b13494bb2cd6f8e3a3
0,     292458,     292458,       66,   115200, 06b369abfe818ac9df06e3226e1e7ecf
0,     292525,     292525,       66,   115200, ee3e8b56bbf5452b409676ba6954850d
0,     292592,     292592,       66,   115200, 92d0becb3df533cc5a0e47755e4bb4ab
0,     292659,     292659,       66,   115200, 67714888b39db792dcd2dde69f1d3c7e
0,     292725,     292725,       66,   115200, c14d3f52976ae36497a061104a456767
0,     292792,     292792,       66,   115200, 6823b013fae0bc53d340d26de92fd2e2
0,     292859,     292859,       66,   115200, f4f7ff9514b58f61e98ace3c35af89ef
0,     292925,     292925,       66,   115200, c584e7f333912e0a203c8787713239e0
0,     292992,     292992,       66,   115200, 83a7c7635f177108b3a4a6bd77603278
0,     293059,     293059,       66,   115200, 83124d4a76c29dfc562e9aa0dfa05dcd
0,     293126,     293126,       66,   115200, 6c054a2218298871f1e60d463e29023c
0,     293192,     293192,       66,   115200, cb30286c8b62c7778eed88baf1e7515b
0,     293259,     293259,       66,   115200, 04d688422dd4371d56577d2de5013f14
0,     293326,     293326,       66,   115200, 7cf46f8919a5c8468ee7f2a3f365056d
0,     293393,     293393,       66,   115200, 360ed087a3016515cc764f9c3ee70da6
0,     293459,     293459,       66,   115200, db0e2c8939f0216edecedc22fbf60bc6
0,     293526,     293526,       66,   115200, 8ea8d3b155361dbe92f54eee406d3433
0,     293593,     293593,       66,   115200, a43588af7b28e280ea7b18f87b371a0b
0,     293660,     293660,       66,   115200, 468df552f06bc98170d6133317e523cd
0,     293726,     293726,       66,   115200, 740687d5ad0c14321f3393bcc20fe5c1
0,     293793,     293793,       66,   115200, 82e9980a9a86c365c63e94b1413dc627
0,     293860,     293860,       66,   115200, 7dcce9ac5f83a1e2d9258a2b6edb89ea
0,     293926,     293926,       66,   115200, 73f247c94d007a434e63ba04377d4c21
0,     293993,     293993,       66,   115200, 6bbe2112745489c4791fd4dcfe5464c1
0,     294060,     294060,       66,   115200, 7062a558c70e6b8363709c76fdee194d
0,     294127,     294127,       66,   115200, 9e0262cb3adbe6fba442d4deb8fdf58a
0,     294193,     294193,       66,   115200, 51820bd66d85bd944854d2ee9970fc33
0,     294260,     294260,       66,   115200, 7d42d4e481059df816f0b4bff1ce8728
0,     294327,     294327,       66,   115200, c21dc63c1978538b8bca7052fa2024cf
0,     294394,     294394,       66,   115200, 0fd409d009e3cfbaab8053b5eae8800b
0,     294460,     294460,       66,   115200, 2e2f93b49420d30eb78547306ceffbba
0,     294527,     294527,       66,   115200, 7716470506c163aa0911d079b2e832f5
0,     294594,     294594,       66,   115200, 2ec59fd33f11726ffa03eac55403c582
0,     294661,     294661,       66,   115200, 75c9a4cf577d9df924e1a3d1d850d1ab
0,     294727,     294727,       66,   115200, 301211ce3678a9f7d4aa1337aed00a0b
0,     294794,     294794,       66,   115200, a98019df34bdd53df6f510de46c30146
0,     294861,     294861,       66,   115200, 962636f55df9e6e0ae99319c69dd0cc8
0,     294927,     294927,       66,   115200, 749f45946a6a472bf4d64f0c8a015f09
0,     294994,     294994,       66,   115200, d392008ab505cd3ca2ff6e0435b4a3f9
0,     295061,     295061,       66,   115200, 16d8fddc78ead5b1c33648800da73b58
0,     295128,     295128,       66,   115200, 9034bab85162ce91325991ca923920de
0,     295194,     295194,       66,   115200, 1c4acb3f8dc445256c6c4167cc0a8a28
0,     295261,     295261,       66,   115200, 8f0718d57c01b609bed69732c8a3fde9
0,     295328,     295328,       66,   115200, 6f6b04ce8c7c545d8c29fdec16b30550
0,     295395,     295395,       66,   115200, b85b5eaffdcc7d0c92cbee69cf80c566
0,     295461,     295461,       66,   115200, 5fa6ad4ade204c53bbde122cc2192a6f
0,     295528,     295528,       66,   115200, 77117fbbb2f0beed8cb9ebf93ac4f96b
0,     295595,     295595,       66,   115200, a0f8165f3c6d57192493c66d2d1fc270
0,     295662,     295662,       66,   115200, 976c16870df96a3d84a4676a48b88006
0,     295728,     295728,       66,   115200, 8ea6ea4e4d730ca0a87549901502a32d
0,     295795,     295795,       66,   115200, 48658d65019c9585580b1d97237e65bc
0,     295862,     295862,       66,   115200, ced554939c5bf97319b55b3a61d595e0
0,     295928,     295928,       66,   115200, 1d99d51043b2caf9129dae4514cf9ab7
0,     295995,     295995,       66,   115200, ddf001cd276489425f2638665dc3f6cd
0,     296062,     296062,       66,   115200, 2c862b335c5809d1ff98984f7293a8af
0,     296129,     296129,       66,   115200, 17bd19ef345c1a1394ef49e0ffb5e518
0,     296195,     296195,       66,   115200, c3488ba4c07b6228b5a85388a8484e35
0,     296262,     296262,       66,   115200, 6b089df678978a9377c87e33b8dcc983
0,     296329,     296329,       66,   115200, a5750114be596db2af4bebcb2a46d448
0,     296396,     296396,       66,   115200, 32d0a90f08981dcacb2ec5c77608273f
0,     296462,     296462,       66,   115200, db77cb9eaa612801b78af2c0dccf4d40
0,     296529,     296529,       66,   115200, 4e2c4e031fa49ba5b1a6352cf137e5ae
0,     296596,     296596,       66,   115200, f6a127f59e15c635c6cd1d373b662480
0,     296663,     296663,       66,   115200, 0a35d2b6c2bc3aecccd8ac906a49f5bf
0,     296729,     296729,       66,   115200, fa6a79109e22ec54f78f7798607a8990
0,     296796,     296796,       66,   115200, f5fd5bc85f0e9584df7b749aeb98e75c
0,     296863,     296863,       66,   115200, b779a0f95b4ff2f14b536f96d7d1592d
0,     296929,     296929,       66,   115200, c05bdc7204eaffccac62d20b100c9f12
0,     296996,     296996,       66,   115200, bb86f537d780bcf841d79a77a617d823
0,     297063,     297063,       66,   115200, 3e0b10d9af41c0a0ed0f98fdc5683010
0,     297130,     297130,       66,   115200, ce53cbc1166564dd7c3f363018955133
0,     297196,     297196,       66,   115200, 620af1da5216f7eeedb2ea5e984f73a4
0,     297263,     297263,       66,   115200, 82e8145e1e86332569975a73cf35d794
0,     297330,     297330,       66,   115200, 81705bfbf4052325e3b17cd3ff0deda0
0,     297397,     297397,       66,   115200, ad0a841faabaaedeba612a41a0aff738
0,     297463,     297463,       66,   115200, d3105035b35b32b6390235a3f0240dee
0,     297530,     297530,       66,   115200, 36d5c18a10a364025898214eea1c587f
0,     297597,     297597,       66,   115200, 44aa96bc871bc503f78a622621bf98dd
0,     297664,     297664,       66,   115200, 450581914e479c3f4eb018ccb0a59837
0,     297730,     297730,       66,   115200, 28552229554245a25d026b24876b63c5
0,     297797,     297797,       66,   115200, e80c955d46764947a25fab8d55c486e9
0,     297864,     297864,       66,   115200, ef9ee877c4db88d3d0c38abf7127631d
0,     297930,     297930,       66,   115200, 4062c9e37a1c4e64ff3b615fdad3fea0
0,     297997,     297997,       66,   115200, 7aa2c4f238121b7af63699bb5e8928c4
0,     298064,     298064,       66,   115200, 41db4b5987a47d9e721891115244aa5e
0,     298131,     298131,       66,   115200, 15d2b9cfae8ba0dd8ccedd8030c7e008
0,     298197,     298197,       66,   115200, 4781e6bb298c74bd08a68d9084d760d3
0,     298264,     298264,       66,   115200, 33cf0b4010f2c7dc539c67fe444a6ef6
0,     298331,     298331,       66,   115200, b55de27e125af1a51f5c5b377de3dc1f
0,     298398,     298398,       66,   115200, 0fa3dadbc7e77071c94b00fd8ad5ee6d
0,     298464,     298464,       66,   115200, 17271574820409c2a32ca25c36962b4a
0,     298531,     298531,       66,   115200, dadef6de190b231e065b804ef3cb2cef
0,     298598,     298598,       66,   115200, a7561ad05943ce705b059e396bd53d58
0,     298665,     298665,       66,   115200, 14da13a2f7b69c9c2cf9f08e0378a9d8
0,     298731,     298731,       66,   115200, bb0201e22471f0313a9120ec450576c3
0,     298798,     298798,       66,   115200, 5bbc91ca3af55c63a95c280fdc3184f4
0,     298865,     298865,       66,   115200, 20f425282e1d87bf20a30c6686cff354
0,     298931,     298931,       66,   115200, 88ebce92d55b79a4fb3694be004f122a
0,     298998,     298998,       66,   115200, 076ea7cd459c64ad79933132ce7846d1
0,     299065,     299065,       66,   115200, 6f73cac5daad604764d43fcb9edf9045
0,     299132,     299132,       66,   115200, d7acdb29ad32758be6998e391c8fa930
0,     299198,     299198,       66,   115200, e2a71ded049fe9bc9b5a44252880e0be
0,     299265,     299265,       66,   115200, b2b9d82f9afb4cc2b64e06be1c57e74d
0,     299332,     299332,       66,   115200, ee26877c360417ce78b5f18a47802bbb
0,     299399,     299399,       66,   115200, 9bcfab27267d136e83bcd143fa464782
0,     299465,     299465,       66,   115200, 3c9f0524f7204b6d020366cd03416064
0,     299532,     299532,       66,   115200, 5c84be5ef30bb46e7af65900be47c6c3
0,     299599,     299599,       66,   115200, dc0e6d9328422fab62202f9c37653b5f
0,     299666,     299666,       66,   115200, 88c2ecb537ee7f821b49bb7b29927366
0,     299732,     299732,       66,   115200, 70b317c7352a89b8df45ec496376642f
0,     299799,     299799,       66,   115200, b8f638eaf18d3f978a0d1195f3e4d469
0,     299866,     299866,       66,   115200, ca222d514a8ace6af09c4b8a902742ba
0,     299932,     299932,       66,   115200, a54c6e5c764f059a34d689db05d6918f
0,     299999,     299999,       66,   115200, 3f854a1f816d86d557b3ede793e61815
0,     300066,     300066,       66,   115200, 03faeb31fee3c3fed9cec16daf759dd9
0,     300133,     300133,       66,   115200, 0d4e7719452a16e0574dfd3f796cbefd
0,     300199,     300199,       66,   115200, 9137b422496f1b5f8029290ae0a7fe14
0,     300266,     300266,       66,   115200, 92fd75a0463ff2ee105b58b471064a6b
0,     300333,     300333,       66,   115200, 4b6aaafaf22801004bdf5627cdc15307
0,     300400,     300400,       66,   115200, 23e7358d0c36a988c9dc64c109baea74
0,     300466,     300466,       66,   115200, 82acd2d991e846ee3c43574557fff1d5
0,     300533,     300533,       66,   115200, 41b82e6a78cc0674f5e8d566426c354d
0,     300600,     300600,       66,   115200, fe7a7624af8288893427ba84bada31fd
0,     300667,     300667,       66,   115200, 45e80013b7c0f50a6612f7df76ec948e
0,     300733,     300733,       66,   115200, a7950d35ce4aa9aed62a0047f932af7a
0,     300800,     300800,       66,   115200, 37c2c6b67982cbd0126ed0eea2e8cc20
0,     300867,     300867,       66,   115200, aee227d46dbda12b4864291a2b36f1d2
0,     300933,     300933,       66,   115200, 22160514ad416e50fb8b96ec175bc70b
0,     301000,     301000,       66,   115200, e67432840013d3f053e65948dae4b2ae
0,     301067,     301067,       66,   115200, 0450795f739830259b14f29225c497b0
0,     301134,     301134,       66,   115200, 43b3b5c9e3ae3f6f4993dc35a1901b0a
0,     301200,     301200,       66,   115200, 8c9a9681893c9d84ef58b04e02e899c2
0,     301267,     301267,       66,   115200, 0ae819f6a1114e0da9b82f1429e45215
0,     301334,     301334,       66,   115200, b0cf9cabc9caecba4a4264eda9b5596e
0,     301401,     301401,       66,   115200, 5e152c47bd6fc57d7b90218042427893
0,     301467,     301467,       66,   115200, defc091a33a9182436c9aa61fdbb2642
0,     301534,     301534,       66,   115200, 1caf6463afdcd639cd8ba667df85a3aa
0,     301601,     301601,       66,   115200, b5c8f642092f0cbdffa6418a5aeae3f2
0,     301668,     301668,       66,   115200, 0ef835e00d9b5dd87fa1803d9c6c2778
0,     301734,     301734,       66,   115200, f38ea0113a640c9aa1ed4f2d6ead2835
0,     301801,     301801,       66,   115200, de9ddd1c9201cdfadc58331659d2dd28
0,     301868,     301868,       66,   115200, 6154ce511ed7535db2895ae6124513ae
0,     301934,     301934,       66,   115200, f157a93b3b197c1ea57ed2434ed76c6f
0,     302001,     302001,       66,   115200, 2ddfb221d9bce9878b98058d6e0c85dd
0,     302068,     302068,       66,   115200, 50658523e6f1e3bdc93168c37bcf3232
0,     302135,     302135,       66,   115200, 51ef43ab797a16cbbf60f770c37f7c17
0,     302201,     302201,       66,   115200, 5c71ca386cd8f5d548609cbb642d0c02
0,     302268,     302268,       66,   115200, 6724dee12a483991bb33d898753ae898
0,     302335,     302335,       66,   115200, 4a6d51107c2b3ccc73cae8b0bd95605e
0,     302402,     302402,       66,   115200, aad6f47b8aca7e2622c9c3f76450dbac
0,     302468,     302468,       66,   115200, 1d20f46cdcad5bc3bd8b2d7732af8953
0,     302535,     302535,       66,   115200, 731a6c4a4ec0811177e37c22f19751d6
0,     302602,     302602,       66,   115200, 2fb1af95e477d76f7963d73d9b422cba
