{
    "frames": [
        {
            "media_type": "video",
            "stream_index": 0,
            "key_frame": 1,
            "pts": 0,
            "pts_time": "0.000000",
            "pkt_dts": 0,
            "pkt_dts_time": "0.000000",
            "best_effort_timestamp": 0,
            "best_effort_timestamp_time": "0.000000",
            "duration": 1,
            "duration_time": "0.033367",
            "pkt_pos": "128740",
            "pkt_size": "120000",
            "width": 720,
            "height": 480,
            "crop_top": 0,
            "crop_bottom": 0,
            "crop_left": 0,
            "crop_right": 0,
            "pix_fmt": "yuv411p",
            "sample_aspect_ratio": "8:9",
            "pict_type": "I",
            "interlaced_frame": 1,
            "top_field_first": 0,
            "repeat_pict": 0,
            "chroma_location": "topleft"
        },
        {
            "media_type": "video",
            "stream_index": 0,
            "key_frame": 1,
            "pts": 1,
            "pts_time": "0.033367",
            "pkt_dts": 1,
            "pkt_dts_time": "0.033367",
            "best_effort_timestamp": 1,
            "best_effort_timestamp_time": "0.033367",
            "duration": 1,
            "duration_time": "0.033367",
            "pkt_pos": "248748",
            "pkt_size": "120000",
            "width": 720,
            "height": 480,
            "crop_top": 0,
            "crop_bottom": 0,
            "crop_left": 0,
            "crop_right": 0,
            "pix_fmt": "yuv411p",
            "sample_aspect_ratio": "8:9",
            "pict_type": "I",
            "interlaced_frame": 1,
            "top_field_first": 0,
            "repeat_pict": 0,
            "chroma_location": "topleft"
        },
        {
            "media_type": "video",
            "stream_index": 0,
            "key_frame": 1,
            "pts": 2,
            "pts_time": "0.066733",
            "pkt_dts": 2,
            "pkt_dts_time": "0.066733",
            "best_effort_timestamp": 2,
            "best_effort_timestamp_time": "0.066733",
            "duration": 1,
            "duration_time": "0.033367",
            "pkt_pos": "368756",
            "pkt_size": "120000",
            "width": 720,
            "height": 480,
            "crop_top": 0,
            "crop_bottom": 0,
            "crop_left": 0,
            "crop_right": 0,
            "pix_fmt": "yuv411p",
            "sample_aspect_ratio": "8:9",
            "pict_type": "I",
            "interlaced_frame": 1,
            "top_field_first": 0,
            "repeat_pict": 0,
            "chroma_location": "topleft"
        },
        {
            "media_type": "video",
            "stream_index": 0,
            "key_frame": 1,
            "pts": 3,
            "pts_time": "0.100100",
            "pkt_dts": 3,
            "pkt_dts_time": "0.100100",
            "best_effort_timestamp": 3,
            "best_effort_timestamp_time": "0.100100",
            "duration": 1,
            "duration_time": "0.033367",
            "pkt_pos": "488764",
            "pkt_size": "120000",
            "width": 720,
            "height": 480,
            "crop_top": 0,
            "crop_bottom": 0,
            "crop_left": 0,
            "crop_right": 0,
            "pix_fmt": "yuv411p",
            "sample_aspect_ratio": "8:9",
            "pict_type": "I",
            "interlaced_frame": 1,
            "top_field_first": 0,
            "repeat_pict": 0,
            "chroma_location": "topleft"
        },
        {
            "media_type": "video",
            "stream_index": 0,
            "key_frame": 1,
            "pts": 4,
            "pts_time": "0.133467",
            "pkt_dts": 4,
            "pkt_dts_time": "0.133467",
            "best_effort_timestamp": 4,
            "best_effort_timestamp_time": "0.133467",
            "duration": 1,
            "duration_time": "0.033367",
            "pkt_pos": "608772",
            "pkt_size": "120000",
            "width": 720,
            "height": 480,
            "crop_top": 0,
            "crop_bottom": 0,
            "crop_left": 0,
            "crop_right": 0,
            "pix_fmt": "yuv411p",
            "sample_aspect_ratio": "8:9",
            "pict_type": "I",
            "interlaced_frame": 1,
            "top_field_first": 0,
            "repeat_pict": 0,
            "chroma_location": "topleft"
        },
        {
            "media_type": "video",
            "stream_index": 0,
            "key_frame": 1,
            "pts": 5,
            "pts_time": "0.166833",
            "pkt_dts": 5,
            "pkt_dts_time": "0.166833",
            "best_effort_timestamp": 5,
            "best_effort_timestamp_time": "0.166833",
            "duration": 1,
            "duration_time": "0.033367",
            "pkt_pos": "728780",
            "pkt_size": "120000",
            "width": 720,
            "height": 480,
            "crop_top": 0,
            "crop_bottom": 0,
            "crop_left": 0,
            "crop_right": 0,
            "pix_fmt": "yuv411p",
            "sample_aspect_ratio": "8:9",
            "pict_type": "I",
            "interlaced_frame": 1,
            "top_field_first": 0,
            "repeat_pict": 0,
            "chroma_location": "topleft"
        },
        {
            "media_type": "video",
            "stream_index": 0,
            "key_frame": 1,
            "pts": 6,
            "pts_time": "0.200200",
            "pkt_dts": 6,
            "pkt_dts_time": "0.200200",
            "best_effort_timestamp": 6,
            "best_effort_timestamp_time": "0.200200",
            "duration": 1,
            "duration_time": "0.033367",
            "pkt_pos": "848788",
            "pkt_size": "120000",
            "width": 720,
            "height": 480,
            "crop_top": 0,
            "crop_bottom": 0,
            "crop_left": 0,
            "crop_right": 0,
            "pix_fmt": "yuv411p",
            "sample_aspect_ratio": "8:9",
            "pict_type": "I",
            "interlaced_frame": 1,
            "top_field_first": 0,
            "repeat_pict": 0,
            "chroma_location": "topleft"
        },
        {
            "media_type": "video",
            "stream_index": 0,
            "key_frame": 1,
            "pts": 7,
            "pts_time": "0.233567",
            "pkt_dts": 7,
            "pkt_dts_time": "0.233567",
            "best_effort_timestamp": 7,
            "best_effort_timestamp_time": "0.233567",
            "duration": 1,
            "duration_time": "0.033367",
            "pkt_pos": "968796",
            "pkt_size": "120000",
            "width": 720,
            "height": 480,
            "crop_top": 0,
            "crop_bottom": 0,
            "crop_left": 0,
            "crop_right": 0,
            "pix_fmt": "yuv411p",
            "sample_aspect_ratio": "8:9",
            "pict_type": "I",
            "interlaced_frame": 1,
            "top_field_first": 0,
            "repeat_pict": 0,
            "chroma_location": "topleft"
        },
        {
            "media_type": "video",
            "stream_index": 0,
            "key_frame": 1,
            "pts": 8,
            "pts_time": "0.266934",
            "pkt_dts": 8,
            "pkt_dts_time": "0.266934",
            "best_effort_timestamp": 8,
            "best_effort_timestamp_time": "0.266934",
            "duration": 1,
            "duration_time": "0.033367",
            "pkt_pos": "1088804",
            "pkt_size": "120000",
            "width": 720,
            "height": 480,
            "crop_top": 0,
            "crop_bottom": 0,
            "crop_left": 0,
            "crop_right": 0,
            "pix_fmt": "yuv411p",
            "sample_aspect_ratio": "8:9",
            "pict_type": "I",
            "interlaced_frame": 1,
            "top_field_first": 0,
            "repeat_pict": 0,
            "chroma_location": "topleft"
        },
        {
            "media_type": "video",
            "stream_index": 0,
            "key_frame": 1,
            "pts": 9,
            "pts_time": "0.300300",
            "pkt_dts": 9,
            "pkt_dts_time": "0.300300",
            "best_effort_timestamp": 9,
            "best_effort_timestamp_time": "0.300300",
            "duration": 1,
            "duration_time": "0.033367",
            "pkt_pos": "1208812",
            "pkt_size": "120000",
            "width": 720,
            "height": 480,
            "crop_top": 0,
            "crop_bottom": 0,
            "crop_left": 0,
            "crop_right": 0,
            "pix_fmt": "yuv411p",
            "sample_aspect_ratio": "8:9",
            "pict_type": "I",
            "interlaced_frame": 1,
            "top_field_first": 0,
            "repeat_pict": 0,
            "chroma_location": "topleft"
        },
        {
            "media_type": "video",
            "stream_index": 0,
            "key_frame": 1,
            "pts": 10,
            "pts_time": "0.333667",
            "pkt_dts": 10,
            "pkt_dts_time": "0.333667",
            "best_effort_timestamp": 10,
            "best_effort_timestamp_time": "0.333667",
            "duration": 1,
            "duration_time": "0.033367",
            "pkt_pos": "1328820",
            "pkt_size": "120000",
            "width": 720,
            "height": 480,
            "crop_top": 0,
            "crop_bottom": 0,
            "crop_left": 0,
            "crop_right": 0,
            "pix_fmt": "yuv411p",
            "sample_aspect_ratio": "8:9",
            "pict_type": "I",
            "interlaced_frame": 1,
            "top_field_first": 0,
            "repeat_pict": 0,
            "chroma_location": "topleft"
        },
        {
            "media_type": "video",
            "stream_index": 0,
            "key_frame": 1,
            "pts": 11,
            "pts_time": "0.367034",
            "pkt_dts": 11,
            "pkt_dts_time": "0.367034",
            "best_effort_timestamp": 11,
            "best_effort_timestamp_time": "0.367034",
            "duration": 1,
            "duration_time": "0.033367",
            "pkt_pos": "1448828",
            "pkt_size": "120000",
            "width": 720,
            "height": 480,
            "crop_top": 0,
            "crop_bottom": 0,
            "crop_left": 0,
            "crop_right": 0,
            "pix_fmt": "yuv411p",
            "sample_aspect_ratio": "8:9",
            "pict_type": "I",
            "interlaced_frame": 1,
            "top_field_first": 0,
            "repeat_pict": 0,
            "chroma_location": "topleft"
        },
        {
            "media_type": "video",
            "stream_index": 0,
            "key_frame": 1,
            "pts": 12,
            "pts_time": "0.400400",
            "pkt_dts": 12,
            "pkt_dts_time": "0.400400",
            "best_effort_timestamp": 12,
            "best_effort_timestamp_time": "0.400400",
            "duration": 1,
            "duration_time": "0.033367",
            "pkt_pos": "1568836",
            "pkt_size": "120000",
            "width": 720,
            "height": 480,
            "crop_top": 0,
            "crop_bottom": 0,
            "crop_left": 0,
            "crop_right": 0,
            "pix_fmt": "yuv411p",
            "sample_aspect_ratio": "8:9",
            "pict_type": "I",
            "interlaced_frame": 1,
            "top_field_first": 0,
            "repeat_pict": 0,
            "chroma_location": "topleft"
        },
        {
            "media_type": "video",
            "stream_index": 0,
            "key_frame": 1,
            "pts": 13,
            "pts_time": "0.433767",
            "pkt_dts": 13,
            "pkt_dts_time": "0.433767",
            "best_effort_timestamp": 13,
            "best_effort_timestamp_time": "0.433767",
            "duration": 1,
            "duration_time": "0.033367",
            "pkt_pos": "1688844",
            "pkt_size": "120000",
            "width": 720,
            "height": 480,
            "crop_top": 0,
            "crop_bottom": 0,
            "crop_left": 0,
            "crop_right": 0,
            "pix_fmt": "yuv411p",
            "sample_aspect_ratio": "8:9",
            "pict_type": "I",
            "interlaced_frame": 1,
            "top_field_first": 0,
            "repeat_pict": 0,
            "chroma_location": "topleft"
        },
        {
            "media_type": "video",
            "stream_index": 0,
            "key_frame": 1,
            "pts": 14,
            "pts_time": "0.467134",
            "pkt_dts": 14,
            "pkt_dts_time": "0.467134",
            "best_effort_timestamp": 14,
            "best_effort_timestamp_time": "0.467134",
            "duration": 1,
            "duration_time": "0.033367",
            "pkt_pos": "1808852",
            "pkt_size": "120000",
            "width": 720,
            "height": 480,
            "crop_top": 0,
            "crop_bottom": 0,
            "crop_left": 0,
            "crop_right": 0,
            "pix_fmt": "yuv411p",
            "sample_aspect_ratio": "8:9",
            "pict_type": "I",
            "interlaced_frame": 1,
            "top_field_first": 0,
            "repeat_pict": 0,
            "chroma_location": "topleft"
        },
        {
            "media_type": "video",
            "stream_index": 0,
            "key_frame": 1,
            "pts": 15,
            "pts_time": "0.500501",
            "pkt_dts": 15,
            "pkt_dts_time": "0.500501",
            "best_effort_timestamp": 15,
            "best_effort_timestamp_time": "0.500501",
            "duration": 1,
            "duration_time": "0.033367",
            "pkt_pos": "1928860",
            "pkt_size": "120000",
            "width": 720,
            "height": 480,
            "crop_top": 0,
            "crop_bottom": 0,
            "crop_left": 0,
            "crop_right": 0,
            "pix_fmt": "yuv411p",
            "sample_aspect_ratio": "8:9",
            "pict_type": "I",
            "interlaced_frame": 1,
            "top_field_first": 0,
            "repeat_pict": 0,
            "chroma_location": "topleft"
        },
        {
            "media_type": "video",
            "stream_index": 0,
            "key_frame": 1,
            "pts": 16,
            "pts_time": "0.533867",
            "pkt_dts": 16,
            "pkt_dts_time": "0.533867",
            "best_effort_timestamp": 16,
            "best_effort_timestamp_time": "0.533867",
            "duration": 1,
            "duration_time": "0.033367",
            "pkt_pos": "2048868",
            "pkt_size": "120000",
            "width": 720,
            "height": 480,
            "crop_top": 0,
            "crop_bottom": 0,
            "crop_left": 0,
            "crop_right": 0,
            "pix_fmt": "yuv411p",
            "sample_aspect_ratio": "8:9",
            "pict_type": "I",
            "interlaced_frame": 1,
            "top_field_first": 0,
            "repeat_pict": 0,
            "chroma_location": "topleft"
        },
        {
            "media_type": "video",
            "stream_index": 0,
            "key_frame": 1,
            "pts": 17,
            "pts_time": "0.567234",
            "pkt_dts": 17,
            "pkt_dts_time": "0.567234",
            "best_effort_timestamp": 17,
            "best_effort_timestamp_time": "0.567234",
            "duration": 1,
            "duration_time": "0.033367",
            "pkt_pos": "2168876",
            "pkt_size": "120000",
            "width": 720,
            "height": 480,
            "crop_top": 0,
            "crop_bottom": 0,
            "crop_left": 0,
            "crop_right": 0,
            "pix_fmt": "yuv411p",
            "sample_aspect_ratio": "8:9",
            "pict_type": "I",
            "interlaced_frame": 1,
            "top_field_first": 0,
            "repeat_pict": 0,
            "chroma_location": "topleft"
        },
        {
            "media_type": "video",
            "stream_index": 0,
            "key_frame": 1,
            "pts": 18,
            "pts_time": "0.600601",
            "pkt_dts": 18,
            "pkt_dts_time": "0.600601",
            "best_effort_timestamp": 18,
            "best_effort_timestamp_time": "0.600601",
            "duration": 1,
            "duration_time": "0.033367",
            "pkt_pos": "2288884",
            "pkt_size": "120000",
            "width": 720,
            "height": 480,
            "crop_top": 0,
            "crop_bottom": 0,
            "crop_left": 0,
            "crop_right": 0,
            "pix_fmt": "yuv411p",
            "sample_aspect_ratio": "8:9",
            "pict_type": "I",
            "interlaced_frame": 1,
            "top_field_first": 0,
            "repeat_pict": 0,
            "chroma_location": "topleft"
        },
        {
            "media_type": "video",
            "stream_index": 0,
            "key_frame": 1,
            "pts": 19,
            "pts_time": "0.633967",
            "pkt_dts": 19,
            "pkt_dts_time": "0.633967",
            "best_effort_timestamp": 19,
            "best_effort_timestamp_time": "0.633967",
            "duration": 1,
            "duration_time": "0.033367",
            "pkt_pos": "2408892",
            "pkt_size": "120000",
            "width": 720,
            "height": 480,
            "crop_top": 0,
            "crop_bottom": 0,
            "crop_left": 0,
            "crop_right": 0,
            "pix_fmt": "yuv411p",
            "sample_aspect_ratio": "8:9",
            "pict_type": "I",
            "interlaced_frame": 1,
            "top_field_first": 0,
            "repeat_pict": 0,
            "chroma_location": "topleft"
        },
        {
            "media_type": "video",
            "stream_index": 0,
            "key_frame": 1,
            "pts": 20,
            "pts_time": "0.667334",
            "pkt_dts": 20,
            "pkt_dts_time": "0.667334",
            "best_effort_timestamp": 20,
            "best_effort_timestamp_time": "0.667334",
            "duration": 1,
            "duration_time": "0.033367",
            "pkt_pos": "2528900",
            "pkt_size": "120000",
            "width": 720,
            "height": 480,
            "crop_top": 0,
            "crop_bottom": 0,
            "crop_left": 0,
            "crop_right": 0,
            "pix_fmt": "yuv411p",
            "sample_aspect_ratio": "8:9",
            "pict_type": "I",
            "interlaced_frame": 1,
            "top_field_first": 0,
            "repeat_pict": 0,
            "chroma_location": "topleft"
        },
        {
            "media_type": "video",
            "stream_index": 0,
            "key_frame": 1,
            "pts": 21,
            "pts_time": "0.700701",
            "pkt_dts": 21,
            "pkt_dts_time": "0.700701",
            "best_effort_timestamp": 21,
            "best_effort_timestamp_time": "0.700701",
            "duration": 1,
            "duration_time": "0.033367",
            "pkt_pos": "2648908",
            "pkt_size": "120000",
            "width": 720,
            "height": 480,
            "crop_top": 0,
            "crop_bottom": 0,
            "crop_left": 0,
            "crop_right": 0,
            "pix_fmt": "yuv411p",
            "sample_aspect_ratio": "8:9",
            "pict_type": "I",
            "interlaced_frame": 1,
            "top_field_first": 0,
            "repeat_pict": 0,
            "chroma_location": "topleft"
        },
        {
            "media_type": "video",
            "stream_index": 0,
            "key_frame": 1,
            "pts": 22,
            "pts_time": "0.734067",
            "pkt_dts": 22,
            "pkt_dts_time": "0.734067",
            "best_effort_timestamp": 22,
            "best_effort_timestamp_time": "0.734067",
            "duration": 1,
            "duration_time": "0.033367",
            "pkt_pos": "2768916",
            "pkt_size": "120000",
            "width": 720,
            "height": 480,
            "crop_top": 0,
            "crop_bottom": 0,
            "crop_left": 0,
            "crop_right": 0,
            "pix_fmt": "yuv411p",
            "sample_aspect_ratio": "8:9",
            "pict_type": "I",
            "interlaced_frame": 1,
            "top_field_first": 0,
            "repeat_pict": 0,
            "chroma_location": "topleft"
        },
        {
            "media_type": "video",
            "stream_index": 0,
            "key_frame": 1,
            "pts": 23,
            "pts_time": "0.767434",
            "pkt_dts": 23,
            "pkt_dts_time": "0.767434",
            "best_effort_timestamp": 23,
            "best_effort_timestamp_time": "0.767434",
            "duration": 1,
            "duration_time": "0.033367",
            "pkt_pos": "2888924",
            "pkt_size": "120000",
            "width": 720,
            "height": 480,
            "crop_top": 0,
            "crop_bottom": 0,
            "crop_left": 0,
            "crop_right": 0,
            "pix_fmt": "yuv411p",
            "sample_aspect_ratio": "8:9",
            "pict_type": "I",
            "interlaced_frame": 1,
            "top_field_first": 0,
            "repeat_pict": 0,
            "chroma_location": "topleft"
        },
        {
            "media_type": "video",
            "stream_index": 0,
            "key_frame": 1,
            "pts": 24,
            "pts_time": "0.800801",
            "pkt_dts": 24,
            "pkt_dts_time": "0.800801",
            "best_effort_timestamp": 24,
            "best_effort_timestamp_time": "0.800801",
            "duration": 1,
            "duration_time": "0.033367",
            "pkt_pos": "3008932",
            "pkt_size": "120000",
            "width": 720,
            "height": 480,
            "crop_top": 0,
            "crop_bottom": 0,
            "crop_left": 0,
            "crop_right": 0,
            "pix_fmt": "yuv411p",
            "sample_aspect_ratio": "8:9",
            "pict_type": "I",
            "interlaced_frame": 1,
            "top_field_first": 0,
            "repeat_pict": 0,
            "chroma_location": "topleft"
        },
        {
            "media_type": "video",
            "stream_index": 0,
            "key_frame": 1,
            "pts": 25,
            "pts_time": "0.834167",
            "pkt_dts": 25,
            "pkt_dts_time": "0.834167",
            "best_effort_timestamp": 25,
            "best_effort_timestamp_time": "0.834167",
            "duration": 1,
            "duration_time": "0.033367",
            "pkt_pos": "3128940",
            "pkt_size": "120000",
            "width": 720,
            "height": 480,
            "crop_top": 0,
            "crop_bottom": 0,
            "crop_left": 0,
            "crop_right": 0,
            "pix_fmt": "yuv411p",
            "sample_aspect_ratio": "8:9",
            "pict_type": "I",
            "interlaced_frame": 1,
            "top_field_first": 0,
            "repeat_pict": 0,
            "chroma_location": "topleft"
        },
        {
            "media_type": "video",
            "stream_index": 0,
            "key_frame": 1,
            "pts": 26,
            "pts_time": "0.867534",
            "pkt_dts": 26,
            "pkt_dts_time": "0.867534",
            "best_effort_timestamp": 26,
            "best_effort_timestamp_time": "0.867534",
            "duration": 1,
            "duration_time": "0.033367",
            "pkt_pos": "3248948",
            "pkt_size": "120000",
            "width": 720,
            "height": 480,
            "crop_top": 0,
            "crop_bottom": 0,
            "crop_left": 0,
            "crop_right": 0,
            "pix_fmt": "yuv411p",
            "sample_aspect_ratio": "8:9",
            "pict_type": "I",
            "interlaced_frame": 1,
            "top_field_first": 0,
            "repeat_pict": 0,
            "chroma_location": "topleft"
        },
        {
            "media_type": "video",
            "stream_index": 0,
            "key_frame": 1,
            "pts": 27,
            "pts_time": "0.900901",
            "pkt_dts": 27,
            "pkt_dts_time": "0.900901",
            "best_effort_timestamp": 27,
            "best_effort_timestamp_time": "0.900901",
            "duration": 1,
            "duration_time": "0.033367",
            "pkt_pos": "3368956",
            "pkt_size": "120000",
            "width": 720,
            "height": 480,
            "crop_top": 0,
            "crop_bottom": 0,
            "crop_left": 0,
            "crop_right": 0,
            "pix_fmt": "yuv411p",
            "sample_aspect_ratio": "8:9",
            "pict_type": "I",
            "interlaced_frame": 1,
            "top_field_first": 0,
            "repeat_pict": 0,
            "chroma_location": "topleft"
        },
        {
            "media_type": "video",
            "stream_index": 0,
            "key_frame": 1,
            "pts": 28,
            "pts_time": "0.934268",
            "pkt_dts": 28,
            "pkt_dts_time": "0.934268",
            "best_effort_timestamp": 28,
            "best_effort_timestamp_time": "0.934268",
            "duration": 1,
            "duration_time": "0.033367",
            "pkt_pos": "3488964",
            "pkt_size": "120000",
            "width": 720,
            "height": 480,
            "crop_top": 0,
            "crop_bottom": 0,
            "crop_left": 0,
            "crop_right": 0,
            "pix_fmt": "yuv411p",
            "sample_aspect_ratio": "8:9",
            "pict_type": "I",
            "interlaced_frame": 1,
            "top_field_first": 0,
            "repeat_pict": 0,
            "chroma_location": "topleft"
        },
        {
            "media_type": "video",
            "stream_index": 0,
            "key_frame": 1,
            "pts": 29,
            "pts_time": "0.967634",
            "pkt_dts": 29,
            "pkt_dts_time": "0.967634",
            "best_effort_timestamp": 29,
            "best_effort_timestamp_time": "0.967634",
            "duration": 1,
            "duration_time": "0.033367",
            "pkt_pos": "3794764",
            "pkt_size": "120000",
            "width": 720,
            "height": 480,
            "crop_top": 0,
            "crop_bottom": 0,
            "crop_left": 0,
            "crop_right": 0,
            "pix_fmt": "yuv411p",
            "sample_aspect_ratio": "8:9",
            "pict_type": "I",
            "interlaced_frame": 1,
            "top_field_first": 0,
            "repeat_pict": 0,
            "chroma_location": "topleft"
        },
        {
            "media_type": "video",
            "stream_index": 0,
            "key_frame": 1,
            "pts": 30,
            "pts_time": "1.001001",
            "pkt_dts": 30,
            "pkt_dts_time": "1.001001",
            "best_effort_timestamp": 30,
            "best_effort_timestamp_time": "1.001001",
            "duration": 1,
            "duration_time": "0.033367",
            "pkt_pos": "3914772",
            "pkt_size": "120000",
            "width": 720,
            "height": 480,
            "crop_top": 0,
            "crop_bottom": 0,
            "crop_left": 0,
            "crop_right": 0,
            "pix_fmt": "yuv411p",
            "sample_aspect_ratio": "8:9",
            "pict_type": "I",
            "interlaced_frame": 1,
            "top_field_first": 0,
            "repeat_pict": 0,
            "chroma_location": "topleft"
        },
        {
            "media_type": "video",
            "stream_index": 0,
            "key_frame": 1,
            "pts": 31,
            "pts_time": "1.034368",
            "pkt_dts": 31,
            "pkt_dts_time": "1.034368",
            "best_effort_timestamp": 31,
            "best_effort_timestamp_time": "1.034368",
            "duration": 1,
            "duration_time": "0.033367",
            "pkt_pos": "4034780",
            "pkt_size": "120000",
            "width": 720,
            "height": 480,
            "crop_top": 0,
            "crop_bottom": 0,
            "crop_left": 0,
            "crop_right": 0,
            "pix_fmt": "yuv411p",
            "sample_aspect_ratio": "8:9",
            "pict_type": "I",
            "interlaced_frame": 1,
            "top_field_first": 0,
            "repeat_pict": 0,
            "chroma_location": "topleft"
        },
        {
            "media_type": "video",
            "stream_index": 0,
            "key_frame": 1,
            "pts": 32,
            "pts_time": "1.067734",
            "pkt_dts": 32,
            "pkt_dts_time": "1.067734",
            "best_effort_timestamp": 32,
            "best_effort_timestamp_time": "1.067734",
            "duration": 1,
            "duration_time": "0.033367",
            "pkt_pos": "4154788",
            "pkt_size": "120000",
            "width": 720,
            "height": 480,
            "crop_top": 0,
            "crop_bottom": 0,
            "crop_left": 0,
            "crop_right": 0,
            "pix_fmt": "yuv411p",
            "sample_aspect_ratio": "8:9",
            "pict_type": "I",
            "interlaced_frame": 1,
            "top_field_first": 0,
            "repeat_pict": 0,
            "chroma_location": "topleft"
        },
        {
            "media_type": "video",
            "stream_index": 0,
            "key_frame": 1,
            "pts": 33,
            "pts_time": "1.101101",
            "pkt_dts": 33,
            "pkt_dts_time": "1.101101",
            "best_effort_timestamp": 33,
            "best_effort_timestamp_time": "1.101101",
            "duration": 1,
            "duration_time": "0.033367",
            "pkt_pos": "4274796",
            "pkt_size": "120000",
            "width": 720,
            "height": 480,
            "crop_top": 0,
            "crop_bottom": 0,
            "crop_left": 0,
            "crop_right": 0,
            "pix_fmt": "yuv411p",
            "sample_aspect_ratio": "8:9",
            "pict_type": "I",
            "interlaced_frame": 1,
            "top_field_first": 0,
            "repeat_pict": 0,
            "chroma_location": "topleft"
        },
        {
            "media_type": "video",
            "stream_index": 0,
            "key_frame": 1,
            "pts": 34,
            "pts_time": "1.134468",
            "pkt_dts": 34,
            "pkt_dts_time": "1.134468",
            "best_effort_timestamp": 34,
            "best_effort_timestamp_time": "1.134468",
            "duration": 1,
            "duration_time": "0.033367",
            "pkt_pos": "4394804",
            "pkt_size": "120000",
            "width": 720,
            "height": 480,
            "crop_top": 0,
            "crop_bottom": 0,
            "crop_left": 0,
            "crop_right": 0,
            "pix_fmt": "yuv411p",
            "sample_aspect_ratio": "8:9",
            "pict_type": "I",
            "interlaced_frame": 1,
            "top_field_first": 0,
            "repeat_pict": 0,
            "chroma_location": "topleft"
        },
        {
            "media_type": "video",
            "stream_index": 0,
            "key_frame": 1,
            "pts": 35,
            "pts_time": "1.167834",
            "pkt_dts": 35,
            "pkt_dts_time": "1.167834",
            "best_effort_timestamp": 35,
            "best_effort_timestamp_time": "1.167834",
            "duration": 1,
            "duration_time": "0.033367",
            "pkt_pos": "4514812",
            "pkt_size": "120000",
            "width": 720,
            "height": 480,
            "crop_top": 0,
            "crop_bottom": 0,
            "crop_left": 0,
            "crop_right": 0,
            "pix_fmt": "yuv411p",
            "sample_aspect_ratio": "8:9",
            "pict_type": "I",
            "interlaced_frame": 1,
            "top_field_first": 0,
            "repeat_pict": 0,
            "chroma_location": "topleft"
        },
        {
            "media_type": "video",
            "stream_index": 0,
            "key_frame": 1,
            "pts": 36,
            "pts_time": "1.201201",
            "pkt_dts": 36,
            "pkt_dts_time": "1.201201",
            "best_effort_timestamp": 36,
            "best_effort_timestamp_time": "1.201201",
            "duration": 1,
            "duration_time": "0.033367",
            "pkt_pos": "4634820",
            "pkt_size": "120000",
            "width": 720,
            "height": 480,
            "crop_top": 0,
            "crop_bottom": 0,
            "crop_left": 0,
            "crop_right": 0,
            "pix_fmt": "yuv411p",
            "sample_aspect_ratio": "8:9",
            "pict_type": "I",
            "interlaced_frame": 1,
            "top_field_first": 0,
            "repeat_pict": 0,
            "chroma_location": "topleft"
        },
        {
            "media_type": "video",
            "stream_index": 0,
            "key_frame": 1,
            "pts": 37,
            "pts_time": "1.234568",
            "pkt_dts": 37,
            "pkt_dts_time": "1.234568",
            "best_effort_timestamp": 37,
            "best_effort_timestamp_time": "1.234568",
            "duration": 1,
            "duration_time": "0.033367",
            "pkt_pos": "4754828",
            "pkt_size": "120000",
            "width": 720,
            "height": 480,
            "crop_top": 0,
            "crop_bottom": 0,
            "crop_left": 0,
            "crop_right": 0,
            "pix_fmt": "yuv411p",
            "sample_aspect_ratio": "8:9",
            "pict_type": "I",
            "interlaced_frame": 1,
            "top_field_first": 0,
            "repeat_pict": 0,
            "chroma_location": "topleft"
        },
        {
            "media_type": "video",
            "stream_index": 0,
            "key_frame": 1,
            "pts": 38,
            "pts_time": "1.267935",
            "pkt_dts": 38,
            "pkt_dts_time": "1.267935",
            "best_effort_timestamp": 38,
            "best_effort_timestamp_time": "1.267935",
            "duration": 1,
            "duration_time": "0.033367",
            "pkt_pos": "4874836",
            "pkt_size": "120000",
            "width": 720,
            "height": 480,
            "crop_top": 0,
            "crop_bottom": 0,
            "crop_left": 0,
            "crop_right": 0,
            "pix_fmt": "yuv411p",
            "sample_aspect_ratio": "8:9",
            "pict_type": "I",
            "interlaced_frame": 1,
            "top_field_first": 0,
            "repeat_pict": 0,
            "chroma_location": "topleft"
        },
        {
            "media_type": "video",
            "stream_index": 0,
            "key_frame": 1,
            "pts": 39,
            "pts_time": "1.301301",
            "pkt_dts": 39,
            "pkt_dts_time": "1.301301",
            "best_effort_timestamp": 39,
            "best_effort_timestamp_time": "1.301301",
            "duration": 1,
            "duration_time": "0.033367",
            "pkt_pos": "4994844",
            "pkt_size": "120000",
            "width": 720,
            "height": 480,
            "crop_top": 0,
            "crop_bottom": 0,
            "crop_left": 0,
            "crop_right": 0,
            "pix_fmt": "yuv411p",
            "sample_aspect_ratio": "8:9",
            "pict_type": "I",
            "interlaced_frame": 1,
            "top_field_first": 0,
            "repeat_pict": 0,
            "chroma_location": "topleft"
        },
        {
            "media_type": "video",
            "stream_index": 0,
            "key_frame": 1,
            "pts": 40,
            "pts_time": "1.334668",
            "pkt_dts": 40,
            "pkt_dts_time": "1.334668",
            "best_effort_timestamp": 40,
            "best_effort_timestamp_time": "1.334668",
            "duration": 1,
            "duration_time": "0.033367",
            "pkt_pos": "5114852",
            "pkt_size": "120000",
            "width": 720,
            "height": 480,
            "crop_top": 0,
            "crop_bottom": 0,
            "crop_left": 0,
            "crop_right": 0,
            "pix_fmt": "yuv411p",
            "sample_aspect_ratio": "8:9",
            "pict_type": "I",
            "interlaced_frame": 1,
            "top_field_first": 0,
            "repeat_pict": 0,
            "chroma_location": "topleft"
        },
        {
            "media_type": "video",
            "stream_index": 0,
            "key_frame": 1,
            "pts": 41,
            "pts_time": "1.368035",
            "pkt_dts": 41,
            "pkt_dts_time": "1.368035",
            "best_effort_timestamp": 41,
            "best_effort_timestamp_time": "1.368035",
            "duration": 1,
            "duration_time": "0.033367",
            "pkt_pos": "5234860",
            "pkt_size": "120000",
            "width": 720,
            "height": 480,
            "crop_top": 0,
            "crop_bottom": 0,
            "crop_left": 0,
            "crop_right": 0,
            "pix_fmt": "yuv411p",
            "sample_aspect_ratio": "8:9",
            "pict_type": "I",
            "interlaced_frame": 1,
            "top_field_first": 0,
            "repeat_pict": 0,
            "chroma_location": "topleft"
        },
        {
            "media_type": "video",
            "stream_index": 0,
            "key_frame": 1,
            "pts": 42,
            "pts_time": "1.401401",
            "pkt_dts": 42,
            "pkt_dts_time": "1.401401",
            "best_effort_timestamp": 42,
            "best_effort_timestamp_time": "1.401401",
            "duration": 1,
            "duration_time": "0.033367",
            "pkt_pos": "5354868",
            "pkt_size": "120000",
            "width": 720,
            "height": 480,
            "crop_top": 0,
            "crop_bottom": 0,
            "crop_left": 0,
            "crop_right": 0,
            "pix_fmt": "yuv411p",
            "sample_aspect_ratio": "8:9",
            "pict_type": "I",
            "interlaced_frame": 1,
            "top_field_first": 0,
            "repeat_pict": 0,
            "chroma_location": "topleft"
        },
        {
            "media_type": "video",
            "stream_index": 0,
            "key_frame": 1,
            "pts": 43,
            "pts_time": "1.434768",
            "pkt_dts": 43,
            "pkt_dts_time": "1.434768",
            "best_effort_timestamp": 43,
            "best_effort_timestamp_time": "1.434768",
            "duration": 1,
            "duration_time": "0.033367",
            "pkt_pos": "5474876",
            "pkt_size": "120000",
            "width": 720,
            "height": 480,
            "crop_top": 0,
            "crop_bottom": 0,
            "crop_left": 0,
            "crop_right": 0,
            "pix_fmt": "yuv411p",
            "sample_aspect_ratio": "8:9",
            "pict_type": "I",
            "interlaced_frame": 1,
            "top_field_first": 0,
            "repeat_pict": 0,
            "chroma_location": "topleft"
        },
        {
            "media_type": "video",
            "stream_index": 0,
            "key_frame": 1,
            "pts": 44,
            "pts_time": "1.468135",
            "pkt_dts": 44,
            "pkt_dts_time": "1.468135",
            "best_effort_timestamp": 44,
            "best_effort_timestamp_time": "1.468135",
            "duration": 1,
            "duration_time": "0.033367",
            "pkt_pos": "5594884",
            "pkt_size": "120000",
            "width": 720,
            "height": 480,
            "crop_top": 0,
            "crop_bottom": 0,
            "crop_left": 0,
            "crop_right": 0,
            "pix_fmt": "yuv411p",
            "sample_aspect_ratio": "8:9",
            "pict_type": "I",
            "interlaced_frame": 1,
            "top_field_first": 0,
            "repeat_pict": 0,
            "chroma_location": "topleft"
        },
        {
            "media_type": "video",
            "stream_index": 0,
            "key_frame": 1,
            "pts": 45,
            "pts_time": "1.501502",
            "pkt_dts": 45,
            "pkt_dts_time": "1.501502",
            "best_effort_timestamp": 45,
            "best_effort_timestamp_time": "1.501502",
            "duration": 1,
            "duration_time": "0.033367",
            "pkt_pos": "5714892",
            "pkt_size": "120000",
            "width": 720,
            "height": 480,
            "crop_top": 0,
            "crop_bottom": 0,
            "crop_left": 0,
            "crop_right": 0,
            "pix_fmt": "yuv411p",
            "sample_aspect_ratio": "8:9",
            "pict_type": "I",
            "interlaced_frame": 1,
            "top_field_first": 0,
            "repeat_pict": 0,
            "chroma_location": "topleft"
        },
        {
            "media_type": "video",
            "stream_index": 0,
            "key_frame": 1,
            "pts": 46,
            "pts_time": "1.534868",
            "pkt_dts": 46,
            "pkt_dts_time": "1.534868",
            "best_effort_timestamp": 46,
            "best_effort_timestamp_time": "1.534868",
            "duration": 1,
            "duration_time": "0.033367",
            "pkt_pos": "5834900",
            "pkt_size": "120000",
            "width": 720,
            "height": 480,
            "crop_top": 0,
            "crop_bottom": 0,
            "crop_left": 0,
            "crop_right": 0,
            "pix_fmt": "yuv411p",
            "sample_aspect_ratio": "8:9",
            "pict_type": "I",
            "interlaced_frame": 1,
            "top_field_first": 0,
            "repeat_pict": 0,
            "chroma_location": "topleft"
        },
        {
            "media_type": "video",
            "stream_index": 0,
            "key_frame": 1,
            "pts": 47,
            "pts_time": "1.568235",
            "pkt_dts": 47,
            "pkt_dts_time": "1.568235",
            "best_effort_timestamp": 47,
            "best_effort_timestamp_time": "1.568235",
            "duration": 1,
            "duration_time": "0.033367",
            "pkt_pos": "5954908",
            "pkt_size": "120000",
            "width": 720,
            "height": 480,
            "crop_top": 0,
            "crop_bottom": 0,
            "crop_left": 0,
            "crop_right": 0,
            "pix_fmt": "yuv411p",
            "sample_aspect_ratio": "8:9",
            "pict_type": "I",
            "interlaced_frame": 1,
            "top_field_first": 0,
            "repeat_pict": 0,
            "chroma_location": "topleft"
        },
        {
            "media_type": "video",
            "stream_index": 0,
            "key_frame": 1,
            "pts": 48,
            "pts_time": "1.601602",
            "pkt_dts": 48,
            "pkt_dts_time": "1.601602",
            "best_effort_timestamp": 48,
            "best_effort_timestamp_time": "1.601602",
            "duration": 1,
            "duration_time": "0.033367",
            "pkt_pos": "6074916",
            "pkt_size": "120000",
            "width": 720,
            "height": 480,
            "crop_top": 0,
            "crop_bottom": 0,
            "crop_left": 0,
            "crop_right": 0,
            "pix_fmt": "yuv411p",
            "sample_aspect_ratio": "8:9",
            "pict_type": "I",
            "interlaced_frame": 1,
            "top_field_first": 0,
            "repeat_pict": 0,
            "chroma_location": "topleft"
        },
        {
            "media_type": "video",
            "stream_index": 0,
            "key_frame": 1,
            "pts": 49,
            "pts_time": "1.634968",
            "pkt_dts": 49,
            "pkt_dts_time": "1.634968",
            "best_effort_timestamp": 49,
            "best_effort_timestamp_time": "1.634968",
            "duration": 1,
            "duration_time": "0.033367",
            "pkt_pos": "6194924",
            "pkt_size": "120000",
            "width": 720,
            "height": 480,
            "crop_top": 0,
            "crop_bottom": 0,
            "crop_left": 0,
            "crop_right": 0,
            "pix_fmt": "yuv411p",
            "sample_aspect_ratio": "8:9",
            "pict_type": "I",
            "interlaced_frame": 1,
            "top_field_first": 0,
            "repeat_pict": 0,
            "chroma_location": "topleft"
        },
        {
            "media_type": "video",
            "stream_index": 0,
            "key_frame": 1,
            "pts": 50,
            "pts_time": "1.668335",
            "pkt_dts": 50,
            "pkt_dts_time": "1.668335",
            "best_effort_timestamp": 50,
            "best_effort_timestamp_time": "1.668335",
            "duration": 1,
            "duration_time": "0.033367",
            "pkt_pos": "6314932",
            "pkt_size": "120000",
            "width": 720,
            "height": 480,
            "crop_top": 0,
            "crop_bottom": 0,
            "crop_left": 0,
            "crop_right": 0,
            "pix_fmt": "yuv411p",
            "sample_aspect_ratio": "8:9",
            "pict_type": "I",
            "interlaced_frame": 1,
            "top_field_first": 0,
            "repeat_pict": 0,
            "chroma_location": "topleft"
        },
        {
            "media_type": "video",
            "stream_index": 0,
            "key_frame": 1,
            "pts": 51,
            "pts_time": "1.701702",
            "pkt_dts": 51,
            "pkt_dts_time": "1.701702",
            "best_effort_timestamp": 51,
            "best_effort_timestamp_time": "1.701702",
            "duration": 1,
            "duration_time": "0.033367",
            "pkt_pos": "6434940",
            "pkt_size": "120000",
            "width": 720,
            "height": 480,
            "crop_top": 0,
            "crop_bottom": 0,
            "crop_left": 0,
            "crop_right": 0,
            "pix_fmt": "yuv411p",
            "sample_aspect_ratio": "8:9",
            "pict_type": "I",
            "interlaced_frame": 1,
            "top_field_first": 0,
            "repeat_pict": 0,
            "chroma_location": "topleft"
        },
        {
            "media_type": "video",
            "stream_index": 0,
            "key_frame": 1,
            "pts": 52,
            "pts_time": "1.735068",
            "pkt_dts": 52,
            "pkt_dts_time": "1.735068",
            "best_effort_timestamp": 52,
            "best_effort_timestamp_time": "1.735068",
            "duration": 1,
            "duration_time": "0.033367",
            "pkt_pos": "6554948",
            "pkt_size": "120000",
            "width": 720,
            "height": 480,
            "crop_top": 0,
            "crop_bottom": 0,
            "crop_left": 0,
            "crop_right": 0,
            "pix_fmt": "yuv411p",
            "sample_aspect_ratio": "8:9",
            "pict_type": "I",
            "interlaced_frame": 1,
            "top_field_first": 0,
            "repeat_pict": 0,
            "chroma_location": "topleft"
        },
        {
            "media_type": "video",
            "stream_index": 0,
            "key_frame": 1,
            "pts": 53,
            "pts_time": "1.768435",
            "pkt_dts": 53,
            "pkt_dts_time": "1.768435",
            "best_effort_timestamp": 53,
            "best_effort_timestamp_time": "1.768435",
            "duration": 1,
            "duration_time": "0.033367",
            "pkt_pos": "6674956",
            "pkt_size": "120000",
            "width": 720,
            "height": 480,
            "crop_top": 0,
            "crop_bottom": 0,
            "crop_left": 0,
            "crop_right": 0,
            "pix_fmt": "yuv411p",
            "sample_aspect_ratio": "8:9",
            "pict_type": "I",
            "interlaced_frame": 1,
            "top_field_first": 0,
            "repeat_pict": 0,
            "chroma_location": "topleft"
        },
        {
            "media_type": "video",
            "stream_index": 0,
            "key_frame": 1,
            "pts": 54,
            "pts_time": "1.801802",
            "pkt_dts": 54,
            "pkt_dts_time": "1.801802",
            "best_effort_timestamp": 54,
            "best_effort_timestamp_time": "1.801802",
            "duration": 1,
            "duration_time": "0.033367",
            "pkt_pos": "6794964",
            "pkt_size": "120000",
            "width": 720,
            "height": 480,
            "crop_top": 0,
            "crop_bottom": 0,
            "crop_left": 0,
            "crop_right": 0,
            "pix_fmt": "yuv411p",
            "sample_aspect_ratio": "8:9",
            "pict_type": "I",
            "interlaced_frame": 1,
            "top_field_first": 0,
            "repeat_pict": 0,
            "chroma_location": "topleft"
        },
        {
            "media_type": "video",
            "stream_index": 0,
            "key_frame": 1,
            "pts": 55,
            "pts_time": "1.835168",
            "pkt_dts": 55,
            "pkt_dts_time": "1.835168",
            "best_effort_timestamp": 55,
            "best_effort_timestamp_time": "1.835168",
            "duration": 1,
            "duration_time": "0.033367",
            "pkt_pos": "6914972",
            "pkt_size": "120000",
            "width": 720,
            "height": 480,
            "crop_top": 0,
            "crop_bottom": 0,
            "crop_left": 0,
            "crop_right": 0,
            "pix_fmt": "yuv411p",
            "sample_aspect_ratio": "8:9",
            "pict_type": "I",
            "interlaced_frame": 1,
            "top_field_first": 0,
            "repeat_pict": 0,
            "chroma_location": "topleft"
        },
        {
            "media_type": "video",
            "stream_index": 0,
            "key_frame": 1,
            "pts": 56,
            "pts_time": "1.868535",
            "pkt_dts": 56,
            "pkt_dts_time": "1.868535",
            "best_effort_timestamp": 56,
            "best_effort_timestamp_time": "1.868535",
            "duration": 1,
            "duration_time": "0.033367",
            "pkt_pos": "7034980",
            "pkt_size": "120000",
            "width": 720,
            "height": 480,
            "crop_top": 0,
            "crop_bottom": 0,
            "crop_left": 0,
            "crop_right": 0,
            "pix_fmt": "yuv411p",
            "sample_aspect_ratio": "8:9",
            "pict_type": "I",
            "interlaced_frame": 1,
            "top_field_first": 0,
            "repeat_pict": 0,
            "chroma_location": "topleft"
        },
        {
            "media_type": "video",
            "stream_index": 0,
            "key_frame": 1,
            "pts": 57,
            "pts_time": "1.901902",
            "pkt_dts": 57,
            "pkt_dts_time": "1.901902",
            "best_effort_timestamp": 57,
            "best_effort_timestamp_time": "1.901902",
            "duration": 1,
            "duration_time": "0.033367",
            "pkt_pos": "7154988",
            "pkt_size": "120000",
            "width": 720,
            "height": 480,
            "crop_top": 0,
            "crop_bottom": 0,
            "crop_left": 0,
            "crop_right": 0,
            "pix_fmt": "yuv411p",
            "sample_aspect_ratio": "8:9",
            "pict_type": "I",
            "interlaced_frame": 1,
            "top_field_first": 0,
            "repeat_pict": 0,
            "chroma_location": "topleft"
        },
        {
            "media_type": "video",
            "stream_index": 0,
            "key_frame": 1,
            "pts": 58,
            "pts_time": "1.935269",
            "pkt_dts": 58,
            "pkt_dts_time": "1.935269",
            "best_effort_timestamp": 58,
            "best_effort_timestamp_time": "1.935269",
            "duration": 1,
            "duration_time": "0.033367",
            "pkt_pos": "7460788",
            "pkt_size": "120000",
            "width": 720,
            "height": 480,
            "crop_top": 0,
            "crop_bottom": 0,
            "crop_left": 0,
            "crop_right": 0,
            "pix_fmt": "yuv411p",
            "sample_aspect_ratio": "8:9",
            "pict_type": "I",
            "interlaced_frame": 1,
            "top_field_first": 0,
            "repeat_pict": 0,
            "chroma_location": "topleft"
        },
        {
            "media_type": "video",
            "stream_index": 0,
            "key_frame": 1,
            "pts": 59,
            "pts_time": "1.968635",
            "pkt_dts": 59,
            "pkt_dts_time": "1.968635",
            "best_effort_timestamp": 59,
            "best_effort_timestamp_time": "1.968635",
            "duration": 1,
            "duration_time": "0.033367",
            "pkt_pos": "7580796",
            "pkt_size": "120000",
            "width": 720,
            "height": 480,
            "crop_top": 0,
            "crop_bottom": 0,
            "crop_left": 0,
            "crop_right": 0,
            "pix_fmt": "yuv411p",
            "sample_aspect_ratio": "8:9",
            "pict_type": "I",
            "interlaced_frame": 1,
            "top_field_first": 0,
            "repeat_pict": 0,
            "chroma_location": "topleft"
        },
        {
            "media_type": "video",
            "stream_index": 0,
            "key_frame": 1,
            "pts": 60,
            "pts_time": "2.002002",
            "pkt_dts": 60,
            "pkt_dts_time": "2.002002",
            "best_effort_timestamp": 60,
            "best_effort_timestamp_time": "2.002002",
            "duration": 1,
            "duration_time": "0.033367",
            "pkt_pos": "7700804",
            "pkt_size": "120000",
            "width": 720,
            "height": 480,
            "crop_top": 0,
            "crop_bottom": 0,
            "crop_left": 0,
            "crop_right": 0,
            "pix_fmt": "yuv411p",
            "sample_aspect_ratio": "8:9",
            "pict_type": "I",
            "interlaced_frame": 1,
            "top_field_first": 0,
            "repeat_pict": 0,
            "chroma_location": "topleft"
        },
        {
            "media_type": "video",
            "stream_index": 0,
            "key_frame": 1,
            "pts": 61,
            "pts_time": "2.035369",
            "pkt_dts": 61,
            "pkt_dts_time": "2.035369",
            "best_effort_timestamp": 61,
            "best_effort_timestamp_time": "2.035369",
            "duration": 1,
            "duration_time": "0.033367",
            "pkt_pos": "7820812",
            "pkt_size": "120000",
            "width": 720,
            "height": 480,
            "crop_top": 0,
            "crop_bottom": 0,
            "crop_left": 0,
            "crop_right": 0,
            "pix_fmt": "yuv411p",
            "sample_aspect_ratio": "8:9",
            "pict_type": "I",
            "interlaced_frame": 1,
            "top_field_first": 0,
            "repeat_pict": 0,
            "chroma_location": "topleft"
        },
        {
            "media_type": "video",
            "stream_index": 0,
            "key_frame": 1,
            "pts": 62,
            "pts_time": "2.068735",
            "pkt_dts": 62,
            "pkt_dts_time": "2.068735",
            "best_effort_timestamp": 62,
            "best_effort_timestamp_time": "2.068735",
            "duration": 1,
            "duration_time": "0.033367",
            "pkt_pos": "7940820",
            "pkt_size": "120000",
            "width": 720,
            "height": 480,
            "crop_top": 0,
            "crop_bottom": 0,
            "crop_left": 0,
            "crop_right": 0,
            "pix_fmt": "yuv411p",
            "sample_aspect_ratio": "8:9",
            "pict_type": "I",
            "interlaced_frame": 1,
            "top_field_first": 0,
            "repeat_pict": 0,
            "chroma_location": "topleft"
        },
        {
            "media_type": "video",
            "stream_index": 0,
            "key_frame": 1,
            "pts": 63,
            "pts_time": "2.102102",
            "pkt_dts": 63,
            "pkt_dts_time": "2.102102",
            "best_effort_timestamp": 63,
            "best_effort_timestamp_time": "2.102102",
            "duration": 1,
            "duration_time": "0.033367",
            "pkt_pos": "8060828",
            "pkt_size": "120000",
            "width": 720,
            "height": 480,
            "crop_top": 0,
            "crop_bottom": 0,
            "crop_left": 0,
            "crop_right": 0,
            "pix_fmt": "yuv411p",
            "sample_aspect_ratio": "8:9",
            "pict_type": "I",
            "interlaced_frame": 1,
            "top_field_first": 0,
            "repeat_pict": 0,
            "chroma_location": "topleft"
        },
        {
            "media_type": "video",
            "stream_index": 0,
            "key_frame": 1,
            "pts": 64,
            "pts_time": "2.135469",
            "pkt_dts": 64,
            "pkt_dts_time": "2.135469",
            "best_effort_timestamp": 64,
            "best_effort_timestamp_time": "2.135469",
            "duration": 1,
            "duration_time": "0.033367",
            "pkt_pos": "8180836",
            "pkt_size": "120000",
            "width": 720,
            "height": 480,
            "crop_top": 0,
            "crop_bottom": 0,
            "crop_left": 0,
            "crop_right": 0,
            "pix_fmt": "yuv411p",
            "sample_aspect_ratio": "8:9",
            "pict_type": "I",
            "interlaced_frame": 1,
            "top_field_first": 0,
            "repeat_pict": 0,
            "chroma_location": "topleft"
        },
        {
            "media_type": "video",
            "stream_index": 0,
            "key_frame": 1,
            "pts": 65,
            "pts_time": "2.168836",
            "pkt_dts": 65,
            "pkt_dts_time": "2.168836",
            "best_effort_timestamp": 65,
            "best_effort_timestamp_time": "2.168836",
            "duration": 1,
            "duration_time": "0.033367",
            "pkt_pos": "8300844",
            "pkt_size": "120000",
            "width": 720,
            "height": 480,
            "crop_top": 0,
            "crop_bottom": 0,
            "crop_left": 0,
            "crop_right": 0,
            "pix_fmt": "yuv411p",
            "sample_aspect_ratio": "8:9",
            "pict_type": "I",
            "interlaced_frame": 1,
            "top_field_first": 0,
            "repeat_pict": 0,
            "chroma_location": "topleft"
        },
        {
            "media_type": "video",
            "stream_index": 0,
            "key_frame": 1,
            "pts": 66,
            "pts_time": "2.202202",
            "pkt_dts": 66,
            "pkt_dts_time": "2.202202",
            "best_effort_timestamp": 66,
            "best_effort_timestamp_time": "2.202202",
            "duration": 1,
            "duration_time": "0.033367",
            "pkt_pos": "8420852",
            "pkt_size": "120000",
            "width": 720,
            "height": 480,
            "crop_top": 0,
            "crop_bottom": 0,
            "crop_left": 0,
            "crop_right": 0,
            "pix_fmt": "yuv411p",
            "sample_aspect_ratio": "8:9",
            "pict_type": "I",
            "interlaced_frame": 1,
            "top_field_first": 0,
            "repeat_pict": 0,
            "chroma_location": "topleft"
        },
        {
            "media_type": "video",
            "stream_index": 0,
            "key_frame": 1,
            "pts": 67,
            "pts_time": "2.235569",
            "pkt_dts": 67,
            "pkt_dts_time": "2.235569",
            "best_effort_timestamp": 67,
            "best_effort_timestamp_time": "2.235569",
            "duration": 1,
            "duration_time": "0.033367",
            "pkt_pos": "8540860",
            "pkt_size": "120000",
            "width": 720,
            "height": 480,
            "crop_top": 0,
            "crop_bottom": 0,
            "crop_left": 0,
            "crop_right": 0,
            "pix_fmt": "yuv411p",
            "sample_aspect_ratio": "8:9",
            "pict_type": "I",
            "interlaced_frame": 1,
            "top_field_first": 0,
            "repeat_pict": 0,
            "chroma_location": "topleft"
        },
        {
            "media_type": "video",
            "stream_index": 0,
            "key_frame": 1,
            "pts": 68,
            "pts_time": "2.268936",
            "pkt_dts": 68,
            "pkt_dts_time": "2.268936",
            "best_effort_timestamp": 68,
            "best_effort_timestamp_time": "2.268936",
            "duration": 1,
            "duration_time": "0.033367",
            "pkt_pos": "8660868",
            "pkt_size": "120000",
            "width": 720,
            "height": 480,
            "crop_top": 0,
            "crop_bottom": 0,
            "crop_left": 0,
            "crop_right": 0,
            "pix_fmt": "yuv411p",
            "sample_aspect_ratio": "8:9",
            "pict_type": "I",
            "interlaced_frame": 1,
            "top_field_first": 0,
            "repeat_pict": 0,
            "chroma_location": "topleft"
        },
        {
            "media_type": "video",
            "stream_index": 0,
            "key_frame": 1,
            "pts": 69,
            "pts_time": "2.302302",
            "pkt_dts": 69,
            "pkt_dts_time": "2.302302",
            "best_effort_timestamp": 69,
            "best_effort_timestamp_time": "2.302302",
            "duration": 1,
            "duration_time": "0.033367",
            "pkt_pos": "8780876",
            "pkt_size": "120000",
            "width": 720,
            "height": 480,
            "crop_top": 0,
            "crop_bottom": 0,
            "crop_left": 0,
            "crop_right": 0,
            "pix_fmt": "yuv411p",
            "sample_aspect_ratio": "8:9",
            "pict_type": "I",
            "interlaced_frame": 1,
            "top_field_first": 0,
            "repeat_pict": 0,
            "chroma_location": "topleft"
        },
        {
            "media_type": "video",
            "stream_index": 0,
            "key_frame": 1,
            "pts": 70,
            "pts_time": "2.335669",
            "pkt_dts": 70,
            "pkt_dts_time": "2.335669",
            "best_effort_timestamp": 70,
            "best_effort_timestamp_time": "2.335669",
            "duration": 1,
            "duration_time": "0.033367",
            "pkt_pos": "8900884",
            "pkt_size": "120000",
            "width": 720,
            "height": 480,
            "crop_top": 0,
            "crop_bottom": 0,
            "crop_left": 0,
            "crop_right": 0,
            "pix_fmt": "yuv411p",
            "sample_aspect_ratio": "8:9",
            "pict_type": "I",
            "interlaced_frame": 1,
            "top_field_first": 0,
            "repeat_pict": 0,
            "chroma_location": "topleft"
        },
        {
            "media_type": "video",
            "stream_index": 0,
            "key_frame": 1,
            "pts": 71,
            "pts_time": "2.369036",
            "pkt_dts": 71,
            "pkt_dts_time": "2.369036",
            "best_effort_timestamp": 71,
            "best_effort_timestamp_time": "2.369036",
            "duration": 1,
            "duration_time": "0.033367",
            "pkt_pos": "9020892",
            "pkt_size": "120000",
            "width": 720,
            "height": 480,
            "crop_top": 0,
            "crop_bottom": 0,
            "crop_left": 0,
            "crop_right": 0,
            "pix_fmt": "yuv411p",
            "sample_aspect_ratio": "8:9",
            "pict_type": "I",
            "interlaced_frame": 1,
            "top_field_first": 0,
            "repeat_pict": 0,
            "chroma_location": "topleft"
        },
        {
            "media_type": "video",
            "stream_index": 0,
            "key_frame": 1,
            "pts": 72,
            "pts_time": "2.402402",
            "pkt_dts": 72,
            "pkt_dts_time": "2.402402",
            "best_effort_timestamp": 72,
            "best_effort_timestamp_time": "2.402402",
            "duration": 1,
            "duration_time": "0.033367",
            "pkt_pos": "9140900",
            "pkt_size": "120000",
            "width": 720,
            "height": 480,
            "crop_top": 0,
            "crop_bottom": 0,
            "crop_left": 0,
            "crop_right": 0,
            "pix_fmt": "yuv411p",
            "sample_aspect_ratio": "8:9",
            "pict_type": "I",
            "interlaced_frame": 1,
            "top_field_first": 0,
            "repeat_pict": 0,
            "chroma_location": "topleft"
        },
        {
            "media_type": "video",
            "stream_index": 0,
            "key_frame": 1,
            "pts": 73,
            "pts_time": "2.435769",
            "pkt_dts": 73,
            "pkt_dts_time": "2.435769",
            "best_effort_timestamp": 73,
            "best_effort_timestamp_time": "2.435769",
            "duration": 1,
            "duration_time": "0.033367",
            "pkt_pos": "9260908",
            "pkt_size": "120000",
            "width": 720,
            "height": 480,
            "crop_top": 0,
            "crop_bottom": 0,
            "crop_left": 0,
            "crop_right": 0,
            "pix_fmt": "yuv411p",
            "sample_aspect_ratio": "8:9",
            "pict_type": "I",
            "interlaced_frame": 1,
            "top_field_first": 0,
            "repeat_pict": 0,
            "chroma_location": "topleft"
        },
        {
            "media_type": "video",
            "stream_index": 0,
            "key_frame": 1,
            "pts": 74,
            "pts_time": "2.469136",
            "pkt_dts": 74,
            "pkt_dts_time": "2.469136",
            "best_effort_timestamp": 74,
            "best_effort_timestamp_time": "2.469136",
            "duration": 1,
            "duration_time": "0.033367",
            "pkt_pos": "9380916",
            "pkt_size": "120000",
            "width": 720,
            "height": 480,
            "crop_top": 0,
            "crop_bottom": 0,
            "crop_left": 0,
            "crop_right": 0,
            "pix_fmt": "yuv411p",
            "sample_aspect_ratio": "8:9",
            "pict_type": "I",
            "interlaced_frame": 1,
            "top_field_first": 0,
            "repeat_pict": 0,
            "chroma_location": "topleft"
        },
        {
            "media_type": "video",
            "stream_index": 0,
            "key_frame": 1,
            "pts": 75,
            "pts_time": "2.502502",
            "pkt_dts": 75,
            "pkt_dts_time": "2.502502",
            "best_effort_timestamp": 75,
            "best_effort_timestamp_time": "2.502502",
            "duration": 1,
            "duration_time": "0.033367",
            "pkt_pos": "9500924",
            "pkt_size": "120000",
            "width": 720,
            "height": 480,
            "crop_top": 0,
            "crop_bottom": 0,
            "crop_left": 0,
            "crop_right": 0,
            "pix_fmt": "yuv411p",
            "sample_aspect_ratio": "8:9",
            "pict_type": "I",
            "interlaced_frame": 1,
            "top_field_first": 0,
            "repeat_pict": 0,
            "chroma_location": "topleft"
        },
        {
            "media_type": "video",
            "stream_index": 0,
            "key_frame": 1,
            "pts": 76,
            "pts_time": "2.535869",
            "pkt_dts": 76,
            "pkt_dts_time": "2.535869",
            "best_effort_timestamp": 76,
            "best_effort_timestamp_time": "2.535869",
            "duration": 1,
            "duration_time": "0.033367",
            "pkt_pos": "9620932",
            "pkt_size": "120000",
            "width": 720,
            "height": 480,
            "crop_top": 0,
            "crop_bottom": 0,
            "crop_left": 0,
            "crop_right": 0,
            "pix_fmt": "yuv411p",
            "sample_aspect_ratio": "8:9",
            "pict_type": "I",
            "interlaced_frame": 1,
            "top_field_first": 0,
            "repeat_pict": 0,
            "chroma_location": "topleft"
        },
        {
            "media_type": "video",
            "stream_index": 0,
            "key_frame": 1,
            "pts": 77,
            "pts_time": "2.569236",
            "pkt_dts": 77,
            "pkt_dts_time": "2.569236",
            "best_effort_timestamp": 77,
            "best_effort_timestamp_time": "2.569236",
            "duration": 1,
            "duration_time": "0.033367",
            "pkt_pos": "9740940",
            "pkt_size": "120000",
            "width": 720,
            "height": 480,
            "crop_top": 0,
            "crop_bottom": 0,
            "crop_left": 0,
            "crop_right": 0,
            "pix_fmt": "yuv411p",
            "sample_aspect_ratio": "8:9",
            "pict_type": "I",
            "interlaced_frame": 1,
            "top_field_first": 0,
            "repeat_pict": 0,
            "chroma_location": "topleft"
        },
        {
            "media_type": "video",
            "stream_index": 0,
            "key_frame": 1,
            "pts": 78,
            "pts_time": "2.602603",
            "pkt_dts": 78,
            "pkt_dts_time": "2.602603",
            "best_effort_timestamp": 78,
            "best_effort_timestamp_time": "2.602603",
            "duration": 1,
            "duration_time": "0.033367",
            "pkt_pos": "9860948",
            "pkt_size": "120000",
            "width": 720,
            "height": 480,
            "crop_top": 0,
            "crop_bottom": 0,
            "crop_left": 0,
            "crop_right": 0,
            "pix_fmt": "yuv411p",
            "sample_aspect_ratio": "8:9",
            "pict_type": "I",
            "interlaced_frame": 1,
            "top_field_first": 0,
            "repeat_pict": 0,
            "chroma_location": "topleft"
        },
        {
            "media_type": "video",
            "stream_index": 0,
            "key_frame": 1,
            "pts": 79,
            "pts_time": "2.635969",
            "pkt_dts": 79,
            "pkt_dts_time": "2.635969",
            "best_effort_timestamp": 79,
            "best_effort_timestamp_time": "2.635969",
            "duration": 1,
            "duration_time": "0.033367",
            "pkt_pos": "9980956",
            "pkt_size": "120000",
            "width": 720,
            "height": 480,
            "crop_top": 0,
            "crop_bottom": 0,
            "crop_left": 0,
            "crop_right": 0,
            "pix_fmt": "yuv411p",
            "sample_aspect_ratio": "8:9",
            "pict_type": "I",
            "interlaced_frame": 1,
            "top_field_first": 0,
            "repeat_pict": 0,
            "chroma_location": "topleft"
        },
        {
            "media_type": "video",
            "stream_index": 0,
            "key_frame": 1,
            "pts": 80,
            "pts_time": "2.669336",
            "pkt_dts": 80,
            "pkt_dts_time": "2.669336",
            "best_effort_timestamp": 80,
            "best_effort_timestamp_time": "2.669336",
            "duration": 1,
            "duration_time": "0.033367",
            "pkt_pos": "10100964",
            "pkt_size": "120000",
            "width": 720,
            "height": 480,
            "crop_top": 0,
            "crop_bottom": 0,
            "crop_left": 0,
            "crop_right": 0,
            "pix_fmt": "yuv411p",
            "sample_aspect_ratio": "8:9",
            "pict_type": "I",
            "interlaced_frame": 1,
            "top_field_first": 0,
            "repeat_pict": 0,
            "chroma_location": "topleft"
        },
        {
            "media_type": "video",
            "stream_index": 0,
            "key_frame": 1,
            "pts": 81,
            "pts_time": "2.702703",
            "pkt_dts": 81,
            "pkt_dts_time": "2.702703",
            "best_effort_timestamp": 81,
            "best_effort_timestamp_time": "2.702703",
            "duration": 1,
            "duration_time": "0.033367",
            "pkt_pos": "10220972",
            "pkt_size": "120000",
            "width": 720,
            "height": 480,
            "crop_top": 0,
            "crop_bottom": 0,
            "crop_left": 0,
            "crop_right": 0,
            "pix_fmt": "yuv411p",
            "sample_aspect_ratio": "8:9",
            "pict_type": "I",
            "interlaced_frame": 1,
            "top_field_first": 0,
            "repeat_pict": 0,
            "chroma_location": "topleft"
        },
        {
            "media_type": "video",
            "stream_index": 0,
            "key_frame": 1,
            "pts": 82,
            "pts_time": "2.736069",
            "pkt_dts": 82,
            "pkt_dts_time": "2.736069",
            "best_effort_timestamp": 82,
            "best_effort_timestamp_time": "2.736069",
            "duration": 1,
            "duration_time": "0.033367",
            "pkt_pos": "10340980",
            "pkt_size": "120000",
            "width": 720,
            "height": 480,
            "crop_top": 0,
            "crop_bottom": 0,
            "crop_left": 0,
            "crop_right": 0,
            "pix_fmt": "yuv411p",
            "sample_aspect_ratio": "8:9",
            "pict_type": "I",
            "interlaced_frame": 1,
            "top_field_first": 0,
            "repeat_pict": 0,
            "chroma_location": "topleft"
        },
        {
            "media_type": "video",
            "stream_index": 0,
            "key_frame": 1,
            "pts": 83,
            "pts_time": "2.769436",
            "pkt_dts": 83,
            "pkt_dts_time": "2.769436",
            "best_effort_timestamp": 83,
            "best_effort_timestamp_time": "2.769436",
            "duration": 1,
            "duration_time": "0.033367",
            "pkt_pos": "10460988",
            "pkt_size": "120000",
            "width": 720,
            "height": 480,
            "crop_top": 0,
            "crop_bottom": 0,
            "crop_left": 0,
            "crop_right": 0,
            "pix_fmt": "yuv411p",
            "sample_aspect_ratio": "8:9",
            "pict_type": "I",
            "interlaced_frame": 1,
            "top_field_first": 0,
            "repeat_pict": 0,
            "chroma_location": "topleft"
        },
        {
            "media_type": "video",
            "stream_index": 0,
            "key_frame": 1,
            "pts": 84,
            "pts_time": "2.802803",
            "pkt_dts": 84,
            "pkt_dts_time": "2.802803",
            "best_effort_timestamp": 84,
            "best_effort_timestamp_time": "2.802803",
            "duration": 1,
            "duration_time": "0.033367",
            "pkt_pos": "10580996",
            "pkt_size": "120000",
            "width": 720,
            "height": 480,
            "crop_top": 0,
            "crop_bottom": 0,
            "crop_left": 0,
            "crop_right": 0,
            "pix_fmt": "yuv411p",
            "sample_aspect_ratio": "8:9",
            "pict_type": "I",
            "interlaced_frame": 1,
            "top_field_first": 0,
            "repeat_pict": 0,
            "chroma_location": "topleft"
        },
        {
            "media_type": "video",
            "stream_index": 0,
            "key_frame": 1,
            "pts": 85,
            "pts_time": "2.836170",
            "pkt_dts": 85,
            "pkt_dts_time": "2.836170",
            "best_effort_timestamp": 85,
            "best_effort_timestamp_time": "2.836170",
            "duration": 1,
            "duration_time": "0.033367",
            "pkt_pos": "10701004",
            "pkt_size": "120000",
            "width": 720,
            "height": 480,
            "crop_top": 0,
            "crop_bottom": 0,
            "crop_left": 0,
            "crop_right": 0,
            "pix_fmt": "yuv411p",
            "sample_aspect_ratio": "8:9",
            "pict_type": "I",
            "interlaced_frame": 1,
            "top_field_first": 0,
            "repeat_pict": 0,
            "chroma_location": "topleft"
        },
        {
            "media_type": "video",
            "stream_index": 0,
            "key_frame": 1,
            "pts": 86,
            "pts_time": "2.869536",
            "pkt_dts": 86,
            "pkt_dts_time": "2.869536",
            "best_effort_timestamp": 86,
            "best_effort_timestamp_time": "2.869536",
            "duration": 1,
            "duration_time": "0.033367",
            "pkt_pos": "10821012",
            "pkt_size": "120000",
            "width": 720,
            "height": 480,
            "crop_top": 0,
            "crop_bottom": 0,
            "crop_left": 0,
            "crop_right": 0,
            "pix_fmt": "yuv411p",
            "sample_aspect_ratio": "8:9",
            "pict_type": "I",
            "interlaced_frame": 1,
            "top_field_first": 0,
            "repeat_pict": 0,
            "chroma_location": "topleft"
        },
        {
            "media_type": "video",
            "stream_index": 0,
            "key_frame": 1,
            "pts": 87,
            "pts_time": "2.902903",
            "pkt_dts": 87,
            "pkt_dts_time": "2.902903",
            "best_effort_timestamp": 87,
            "best_effort_timestamp_time": "2.902903",
            "duration": 1,
            "duration_time": "0.033367",
            "pkt_pos": "11126816",
            "pkt_size": "120000",
            "width": 720,
            "height": 480,
            "crop_top": 0,
            "crop_bottom": 0,
            "crop_left": 0,
            "crop_right": 0,
            "pix_fmt": "yuv411p",
            "sample_aspect_ratio": "8:9",
            "pict_type": "I",
            "interlaced_frame": 1,
            "top_field_first": 0,
            "repeat_pict": 0,
            "chroma_location": "topleft"
        },
        {
            "media_type": "video",
            "stream_index": 0,
            "key_frame": 1,
            "pts": 88,
            "pts_time": "2.936270",
            "pkt_dts": 88,
            "pkt_dts_time": "2.936270",
            "best_effort_timestamp": 88,
            "best_effort_timestamp_time": "2.936270",
            "duration": 1,
            "duration_time": "0.033367",
            "pkt_pos": "11246824",
            "pkt_size": "120000",
            "width": 720,
            "height": 480,
            "crop_top": 0,
            "crop_bottom": 0,
            "crop_left": 0,
            "crop_right": 0,
            "pix_fmt": "yuv411p",
            "sample_aspect_ratio": "8:9",
            "pict_type": "I",
            "interlaced_frame": 1,
            "top_field_first": 0,
            "repeat_pict": 0,
            "chroma_location": "topleft"
        },
        {
            "media_type": "video",
            "stream_index": 0,
            "key_frame": 1,
            "pts": 89,
            "pts_time": "2.969636",
            "pkt_dts": 89,
            "pkt_dts_time": "2.969636",
            "best_effort_timestamp": 89,
            "best_effort_timestamp_time": "2.969636",
            "duration": 1,
            "duration_time": "0.033367",
            "pkt_pos": "11366832",
            "pkt_size": "120000",
            "width": 720,
            "height": 480,
            "crop_top": 0,
            "crop_bottom": 0,
            "crop_left": 0,
            "crop_right": 0,
            "pix_fmt": "yuv411p",
            "sample_aspect_ratio": "8:9",
            "pict_type": "I",
            "interlaced_frame": 1,
            "top_field_first": 0,
            "repeat_pict": 0,
            "chroma_location": "topleft"
        },
        {
            "media_type": "video",
            "stream_index": 0,
            "key_frame": 1,
            "pts": 90,
            "pts_time": "3.003003",
            "pkt_dts": 90,
            "pkt_dts_time": "3.003003",
            "best_effort_timestamp": 90,
            "best_effort_timestamp_time": "3.003003",
            "duration": 1,
            "duration_time": "0.033367",
            "pkt_pos": "11486840",
            "pkt_size": "120000",
            "width": 720,
            "height": 480,
            "crop_top": 0,
            "crop_bottom": 0,
            "crop_left": 0,
            "crop_right": 0,
            "pix_fmt": "yuv411p",
            "sample_aspect_ratio": "8:9",
            "pict_type": "I",
            "interlaced_frame": 1,
            "top_field_first": 0,
            "repeat_pict": 0,
            "chroma_location": "topleft"
        },
        {
            "media_type": "video",
            "stream_index": 0,
            "key_frame": 1,
            "pts": 91,
            "pts_time": "3.036370",
            "pkt_dts": 91,
            "pkt_dts_time": "3.036370",
            "best_effort_timestamp": 91,
            "best_effort_timestamp_time": "3.036370",
            "duration": 1,
            "duration_time": "0.033367",
            "pkt_pos": "11606848",
            "pkt_size": "120000",
            "width": 720,
            "height": 480,
            "crop_top": 0,
            "crop_bottom": 0,
            "crop_left": 0,
            "crop_right": 0,
            "pix_fmt": "yuv411p",
            "sample_aspect_ratio": "8:9",
            "pict_type": "I",
            "interlaced_frame": 1,
            "top_field_first": 0,
            "repeat_pict": 0,
            "chroma_location": "topleft"
        },
        {
            "media_type": "video",
            "stream_index": 0,
            "key_frame": 1,
            "pts": 92,
            "pts_time": "3.069736",
            "pkt_dts": 92,
            "pkt_dts_time": "3.069736",
            "best_effort_timestamp": 92,
            "best_effort_timestamp_time": "3.069736",
            "duration": 1,
            "duration_time": "0.033367",
            "pkt_pos": "11726856",
            "pkt_size": "120000",
            "width": 720,
            "height": 480,
            "crop_top": 0,
            "crop_bottom": 0,
            "crop_left": 0,
            "crop_right": 0,
            "pix_fmt": "yuv411p",
            "sample_aspect_ratio": "8:9",
            "pict_type": "I",
            "interlaced_frame": 1,
            "top_field_first": 0,
            "repeat_pict": 0,
            "chroma_location": "topleft"
        },
        {
            "media_type": "video",
            "stream_index": 0,
            "key_frame": 1,
            "pts": 93,
            "pts_time": "3.103103",
            "pkt_dts": 93,
            "pkt_dts_time": "3.103103",
            "best_effort_timestamp": 93,
            "best_effort_timestamp_time": "3.103103",
            "duration": 1,
            "duration_time": "0.033367",
            "pkt_pos": "11846864",
            "pkt_size": "120000",
            "width": 720,
            "height": 480,
            "crop_top": 0,
            "crop_bottom": 0,
            "crop_left": 0,
            "crop_right": 0,
            "pix_fmt": "yuv411p",
            "sample_aspect_ratio": "8:9",
            "pict_type": "I",
            "interlaced_frame": 1,
            "top_field_first": 0,
            "repeat_pict": 0,
            "chroma_location": "topleft"
        },
        {
            "media_type": "video",
            "stream_index": 0,
            "key_frame": 1,
            "pts": 94,
            "pts_time": "3.136470",
            "pkt_dts": 94,
            "pkt_dts_time": "3.136470",
            "best_effort_timestamp": 94,
            "best_effort_timestamp_time": "3.136470",
            "duration": 1,
            "duration_time": "0.033367",
            "pkt_pos": "11966872",
            "pkt_size": "120000",
            "width": 720,
            "height": 480,
            "crop_top": 0,
            "crop_bottom": 0,
            "crop_left": 0,
            "crop_right": 0,
            "pix_fmt": "yuv411p",
            "sample_aspect_ratio": "8:9",
            "pict_type": "I",
            "interlaced_frame": 1,
            "top_field_first": 0,
            "repeat_pict": 0,
            "chroma_location": "topleft"
        },
        {
            "media_type": "video",
            "stream_index": 0,
            "key_frame": 1,
            "pts": 95,
            "pts_time": "3.169836",
            "pkt_dts": 95,
            "pkt_dts_time": "3.169836",
            "best_effort_timestamp": 95,
            "best_effort_timestamp_time": "3.169836",
            "duration": 1,
            "duration_time": "0.033367",
            "pkt_pos": "12086880",
            "pkt_size": "120000",
            "width": 720,
            "height": 480,
            "crop_top": 0,
            "crop_bottom": 0,
            "crop_left": 0,
            "crop_right": 0,
            "pix_fmt": "yuv411p",
            "sample_aspect_ratio": "8:9",
            "pict_type": "I",
            "interlaced_frame": 1,
            "top_field_first": 0,
            "repeat_pict": 0,
            "chroma_location": "topleft"
        },
        {
            "media_type": "video",
            "stream_index": 0,
            "key_frame": 1,
            "pts": 96,
            "pts_time": "3.203203",
            "pkt_dts": 96,
            "pkt_dts_time": "3.203203",
            "best_effort_timestamp": 96,
            "best_effort_timestamp_time": "3.203203",
            "duration": 1,
            "duration_time": "0.033367",
            "pkt_pos": "12206888",
            "pkt_size": "120000",
            "width": 720,
            "height": 480,
            "crop_top": 0,
            "crop_bottom": 0,
            "crop_left": 0,
            "crop_right": 0,
            "pix_fmt": "yuv411p",
            "sample_aspect_ratio": "8:9",
            "pict_type": "I",
            "interlaced_frame": 1,
            "top_field_first": 0,
            "repeat_pict": 0,
            "chroma_location": "topleft"
        },
        {
            "media_type": "video",
            "stream_index": 0,
            "key_frame": 1,
            "pts": 97,
            "pts_time": "3.236570",
            "pkt_dts": 97,
            "pkt_dts_time": "3.236570",
            "best_effort_timestamp": 97,
            "best_effort_timestamp_time": "3.236570",
            "duration": 1,
            "duration_time": "0.033367",
            "pkt_pos": "12326896",
            "pkt_size": "120000",
            "width": 720,
            "height": 480,
            "crop_top": 0,
            "crop_bottom": 0,
            "crop_left": 0,
            "crop_right": 0,
            "pix_fmt": "yuv411p",
            "sample_aspect_ratio": "8:9",
            "pict_type": "I",
            "interlaced_frame": 1,
            "top_field_first": 0,
            "repeat_pict": 0,
            "chroma_location": "topleft"
        },
        {
            "media_type": "video",
            "stream_index": 0,
            "key_frame": 1,
            "pts": 98,
            "pts_time": "3.269937",
            "pkt_dts": 98,
            "pkt_dts_time": "3.269937",
            "best_effort_timestamp": 98,
            "best_effort_timestamp_time": "3.269937",
            "duration": 1,
            "duration_time": "0.033367",
            "pkt_pos": "12446904",
            "pkt_size": "120000",
            "width": 720,
            "height": 480,
            "crop_top": 0,
            "crop_bottom": 0,
            "crop_left": 0,
            "crop_right": 0,
            "pix_fmt": "yuv411p",
            "sample_aspect_ratio": "8:9",
            "pict_type": "I",
            "interlaced_frame": 1,
            "top_field_first": 0,
            "repeat_pict": 0,
            "chroma_location": "topleft"
        },
        {
            "media_type": "video",
            "stream_index": 0,
            "key_frame": 1,
            "pts": 99,
            "pts_time": "3.303303",
            "pkt_dts": 99,
            "pkt_dts_time": "3.303303",
            "best_effort_timestamp": 99,
            "best_effort_timestamp_time": "3.303303",
            "duration": 1,
            "duration_time": "0.033367",
            "pkt_pos": "12566912",
            "pkt_size": "120000",
            "width": 720,
            "height": 480,
            "crop_top": 0,
            "crop_bottom": 0,
            "crop_left": 0,
            "crop_right": 0,
            "pix_fmt": "yuv411p",
            "sample_aspect_ratio": "8:9",
            "pict_type": "I",
            "interlaced_frame": 1,
            "top_field_first": 0,
            "repeat_pict": 0,
            "chroma_location": "topleft"
        },
        {
            "media_type": "video",
            "stream_index": 0,
            "key_frame": 1,
            "pts": 100,
            "pts_time": "3.336670",
            "pkt_dts": 100,
            "pkt_dts_time": "3.336670",
            "best_effort_timestamp": 100,
            "best_effort_timestamp_time": "3.336670",
            "duration": 1,
            "duration_time": "0.033367",
            "pkt_pos": "12686920",
            "pkt_size": "120000",
            "width": 720,
            "height": 480,
            "crop_top": 0,
            "crop_bottom": 0,
            "crop_left": 0,
            "crop_right": 0,
            "pix_fmt": "yuv411p",
            "sample_aspect_ratio": "8:9",
            "pict_type": "I",
            "interlaced_frame": 1,
            "top_field_first": 0,
            "repeat_pict": 0,
            "chroma_location": "topleft"
        },
        {
            "media_type": "video",
            "stream_index": 0,
            "key_frame": 1,
            "pts": 101,
            "pts_time": "3.370037",
            "pkt_dts": 101,
            "pkt_dts_time": "3.370037",
            "best_effort_timestamp": 101,
            "best_effort_timestamp_time": "3.370037",
            "duration": 1,
            "duration_time": "0.033367",
            "pkt_pos": "12806928",
            "pkt_size": "120000",
            "width": 720,
            "height": 480,
            "crop_top": 0,
            "crop_bottom": 0,
            "crop_left": 0,
            "crop_right": 0,
            "pix_fmt": "yuv411p",
            "sample_aspect_ratio": "8:9",
            "pict_type": "I",
            "interlaced_frame": 1,
            "top_field_first": 0,
            "repeat_pict": 0,
            "chroma_location": "topleft"
        },
        {
            "media_type": "video",
            "stream_index": 0,
            "key_frame": 1,
            "pts": 102,
            "pts_time": "3.403403",
            "pkt_dts": 102,
            "pkt_dts_time": "3.403403",
            "best_effort_timestamp": 102,
            "best_effort_timestamp_time": "3.403403",
            "duration": 1,
            "duration_time": "0.033367",
            "pkt_pos": "12926936",
            "pkt_size": "120000",
            "width": 720,
            "height": 480,
            "crop_top": 0,
            "crop_bottom": 0,
            "crop_left": 0,
            "crop_right": 0,
            "pix_fmt": "yuv411p",
            "sample_aspect_ratio": "8:9",
            "pict_type": "I",
            "interlaced_frame": 1,
            "top_field_first": 0,
            "repeat_pict": 0,
            "chroma_location": "topleft"
        },
        {
            "media_type": "video",
            "stream_index": 0,
            "key_frame": 1,
            "pts": 103,
            "pts_time": "3.436770",
            "pkt_dts": 103,
            "pkt_dts_time": "3.436770",
            "best_effort_timestamp": 103,
            "best_effort_timestamp_time": "3.436770",
            "duration": 1,
            "duration_time": "0.033367",
            "pkt_pos": "13046944",
            "pkt_size": "120000",
            "width": 720,
            "height": 480,
            "crop_top": 0,
            "crop_bottom": 0,
            "crop_left": 0,
            "crop_right": 0,
            "pix_fmt": "yuv411p",
            "sample_aspect_ratio": "8:9",
            "pict_type": "I",
            "interlaced_frame": 1,
            "top_field_first": 0,
            "repeat_pict": 0,
            "chroma_location": "topleft"
        },
        {
            "media_type": "video",
            "stream_index": 0,
            "key_frame": 1,
            "pts": 104,
            "pts_time": "3.470137",
            "pkt_dts": 104,
            "pkt_dts_time": "3.470137",
            "best_effort_timestamp": 104,
            "best_effort_timestamp_time": "3.470137",
            "duration": 1,
            "duration_time": "0.033367",
            "pkt_pos": "13166952",
            "pkt_size": "120000",
            "width": 720,
            "height": 480,
            "crop_top": 0,
            "crop_bottom": 0,
            "crop_left": 0,
            "crop_right": 0,
            "pix_fmt": "yuv411p",
            "sample_aspect_ratio": "8:9",
            "pict_type": "I",
            "interlaced_frame": 1,
            "top_field_first": 0,
            "repeat_pict": 0,
            "chroma_location": "topleft"
        },
        {
            "media_type": "video",
            "stream_index": 0,
            "key_frame": 1,
            "pts": 105,
            "pts_time": "3.503503",
            "pkt_dts": 105,
            "pkt_dts_time": "3.503503",
            "best_effort_timestamp": 105,
            "best_effort_timestamp_time": "3.503503",
            "duration": 1,
            "duration_time": "0.033367",
            "pkt_pos": "13286960",
            "pkt_size": "120000",
            "width": 720,
            "height": 480,
            "crop_top": 0,
            "crop_bottom": 0,
            "crop_left": 0,
            "crop_right": 0,
            "pix_fmt": "yuv411p",
            "sample_aspect_ratio": "8:9",
            "pict_type": "I",
            "interlaced_frame": 1,
            "top_field_first": 0,
            "repeat_pict": 0,
            "chroma_location": "topleft"
        },
        {
            "media_type": "video",
            "stream_index": 0,
            "key_frame": 1,
            "pts": 106,
            "pts_time": "3.536870",
            "pkt_dts": 106,
            "pkt_dts_time": "3.536870",
            "best_effort_timestamp": 106,
            "best_effort_timestamp_time": "3.536870",
            "duration": 1,
            "duration_time": "0.033367",
            "pkt_pos": "13406968",
            "pkt_size": "120000",
            "width": 720,
            "height": 480,
            "crop_top": 0,
            "crop_bottom": 0,
            "crop_left": 0,
            "crop_right": 0,
            "pix_fmt": "yuv411p",
            "sample_aspect_ratio": "8:9",
            "pict_type": "I",
            "interlaced_frame": 1,
            "top_field_first": 0,
            "repeat_pict": 0,
            "chroma_location": "topleft"
        },
        {
            "media_type": "video",
            "stream_index": 0,
            "key_frame": 1,
            "pts": 107,
            "pts_time": "3.570237",
            "pkt_dts": 107,
            "pkt_dts_time": "3.570237",
            "best_effort_timestamp": 107,
            "best_effort_timestamp_time": "3.570237",
            "duration": 1,
            "duration_time": "0.033367",
            "pkt_pos": "13526976",
            "pkt_size": "120000",
            "width": 720,
            "height": 480,
            "crop_top": 0,
            "crop_bottom": 0,
            "crop_left": 0,
            "crop_right": 0,
            "pix_fmt": "yuv411p",
            "sample_aspect_ratio": "8:9",
            "pict_type": "I",
            "interlaced_frame": 1,
            "top_field_first": 0,
            "repeat_pict": 0,
            "chroma_location": "topleft"
        },
        {
            "media_type": "video",
            "stream_index": 0,
            "key_frame": 1,
            "pts": 108,
            "pts_time": "3.603604",
            "pkt_dts": 108,
            "pkt_dts_time": "3.603604",
            "best_effort_timestamp": 108,
            "best_effort_timestamp_time": "3.603604",
            "duration": 1,
            "duration_time": "0.033367",
            "pkt_pos": "13646984",
            "pkt_size": "120000",
            "width": 720,
            "height": 480,
            "crop_top": 0,
            "crop_bottom": 0,
            "crop_left": 0,
            "crop_right": 0,
            "pix_fmt": "yuv411p",
            "sample_aspect_ratio": "8:9",
            "pict_type": "I",
            "interlaced_frame": 1,
            "top_field_first": 0,
            "repeat_pict": 0,
            "chroma_location": "topleft"
        },
        {
            "media_type": "video",
            "stream_index": 0,
            "key_frame": 1,
            "pts": 109,
            "pts_time": "3.636970",
            "pkt_dts": 109,
            "pkt_dts_time": "3.636970",
            "best_effort_timestamp": 109,
            "best_effort_timestamp_time": "3.636970",
            "duration": 1,
            "duration_time": "0.033367",
            "pkt_pos": "13766992",
            "pkt_size": "120000",
            "width": 720,
            "height": 480,
            "crop_top": 0,
            "crop_bottom": 0,
            "crop_left": 0,
            "crop_right": 0,
            "pix_fmt": "yuv411p",
            "sample_aspect_ratio": "8:9",
            "pict_type": "I",
            "interlaced_frame": 1,
            "top_field_first": 0,
            "repeat_pict": 0,
            "chroma_location": "topleft"
        },
        {
            "media_type": "video",
            "stream_index": 0,
            "key_frame": 1,
            "pts": 110,
            "pts_time": "3.670337",
            "pkt_dts": 110,
            "pkt_dts_time": "3.670337",
            "best_effort_timestamp": 110,
            "best_effort_timestamp_time": "3.670337",
            "duration": 1,
            "duration_time": "0.033367",
            "pkt_pos": "13887000",
            "pkt_size": "120000",
            "width": 720,
            "height": 480,
            "crop_top": 0,
            "crop_bottom": 0,
            "crop_left": 0,
            "crop_right": 0,
            "pix_fmt": "yuv411p",
            "sample_aspect_ratio": "8:9",
            "pict_type": "I",
            "interlaced_frame": 1,
            "top_field_first": 0,
            "repeat_pict": 0,
            "chroma_location": "topleft"
        },
        {
            "media_type": "video",
            "stream_index": 0,
            "key_frame": 1,
            "pts": 111,
            "pts_time": "3.703704",
            "pkt_dts": 111,
            "pkt_dts_time": "3.703704",
            "best_effort_timestamp": 111,
            "best_effort_timestamp_time": "3.703704",
            "duration": 1,
            "duration_time": "0.033367",
            "pkt_pos": "14007008",
            "pkt_size": "120000",
            "width": 720,
            "height": 480,
            "crop_top": 0,
            "crop_bottom": 0,
            "crop_left": 0,
            "crop_right": 0,
            "pix_fmt": "yuv411p",
            "sample_aspect_ratio": "8:9",
            "pict_type": "I",
            "interlaced_frame": 1,
            "top_field_first": 0,
            "repeat_pict": 0,
            "chroma_location": "topleft"
        },
        {
            "media_type": "video",
            "stream_index": 0,
            "key_frame": 1,
            "pts": 112,
            "pts_time": "3.737070",
            "pkt_dts": 112,
            "pkt_dts_time": "3.737070",
            "best_effort_timestamp": 112,
            "best_effort_timestamp_time": "3.737070",
            "duration": 1,
            "duration_time": "0.033367",
            "pkt_pos": "14127016",
            "pkt_size": "120000",
            "width": 720,
            "height": 480,
            "crop_top": 0,
            "crop_bottom": 0,
            "crop_left": 0,
            "crop_right": 0,
            "pix_fmt": "yuv411p",
            "sample_aspect_ratio": "8:9",
            "pict_type": "I",
            "interlaced_frame": 1,
            "top_field_first": 0,
            "repeat_pict": 0,
            "chroma_location": "topleft"
        },
        {
            "media_type": "video",
            "stream_index": 0,
            "key_frame": 1,
            "pts": 113,
            "pts_time": "3.770437",
            "pkt_dts": 113,
            "pkt_dts_time": "3.770437",
            "best_effort_timestamp": 113,
            "best_effort_timestamp_time": "3.770437",
            "duration": 1,
            "duration_time": "0.033367",
            "pkt_pos": "14247024",
            "pkt_size": "120000",
            "width": 720,
            "height": 480,
            "crop_top": 0,
            "crop_bottom": 0,
            "crop_left": 0,
            "crop_right": 0,
            "pix_fmt": "yuv411p",
            "sample_aspect_ratio": "8:9",
            "pict_type": "I",
            "interlaced_frame": 1,
            "top_field_first": 0,
            "repeat_pict": 0,
            "chroma_location": "topleft"
        },
        {
            "media_type": "video",
            "stream_index": 0,
            "key_frame": 1,
            "pts": 114,
            "pts_time": "3.803804",
            "pkt_dts": 114,
            "pkt_dts_time": "3.803804",
            "best_effort_timestamp": 114,
            "best_effort_timestamp_time": "3.803804",
            "duration": 1,
            "duration_time": "0.033367",
            "pkt_pos": "14367032",
            "pkt_size": "120000",
            "width": 720,
            "height": 480,
            "crop_top": 0,
            "crop_bottom": 0,
            "crop_left": 0,
            "crop_right": 0,
            "pix_fmt": "yuv411p",
            "sample_aspect_ratio": "8:9",
            "pict_type": "I",
            "interlaced_frame": 1,
            "top_field_first": 0,
            "repeat_pict": 0,
            "chroma_location": "topleft"
        },
        {
            "media_type": "video",
            "stream_index": 0,
            "key_frame": 1,
            "pts": 115,
            "pts_time": "3.837171",
            "pkt_dts": 115,
            "pkt_dts_time": "3.837171",
            "best_effort_timestamp": 115,
            "best_effort_timestamp_time": "3.837171",
            "duration": 1,
            "duration_time": "0.033367",
            "pkt_pos": "14487040",
            "pkt_size": "120000",
            "width": 720,
            "height": 480,
            "crop_top": 0,
            "crop_bottom": 0,
            "crop_left": 0,
            "crop_right": 0,
            "pix_fmt": "yuv411p",
            "sample_aspect_ratio": "8:9",
            "pict_type": "I",
            "interlaced_frame": 1,
            "top_field_first": 0,
            "repeat_pict": 0,
            "chroma_location": "topleft"
        },
        {
            "media_type": "video",
            "stream_index": 0,
            "key_frame": 1,
            "pts": 116,
            "pts_time": "3.870537",
            "pkt_dts": 116,
            "pkt_dts_time": "3.870537",
            "best_effort_timestamp": 116,
            "best_effort_timestamp_time": "3.870537",
            "duration": 1,
            "duration_time": "0.033367",
            "pkt_pos": "14792840",
            "pkt_size": "120000",
            "width": 720,
            "height": 480,
            "crop_top": 0,
            "crop_bottom": 0,
            "crop_left": 0,
            "crop_right": 0,
            "pix_fmt": "yuv411p",
            "sample_aspect_ratio": "8:9",
            "pict_type": "I",
            "interlaced_frame": 1,
            "top_field_first": 0,
            "repeat_pict": 0,
            "chroma_location": "topleft"
        },
        {
            "media_type": "video",
            "stream_index": 0,
            "key_frame": 1,
            "pts": 117,
            "pts_time": "3.903904",
            "pkt_dts": 117,
            "pkt_dts_time": "3.903904",
            "best_effort_timestamp": 117,
            "best_effort_timestamp_time": "3.903904",
            "duration": 1,
            "duration_time": "0.033367",
            "pkt_pos": "14912848",
            "pkt_size": "120000",
            "width": 720,
            "height": 480,
            "crop_top": 0,
            "crop_bottom": 0,
            "crop_left": 0,
            "crop_right": 0,
            "pix_fmt": "yuv411p",
            "sample_aspect_ratio": "8:9",
            "pict_type": "I",
            "interlaced_frame": 1,
            "top_field_first": 0,
            "repeat_pict": 0,
            "chroma_location": "topleft"
        },
        {
            "media_type": "video",
            "stream_index": 0,
            "key_frame": 1,
            "pts": 118,
            "pts_time": "3.937271",
            "pkt_dts": 118,
            "pkt_dts_time": "3.937271",
            "best_effort_timestamp": 118,
            "best_effort_timestamp_time": "3.937271",
            "duration": 1,
            "duration_time": "0.033367",
            "pkt_pos": "15032856",
            "pkt_size": "120000",
            "width": 720,
            "height": 480,
            "crop_top": 0,
            "crop_bottom": 0,
            "crop_left": 0,
            "crop_right": 0,
            "pix_fmt": "yuv411p",
            "sample_aspect_ratio": "8:9",
            "pict_type": "I",
            "interlaced_frame": 1,
            "top_field_first": 0,
            "repeat_pict": 0,
            "chroma_location": "topleft"
        },
        {
            "media_type": "video",
            "stream_index": 0,
            "key_frame": 1,
            "pts": 119,
            "pts_time": "3.970637",
            "pkt_dts": 119,
            "pkt_dts_time": "3.970637",
            "best_effort_timestamp": 119,
            "best_effort_timestamp_time": "3.970637",
            "duration": 1,
            "duration_time": "0.033367",
            "pkt_pos": "15152864",
            "pkt_size": "120000",
            "width": 720,
            "height": 480,
            "crop_top": 0,
            "crop_bottom": 0,
            "crop_left": 0,
            "crop_right": 0,
            "pix_fmt": "yuv411p",
            "sample_aspect_ratio": "8:9",
            "pict_type": "I",
            "interlaced_frame": 1,
            "top_field_first": 0,
            "repeat_pict": 0,
            "chroma_location": "topleft"
        },
        {
            "media_type": "video",
            "stream_index": 0,
            "key_frame": 1,
            "pts": 120,
            "pts_time": "4.004004",
            "pkt_dts": 120,
            "pkt_dts_time": "4.004004",
            "best_effort_timestamp": 120,
            "best_effort_timestamp_time": "4.004004",
            "duration": 1,
            "duration_time": "0.033367",
            "pkt_pos": "15272872",
            "pkt_size": "120000",
            "width": 720,
            "height": 480,
            "crop_top": 0,
            "crop_bottom": 0,
            "crop_left": 0,
            "crop_right": 0,
            "pix_fmt": "yuv411p",
            "sample_aspect_ratio": "8:9",
            "pict_type": "I",
            "interlaced_frame": 1,
            "top_field_first": 0,
            "repeat_pict": 0,
            "chroma_location": "topleft"
        },
        {
            "media_type": "video",
            "stream_index": 0,
            "key_frame": 1,
            "pts": 121,
            "pts_time": "4.037371",
            "pkt_dts": 121,
            "pkt_dts_time": "4.037371",
            "best_effort_timestamp": 121,
            "best_effort_timestamp_time": "4.037371",
            "duration": 1,
            "duration_time": "0.033367",
            "pkt_pos": "15392880",
            "pkt_size": "120000",
            "width": 720,
            "height": 480,
            "crop_top": 0,
            "crop_bottom": 0,
            "crop_left": 0,
            "crop_right": 0,
            "pix_fmt": "yuv411p",
            "sample_aspect_ratio": "8:9",
            "pict_type": "I",
            "interlaced_frame": 1,
            "top_field_first": 0,
            "repeat_pict": 0,
            "chroma_location": "topleft"
        },
        {
            "media_type": "video",
            "stream_index": 0,
            "key_frame": 1,
            "pts": 122,
            "pts_time": "4.070737",
            "pkt_dts": 122,
            "pkt_dts_time": "4.070737",
            "best_effort_timestamp": 122,
            "best_effort_timestamp_time": "4.070737",
            "duration": 1,
            "duration_time": "0.033367",
            "pkt_pos": "15512888",
            "pkt_size": "120000",
            "width": 720,
            "height": 480,
            "crop_top": 0,
            "crop_bottom": 0,
            "crop_left": 0,
            "crop_right": 0,
            "pix_fmt": "yuv411p",
            "sample_aspect_ratio": "8:9",
            "pict_type": "I",
            "interlaced_frame": 1,
            "top_field_first": 0,
            "repeat_pict": 0,
            "chroma_location": "topleft"
        },
        {
            "media_type": "video",
            "stream_index": 0,
            "key_frame": 1,
            "pts": 123,
            "pts_time": "4.104104",
            "pkt_dts": 123,
            "pkt_dts_time": "4.104104",
            "best_effort_timestamp": 123,
            "best_effort_timestamp_time": "4.104104",
            "duration": 1,
            "duration_time": "0.033367",
            "pkt_pos": "15632896",
            "pkt_size": "120000",
            "width": 720,
            "height": 480,
            "crop_top": 0,
            "crop_bottom": 0,
            "crop_left": 0,
            "crop_right": 0,
            "pix_fmt": "yuv411p",
            "sample_aspect_ratio": "8:9",
            "pict_type": "I",
            "interlaced_frame": 1,
            "top_field_first": 0,
            "repeat_pict": 0,
            "chroma_location": "topleft"
        },
        {
            "media_type": "video",
            "stream_index": 0,
            "key_frame": 1,
            "pts": 124,
            "pts_time": "4.137471",
            "pkt_dts": 124,
            "pkt_dts_time": "4.137471",
            "best_effort_timestamp": 124,
            "best_effort_timestamp_time": "4.137471",
            "duration": 1,
            "duration_time": "0.033367",
            "pkt_pos": "15752904",
            "pkt_size": "120000",
            "width": 720,
            "height": 480,
            "crop_top": 0,
            "crop_bottom": 0,
            "crop_left": 0,
            "crop_right": 0,
            "pix_fmt": "yuv411p",
            "sample_aspect_ratio": "8:9",
            "pict_type": "I",
            "interlaced_frame": 1,
            "top_field_first": 0,
            "repeat_pict": 0,
            "chroma_location": "topleft"
        },
        {
            "media_type": "video",
            "stream_index": 0,
            "key_frame": 1,
            "pts": 125,
            "pts_time": "4.170838",
            "pkt_dts": 125,
            "pkt_dts_time": "4.170838",
            "best_effort_timestamp": 125,
            "best_effort_timestamp_time": "4.170838",
            "duration": 1,
            "duration_time": "0.033367",
            "pkt_pos": "15872912",
            "pkt_size": "120000",
            "width": 720,
            "height": 480,
            "crop_top": 0,
            "crop_bottom": 0,
            "crop_left": 0,
            "crop_right": 0,
            "pix_fmt": "yuv411p",
            "sample_aspect_ratio": "8:9",
            "pict_type": "I",
            "interlaced_frame": 1,
            "top_field_first": 0,
            "repeat_pict": 0,
            "chroma_location": "topleft"
        },
        {
            "media_type": "video",
            "stream_index": 0,
            "key_frame": 1,
            "pts": 126,
            "pts_time": "4.204204",
            "pkt_dts": 126,
            "pkt_dts_time": "4.204204",
            "best_effort_timestamp": 126,
            "best_effort_timestamp_time": "4.204204",
            "duration": 1,
            "duration_time": "0.033367",
            "pkt_pos": "15992920",
            "pkt_size": "120000",
            "width": 720,
            "height": 480,
            "crop_top": 0,
            "crop_bottom": 0,
            "crop_left": 0,
            "crop_right": 0,
            "pix_fmt": "yuv411p",
            "sample_aspect_ratio": "8:9",
            "pict_type": "I",
            "interlaced_frame": 1,
            "top_field_first": 0,
            "repeat_pict": 0,
            "chroma_location": "topleft"
        },
        {
            "media_type": "video",
            "stream_index": 0,
            "key_frame": 1,
            "pts": 127,
            "pts_time": "4.237571",
            "pkt_dts": 127,
            "pkt_dts_time": "4.237571",
            "best_effort_timestamp": 127,
            "best_effort_timestamp_time": "4.237571",
            "duration": 1,
            "duration_time": "0.033367",
            "pkt_pos": "16112928",
            "pkt_size": "120000",
            "width": 720,
            "height": 480,
            "crop_top": 0,
            "crop_bottom": 0,
            "crop_left": 0,
            "crop_right": 0,
            "pix_fmt": "yuv411p",
            "sample_aspect_ratio": "8:9",
            "pict_type": "I",
            "interlaced_frame": 1,
            "top_field_first": 0,
            "repeat_pict": 0,
            "chroma_location": "topleft"
        },
        {
            "media_type": "video",
            "stream_index": 0,
            "key_frame": 1,
            "pts": 128,
            "pts_time": "4.270938",
            "pkt_dts": 128,
            "pkt_dts_time": "4.270938",
            "best_effort_timestamp": 128,
            "best_effort_timestamp_time": "4.270938",
            "duration": 1,
            "duration_time": "0.033367",
            "pkt_pos": "16232936",
            "pkt_size": "120000",
            "width": 720,
            "height": 480,
            "crop_top": 0,
            "crop_bottom": 0,
            "crop_left": 0,
            "crop_right": 0,
            "pix_fmt": "yuv411p",
            "sample_aspect_ratio": "8:9",
            "pict_type": "I",
            "interlaced_frame": 1,
            "top_field_first": 0,
            "repeat_pict": 0,
            "chroma_location": "topleft"
        },
        {
            "media_type": "video",
            "stream_index": 0,
            "key_frame": 1,
            "pts": 129,
            "pts_time": "4.304304",
            "pkt_dts": 129,
            "pkt_dts_time": "4.304304",
            "best_effort_timestamp": 129,
            "best_effort_timestamp_time": "4.304304",
            "duration": 1,
            "duration_time": "0.033367",
            "pkt_pos": "16352944",
            "pkt_size": "120000",
            "width": 720,
            "height": 480,
            "crop_top": 0,
            "crop_bottom": 0,
            "crop_left": 0,
            "crop_right": 0,
            "pix_fmt": "yuv411p",
            "sample_aspect_ratio": "8:9",
            "pict_type": "I",
            "interlaced_frame": 1,
            "top_field_first": 0,
            "repeat_pict": 0,
            "chroma_location": "topleft"
        },
        {
            "media_type": "video",
            "stream_index": 0,
            "key_frame": 1,
            "pts": 130,
            "pts_time": "4.337671",
            "pkt_dts": 130,
            "pkt_dts_time": "4.337671",
            "best_effort_timestamp": 130,
            "best_effort_timestamp_time": "4.337671",
            "duration": 1,
            "duration_time": "0.033367",
            "pkt_pos": "16472952",
            "pkt_size": "120000",
            "width": 720,
            "height": 480,
            "crop_top": 0,
            "crop_bottom": 0,
            "crop_left": 0,
            "crop_right": 0,
            "pix_fmt": "yuv411p",
            "sample_aspect_ratio": "8:9",
            "pict_type": "I",
            "interlaced_frame": 1,
            "top_field_first": 0,
            "repeat_pict": 0,
            "chroma_location": "topleft"
        },
        {
            "media_type": "video",
            "stream_index": 0,
            "key_frame": 1,
            "pts": 131,
            "pts_time": "4.371038",
            "pkt_dts": 131,
            "pkt_dts_time": "4.371038",
            "best_effort_timestamp": 131,
            "best_effort_timestamp_time": "4.371038",
            "duration": 1,
            "duration_time": "0.033367",
            "pkt_pos": "16592960",
            "pkt_size": "120000",
            "width": 720,
            "height": 480,
            "crop_top": 0,
            "crop_bottom": 0,
            "crop_left": 0,
            "crop_right": 0,
            "pix_fmt": "yuv411p",
            "sample_aspect_ratio": "8:9",
            "pict_type": "I",
            "interlaced_frame": 1,
            "top_field_first": 0,
            "repeat_pict": 0,
            "chroma_location": "topleft"
        },
        {
            "media_type": "video",
            "stream_index": 0,
            "key_frame": 1,
            "pts": 132,
            "pts_time": "4.404404",
            "pkt_dts": 132,
            "pkt_dts_time": "4.404404",
            "best_effort_timestamp": 132,
            "best_effort_timestamp_time": "4.404404",
            "duration": 1,
            "duration_time": "0.033367",
            "pkt_pos": "16712968",
            "pkt_size": "120000",
            "width": 720,
            "height": 480,
            "crop_top": 0,
            "crop_bottom": 0,
            "crop_left": 0,
            "crop_right": 0,
            "pix_fmt": "yuv411p",
            "sample_aspect_ratio": "8:9",
            "pict_type": "I",
            "interlaced_frame": 1,
            "top_field_first": 0,
            "repeat_pict": 0,
            "chroma_location": "topleft"
        },
        {
            "media_type": "video",
            "stream_index": 0,
            "key_frame": 1,
            "pts": 133,
            "pts_time": "4.437771",
            "pkt_dts": 133,
            "pkt_dts_time": "4.437771",
            "best_effort_timestamp": 133,
            "best_effort_timestamp_time": "4.437771",
            "duration": 1,
            "duration_time": "0.033367",
            "pkt_pos": "16832976",
            "pkt_size": "120000",
            "width": 720,
            "height": 480,
            "crop_top": 0,
            "crop_bottom": 0,
            "crop_left": 0,
            "crop_right": 0,
            "pix_fmt": "yuv411p",
            "sample_aspect_ratio": "8:9",
            "pict_type": "I",
            "interlaced_frame": 1,
            "top_field_first": 0,
            "repeat_pict": 0,
            "chroma_location": "topleft"
        },
        {
            "media_type": "video",
            "stream_index": 0,
            "key_frame": 1,
            "pts": 134,
            "pts_time": "4.471138",
            "pkt_dts": 134,
            "pkt_dts_time": "4.471138",
            "best_effort_timestamp": 134,
            "best_effort_timestamp_time": "4.471138",
            "duration": 1,
            "duration_time": "0.033367",
            "pkt_pos": "16952984",
            "pkt_size": "120000",
            "width": 720,
            "height": 480,
            "crop_top": 0,
            "crop_bottom": 0,
            "crop_left": 0,
            "crop_right": 0,
            "pix_fmt": "yuv411p",
            "sample_aspect_ratio": "8:9",
            "pict_type": "I",
            "interlaced_frame": 1,
            "top_field_first": 0,
            "repeat_pict": 0,
            "chroma_location": "topleft"
        },
        {
            "media_type": "video",
            "stream_index": 0,
            "key_frame": 1,
            "pts": 135,
            "pts_time": "4.504504",
            "pkt_dts": 135,
            "pkt_dts_time": "4.504504",
            "best_effort_timestamp": 135,
            "best_effort_timestamp_time": "4.504504",
            "duration": 1,
            "duration_time": "0.033367",
            "pkt_pos": "17072992",
            "pkt_size": "120000",
            "width": 720,
            "height": 480,
            "crop_top": 0,
            "crop_bottom": 0,
            "crop_left": 0,
            "crop_right": 0,
            "pix_fmt": "yuv411p",
            "sample_aspect_ratio": "8:9",
            "pict_type": "I",
            "interlaced_frame": 1,
            "top_field_first": 0,
            "repeat_pict": 0,
            "chroma_location": "topleft"
        },
        {
            "media_type": "video",
            "stream_index": 0,
            "key_frame": 1,
            "pts": 136,
            "pts_time": "4.537871",
            "pkt_dts": 136,
            "pkt_dts_time": "4.537871",
            "best_effort_timestamp": 136,
            "best_effort_timestamp_time": "4.537871",
            "duration": 1,
            "duration_time": "0.033367",
            "pkt_pos": "17193000",
            "pkt_size": "120000",
            "width": 720,
            "height": 480,
            "crop_top": 0,
            "crop_bottom": 0,
            "crop_left": 0,
            "crop_right": 0,
            "pix_fmt": "yuv411p",
            "sample_aspect_ratio": "8:9",
            "pict_type": "I",
            "interlaced_frame": 1,
            "top_field_first": 0,
            "repeat_pict": 0,
            "chroma_location": "topleft"
        },
        {
            "media_type": "video",
            "stream_index": 0,
            "key_frame": 1,
            "pts": 137,
            "pts_time": "4.571238",
            "pkt_dts": 137,
            "pkt_dts_time": "4.571238",
            "best_effort_timestamp": 137,
            "best_effort_timestamp_time": "4.571238",
            "duration": 1,
            "duration_time": "0.033367",
            "pkt_pos": "17313008",
            "pkt_size": "120000",
            "width": 720,
            "height": 480,
            "crop_top": 0,
            "crop_bottom": 0,
            "crop_left": 0,
            "crop_right": 0,
            "pix_fmt": "yuv411p",
            "sample_aspect_ratio": "8:9",
            "pict_type": "I",
            "interlaced_frame": 1,
            "top_field_first": 0,
            "repeat_pict": 0,
            "chroma_location": "topleft"
        },
        {
            "media_type": "video",
            "stream_index": 0,
            "key_frame": 1,
            "pts": 138,
            "pts_time": "4.604605",
            "pkt_dts": 138,
            "pkt_dts_time": "4.604605",
            "best_effort_timestamp": 138,
            "best_effort_timestamp_time": "4.604605",
            "duration": 1,
            "duration_time": "0.033367",
            "pkt_pos": "17433016",
            "pkt_size": "120000",
            "width": 720,
            "height": 480,
            "crop_top": 0,
            "crop_bottom": 0,
            "crop_left": 0,
            "crop_right": 0,
            "pix_fmt": "yuv411p",
            "sample_aspect_ratio": "8:9",
            "pict_type": "I",
            "interlaced_frame": 1,
            "top_field_first": 0,
            "repeat_pict": 0,
            "chroma_location": "topleft"
        },
        {
            "media_type": "video",
            "stream_index": 0,
            "key_frame": 1,
            "pts": 139,
            "pts_time": "4.637971",
            "pkt_dts": 139,
            "pkt_dts_time": "4.637971",
            "best_effort_timestamp": 139,
            "best_effort_timestamp_time": "4.637971",
            "duration": 1,
            "duration_time": "0.033367",
            "pkt_pos": "17553024",
            "pkt_size": "120000",
            "width": 720,
            "height": 480,
            "crop_top": 0,
            "crop_bottom": 0,
            "crop_left": 0,
            "crop_right": 0,
            "pix_fmt": "yuv411p",
            "sample_aspect_ratio": "8:9",
            "pict_type": "I",
            "interlaced_frame": 1,
            "top_field_first": 0,
            "repeat_pict": 0,
            "chroma_location": "topleft"
        },
        {
            "media_type": "video",
            "stream_index": 0,
            "key_frame": 1,
            "pts": 140,
            "pts_time": "4.671338",
            "pkt_dts": 140,
            "pkt_dts_time": "4.671338",
            "best_effort_timestamp": 140,
            "best_effort_timestamp_time": "4.671338",
            "duration": 1,
            "duration_time": "0.033367",
            "pkt_pos": "17673032",
            "pkt_size": "120000",
            "width": 720,
            "height": 480,
            "crop_top": 0,
            "crop_bottom": 0,
            "crop_left": 0,
            "crop_right": 0,
            "pix_fmt": "yuv411p",
            "sample_aspect_ratio": "8:9",
            "pict_type": "I",
            "interlaced_frame": 1,
            "top_field_first": 0,
            "repeat_pict": 0,
            "chroma_location": "topleft"
        },
        {
            "media_type": "video",
            "stream_index": 0,
            "key_frame": 1,
            "pts": 141,
            "pts_time": "4.704705",
            "pkt_dts": 141,
            "pkt_dts_time": "4.704705",
            "best_effort_timestamp": 141,
            "best_effort_timestamp_time": "4.704705",
            "duration": 1,
            "duration_time": "0.033367",
            "pkt_pos": "17793040",
            "pkt_size": "120000",
            "width": 720,
            "height": 480,
            "crop_top": 0,
            "crop_bottom": 0,
            "crop_left": 0,
            "crop_right": 0,
            "pix_fmt": "yuv411p",
            "sample_aspect_ratio": "8:9",
            "pict_type": "I",
            "interlaced_frame": 1,
            "top_field_first": 0,
            "repeat_pict": 0,
            "chroma_location": "topleft"
        },
        {
            "media_type": "video",
            "stream_index": 0,
            "key_frame": 1,
            "pts": 142,
            "pts_time": "4.738071",
            "pkt_dts": 142,
            "pkt_dts_time": "4.738071",
            "best_effort_timestamp": 142,
            "best_effort_timestamp_time": "4.738071",
            "duration": 1,
            "duration_time": "0.033367",
            "pkt_pos": "17913048",
            "pkt_size": "120000",
            "width": 720,
            "height": 480,
            "crop_top": 0,
            "crop_bottom": 0,
            "crop_left": 0,
            "crop_right": 0,
            "pix_fmt": "yuv411p",
            "sample_aspect_ratio": "8:9",
            "pict_type": "I",
            "interlaced_frame": 1,
            "top_field_first": 0,
            "repeat_pict": 0,
            "chroma_location": "topleft"
        },
        {
            "media_type": "video",
            "stream_index": 0,
            "key_frame": 1,
            "pts": 143,
            "pts_time": "4.771438",
            "pkt_dts": 143,
            "pkt_dts_time": "4.771438",
            "best_effort_timestamp": 143,
            "best_effort_timestamp_time": "4.771438",
            "duration": 1,
            "duration_time": "0.033367",
            "pkt_pos": "18033056",
            "pkt_size": "120000",
            "width": 720,
            "height": 480,
            "crop_top": 0,
            "crop_bottom": 0,
            "crop_left": 0,
            "crop_right": 0,
            "pix_fmt": "yuv411p",
            "sample_aspect_ratio": "8:9",
            "pict_type": "I",
            "interlaced_frame": 1,
            "top_field_first": 0,
            "repeat_pict": 0,
            "chroma_location": "topleft"
        },
        {
            "media_type": "video",
            "stream_index": 0,
            "key_frame": 1,
            "pts": 144,
            "pts_time": "4.804805",
            "pkt_dts": 144,
            "pkt_dts_time": "4.804805",
            "best_effort_timestamp": 144,
            "best_effort_timestamp_time": "4.804805",
            "duration": 1,
            "duration_time": "0.033367",
            "pkt_pos": "18153064",
            "pkt_size": "120000",
            "width": 720,
            "height": 480,
            "crop_top": 0,
            "crop_bottom": 0,
            "crop_left": 0,
            "crop_right": 0,
            "pix_fmt": "yuv411p",
            "sample_aspect_ratio": "8:9",
            "pict_type": "I",
            "interlaced_frame": 1,
            "top_field_first": 0,
            "repeat_pict": 0,
            "chroma_location": "topleft"
        },
        {
            "media_type": "video",
            "stream_index": 0,
            "key_frame": 1,
            "pts": 145,
            "pts_time": "4.838171",
            "pkt_dts": 145,
            "pkt_dts_time": "4.838171",
            "best_effort_timestamp": 145,
            "best_effort_timestamp_time": "4.838171",
            "duration": 1,
            "duration_time": "0.033367",
            "pkt_pos": "18458868",
            "pkt_size": "120000",
            "width": 720,
            "height": 480,
            "crop_top": 0,
            "crop_bottom": 0,
            "crop_left": 0,
            "crop_right": 0,
            "pix_fmt": "yuv411p",
            "sample_aspect_ratio": "8:9",
            "pict_type": "I",
            "interlaced_frame": 1,
            "top_field_first": 0,
            "repeat_pict": 0,
            "chroma_location": "topleft"
        },
        {
            "media_type": "video",
            "stream_index": 0,
            "key_frame": 1,
            "pts": 146,
            "pts_time": "4.871538",
            "pkt_dts": 146,
            "pkt_dts_time": "4.871538",
            "best_effort_timestamp": 146,
            "best_effort_timestamp_time": "4.871538",
            "duration": 1,
            "duration_time": "0.033367",
            "pkt_pos": "18578876",
            "pkt_size": "120000",
            "width": 720,
            "height": 480,
            "crop_top": 0,
            "crop_bottom": 0,
            "crop_left": 0,
            "crop_right": 0,
            "pix_fmt": "yuv411p",
            "sample_aspect_ratio": "8:9",
            "pict_type": "I",
            "interlaced_frame": 1,
            "top_field_first": 0,
            "repeat_pict": 0,
            "chroma_location": "topleft"
        },
        {
            "media_type": "video",
            "stream_index": 0,
            "key_frame": 1,
            "pts": 147,
            "pts_time": "4.904905",
            "pkt_dts": 147,
            "pkt_dts_time": "4.904905",
            "best_effort_timestamp": 147,
            "best_effort_timestamp_time": "4.904905",
            "duration": 1,
            "duration_time": "0.033367",
            "pkt_pos": "18698884",
            "pkt_size": "120000",
            "width": 720,
            "height": 480,
            "crop_top": 0,
            "crop_bottom": 0,
            "crop_left": 0,
            "crop_right": 0,
            "pix_fmt": "yuv411p",
            "sample_aspect_ratio": "8:9",
            "pict_type": "I",
            "interlaced_frame": 1,
            "top_field_first": 0,
            "repeat_pict": 0,
            "chroma_location": "topleft"
        },
        {
            "media_type": "video",
            "stream_index": 0,
            "key_frame": 1,
            "pts": 148,
            "pts_time": "4.938272",
            "pkt_dts": 148,
            "pkt_dts_time": "4.938272",
            "best_effort_timestamp": 148,
            "best_effort_timestamp_time": "4.938272",
            "duration": 1,
            "duration_time": "0.033367",
            "pkt_pos": "18818892",
            "pkt_size": "120000",
            "width": 720,
            "height": 480,
            "crop_top": 0,
            "crop_bottom": 0,
            "crop_left": 0,
            "crop_right": 0,
            "pix_fmt": "yuv411p",
            "sample_aspect_ratio": "8:9",
            "pict_type": "I",
            "interlaced_frame": 1,
            "top_field_first": 0,
            "repeat_pict": 0,
            "chroma_location": "topleft"
        },
        {
            "media_type": "video",
            "stream_index": 0,
            "key_frame": 1,
            "pts": 149,
            "pts_time": "4.971638",
            "pkt_dts": 149,
            "pkt_dts_time": "4.971638",
            "best_effort_timestamp": 149,
            "best_effort_timestamp_time": "4.971638",
            "duration": 1,
            "duration_time": "0.033367",
            "pkt_pos": "18938900",
            "pkt_size": "120000",
            "width": 720,
            "height": 480,
            "crop_top": 0,
            "crop_bottom": 0,
            "crop_left": 0,
            "crop_right": 0,
            "pix_fmt": "yuv411p",
            "sample_aspect_ratio": "8:9",
            "pict_type": "I",
            "interlaced_frame": 1,
            "top_field_first": 0,
            "repeat_pict": 0,
            "chroma_location": "topleft"
        },
        {
            "media_type": "video",
            "stream_index": 0,
            "key_frame": 1,
            "pts": 150,
            "pts_time": "5.005005",
            "pkt_dts": 150,
            "pkt_dts_time": "5.005005",
            "best_effort_timestamp": 150,
            "best_effort_timestamp_time": "5.005005",
            "duration": 1,
            "duration_time": "0.033367",
            "pkt_pos": "19058908",
            "pkt_size": "120000",
            "width": 720,
            "height": 480,
            "crop_top": 0,
            "crop_bottom": 0,
            "crop_left": 0,
            "crop_right": 0,
            "pix_fmt": "yuv411p",
            "sample_aspect_ratio": "8:9",
            "pict_type": "I",
            "interlaced_frame": 1,
            "top_field_first": 0,
            "repeat_pict": 0,
            "chroma_location": "topleft"
        },
        {
            "media_type": "video",
            "stream_index": 0,
            "key_frame": 1,
            "pts": 151,
            "pts_time": "5.038372",
            "pkt_dts": 151,
            "pkt_dts_time": "5.038372",
            "best_effort_timestamp": 151,
            "best_effort_timestamp_time": "5.038372",
            "duration": 1,
            "duration_time": "0.033367",
            "pkt_pos": "19178916",
            "pkt_size": "120000",
            "width": 720,
            "height": 480,
            "crop_top": 0,
            "crop_bottom": 0,
            "crop_left": 0,
            "crop_right": 0,
            "pix_fmt": "yuv411p",
            "sample_aspect_ratio": "8:9",
            "pict_type": "I",
            "interlaced_frame": 1,
            "top_field_first": 0,
            "repeat_pict": 0,
            "chroma_location": "topleft"
        },
        {
            "media_type": "video",
            "stream_index": 0,
            "key_frame": 1,
            "pts": 152,
            "pts_time": "5.071738",
            "pkt_dts": 152,
            "pkt_dts_time": "5.071738",
            "best_effort_timestamp": 152,
            "best_effort_timestamp_time": "5.071738",
            "duration": 1,
            "duration_time": "0.033367",
            "pkt_pos": "19298924",
            "pkt_size": "120000",
            "width": 720,
            "height": 480,
            "crop_top": 0,
            "crop_bottom": 0,
            "crop_left": 0,
            "crop_right": 0,
            "pix_fmt": "yuv411p",
            "sample_aspect_ratio": "8:9",
            "pict_type": "I",
            "interlaced_frame": 1,
            "top_field_first": 0,
            "repeat_pict": 0,
            "chroma_location": "topleft"
        },
        {
            "media_type": "video",
            "stream_index": 0,
            "key_frame": 1,
            "pts": 153,
            "pts_time": "5.105105",
            "pkt_dts": 153,
            "pkt_dts_time": "5.105105",
            "best_effort_timestamp": 153,
            "best_effort_timestamp_time": "5.105105",
            "duration": 1,
            "duration_time": "0.033367",
            "pkt_pos": "19418932",
            "pkt_size": "120000",
            "width": 720,
            "height": 480,
            "crop_top": 0,
            "crop_bottom": 0,
            "crop_left": 0,
            "crop_right": 0,
            "pix_fmt": "yuv411p",
            "sample_aspect_ratio": "8:9",
            "pict_type": "I",
            "interlaced_frame": 1,
            "top_field_first": 0,
            "repeat_pict": 0,
            "chroma_location": "topleft"
        },
        {
            "media_type": "video",
            "stream_index": 0,
            "key_frame": 1,
            "pts": 154,
            "pts_time": "5.138472",
            "pkt_dts": 154,
            "pkt_dts_time": "5.138472",
            "best_effort_timestamp": 154,
            "best_effort_timestamp_time": "5.138472",
            "duration": 1,
            "duration_time": "0.033367",
            "pkt_pos": "19538940",
            "pkt_size": "120000",
            "width": 720,
            "height": 480,
            "crop_top": 0,
            "crop_bottom": 0,
            "crop_left": 0,
            "crop_right": 0,
            "pix_fmt": "yuv411p",
            "sample_aspect_ratio": "8:9",
            "pict_type": "I",
            "interlaced_frame": 1,
            "top_field_first": 0,
            "repeat_pict": 0,
            "chroma_location": "topleft"
        },
        {
            "media_type": "video",
            "stream_index": 0,
            "key_frame": 1,
            "pts": 155,
            "pts_time": "5.171838",
            "pkt_dts": 155,
            "pkt_dts_time": "5.171838",
            "best_effort_timestamp": 155,
            "best_effort_timestamp_time": "5.171838",
            "duration": 1,
            "duration_time": "0.033367",
            "pkt_pos": "19658948",
            "pkt_size": "120000",
            "width": 720,
            "height": 480,
            "crop_top": 0,
            "crop_bottom": 0,
            "crop_left": 0,
            "crop_right": 0,
            "pix_fmt": "yuv411p",
            "sample_aspect_ratio": "8:9",
            "pict_type": "I",
            "interlaced_frame": 1,
            "top_field_first": 0,
            "repeat_pict": 0,
            "chroma_location": "topleft"
        },
        {
            "media_type": "video",
            "stream_index": 0,
            "key_frame": 1,
            "pts": 156,
            "pts_time": "5.205205",
            "pkt_dts": 156,
            "pkt_dts_time": "5.205205",
            "best_effort_timestamp": 156,
            "best_effort_timestamp_time": "5.205205",
            "duration": 1,
            "duration_time": "0.033367",
            "pkt_pos": "19778956",
            "pkt_size": "120000",
            "width": 720,
            "height": 480,
            "crop_top": 0,
            "crop_bottom": 0,
            "crop_left": 0,
            "crop_right": 0,
            "pix_fmt": "yuv411p",
            "sample_aspect_ratio": "8:9",
            "pict_type": "I",
            "interlaced_frame": 1,
            "top_field_first": 0,
            "repeat_pict": 0,
            "chroma_location": "topleft"
        },
        {
            "media_type": "video",
            "stream_index": 0,
            "key_frame": 1,
            "pts": 157,
            "pts_time": "5.238572",
            "pkt_dts": 157,
            "pkt_dts_time": "5.238572",
            "best_effort_timestamp": 157,
            "best_effort_timestamp_time": "5.238572",
            "duration": 1,
            "duration_time": "0.033367",
            "pkt_pos": "19898964",
            "pkt_size": "120000",
            "width": 720,
            "height": 480,
            "crop_top": 0,
            "crop_bottom": 0,
            "crop_left": 0,
            "crop_right": 0,
            "pix_fmt": "yuv411p",
            "sample_aspect_ratio": "8:9",
            "pict_type": "I",
            "interlaced_frame": 1,
            "top_field_first": 0,
            "repeat_pict": 0,
            "chroma_location": "topleft"
        },
        {
            "media_type": "video",
            "stream_index": 0,
            "key_frame": 1,
            "pts": 158,
            "pts_time": "5.271939",
            "pkt_dts": 158,
            "pkt_dts_time": "5.271939",
            "best_effort_timestamp": 158,
            "best_effort_timestamp_time": "5.271939",
            "duration": 1,
            "duration_time": "0.033367",
            "pkt_pos": "20018972",
            "pkt_size": "120000",
            "width": 720,
            "height": 480,
            "crop_top": 0,
            "crop_bottom": 0,
            "crop_left": 0,
            "crop_right": 0,
            "pix_fmt": "yuv411p",
            "sample_aspect_ratio": "8:9",
            "pict_type": "I",
            "interlaced_frame": 1,
            "top_field_first": 0,
            "repeat_pict": 0,
            "chroma_location": "topleft"
        },
        {
            "media_type": "video",
            "stream_index": 0,
            "key_frame": 1,
            "pts": 159,
            "pts_time": "5.305305",
            "pkt_dts": 159,
            "pkt_dts_time": "5.305305",
            "best_effort_timestamp": 159,
            "best_effort_timestamp_time": "5.305305",
            "duration": 1,
            "duration_time": "0.033367",
            "pkt_pos": "20138980",
            "pkt_size": "120000",
            "width": 720,
            "height": 480,
            "crop_top": 0,
            "crop_bottom": 0,
            "crop_left": 0,
            "crop_right": 0,
            "pix_fmt": "yuv411p",
            "sample_aspect_ratio": "8:9",
            "pict_type": "I",
            "interlaced_frame": 1,
            "top_field_first": 0,
            "repeat_pict": 0,
            "chroma_location": "topleft"
        },
        {
            "media_type": "video",
            "stream_index": 0,
            "key_frame": 1,
            "pts": 160,
            "pts_time": "5.338672",
            "pkt_dts": 160,
            "pkt_dts_time": "5.338672",
            "best_effort_timestamp": 160,
            "best_effort_timestamp_time": "5.338672",
            "duration": 1,
            "duration_time": "0.033367",
            "pkt_pos": "20258988",
            "pkt_size": "120000",
            "width": 720,
            "height": 480,
            "crop_top": 0,
            "crop_bottom": 0,
            "crop_left": 0,
            "crop_right": 0,
            "pix_fmt": "yuv411p",
            "sample_aspect_ratio": "8:9",
            "pict_type": "I",
            "interlaced_frame": 1,
            "top_field_first": 0,
            "repeat_pict": 0,
            "chroma_location": "topleft"
        },
        {
            "media_type": "video",
            "stream_index": 0,
            "key_frame": 1,
            "pts": 161,
            "pts_time": "5.372039",
            "pkt_dts": 161,
            "pkt_dts_time": "5.372039",
            "best_effort_timestamp": 161,
            "best_effort_timestamp_time": "5.372039",
            "duration": 1,
            "duration_time": "0.033367",
            "pkt_pos": "20378996",
            "pkt_size": "120000",
            "width": 720,
            "height": 480,
            "crop_top": 0,
            "crop_bottom": 0,
            "crop_left": 0,
            "crop_right": 0,
            "pix_fmt": "yuv411p",
            "sample_aspect_ratio": "8:9",
            "pict_type": "I",
            "interlaced_frame": 1,
            "top_field_first": 0,
            "repeat_pict": 0,
            "chroma_location": "topleft"
        },
        {
            "media_type": "video",
            "stream_index": 0,
            "key_frame": 1,
            "pts": 162,
            "pts_time": "5.405405",
            "pkt_dts": 162,
            "pkt_dts_time": "5.405405",
            "best_effort_timestamp": 162,
            "best_effort_timestamp_time": "5.405405",
            "duration": 1,
            "duration_time": "0.033367",
            "pkt_pos": "20499004",
            "pkt_size": "120000",
            "width": 720,
            "height": 480,
            "crop_top": 0,
            "crop_bottom": 0,
            "crop_left": 0,
            "crop_right": 0,
            "pix_fmt": "yuv411p",
            "sample_aspect_ratio": "8:9",
            "pict_type": "I",
            "interlaced_frame": 1,
            "top_field_first": 0,
            "repeat_pict": 0,
            "chroma_location": "topleft"
        },
        {
            "media_type": "video",
            "stream_index": 0,
            "key_frame": 1,
            "pts": 163,
            "pts_time": "5.438772",
            "pkt_dts": 163,
            "pkt_dts_time": "5.438772",
            "best_effort_timestamp": 163,
            "best_effort_timestamp_time": "5.438772",
            "duration": 1,
            "duration_time": "0.033367",
            "pkt_pos": "20619012",
            "pkt_size": "120000",
            "width": 720,
            "height": 480,
            "crop_top": 0,
            "crop_bottom": 0,
            "crop_left": 0,
            "crop_right": 0,
            "pix_fmt": "yuv411p",
            "sample_aspect_ratio": "8:9",
            "pict_type": "I",
            "interlaced_frame": 1,
            "top_field_first": 0,
            "repeat_pict": 0,
            "chroma_location": "topleft"
        },
        {
            "media_type": "video",
            "stream_index": 0,
            "key_frame": 1,
            "pts": 164,
            "pts_time": "5.472139",
            "pkt_dts": 164,
            "pkt_dts_time": "5.472139",
            "best_effort_timestamp": 164,
            "best_effort_timestamp_time": "5.472139",
            "duration": 1,
            "duration_time": "0.033367",
            "pkt_pos": "20739020",
            "pkt_size": "120000",
            "width": 720,
            "height": 480,
            "crop_top": 0,
            "crop_bottom": 0,
            "crop_left": 0,
            "crop_right": 0,
            "pix_fmt": "yuv411p",
            "sample_aspect_ratio": "8:9",
            "pict_type": "I",
            "interlaced_frame": 1,
            "top_field_first": 0,
            "repeat_pict": 0,
            "chroma_location": "topleft"
        },
        {
            "media_type": "video",
            "stream_index": 0,
            "key_frame": 1,
            "pts": 165,
            "pts_time": "5.505505",
            "pkt_dts": 165,
            "pkt_dts_time": "5.505505",
            "best_effort_timestamp": 165,
            "best_effort_timestamp_time": "5.505505",
            "duration": 1,
            "duration_time": "0.033367",
            "pkt_pos": "20859028",
            "pkt_size": "120000",
            "width": 720,
            "height": 480,
            "crop_top": 0,
            "crop_bottom": 0,
            "crop_left": 0,
            "crop_right": 0,
            "pix_fmt": "yuv411p",
            "sample_aspect_ratio": "8:9",
            "pict_type": "I",
            "interlaced_frame": 1,
            "top_field_first": 0,
            "repeat_pict": 0,
            "chroma_location": "topleft"
        },
        {
            "media_type": "video",
            "stream_index": 0,
            "key_frame": 1,
            "pts": 166,
            "pts_time": "5.538872",
            "pkt_dts": 166,
            "pkt_dts_time": "5.538872",
            "best_effort_timestamp": 166,
            "best_effort_timestamp_time": "5.538872",
            "duration": 1,
            "duration_time": "0.033367",
            "pkt_pos": "20979036",
            "pkt_size": "120000",
            "width": 720,
            "height": 480,
            "crop_top": 0,
            "crop_bottom": 0,
            "crop_left": 0,
            "crop_right": 0,
            "pix_fmt": "yuv411p",
            "sample_aspect_ratio": "8:9",
            "pict_type": "I",
            "interlaced_frame": 1,
            "top_field_first": 0,
            "repeat_pict": 0,
            "chroma_location": "topleft"
        },
        {
            "media_type": "video",
            "stream_index": 0,
            "key_frame": 1,
            "pts": 167,
            "pts_time": "5.572239",
            "pkt_dts": 167,
            "pkt_dts_time": "5.572239",
            "best_effort_timestamp": 167,
            "best_effort_timestamp_time": "5.572239",
            "duration": 1,
            "duration_time": "0.033367",
            "pkt_pos": "21099044",
            "pkt_size": "120000",
            "width": 720,
            "height": 480,
            "crop_top": 0,
            "crop_bottom": 0,
            "crop_left": 0,
            "crop_right": 0,
            "pix_fmt": "yuv411p",
            "sample_aspect_ratio": "8:9",
            "pict_type": "I",
            "interlaced_frame": 1,
            "top_field_first": 0,
            "repeat_pict": 0,
            "chroma_location": "topleft"
        },
        {
            "media_type": "video",
            "stream_index": 0,
            "key_frame": 1,
            "pts": 168,
            "pts_time": "5.605606",
            "pkt_dts": 168,
            "pkt_dts_time": "5.605606",
            "best_effort_timestamp": 168,
            "best_effort_timestamp_time": "5.605606",
            "duration": 1,
            "duration_time": "0.033367",
            "pkt_pos": "21219052",
            "pkt_size": "120000",
            "width": 720,
            "height": 480,
            "crop_top": 0,
            "crop_bottom": 0,
            "crop_left": 0,
            "crop_right": 0,
            "pix_fmt": "yuv411p",
            "sample_aspect_ratio": "8:9",
            "pict_type": "I",
            "interlaced_frame": 1,
            "top_field_first": 0,
            "repeat_pict": 0,
            "chroma_location": "topleft"
        },
        {
            "media_type": "video",
            "stream_index": 0,
            "key_frame": 1,
            "pts": 169,
            "pts_time": "5.638972",
            "pkt_dts": 169,
            "pkt_dts_time": "5.638972",
            "best_effort_timestamp": 169,
            "best_effort_timestamp_time": "5.638972",
            "duration": 1,
            "duration_time": "0.033367",
            "pkt_pos": "21339060",
            "pkt_size": "120000",
            "width": 720,
            "height": 480,
            "crop_top": 0,
            "crop_bottom": 0,
            "crop_left": 0,
            "crop_right": 0,
            "pix_fmt": "yuv411p",
            "sample_aspect_ratio": "8:9",
            "pict_type": "I",
            "interlaced_frame": 1,
            "top_field_first": 0,
            "repeat_pict": 0,
            "chroma_location": "topleft"
        },
        {
            "media_type": "video",
            "stream_index": 0,
            "key_frame": 1,
            "pts": 170,
            "pts_time": "5.672339",
            "pkt_dts": 170,
            "pkt_dts_time": "5.672339",
            "best_effort_timestamp": 170,
            "best_effort_timestamp_time": "5.672339",
            "duration": 1,
            "duration_time": "0.033367",
            "pkt_pos": "21459068",
            "pkt_size": "120000",
            "width": 720,
            "height": 480,
            "crop_top": 0,
            "crop_bottom": 0,
            "crop_left": 0,
            "crop_right": 0,
            "pix_fmt": "yuv411p",
            "sample_aspect_ratio": "8:9",
            "pict_type": "I",
            "interlaced_frame": 1,
            "top_field_first": 0,
            "repeat_pict": 0,
            "chroma_location": "topleft"
        },
        {
            "media_type": "video",
            "stream_index": 0,
            "key_frame": 1,
            "pts": 171,
            "pts_time": "5.705706",
            "pkt_dts": 171,
            "pkt_dts_time": "5.705706",
            "best_effort_timestamp": 171,
            "best_effort_timestamp_time": "5.705706",
            "duration": 1,
            "duration_time": "0.033367",
            "pkt_pos": "21579076",
            "pkt_size": "120000",
            "width": 720,
            "height": 480,
            "crop_top": 0,
            "crop_bottom": 0,
            "crop_left": 0,
            "crop_right": 0,
            "pix_fmt": "yuv411p",
            "sample_aspect_ratio": "8:9",
            "pict_type": "I",
            "interlaced_frame": 1,
            "top_field_first": 0,
            "repeat_pict": 0,
            "chroma_location": "topleft"
        },
        {
            "media_type": "video",
            "stream_index": 0,
            "key_frame": 1,
            "pts": 172,
            "pts_time": "5.739072",
            "pkt_dts": 172,
            "pkt_dts_time": "5.739072",
            "best_effort_timestamp": 172,
            "best_effort_timestamp_time": "5.739072",
            "duration": 1,
            "duration_time": "0.033367",
            "pkt_pos": "21699084",
            "pkt_size": "120000",
            "width": 720,
            "height": 480,
            "crop_top": 0,
            "crop_bottom": 0,
            "crop_left": 0,
            "crop_right": 0,
            "pix_fmt": "yuv411p",
            "sample_aspect_ratio": "8:9",
            "pict_type": "I",
            "interlaced_frame": 1,
            "top_field_first": 0,
            "repeat_pict": 0,
            "chroma_location": "topleft"
        },
        {
            "media_type": "video",
            "stream_index": 0,
            "key_frame": 1,
            "pts": 173,
            "pts_time": "5.772439",
            "pkt_dts": 173,
            "pkt_dts_time": "5.772439",
            "best_effort_timestamp": 173,
            "best_effort_timestamp_time": "5.772439",
            "duration": 1,
            "duration_time": "0.033367",
            "pkt_pos": "21819092",
            "pkt_size": "120000",
            "width": 720,
            "height": 480,
            "crop_top": 0,
            "crop_bottom": 0,
            "crop_left": 0,
            "crop_right": 0,
            "pix_fmt": "yuv411p",
            "sample_aspect_ratio": "8:9",
            "pict_type": "I",
            "interlaced_frame": 1,
            "top_field_first": 0,
            "repeat_pict": 0,
            "chroma_location": "topleft"
        },
        {
            "media_type": "video",
            "stream_index": 0,
            "key_frame": 1,
            "pts": 174,
            "pts_time": "5.805806",
            "pkt_dts": 174,
            "pkt_dts_time": "5.805806",
            "best_effort_timestamp": 174,
            "best_effort_timestamp_time": "5.805806",
            "duration": 1,
            "duration_time": "0.033367",
            "pkt_pos": "22124892",
            "pkt_size": "120000",
            "width": 720,
            "height": 480,
            "crop_top": 0,
            "crop_bottom": 0,
            "crop_left": 0,
            "crop_right": 0,
            "pix_fmt": "yuv411p",
            "sample_aspect_ratio": "8:9",
            "pict_type": "I",
            "interlaced_frame": 1,
            "top_field_first": 0,
            "repeat_pict": 0,
            "chroma_location": "topleft"
        },
        {
            "media_type": "video",
            "stream_index": 0,
            "key_frame": 1,
            "pts": 175,
            "pts_time": "5.839173",
            "pkt_dts": 175,
            "pkt_dts_time": "5.839173",
            "best_effort_timestamp": 175,
            "best_effort_timestamp_time": "5.839173",
            "duration": 1,
            "duration_time": "0.033367",
            "pkt_pos": "22244900",
            "pkt_size": "120000",
            "width": 720,
            "height": 480,
            "crop_top": 0,
            "crop_bottom": 0,
            "crop_left": 0,
            "crop_right": 0,
            "pix_fmt": "yuv411p",
            "sample_aspect_ratio": "8:9",
            "pict_type": "I",
            "interlaced_frame": 1,
            "top_field_first": 0,
            "repeat_pict": 0,
            "chroma_location": "topleft"
        },
        {
            "media_type": "video",
            "stream_index": 0,
            "key_frame": 1,
            "pts": 176,
            "pts_time": "5.872539",
            "pkt_dts": 176,
            "pkt_dts_time": "5.872539",
            "best_effort_timestamp": 176,
            "best_effort_timestamp_time": "5.872539",
            "duration": 1,
            "duration_time": "0.033367",
            "pkt_pos": "22364908",
            "pkt_size": "120000",
            "width": 720,
            "height": 480,
            "crop_top": 0,
            "crop_bottom": 0,
            "crop_left": 0,
            "crop_right": 0,
            "pix_fmt": "yuv411p",
            "sample_aspect_ratio": "8:9",
            "pict_type": "I",
            "interlaced_frame": 1,
            "top_field_first": 0,
            "repeat_pict": 0,
            "chroma_location": "topleft"
        },
        {
            "media_type": "video",
            "stream_index": 0,
            "key_frame": 1,
            "pts": 177,
            "pts_time": "5.905906",
            "pkt_dts": 177,
            "pkt_dts_time": "5.905906",
            "best_effort_timestamp": 177,
            "best_effort_timestamp_time": "5.905906",
            "duration": 1,
            "duration_time": "0.033367",
            "pkt_pos": "22484916",
            "pkt_size": "120000",
            "width": 720,
            "height": 480,
            "crop_top": 0,
            "crop_bottom": 0,
            "crop_left": 0,
            "crop_right": 0,
            "pix_fmt": "yuv411p",
            "sample_aspect_ratio": "8:9",
            "pict_type": "I",
            "interlaced_frame": 1,
            "top_field_first": 0,
            "repeat_pict": 0,
            "chroma_location": "topleft"
        },
        {
            "media_type": "video",
            "stream_index": 0,
            "key_frame": 1,
            "pts": 178,
            "pts_time": "5.939273",
            "pkt_dts": 178,
            "pkt_dts_time": "5.939273",
            "best_effort_timestamp": 178,
            "best_effort_timestamp_time": "5.939273",
            "duration": 1,
            "duration_time": "0.033367",
            "pkt_pos": "22604924",
            "pkt_size": "120000",
            "width": 720,
            "height": 480,
            "crop_top": 0,
            "crop_bottom": 0,
            "crop_left": 0,
            "crop_right": 0,
            "pix_fmt": "yuv411p",
            "sample_aspect_ratio": "8:9",
            "pict_type": "I",
            "interlaced_frame": 1,
            "top_field_first": 0,
            "repeat_pict": 0,
            "chroma_location": "topleft"
        },
        {
            "media_type": "video",
            "stream_index": 0,
            "key_frame": 1,
            "pts": 179,
            "pts_time": "5.972639",
            "pkt_dts": 179,
            "pkt_dts_time": "5.972639",
            "best_effort_timestamp": 179,
            "best_effort_timestamp_time": "5.972639",
            "duration": 1,
            "duration_time": "0.033367",
            "pkt_pos": "22724932",
            "pkt_size": "120000",
            "width": 720,
            "height": 480,
            "crop_top": 0,
            "crop_bottom": 0,
            "crop_left": 0,
            "crop_right": 0,
            "pix_fmt": "yuv411p",
            "sample_aspect_ratio": "8:9",
            "pict_type": "I",
            "interlaced_frame": 1,
            "top_field_first": 0,
            "repeat_pict": 0,
            "chroma_location": "topleft"
        },
        {
            "media_type": "video",
            "stream_index": 0,
            "key_frame": 1,
            "pts": 180,
            "pts_time": "6.006006",
            "pkt_dts": 180,
            "pkt_dts_time": "6.006006",
            "best_effort_timestamp": 180,
            "best_effort_timestamp_time": "6.006006",
            "duration": 1,
            "duration_time": "0.033367",
            "pkt_pos": "22844940",
            "pkt_size": "120000",
            "width": 720,
            "height": 480,
            "crop_top": 0,
            "crop_bottom": 0,
            "crop_left": 0,
            "crop_right": 0,
            "pix_fmt": "yuv411p",
            "sample_aspect_ratio": "8:9",
            "pict_type": "I",
            "interlaced_frame": 1,
            "top_field_first": 0,
            "repeat_pict": 0,
            "chroma_location": "topleft"
        },
        {
            "media_type": "video",
            "stream_index": 0,
            "key_frame": 1,
            "pts": 181,
            "pts_time": "6.039373",
            "pkt_dts": 181,
            "pkt_dts_time": "6.039373",
            "best_effort_timestamp": 181,
            "best_effort_timestamp_time": "6.039373",
            "duration": 1,
            "duration_time": "0.033367",
            "pkt_pos": "22964948",
            "pkt_size": "120000",
            "width": 720,
            "height": 480,
            "crop_top": 0,
            "crop_bottom": 0,
            "crop_left": 0,
            "crop_right": 0,
            "pix_fmt": "yuv411p",
            "sample_aspect_ratio": "8:9",
            "pict_type": "I",
            "interlaced_frame": 1,
            "top_field_first": 0,
            "repeat_pict": 0,
            "chroma_location": "topleft"
        },
        {
            "media_type": "video",
            "stream_index": 0,
            "key_frame": 1,
            "pts": 182,
            "pts_time": "6.072739",
            "pkt_dts": 182,
            "pkt_dts_time": "6.072739",
            "best_effort_timestamp": 182,
            "best_effort_timestamp_time": "6.072739",
            "duration": 1,
            "duration_time": "0.033367",
            "pkt_pos": "23084956",
            "pkt_size": "120000",
            "width": 720,
            "height": 480,
            "crop_top": 0,
            "crop_bottom": 0,
            "crop_left": 0,
            "crop_right": 0,
            "pix_fmt": "yuv411p",
            "sample_aspect_ratio": "8:9",
            "pict_type": "I",
            "interlaced_frame": 1,
            "top_field_first": 0,
            "repeat_pict": 0,
            "chroma_location": "topleft"
        },
        {
            "media_type": "video",
            "stream_index": 0,
            "key_frame": 1,
            "pts": 183,
            "pts_time": "6.106106",
            "pkt_dts": 183,
            "pkt_dts_time": "6.106106",
            "best_effort_timestamp": 183,
            "best_effort_timestamp_time": "6.106106",
            "duration": 1,
            "duration_time": "0.033367",
            "pkt_pos": "23204964",
            "pkt_size": "120000",
            "width": 720,
            "height": 480,
            "crop_top": 0,
            "crop_bottom": 0,
            "crop_left": 0,
            "crop_right": 0,
            "pix_fmt": "yuv411p",
            "sample_aspect_ratio": "8:9",
            "pict_type": "I",
            "interlaced_frame": 1,
            "top_field_first": 0,
            "repeat_pict": 0,
            "chroma_location": "topleft"
        },
        {
            "media_type": "video",
            "stream_index": 0,
            "key_frame": 1,
            "pts": 184,
            "pts_time": "6.139473",
            "pkt_dts": 184,
            "pkt_dts_time": "6.139473",
            "best_effort_timestamp": 184,
            "best_effort_timestamp_time": "6.139473",
            "duration": 1,
            "duration_time": "0.033367",
            "pkt_pos": "23324972",
            "pkt_size": "120000",
            "width": 720,
            "height": 480,
            "crop_top": 0,
            "crop_bottom": 0,
            "crop_left": 0,
            "crop_right": 0,
            "pix_fmt": "yuv411p",
            "sample_aspect_ratio": "8:9",
            "pict_type": "I",
            "interlaced_frame": 1,
            "top_field_first": 0,
            "repeat_pict": 0,
            "chroma_location": "topleft"
        },
        {
            "media_type": "video",
            "stream_index": 0,
            "key_frame": 1,
            "pts": 185,
            "pts_time": "6.172840",
            "pkt_dts": 185,
            "pkt_dts_time": "6.172840",
            "best_effort_timestamp": 185,
            "best_effort_timestamp_time": "6.172840",
            "duration": 1,
            "duration_time": "0.033367",
            "pkt_pos": "23444980",
            "pkt_size": "120000",
            "width": 720,
            "height": 480,
            "crop_top": 0,
            "crop_bottom": 0,
            "crop_left": 0,
            "crop_right": 0,
            "pix_fmt": "yuv411p",
            "sample_aspect_ratio": "8:9",
            "pict_type": "I",
            "interlaced_frame": 1,
            "top_field_first": 0,
            "repeat_pict": 0,
            "chroma_location": "topleft"
        },
        {
            "media_type": "video",
            "stream_index": 0,
            "key_frame": 1,
            "pts": 186,
            "pts_time": "6.206206",
            "pkt_dts": 186,
            "pkt_dts_time": "6.206206",
            "best_effort_timestamp": 186,
            "best_effort_timestamp_time": "6.206206",
            "duration": 1,
            "duration_time": "0.033367",
            "pkt_pos": "23564988",
            "pkt_size": "120000",
            "width": 720,
            "height": 480,
            "crop_top": 0,
            "crop_bottom": 0,
            "crop_left": 0,
            "crop_right": 0,
            "pix_fmt": "yuv411p",
            "sample_aspect_ratio": "8:9",
            "pict_type": "I",
            "interlaced_frame": 1,
            "top_field_first": 0,
            "repeat_pict": 0,
            "chroma_location": "topleft"
        },
        {
            "media_type": "video",
            "stream_index": 0,
            "key_frame": 1,
            "pts": 187,
            "pts_time": "6.239573",
            "pkt_dts": 187,
            "pkt_dts_time": "6.239573",
            "best_effort_timestamp": 187,
            "best_effort_timestamp_time": "6.239573",
            "duration": 1,
            "duration_time": "0.033367",
            "pkt_pos": "23684996",
            "pkt_size": "120000",
            "width": 720,
            "height": 480,
            "crop_top": 0,
            "crop_bottom": 0,
            "crop_left": 0,
            "crop_right": 0,
            "pix_fmt": "yuv411p",
            "sample_aspect_ratio": "8:9",
            "pict_type": "I",
            "interlaced_frame": 1,
            "top_field_first": 0,
            "repeat_pict": 0,
            "chroma_location": "topleft"
        },
        {
            "media_type": "video",
            "stream_index": 0,
            "key_frame": 1,
            "pts": 188,
            "pts_time": "6.272940",
            "pkt_dts": 188,
            "pkt_dts_time": "6.272940",
            "best_effort_timestamp": 188,
            "best_effort_timestamp_time": "6.272940",
            "duration": 1,
            "duration_time": "0.033367",
            "pkt_pos": "23805004",
            "pkt_size": "120000",
            "width": 720,
            "height": 480,
            "crop_top": 0,
            "crop_bottom": 0,
            "crop_left": 0,
            "crop_right": 0,
            "pix_fmt": "yuv411p",
            "sample_aspect_ratio": "8:9",
            "pict_type": "I",
            "interlaced_frame": 1,
            "top_field_first": 0,
            "repeat_pict": 0,
            "chroma_location": "topleft"
        },
        {
            "media_type": "video",
            "stream_index": 0,
            "key_frame": 1,
            "pts": 189,
            "pts_time": "6.306306",
            "pkt_dts": 189,
            "pkt_dts_time": "6.306306",
            "best_effort_timestamp": 189,
            "best_effort_timestamp_time": "6.306306",
            "duration": 1,
            "duration_time": "0.033367",
            "pkt_pos": "23925012",
            "pkt_size": "120000",
            "width": 720,
            "height": 480,
            "crop_top": 0,
            "crop_bottom": 0,
            "crop_left": 0,
            "crop_right": 0,
            "pix_fmt": "yuv411p",
            "sample_aspect_ratio": "8:9",
            "pict_type": "I",
            "interlaced_frame": 1,
            "top_field_first": 0,
            "repeat_pict": 0,
            "chroma_location": "topleft"
        },
        {
            "media_type": "video",
            "stream_index": 0,
            "key_frame": 1,
            "pts": 190,
            "pts_time": "6.339673",
            "pkt_dts": 190,
            "pkt_dts_time": "6.339673",
            "best_effort_timestamp": 190,
            "best_effort_timestamp_time": "6.339673",
            "duration": 1,
            "duration_time": "0.033367",
            "pkt_pos": "24045020",
            "pkt_size": "120000",
            "width": 720,
            "height": 480,
            "crop_top": 0,
            "crop_bottom": 0,
            "crop_left": 0,
            "crop_right": 0,
            "pix_fmt": "yuv411p",
            "sample_aspect_ratio": "8:9",
            "pict_type": "I",
            "interlaced_frame": 1,
            "top_field_first": 0,
            "repeat_pict": 0,
            "chroma_location": "topleft"
        },
        {
            "media_type": "video",
            "stream_index": 0,
            "key_frame": 1,
            "pts": 191,
            "pts_time": "6.373040",
            "pkt_dts": 191,
            "pkt_dts_time": "6.373040",
            "best_effort_timestamp": 191,
            "best_effort_timestamp_time": "6.373040",
            "duration": 1,
            "duration_time": "0.033367",
            "pkt_pos": "24165028",
            "pkt_size": "120000",
            "width": 720,
            "height": 480,
            "crop_top": 0,
            "crop_bottom": 0,
            "crop_left": 0,
            "crop_right": 0,
            "pix_fmt": "yuv411p",
            "sample_aspect_ratio": "8:9",
            "pict_type": "I",
            "interlaced_frame": 1,
            "top_field_first": 0,
            "repeat_pict": 0,
            "chroma_location": "topleft"
        },
        {
            "media_type": "video",
            "stream_index": 0,
            "key_frame": 1,
            "pts": 192,
            "pts_time": "6.406406",
            "pkt_dts": 192,
            "pkt_dts_time": "6.406406",
            "best_effort_timestamp": 192,
            "best_effort_timestamp_time": "6.406406",
            "duration": 1,
            "duration_time": "0.033367",
            "pkt_pos": "24285036",
            "pkt_size": "120000",
            "width": 720,
            "height": 480,
            "crop_top": 0,
            "crop_bottom": 0,
            "crop_left": 0,
            "crop_right": 0,
            "pix_fmt": "yuv411p",
            "sample_aspect_ratio": "8:9",
            "pict_type": "I",
            "interlaced_frame": 1,
            "top_field_first": 0,
            "repeat_pict": 0,
            "chroma_location": "topleft"
        },
        {
            "media_type": "video",
            "stream_index": 0,
            "key_frame": 1,
            "pts": 193,
            "pts_time": "6.439773",
            "pkt_dts": 193,
            "pkt_dts_time": "6.439773",
            "best_effort_timestamp": 193,
            "best_effort_timestamp_time": "6.439773",
            "duration": 1,
            "duration_time": "0.033367",
            "pkt_pos": "24405044",
            "pkt_size": "120000",
            "width": 720,
            "height": 480,
            "crop_top": 0,
            "crop_bottom": 0,
            "crop_left": 0,
            "crop_right": 0,
            "pix_fmt": "yuv411p",
            "sample_aspect_ratio": "8:9",
            "pict_type": "I",
            "interlaced_frame": 1,
            "top_field_first": 0,
            "repeat_pict": 0,
            "chroma_location": "topleft"
        },
        {
            "media_type": "video",
            "stream_index": 0,
            "key_frame": 1,
            "pts": 194,
            "pts_time": "6.473140",
            "pkt_dts": 194,
            "pkt_dts_time": "6.473140",
            "best_effort_timestamp": 194,
            "best_effort_timestamp_time": "6.473140",
            "duration": 1,
            "duration_time": "0.033367",
            "pkt_pos": "24525052",
            "pkt_size": "120000",
            "width": 720,
            "height": 480,
            "crop_top": 0,
            "crop_bottom": 0,
            "crop_left": 0,
            "crop_right": 0,
            "pix_fmt": "yuv411p",
            "sample_aspect_ratio": "8:9",
            "pict_type": "I",
            "interlaced_frame": 1,
            "top_field_first": 0,
            "repeat_pict": 0,
            "chroma_location": "topleft"
        },
        {
            "media_type": "video",
            "stream_index": 0,
            "key_frame": 1,
            "pts": 195,
            "pts_time": "6.506506",
            "pkt_dts": 195,
            "pkt_dts_time": "6.506506",
            "best_effort_timestamp": 195,
            "best_effort_timestamp_time": "6.506506",
            "duration": 1,
            "duration_time": "0.033367",
            "pkt_pos": "24645060",
            "pkt_size": "120000",
            "width": 720,
            "height": 480,
            "crop_top": 0,
            "crop_bottom": 0,
            "crop_left": 0,
            "crop_right": 0,
            "pix_fmt": "yuv411p",
            "sample_aspect_ratio": "8:9",
            "pict_type": "I",
            "interlaced_frame": 1,
            "top_field_first": 0,
            "repeat_pict": 0,
            "chroma_location": "topleft"
        },
        {
            "media_type": "video",
            "stream_index": 0,
            "key_frame": 1,
            "pts": 196,
            "pts_time": "6.539873",
            "pkt_dts": 196,
            "pkt_dts_time": "6.539873",
            "best_effort_timestamp": 196,
            "best_effort_timestamp_time": "6.539873",
            "duration": 1,
            "duration_time": "0.033367",
            "pkt_pos": "24765068",
            "pkt_size": "120000",
            "width": 720,
            "height": 480,
            "crop_top": 0,
            "crop_bottom": 0,
            "crop_left": 0,
            "crop_right": 0,
            "pix_fmt": "yuv411p",
            "sample_aspect_ratio": "8:9",
            "pict_type": "I",
            "interlaced_frame": 1,
            "top_field_first": 0,
            "repeat_pict": 0,
            "chroma_location": "topleft"
        },
        {
            "media_type": "video",
            "stream_index": 0,
            "key_frame": 1,
            "pts": 197,
            "pts_time": "6.573240",
            "pkt_dts": 197,
            "pkt_dts_time": "6.573240",
            "best_effort_timestamp": 197,
            "best_effort_timestamp_time": "6.573240",
            "duration": 1,
            "duration_time": "0.033367",
            "pkt_pos": "24885076",
            "pkt_size": "120000",
            "width": 720,
            "height": 480,
            "crop_top": 0,
            "crop_bottom": 0,
            "crop_left": 0,
            "crop_right": 0,
            "pix_fmt": "yuv411p",
            "sample_aspect_ratio": "8:9",
            "pict_type": "I",
            "interlaced_frame": 1,
            "top_field_first": 0,
            "repeat_pict": 0,
            "chroma_location": "topleft"
        },
        {
            "media_type": "video",
            "stream_index": 0,
            "key_frame": 1,
            "pts": 198,
            "pts_time": "6.606607",
            "pkt_dts": 198,
            "pkt_dts_time": "6.606607",
            "best_effort_timestamp": 198,
            "best_effort_timestamp_time": "6.606607",
            "duration": 1,
            "duration_time": "0.033367",
            "pkt_pos": "25005084",
            "pkt_size": "120000",
            "width": 720,
            "height": 480,
            "crop_top": 0,
            "crop_bottom": 0,
            "crop_left": 0,
            "crop_right": 0,
            "pix_fmt": "yuv411p",
            "sample_aspect_ratio": "8:9",
            "pict_type": "I",
            "interlaced_frame": 1,
            "top_field_first": 0,
            "repeat_pict": 0,
            "chroma_location": "topleft"
        },
        {
            "media_type": "video",
            "stream_index": 0,
            "key_frame": 1,
            "pts": 199,
            "pts_time": "6.639973",
            "pkt_dts": 199,
            "pkt_dts_time": "6.639973",
            "best_effort_timestamp": 199,
            "best_effort_timestamp_time": "6.639973",
            "duration": 1,
            "duration_time": "0.033367",
            "pkt_pos": "25125092",
            "pkt_size": "120000",
            "width": 720,
            "height": 480,
            "crop_top": 0,
            "crop_bottom": 0,
            "crop_left": 0,
            "crop_right": 0,
            "pix_fmt": "yuv411p",
            "sample_aspect_ratio": "8:9",
            "pict_type": "I",
            "interlaced_frame": 1,
            "top_field_first": 0,
            "repeat_pict": 0,
            "chroma_location": "topleft"
        },
        {
            "media_type": "video",
            "stream_index": 0,
            "key_frame": 1,
            "pts": 200,
            "pts_time": "6.673340",
            "pkt_dts": 200,
            "pkt_dts_time": "6.673340",
            "best_effort_timestamp": 200,
            "best_effort_timestamp_time": "6.673340",
            "duration": 1,
            "duration_time": "0.033367",
            "pkt_pos": "25245100",
            "pkt_size": "120000",
            "width": 720,
            "height": 480,
            "crop_top": 0,
            "crop_bottom": 0,
            "crop_left": 0,
            "crop_right": 0,
            "pix_fmt": "yuv411p",
            "sample_aspect_ratio": "8:9",
            "pict_type": "I",
            "interlaced_frame": 1,
            "top_field_first": 0,
            "repeat_pict": 0,
            "chroma_location": "topleft"
        },
        {
            "media_type": "video",
            "stream_index": 0,
            "key_frame": 1,
            "pts": 201,
            "pts_time": "6.706707",
            "pkt_dts": 201,
            "pkt_dts_time": "6.706707",
            "best_effort_timestamp": 201,
            "best_effort_timestamp_time": "6.706707",
            "duration": 1,
            "duration_time": "0.033367",
            "pkt_pos": "25365108",
            "pkt_size": "120000",
            "width": 720,
            "height": 480,
            "crop_top": 0,
            "crop_bottom": 0,
            "crop_left": 0,
            "crop_right": 0,
            "pix_fmt": "yuv411p",
            "sample_aspect_ratio": "8:9",
            "pict_type": "I",
            "interlaced_frame": 1,
            "top_field_first": 0,
            "repeat_pict": 0,
            "chroma_location": "topleft"
        },
        {
            "media_type": "video",
            "stream_index": 0,
            "key_frame": 1,
            "pts": 202,
            "pts_time": "6.740073",
            "pkt_dts": 202,
            "pkt_dts_time": "6.740073",
            "best_effort_timestamp": 202,
            "best_effort_timestamp_time": "6.740073",
            "duration": 1,
            "duration_time": "0.033367",
            "pkt_pos": "25485116",
            "pkt_size": "120000",
            "width": 720,
            "height": 480,
            "crop_top": 0,
            "crop_bottom": 0,
            "crop_left": 0,
            "crop_right": 0,
            "pix_fmt": "yuv411p",
            "sample_aspect_ratio": "8:9",
            "pict_type": "I",
            "interlaced_frame": 1,
            "top_field_first": 0,
            "repeat_pict": 0,
            "chroma_location": "topleft"
        },
        {
            "media_type": "video",
            "stream_index": 0,
            "key_frame": 1,
            "pts": 203,
            "pts_time": "6.773440",
            "pkt_dts": 203,
            "pkt_dts_time": "6.773440",
            "best_effort_timestamp": 203,
            "best_effort_timestamp_time": "6.773440",
            "duration": 1,
            "duration_time": "0.033367",
            "pkt_pos": "25790920",
            "pkt_size": "120000",
            "width": 720,
            "height": 480,
            "crop_top": 0,
            "crop_bottom": 0,
            "crop_left": 0,
            "crop_right": 0,
            "pix_fmt": "yuv411p",
            "sample_aspect_ratio": "8:9",
            "pict_type": "I",
            "interlaced_frame": 1,
            "top_field_first": 0,
            "repeat_pict": 0,
            "chroma_location": "topleft"
        },
        {
            "media_type": "video",
            "stream_index": 0,
            "key_frame": 1,
            "pts": 204,
            "pts_time": "6.806807",
            "pkt_dts": 204,
            "pkt_dts_time": "6.806807",
            "best_effort_timestamp": 204,
            "best_effort_timestamp_time": "6.806807",
            "duration": 1,
            "duration_time": "0.033367",
            "pkt_pos": "25910928",
            "pkt_size": "120000",
            "width": 720,
            "height": 480,
            "crop_top": 0,
            "crop_bottom": 0,
            "crop_left": 0,
            "crop_right": 0,
            "pix_fmt": "yuv411p",
            "sample_aspect_ratio": "8:9",
            "pict_type": "I",
            "interlaced_frame": 1,
            "top_field_first": 0,
            "repeat_pict": 0,
            "chroma_location": "topleft"
        },
        {
            "media_type": "video",
            "stream_index": 0,
            "key_frame": 1,
            "pts": 205,
            "pts_time": "6.840173",
            "pkt_dts": 205,
            "pkt_dts_time": "6.840173",
            "best_effort_timestamp": 205,
            "best_effort_timestamp_time": "6.840173",
            "duration": 1,
            "duration_time": "0.033367",
            "pkt_pos": "26030936",
            "pkt_size": "120000",
            "width": 720,
            "height": 480,
            "crop_top": 0,
            "crop_bottom": 0,
            "crop_left": 0,
            "crop_right": 0,
            "pix_fmt": "yuv411p",
            "sample_aspect_ratio": "8:9",
            "pict_type": "I",
            "interlaced_frame": 1,
            "top_field_first": 0,
            "repeat_pict": 0,
            "chroma_location": "topleft"
        },
        {
            "media_type": "video",
            "stream_index": 0,
            "key_frame": 1,
            "pts": 206,
            "pts_time": "6.873540",
            "pkt_dts": 206,
            "pkt_dts_time": "6.873540",
            "best_effort_timestamp": 206,
            "best_effort_timestamp_time": "6.873540",
            "duration": 1,
            "duration_time": "0.033367",
            "pkt_pos": "26150944",
            "pkt_size": "120000",
            "width": 720,
            "height": 480,
            "crop_top": 0,
            "crop_bottom": 0,
            "crop_left": 0,
            "crop_right": 0,
            "pix_fmt": "yuv411p",
            "sample_aspect_ratio": "8:9",
            "pict_type": "I",
            "interlaced_frame": 1,
            "top_field_first": 0,
            "repeat_pict": 0,
            "chroma_location": "topleft"
        },
        {
            "media_type": "video",
            "stream_index": 0,
            "key_frame": 1,
            "pts": 207,
            "pts_time": "6.906907",
            "pkt_dts": 207,
            "pkt_dts_time": "6.906907",
            "best_effort_timestamp": 207,
            "best_effort_timestamp_time": "6.906907",
            "duration": 1,
            "duration_time": "0.033367",
            "pkt_pos": "26270952",
            "pkt_size": "120000",
            "width": 720,
            "height": 480,
            "crop_top": 0,
            "crop_bottom": 0,
            "crop_left": 0,
            "crop_right": 0,
            "pix_fmt": "yuv411p",
            "sample_aspect_ratio": "8:9",
            "pict_type": "I",
            "interlaced_frame": 1,
            "top_field_first": 0,
            "repeat_pict": 0,
            "chroma_location": "topleft"
        },
        {
            "media_type": "video",
            "stream_index": 0,
            "key_frame": 1,
            "pts": 208,
            "pts_time": "6.940274",
            "pkt_dts": 208,
            "pkt_dts_time": "6.940274",
            "best_effort_timestamp": 208,
            "best_effort_timestamp_time": "6.940274",
            "duration": 1,
            "duration_time": "0.033367",
            "pkt_pos": "26390960",
            "pkt_size": "120000",
            "width": 720,
            "height": 480,
            "crop_top": 0,
            "crop_bottom": 0,
            "crop_left": 0,
            "crop_right": 0,
            "pix_fmt": "yuv411p",
            "sample_aspect_ratio": "8:9",
            "pict_type": "I",
            "interlaced_frame": 1,
            "top_field_first": 0,
            "repeat_pict": 0,
            "chroma_location": "topleft"
        },
        {
            "media_type": "video",
            "stream_index": 0,
            "key_frame": 1,
            "pts": 209,
            "pts_time": "6.973640",
            "pkt_dts": 209,
            "pkt_dts_time": "6.973640",
            "best_effort_timestamp": 209,
            "best_effort_timestamp_time": "6.973640",
            "duration": 1,
            "duration_time": "0.033367",
            "pkt_pos": "26510968",
            "pkt_size": "120000",
            "width": 720,
            "height": 480,
            "crop_top": 0,
            "crop_bottom": 0,
            "crop_left": 0,
            "crop_right": 0,
            "pix_fmt": "yuv411p",
            "sample_aspect_ratio": "8:9",
            "pict_type": "I",
            "interlaced_frame": 1,
            "top_field_first": 0,
            "repeat_pict": 0,
            "chroma_location": "topleft"
        },
        {
            "media_type": "video",
            "stream_index": 0,
            "key_frame": 1,
            "pts": 210,
            "pts_time": "7.007007",
            "pkt_dts": 210,
            "pkt_dts_time": "7.007007",
            "best_effort_timestamp": 210,
            "best_effort_timestamp_time": "7.007007",
            "duration": 1,
            "duration_time": "0.033367",
            "pkt_pos": "26630976",
            "pkt_size": "120000",
            "width": 720,
            "height": 480,
            "crop_top": 0,
            "crop_bottom": 0,
            "crop_left": 0,
            "crop_right": 0,
            "pix_fmt": "yuv411p",
            "sample_aspect_ratio": "8:9",
            "pict_type": "I",
            "interlaced_frame": 1,
            "top_field_first": 0,
            "repeat_pict": 0,
            "chroma_location": "topleft"
        },
        {
            "media_type": "video",
            "stream_index": 0,
            "key_frame": 1,
            "pts": 211,
            "pts_time": "7.040374",
            "pkt_dts": 211,
            "pkt_dts_time": "7.040374",
            "best_effort_timestamp": 211,
            "best_effort_timestamp_time": "7.040374",
            "duration": 1,
            "duration_time": "0.033367",
            "pkt_pos": "26750984",
            "pkt_size": "120000",
            "width": 720,
            "height": 480,
            "crop_top": 0,
            "crop_bottom": 0,
            "crop_left": 0,
            "crop_right": 0,
            "pix_fmt": "yuv411p",
            "sample_aspect_ratio": "8:9",
            "pict_type": "I",
            "interlaced_frame": 1,
            "top_field_first": 0,
            "repeat_pict": 0,
            "chroma_location": "topleft"
        },
        {
            "media_type": "video",
            "stream_index": 0,
            "key_frame": 1,
            "pts": 212,
            "pts_time": "7.073740",
            "pkt_dts": 212,
            "pkt_dts_time": "7.073740",
            "best_effort_timestamp": 212,
            "best_effort_timestamp_time": "7.073740",
            "duration": 1,
            "duration_time": "0.033367",
            "pkt_pos": "26870992",
            "pkt_size": "120000",
            "width": 720,
            "height": 480,
            "crop_top": 0,
            "crop_bottom": 0,
            "crop_left": 0,
            "crop_right": 0,
            "pix_fmt": "yuv411p",
            "sample_aspect_ratio": "8:9",
            "pict_type": "I",
            "interlaced_frame": 1,
            "top_field_first": 0,
            "repeat_pict": 0,
            "chroma_location": "topleft"
        },
        {
            "media_type": "video",
            "stream_index": 0,
            "key_frame": 1,
            "pts": 213,
            "pts_time": "7.107107",
            "pkt_dts": 213,
            "pkt_dts_time": "7.107107",
            "best_effort_timestamp": 213,
            "best_effort_timestamp_time": "7.107107",
            "duration": 1,
            "duration_time": "0.033367",
            "pkt_pos": "26991000",
            "pkt_size": "120000",
            "width": 720,
            "height": 480,
            "crop_top": 0,
            "crop_bottom": 0,
            "crop_left": 0,
            "crop_right": 0,
            "pix_fmt": "yuv411p",
            "sample_aspect_ratio": "8:9",
            "pict_type": "I",
            "interlaced_frame": 1,
            "top_field_first": 0,
            "repeat_pict": 0,
            "chroma_location": "topleft"
        },
        {
            "media_type": "video",
            "stream_index": 0,
            "key_frame": 1,
            "pts": 214,
            "pts_time": "7.140474",
            "pkt_dts": 214,
            "pkt_dts_time": "7.140474",
            "best_effort_timestamp": 214,
            "best_effort_timestamp_time": "7.140474",
            "duration": 1,
            "duration_time": "0.033367",
            "pkt_pos": "27111008",
            "pkt_size": "120000",
            "width": 720,
            "height": 480,
            "crop_top": 0,
            "crop_bottom": 0,
            "crop_left": 0,
            "crop_right": 0,
            "pix_fmt": "yuv411p",
            "sample_aspect_ratio": "8:9",
            "pict_type": "I",
            "interlaced_frame": 1,
            "top_field_first": 0,
            "repeat_pict": 0,
            "chroma_location": "topleft"
        },
        {
            "media_type": "video",
            "stream_index": 0,
            "key_frame": 1,
            "pts": 215,
            "pts_time": "7.173840",
            "pkt_dts": 215,
            "pkt_dts_time": "7.173840",
            "best_effort_timestamp": 215,
            "best_effort_timestamp_time": "7.173840",
            "duration": 1,
            "duration_time": "0.033367",
            "pkt_pos": "27231016",
            "pkt_size": "120000",
            "width": 720,
            "height": 480,
            "crop_top": 0,
            "crop_bottom": 0,
            "crop_left": 0,
            "crop_right": 0,
            "pix_fmt": "yuv411p",
            "sample_aspect_ratio": "8:9",
            "pict_type": "I",
            "interlaced_frame": 1,
            "top_field_first": 0,
            "repeat_pict": 0,
            "chroma_location": "topleft"
        },
        {
            "media_type": "video",
            "stream_index": 0,
            "key_frame": 1,
            "pts": 216,
            "pts_time": "7.207207",
            "pkt_dts": 216,
            "pkt_dts_time": "7.207207",
            "best_effort_timestamp": 216,
            "best_effort_timestamp_time": "7.207207",
            "duration": 1,
            "duration_time": "0.033367",
            "pkt_pos": "27351024",
            "pkt_size": "120000",
            "width": 720,
            "height": 480,
            "crop_top": 0,
            "crop_bottom": 0,
            "crop_left": 0,
            "crop_right": 0,
            "pix_fmt": "yuv411p",
            "sample_aspect_ratio": "8:9",
            "pict_type": "I",
            "interlaced_frame": 1,
            "top_field_first": 0,
            "repeat_pict": 0,
            "chroma_location": "topleft"
        },
        {
            "media_type": "video",
            "stream_index": 0,
            "key_frame": 1,
            "pts": 217,
            "pts_time": "7.240574",
            "pkt_dts": 217,
            "pkt_dts_time": "7.240574",
            "best_effort_timestamp": 217,
            "best_effort_timestamp_time": "7.240574",
            "duration": 1,
            "duration_time": "0.033367",
            "pkt_pos": "27471032",
            "pkt_size": "120000",
            "width": 720,
            "height": 480,
            "crop_top": 0,
            "crop_bottom": 0,
            "crop_left": 0,
            "crop_right": 0,
            "pix_fmt": "yuv411p",
            "sample_aspect_ratio": "8:9",
            "pict_type": "I",
            "interlaced_frame": 1,
            "top_field_first": 0,
            "repeat_pict": 0,
            "chroma_location": "topleft"
        },
        {
            "media_type": "video",
            "stream_index": 0,
            "key_frame": 1,
            "pts": 218,
            "pts_time": "7.273941",
            "pkt_dts": 218,
            "pkt_dts_time": "7.273941",
            "best_effort_timestamp": 218,
            "best_effort_timestamp_time": "7.273941",
            "duration": 1,
            "duration_time": "0.033367",
            "pkt_pos": "27591040",
            "pkt_size": "120000",
            "width": 720,
            "height": 480,
            "crop_top": 0,
            "crop_bottom": 0,
            "crop_left": 0,
            "crop_right": 0,
            "pix_fmt": "yuv411p",
            "sample_aspect_ratio": "8:9",
            "pict_type": "I",
            "interlaced_frame": 1,
            "top_field_first": 0,
            "repeat_pict": 0,
            "chroma_location": "topleft"
        },
        {
            "media_type": "video",
            "stream_index": 0,
            "key_frame": 1,
            "pts": 219,
            "pts_time": "7.307307",
            "pkt_dts": 219,
            "pkt_dts_time": "7.307307",
            "best_effort_timestamp": 219,
            "best_effort_timestamp_time": "7.307307",
            "duration": 1,
            "duration_time": "0.033367",
            "pkt_pos": "27711048",
            "pkt_size": "120000",
            "width": 720,
            "height": 480,
            "crop_top": 0,
            "crop_bottom": 0,
            "crop_left": 0,
            "crop_right": 0,
            "pix_fmt": "yuv411p",
            "sample_aspect_ratio": "8:9",
            "pict_type": "I",
            "interlaced_frame": 1,
            "top_field_first": 0,
            "repeat_pict": 0,
            "chroma_location": "topleft"
        },
        {
            "media_type": "video",
            "stream_index": 0,
            "key_frame": 1,
            "pts": 220,
            "pts_time": "7.340674",
            "pkt_dts": 220,
            "pkt_dts_time": "7.340674",
            "best_effort_timestamp": 220,
            "best_effort_timestamp_time": "7.340674",
            "duration": 1,
            "duration_time": "0.033367",
            "pkt_pos": "27831056",
            "pkt_size": "120000",
            "width": 720,
            "height": 480,
            "crop_top": 0,
            "crop_bottom": 0,
            "crop_left": 0,
            "crop_right": 0,
            "pix_fmt": "yuv411p",
            "sample_aspect_ratio": "8:9",
            "pict_type": "I",
            "interlaced_frame": 1,
            "top_field_first": 0,
            "repeat_pict": 0,
            "chroma_location": "topleft"
        },
        {
            "media_type": "video",
            "stream_index": 0,
            "key_frame": 1,
            "pts": 221,
            "pts_time": "7.374041",
            "pkt_dts": 221,
            "pkt_dts_time": "7.374041",
            "best_effort_timestamp": 221,
            "best_effort_timestamp_time": "7.374041",
            "duration": 1,
            "duration_time": "0.033367",
            "pkt_pos": "27951064",
            "pkt_size": "120000",
            "width": 720,
            "height": 480,
            "crop_top": 0,
            "crop_bottom": 0,
            "crop_left": 0,
            "crop_right": 0,
            "pix_fmt": "yuv411p",
            "sample_aspect_ratio": "8:9",
            "pict_type": "I",
            "interlaced_frame": 1,
            "top_field_first": 0,
            "repeat_pict": 0,
            "chroma_location": "topleft"
        },
        {
            "media_type": "video",
            "stream_index": 0,
            "key_frame": 1,
            "pts": 222,
            "pts_time": "7.407407",
            "pkt_dts": 222,
            "pkt_dts_time": "7.407407",
            "best_effort_timestamp": 222,
            "best_effort_timestamp_time": "7.407407",
            "duration": 1,
            "duration_time": "0.033367",
            "pkt_pos": "28071072",
            "pkt_size": "120000",
            "width": 720,
            "height": 480,
            "crop_top": 0,
            "crop_bottom": 0,
            "crop_left": 0,
            "crop_right": 0,
            "pix_fmt": "yuv411p",
            "sample_aspect_ratio": "8:9",
            "pict_type": "I",
            "interlaced_frame": 1,
            "top_field_first": 0,
            "repeat_pict": 0,
            "chroma_location": "topleft"
        },
        {
            "media_type": "video",
            "stream_index": 0,
            "key_frame": 1,
            "pts": 223,
            "pts_time": "7.440774",
            "pkt_dts": 223,
            "pkt_dts_time": "7.440774",
            "best_effort_timestamp": 223,
            "best_effort_timestamp_time": "7.440774",
            "duration": 1,
            "duration_time": "0.033367",
            "pkt_pos": "28191080",
            "pkt_size": "120000",
            "width": 720,
            "height": 480,
            "crop_top": 0,
            "crop_bottom": 0,
            "crop_left": 0,
            "crop_right": 0,
            "pix_fmt": "yuv411p",
            "sample_aspect_ratio": "8:9",
            "pict_type": "I",
            "interlaced_frame": 1,
            "top_field_first": 0,
            "repeat_pict": 0,
            "chroma_location": "topleft"
        },
        {
            "media_type": "video",
            "stream_index": 0,
            "key_frame": 1,
            "pts": 224,
            "pts_time": "7.474141",
            "pkt_dts": 224,
            "pkt_dts_time": "7.474141",
            "best_effort_timestamp": 224,
            "best_effort_timestamp_time": "7.474141",
            "duration": 1,
            "duration_time": "0.033367",
            "pkt_pos": "28311088",
            "pkt_size": "120000",
            "width": 720,
            "height": 480,
            "crop_top": 0,
            "crop_bottom": 0,
            "crop_left": 0,
            "crop_right": 0,
            "pix_fmt": "yuv411p",
            "sample_aspect_ratio": "8:9",
            "pict_type": "I",
            "interlaced_frame": 1,
            "top_field_first": 0,
            "repeat_pict": 0,
            "chroma_location": "topleft"
        },
        {
            "media_type": "video",
            "stream_index": 0,
            "key_frame": 1,
            "pts": 225,
            "pts_time": "7.507508",
            "pkt_dts": 225,
            "pkt_dts_time": "7.507508",
            "best_effort_timestamp": 225,
            "best_effort_timestamp_time": "7.507508",
            "duration": 1,
            "duration_time": "0.033367",
            "pkt_pos": "28431096",
            "pkt_size": "120000",
            "width": 720,
            "height": 480,
            "crop_top": 0,
            "crop_bottom": 0,
            "crop_left": 0,
            "crop_right": 0,
            "pix_fmt": "yuv411p",
            "sample_aspect_ratio": "8:9",
            "pict_type": "I",
            "interlaced_frame": 1,
            "top_field_first": 0,
            "repeat_pict": 0,
            "chroma_location": "topleft"
        },
        {
            "media_type": "video",
            "stream_index": 0,
            "key_frame": 1,
            "pts": 226,
            "pts_time": "7.540874",
            "pkt_dts": 226,
            "pkt_dts_time": "7.540874",
            "best_effort_timestamp": 226,
            "best_effort_timestamp_time": "7.540874",
            "duration": 1,
            "duration_time": "0.033367",
            "pkt_pos": "28551104",
            "pkt_size": "120000",
            "width": 720,
            "height": 480,
            "crop_top": 0,
            "crop_bottom": 0,
            "crop_left": 0,
            "crop_right": 0,
            "pix_fmt": "yuv411p",
            "sample_aspect_ratio": "8:9",
            "pict_type": "I",
            "interlaced_frame": 1,
            "top_field_first": 0,
            "repeat_pict": 0,
            "chroma_location": "topleft"
        },
        {
            "media_type": "video",
            "stream_index": 0,
            "key_frame": 1,
            "pts": 227,
            "pts_time": "7.574241",
            "pkt_dts": 227,
            "pkt_dts_time": "7.574241",
            "best_effort_timestamp": 227,
            "best_effort_timestamp_time": "7.574241",
            "duration": 1,
            "duration_time": "0.033367",
            "pkt_pos": "28671112",
            "pkt_size": "120000",
            "width": 720,
            "height": 480,
            "crop_top": 0,
            "crop_bottom": 0,
            "crop_left": 0,
            "crop_right": 0,
            "pix_fmt": "yuv411p",
            "sample_aspect_ratio": "8:9",
            "pict_type": "I",
            "interlaced_frame": 1,
            "top_field_first": 0,
            "repeat_pict": 0,
            "chroma_location": "topleft"
        },
        {
            "media_type": "video",
            "stream_index": 0,
            "key_frame": 1,
            "pts": 228,
            "pts_time": "7.607608",
            "pkt_dts": 228,
            "pkt_dts_time": "7.607608",
            "best_effort_timestamp": 228,
            "best_effort_timestamp_time": "7.607608",
            "duration": 1,
            "duration_time": "0.033367",
            "pkt_pos": "28791120",
            "pkt_size": "120000",
            "width": 720,
            "height": 480,
            "crop_top": 0,
            "crop_bottom": 0,
            "crop_left": 0,
            "crop_right": 0,
            "pix_fmt": "yuv411p",
            "sample_aspect_ratio": "8:9",
            "pict_type": "I",
            "interlaced_frame": 1,
            "top_field_first": 0,
            "repeat_pict": 0,
            "chroma_location": "topleft"
        },
        {
            "media_type": "video",
            "stream_index": 0,
            "key_frame": 1,
            "pts": 229,
            "pts_time": "7.640974",
            "pkt_dts": 229,
            "pkt_dts_time": "7.640974",
            "best_effort_timestamp": 229,
            "best_effort_timestamp_time": "7.640974",
            "duration": 1,
            "duration_time": "0.033367",
            "pkt_pos": "28911128",
            "pkt_size": "120000",
            "width": 720,
            "height": 480,
            "crop_top": 0,
            "crop_bottom": 0,
            "crop_left": 0,
            "crop_right": 0,
            "pix_fmt": "yuv411p",
            "sample_aspect_ratio": "8:9",
            "pict_type": "I",
            "interlaced_frame": 1,
            "top_field_first": 0,
            "repeat_pict": 0,
            "chroma_location": "topleft"
        },
        {
            "media_type": "video",
            "stream_index": 0,
            "key_frame": 1,
            "pts": 230,
            "pts_time": "7.674341",
            "pkt_dts": 230,
            "pkt_dts_time": "7.674341",
            "best_effort_timestamp": 230,
            "best_effort_timestamp_time": "7.674341",
            "duration": 1,
            "duration_time": "0.033367",
            "pkt_pos": "29031136",
            "pkt_size": "120000",
            "width": 720,
            "height": 480,
            "crop_top": 0,
            "crop_bottom": 0,
            "crop_left": 0,
            "crop_right": 0,
            "pix_fmt": "yuv411p",
            "sample_aspect_ratio": "8:9",
            "pict_type": "I",
            "interlaced_frame": 1,
            "top_field_first": 0,
            "repeat_pict": 0,
            "chroma_location": "topleft"
        },
        {
            "media_type": "video",
            "stream_index": 0,
            "key_frame": 1,
            "pts": 231,
            "pts_time": "7.707708",
            "pkt_dts": 231,
            "pkt_dts_time": "7.707708",
            "best_effort_timestamp": 231,
            "best_effort_timestamp_time": "7.707708",
            "duration": 1,
            "duration_time": "0.033367",
            "pkt_pos": "29151144",
            "pkt_size": "120000",
            "width": 720,
            "height": 480,
            "crop_top": 0,
            "crop_bottom": 0,
            "crop_left": 0,
            "crop_right": 0,
            "pix_fmt": "yuv411p",
            "sample_aspect_ratio": "8:9",
            "pict_type": "I",
            "interlaced_frame": 1,
            "top_field_first": 0,
            "repeat_pict": 0,
            "chroma_location": "topleft"
        },
        {
            "media_type": "video",
            "stream_index": 0,
            "key_frame": 1,
            "pts": 232,
            "pts_time": "7.741074",
            "pkt_dts": 232,
            "pkt_dts_time": "7.741074",
            "best_effort_timestamp": 232,
            "best_effort_timestamp_time": "7.741074",
            "duration": 1,
            "duration_time": "0.033367",
            "pkt_pos": "29456944",
            "pkt_size": "120000",
            "width": 720,
            "height": 480,
            "crop_top": 0,
            "crop_bottom": 0,
            "crop_left": 0,
            "crop_right": 0,
            "pix_fmt": "yuv411p",
            "sample_aspect_ratio": "8:9",
            "pict_type": "I",
            "interlaced_frame": 1,
            "top_field_first": 0,
            "repeat_pict": 0,
            "chroma_location": "topleft"
        },
        {
            "media_type": "video",
            "stream_index": 0,
            "key_frame": 1,
            "pts": 233,
            "pts_time": "7.774441",
            "pkt_dts": 233,
            "pkt_dts_time": "7.774441",
            "best_effort_timestamp": 233,
            "best_effort_timestamp_time": "7.774441",
            "duration": 1,
            "duration_time": "0.033367",
            "pkt_pos": "29576952",
            "pkt_size": "120000",
            "width": 720,
            "height": 480,
            "crop_top": 0,
            "crop_bottom": 0,
            "crop_left": 0,
            "crop_right": 0,
            "pix_fmt": "yuv411p",
            "sample_aspect_ratio": "8:9",
            "pict_type": "I",
            "interlaced_frame": 1,
            "top_field_first": 0,
            "repeat_pict": 0,
            "chroma_location": "topleft"
        },
        {
            "media_type": "video",
            "stream_index": 0,
            "key_frame": 1,
            "pts": 234,
            "pts_time": "7.807808",
            "pkt_dts": 234,
            "pkt_dts_time": "7.807808",
            "best_effort_timestamp": 234,
            "best_effort_timestamp_time": "7.807808",
            "duration": 1,
            "duration_time": "0.033367",
            "pkt_pos": "29696960",
            "pkt_size": "120000",
            "width": 720,
            "height": 480,
            "crop_top": 0,
            "crop_bottom": 0,
            "crop_left": 0,
            "crop_right": 0,
            "pix_fmt": "yuv411p",
            "sample_aspect_ratio": "8:9",
            "pict_type": "I",
            "interlaced_frame": 1,
            "top_field_first": 0,
            "repeat_pict": 0,
            "chroma_location": "topleft"
        },
        {
            "media_type": "video",
            "stream_index": 0,
            "key_frame": 1,
            "pts": 235,
            "pts_time": "7.841175",
            "pkt_dts": 235,
            "pkt_dts_time": "7.841175",
            "best_effort_timestamp": 235,
            "best_effort_timestamp_time": "7.841175",
            "duration": 1,
            "duration_time": "0.033367",
            "pkt_pos": "29816968",
            "pkt_size": "120000",
            "width": 720,
            "height": 480,
            "crop_top": 0,
            "crop_bottom": 0,
            "crop_left": 0,
            "crop_right": 0,
            "pix_fmt": "yuv411p",
            "sample_aspect_ratio": "8:9",
            "pict_type": "I",
            "interlaced_frame": 1,
            "top_field_first": 0,
            "repeat_pict": 0,
            "chroma_location": "topleft"
        },
        {
            "media_type": "video",
            "stream_index": 0,
            "key_frame": 1,
            "pts": 236,
            "pts_time": "7.874541",
            "pkt_dts": 236,
            "pkt_dts_time": "7.874541",
            "best_effort_timestamp": 236,
            "best_effort_timestamp_time": "7.874541",
            "duration": 1,
            "duration_time": "0.033367",
            "pkt_pos": "29936976",
            "pkt_size": "120000",
            "width": 720,
            "height": 480,
            "crop_top": 0,
            "crop_bottom": 0,
            "crop_left": 0,
            "crop_right": 0,
            "pix_fmt": "yuv411p",
            "sample_aspect_ratio": "8:9",
            "pict_type": "I",
            "interlaced_frame": 1,
            "top_field_first": 0,
            "repeat_pict": 0,
            "chroma_location": "topleft"
        },
        {
            "media_type": "video",
            "stream_index": 0,
            "key_frame": 1,
            "pts": 237,
            "pts_time": "7.907908",
            "pkt_dts": 237,
            "pkt_dts_time": "7.907908",
            "best_effort_timestamp": 237,
            "best_effort_timestamp_time": "7.907908",
            "duration": 1,
            "duration_time": "0.033367",
            "pkt_pos": "30056984",
            "pkt_size": "120000",
            "width": 720,
            "height": 480,
            "crop_top": 0,
            "crop_bottom": 0,
            "crop_left": 0,
            "crop_right": 0,
            "pix_fmt": "yuv411p",
            "sample_aspect_ratio": "8:9",
            "pict_type": "I",
            "interlaced_frame": 1,
            "top_field_first": 0,
            "repeat_pict": 0,
            "chroma_location": "topleft"
        },
        {
            "media_type": "video",
            "stream_index": 0,
            "key_frame": 1,
            "pts": 238,
            "pts_time": "7.941275",
            "pkt_dts": 238,
            "pkt_dts_time": "7.941275",
            "best_effort_timestamp": 238,
            "best_effort_timestamp_time": "7.941275",
            "duration": 1,
            "duration_time": "0.033367",
            "pkt_pos": "30176992",
            "pkt_size": "120000",
            "width": 720,
            "height": 480,
            "crop_top": 0,
            "crop_bottom": 0,
            "crop_left": 0,
            "crop_right": 0,
            "pix_fmt": "yuv411p",
            "sample_aspect_ratio": "8:9",
            "pict_type": "I",
            "interlaced_frame": 1,
            "top_field_first": 0,
            "repeat_pict": 0,
            "chroma_location": "topleft"
        },
        {
            "media_type": "video",
            "stream_index": 0,
            "key_frame": 1,
            "pts": 239,
            "pts_time": "7.974641",
            "pkt_dts": 239,
            "pkt_dts_time": "7.974641",
            "best_effort_timestamp": 239,
            "best_effort_timestamp_time": "7.974641",
            "duration": 1,
            "duration_time": "0.033367",
            "pkt_pos": "30297000",
            "pkt_size": "120000",
            "width": 720,
            "height": 480,
            "crop_top": 0,
            "crop_bottom": 0,
            "crop_left": 0,
            "crop_right": 0,
            "pix_fmt": "yuv411p",
            "sample_aspect_ratio": "8:9",
            "pict_type": "I",
            "interlaced_frame": 1,
            "top_field_first": 0,
            "repeat_pict": 0,
            "chroma_location": "topleft"
        },
        {
            "media_type": "video",
            "stream_index": 0,
            "key_frame": 1,
            "pts": 240,
            "pts_time": "8.008008",
            "pkt_dts": 240,
            "pkt_dts_time": "8.008008",
            "best_effort_timestamp": 240,
            "best_effort_timestamp_time": "8.008008",
            "duration": 1,
            "duration_time": "0.033367",
            "pkt_pos": "30417008",
            "pkt_size": "120000",
            "width": 720,
            "height": 480,
            "crop_top": 0,
            "crop_bottom": 0,
            "crop_left": 0,
            "crop_right": 0,
            "pix_fmt": "yuv411p",
            "sample_aspect_ratio": "8:9",
            "pict_type": "I",
            "interlaced_frame": 1,
            "top_field_first": 0,
            "repeat_pict": 0,
            "chroma_location": "topleft"
        },
        {
            "media_type": "video",
            "stream_index": 0,
            "key_frame": 1,
            "pts": 241,
            "pts_time": "8.041375",
            "pkt_dts": 241,
            "pkt_dts_time": "8.041375",
            "best_effort_timestamp": 241,
            "best_effort_timestamp_time": "8.041375",
            "duration": 1,
            "duration_time": "0.033367",
            "pkt_pos": "30537016",
            "pkt_size": "120000",
            "width": 720,
            "height": 480,
            "crop_top": 0,
            "crop_bottom": 0,
            "crop_left": 0,
            "crop_right": 0,
            "pix_fmt": "yuv411p",
            "sample_aspect_ratio": "8:9",
            "pict_type": "I",
            "interlaced_frame": 1,
            "top_field_first": 0,
            "repeat_pict": 0,
            "chroma_location": "topleft"
        },
        {
            "media_type": "video",
            "stream_index": 0,
            "key_frame": 1,
            "pts": 242,
            "pts_time": "8.074741",
            "pkt_dts": 242,
            "pkt_dts_time": "8.074741",
            "best_effort_timestamp": 242,
            "best_effort_timestamp_time": "8.074741",
            "duration": 1,
            "duration_time": "0.033367",
            "pkt_pos": "30657024",
            "pkt_size": "120000",
            "width": 720,
            "height": 480,
            "crop_top": 0,
            "crop_bottom": 0,
            "crop_left": 0,
            "crop_right": 0,
            "pix_fmt": "yuv411p",
            "sample_aspect_ratio": "8:9",
            "pict_type": "I",
            "interlaced_frame": 1,
            "top_field_first": 0,
            "repeat_pict": 0,
            "chroma_location": "topleft"
        },
        {
            "media_type": "video",
            "stream_index": 0,
            "key_frame": 1,
            "pts": 243,
            "pts_time": "8.108108",
            "pkt_dts": 243,
            "pkt_dts_time": "8.108108",
            "best_effort_timestamp": 243,
            "best_effort_timestamp_time": "8.108108",
            "duration": 1,
            "duration_time": "0.033367",
            "pkt_pos": "30777032",
            "pkt_size": "120000",
            "width": 720,
            "height": 480,
            "crop_top": 0,
            "crop_bottom": 0,
            "crop_left": 0,
            "crop_right": 0,
            "pix_fmt": "yuv411p",
            "sample_aspect_ratio": "8:9",
            "pict_type": "I",
            "interlaced_frame": 1,
            "top_field_first": 0,
            "repeat_pict": 0,
            "chroma_location": "topleft"
        },
        {
            "media_type": "video",
            "stream_index": 0,
            "key_frame": 1,
            "pts": 244,
            "pts_time": "8.141475",
            "pkt_dts": 244,
            "pkt_dts_time": "8.141475",
            "best_effort_timestamp": 244,
            "best_effort_timestamp_time": "8.141475",
            "duration": 1,
            "duration_time": "0.033367",
            "pkt_pos": "30897040",
            "pkt_size": "120000",
            "width": 720,
            "height": 480,
            "crop_top": 0,
            "crop_bottom": 0,
            "crop_left": 0,
            "crop_right": 0,
            "pix_fmt": "yuv411p",
            "sample_aspect_ratio": "8:9",
            "pict_type": "I",
            "interlaced_frame": 1,
            "top_field_first": 0,
            "repeat_pict": 0,
            "chroma_location": "topleft"
        },
        {
            "media_type": "video",
            "stream_index": 0,
            "key_frame": 1,
            "pts": 245,
            "pts_time": "8.174841",
            "pkt_dts": 245,
            "pkt_dts_time": "8.174841",
            "best_effort_timestamp": 245,
            "best_effort_timestamp_time": "8.174841",
            "duration": 1,
            "duration_time": "0.033367",
            "pkt_pos": "31017048",
            "pkt_size": "120000",
            "width": 720,
            "height": 480,
            "crop_top": 0,
            "crop_bottom": 0,
            "crop_left": 0,
            "crop_right": 0,
            "pix_fmt": "yuv411p",
            "sample_aspect_ratio": "8:9",
            "pict_type": "I",
            "interlaced_frame": 1,
            "top_field_first": 0,
            "repeat_pict": 0,
            "chroma_location": "topleft"
        },
        {
            "media_type": "video",
            "stream_index": 0,
            "key_frame": 1,
            "pts": 246,
            "pts_time": "8.208208",
            "pkt_dts": 246,
            "pkt_dts_time": "8.208208",
            "best_effort_timestamp": 246,
            "best_effort_timestamp_time": "8.208208",
            "duration": 1,
            "duration_time": "0.033367",
            "pkt_pos": "31137056",
            "pkt_size": "120000",
            "width": 720,
            "height": 480,
            "crop_top": 0,
            "crop_bottom": 0,
            "crop_left": 0,
            "crop_right": 0,
            "pix_fmt": "yuv411p",
            "sample_aspect_ratio": "8:9",
            "pict_type": "I",
            "interlaced_frame": 1,
            "top_field_first": 0,
            "repeat_pict": 0,
            "chroma_location": "topleft"
        },
        {
            "media_type": "video",
            "stream_index": 0,
            "key_frame": 1,
            "pts": 247,
            "pts_time": "8.241575",
            "pkt_dts": 247,
            "pkt_dts_time": "8.241575",
            "best_effort_timestamp": 247,
            "best_effort_timestamp_time": "8.241575",
            "duration": 1,
            "duration_time": "0.033367",
            "pkt_pos": "31257064",
            "pkt_size": "120000",
            "width": 720,
            "height": 480,
            "crop_top": 0,
            "crop_bottom": 0,
            "crop_left": 0,
            "crop_right": 0,
            "pix_fmt": "yuv411p",
            "sample_aspect_ratio": "8:9",
            "pict_type": "I",
            "interlaced_frame": 1,
            "top_field_first": 0,
            "repeat_pict": 0,
            "chroma_location": "topleft"
        },
        {
            "media_type": "video",
            "stream_index": 0,
            "key_frame": 1,
            "pts": 248,
            "pts_time": "8.274942",
            "pkt_dts": 248,
            "pkt_dts_time": "8.274942",
            "best_effort_timestamp": 248,
            "best_effort_timestamp_time": "8.274942",
            "duration": 1,
            "duration_time": "0.033367",
            "pkt_pos": "31377072",
            "pkt_size": "120000",
            "width": 720,
            "height": 480,
            "crop_top": 0,
            "crop_bottom": 0,
            "crop_left": 0,
            "crop_right": 0,
            "pix_fmt": "yuv411p",
            "sample_aspect_ratio": "8:9",
            "pict_type": "I",
            "interlaced_frame": 1,
            "top_field_first": 0,
            "repeat_pict": 0,
            "chroma_location": "topleft"
        },
        {
            "media_type": "video",
            "stream_index": 0,
            "key_frame": 1,
            "pts": 249,
            "pts_time": "8.308308",
            "pkt_dts": 249,
            "pkt_dts_time": "8.308308",
            "best_effort_timestamp": 249,
            "best_effort_timestamp_time": "8.308308",
            "duration": 1,
            "duration_time": "0.033367",
            "pkt_pos": "31497080",
            "pkt_size": "120000",
            "width": 720,
            "height": 480,
            "crop_top": 0,
            "crop_bottom": 0,
            "crop_left": 0,
            "crop_right": 0,
            "pix_fmt": "yuv411p",
            "sample_aspect_ratio": "8:9",
            "pict_type": "I",
            "interlaced_frame": 1,
            "top_field_first": 0,
            "repeat_pict": 0,
            "chroma_location": "topleft"
        },
        {
            "media_type": "video",
            "stream_index": 0,
            "key_frame": 1,
            "pts": 250,
            "pts_time": "8.341675",
            "pkt_dts": 250,
            "pkt_dts_time": "8.341675",
            "best_effort_timestamp": 250,
            "best_effort_timestamp_time": "8.341675",
            "duration": 1,
            "duration_time": "0.033367",
            "pkt_pos": "31617088",
            "pkt_size": "120000",
            "width": 720,
            "height": 480,
            "crop_top": 0,
            "crop_bottom": 0,
            "crop_left": 0,
            "crop_right": 0,
            "pix_fmt": "yuv411p",
            "sample_aspect_ratio": "8:9",
            "pict_type": "I",
            "interlaced_frame": 1,
            "top_field_first": 0,
            "repeat_pict": 0,
            "chroma_location": "topleft"
        },
        {
            "media_type": "video",
            "stream_index": 0,
            "key_frame": 1,
            "pts": 251,
            "pts_time": "8.375042",
            "pkt_dts": 251,
            "pkt_dts_time": "8.375042",
            "best_effort_timestamp": 251,
            "best_effort_timestamp_time": "8.375042",
            "duration": 1,
            "duration_time": "0.033367",
            "pkt_pos": "31737096",
            "pkt_size": "120000",
            "width": 720,
            "height": 480,
            "crop_top": 0,
            "crop_bottom": 0,
            "crop_left": 0,
            "crop_right": 0,
            "pix_fmt": "yuv411p",
            "sample_aspect_ratio": "8:9",
            "pict_type": "I",
            "interlaced_frame": 1,
            "top_field_first": 0,
            "repeat_pict": 0,
            "chroma_location": "topleft"
        },
        {
            "media_type": "video",
            "stream_index": 0,
            "key_frame": 1,
            "pts": 252,
            "pts_time": "8.408408",
            "pkt_dts": 252,
            "pkt_dts_time": "8.408408",
            "best_effort_timestamp": 252,
            "best_effort_timestamp_time": "8.408408",
            "duration": 1,
            "duration_time": "0.033367",
            "pkt_pos": "31857104",
            "pkt_size": "120000",
            "width": 720,
            "height": 480,
            "crop_top": 0,
            "crop_bottom": 0,
            "crop_left": 0,
            "crop_right": 0,
            "pix_fmt": "yuv411p",
            "sample_aspect_ratio": "8:9",
            "pict_type": "I",
            "interlaced_frame": 1,
            "top_field_first": 0,
            "repeat_pict": 0,
            "chroma_location": "topleft"
        },
        {
            "media_type": "video",
            "stream_index": 0,
            "key_frame": 1,
            "pts": 253,
            "pts_time": "8.441775",
            "pkt_dts": 253,
            "pkt_dts_time": "8.441775",
            "best_effort_timestamp": 253,
            "best_effort_timestamp_time": "8.441775",
            "duration": 1,
            "duration_time": "0.033367",
            "pkt_pos": "31977112",
            "pkt_size": "120000",
            "width": 720,
            "height": 480,
            "crop_top": 0,
            "crop_bottom": 0,
            "crop_left": 0,
            "crop_right": 0,
            "pix_fmt": "yuv411p",
            "sample_aspect_ratio": "8:9",
            "pict_type": "I",
            "interlaced_frame": 1,
            "top_field_first": 0,
            "repeat_pict": 0,
            "chroma_location": "topleft"
        },
        {
            "media_type": "video",
            "stream_index": 0,
            "key_frame": 1,
            "pts": 254,
            "pts_time": "8.475142",
            "pkt_dts": 254,
            "pkt_dts_time": "8.475142",
            "best_effort_timestamp": 254,
            "best_effort_timestamp_time": "8.475142",
            "duration": 1,
            "duration_time": "0.033367",
            "pkt_pos": "32097120",
            "pkt_size": "120000",
            "width": 720,
            "height": 480,
            "crop_top": 0,
            "crop_bottom": 0,
            "crop_left": 0,
            "crop_right": 0,
            "pix_fmt": "yuv411p",
            "sample_aspect_ratio": "8:9",
            "pict_type": "I",
            "interlaced_frame": 1,
            "top_field_first": 0,
            "repeat_pict": 0,
            "chroma_location": "topleft"
        },
        {
            "media_type": "video",
            "stream_index": 0,
            "key_frame": 1,
            "pts": 255,
            "pts_time": "8.508508",
            "pkt_dts": 255,
            "pkt_dts_time": "8.508508",
            "best_effort_timestamp": 255,
            "best_effort_timestamp_time": "8.508508",
            "duration": 1,
            "duration_time": "0.033367",
            "pkt_pos": "32217128",
            "pkt_size": "120000",
            "width": 720,
            "height": 480,
            "crop_top": 0,
            "crop_bottom": 0,
            "crop_left": 0,
            "crop_right": 0,
            "pix_fmt": "yuv411p",
            "sample_aspect_ratio": "8:9",
            "pict_type": "I",
            "interlaced_frame": 1,
            "top_field_first": 0,
            "repeat_pict": 0,
            "chroma_location": "topleft"
        },
        {
            "media_type": "video",
            "stream_index": 0,
            "key_frame": 1,
            "pts": 256,
            "pts_time": "8.541875",
            "pkt_dts": 256,
            "pkt_dts_time": "8.541875",
            "best_effort_timestamp": 256,
            "best_effort_timestamp_time": "8.541875",
            "duration": 1,
            "duration_time": "0.033367",
            "pkt_pos": "32337136",
            "pkt_size": "120000",
            "width": 720,
            "height": 480,
            "crop_top": 0,
            "crop_bottom": 0,
            "crop_left": 0,
            "crop_right": 0,
            "pix_fmt": "yuv411p",
            "sample_aspect_ratio": "8:9",
            "pict_type": "I",
            "interlaced_frame": 1,
            "top_field_first": 0,
            "repeat_pict": 0,
            "chroma_location": "topleft"
        },
        {
            "media_type": "video",
            "stream_index": 0,
            "key_frame": 1,
            "pts": 257,
            "pts_time": "8.575242",
            "pkt_dts": 257,
            "pkt_dts_time": "8.575242",
            "best_effort_timestamp": 257,
            "best_effort_timestamp_time": "8.575242",
            "duration": 1,
            "duration_time": "0.033367",
            "pkt_pos": "32457144",
            "pkt_size": "120000",
            "width": 720,
            "height": 480,
            "crop_top": 0,
            "crop_bottom": 0,
            "crop_left": 0,
            "crop_right": 0,
            "pix_fmt": "yuv411p",
            "sample_aspect_ratio": "8:9",
            "pict_type": "I",
            "interlaced_frame": 1,
            "top_field_first": 0,
            "repeat_pict": 0,
            "chroma_location": "topleft"
        },
        {
            "media_type": "video",
            "stream_index": 0,
            "key_frame": 1,
            "pts": 258,
            "pts_time": "8.608609",
            "pkt_dts": 258,
            "pkt_dts_time": "8.608609",
            "best_effort_timestamp": 258,
            "best_effort_timestamp_time": "8.608609",
            "duration": 1,
            "duration_time": "0.033367",
            "pkt_pos": "32577152",
            "pkt_size": "120000",
            "width": 720,
            "height": 480,
            "crop_top": 0,
            "crop_bottom": 0,
            "crop_left": 0,
            "crop_right": 0,
            "pix_fmt": "yuv411p",
            "sample_aspect_ratio": "8:9",
            "pict_type": "I",
            "interlaced_frame": 1,
            "top_field_first": 0,
            "repeat_pict": 0,
            "chroma_location": "topleft"
        },
        {
            "media_type": "video",
            "stream_index": 0,
            "key_frame": 1,
            "pts": 259,
            "pts_time": "8.641975",
            "pkt_dts": 259,
            "pkt_dts_time": "8.641975",
            "best_effort_timestamp": 259,
            "best_effort_timestamp_time": "8.641975",
            "duration": 1,
            "duration_time": "0.033367",
            "pkt_pos": "32697160",
            "pkt_size": "120000",
            "width": 720,
            "height": 480,
            "crop_top": 0,
            "crop_bottom": 0,
            "crop_left": 0,
            "crop_right": 0,
            "pix_fmt": "yuv411p",
            "sample_aspect_ratio": "8:9",
            "pict_type": "I",
            "interlaced_frame": 1,
            "top_field_first": 0,
            "repeat_pict": 0,
            "chroma_location": "topleft"
        },
        {
            "media_type": "video",
            "stream_index": 0,
            "key_frame": 1,
            "pts": 260,
            "pts_time": "8.675342",
            "pkt_dts": 260,
            "pkt_dts_time": "8.675342",
            "best_effort_timestamp": 260,
            "best_effort_timestamp_time": "8.675342",
            "duration": 1,
            "duration_time": "0.033367",
            "pkt_pos": "32817168",
            "pkt_size": "120000",
            "width": 720,
            "height": 480,
            "crop_top": 0,
            "crop_bottom": 0,
            "crop_left": 0,
            "crop_right": 0,
            "pix_fmt": "yuv411p",
            "sample_aspect_ratio": "8:9",
            "pict_type": "I",
            "interlaced_frame": 1,
            "top_field_first": 0,
            "repeat_pict": 0,
            "chroma_location": "topleft"
        },
        {
            "media_type": "video",
            "stream_index": 0,
            "key_frame": 1,
            "pts": 261,
            "pts_time": "8.708709",
            "pkt_dts": 261,
            "pkt_dts_time": "8.708709",
            "best_effort_timestamp": 261,
            "best_effort_timestamp_time": "8.708709",
            "duration": 1,
            "duration_time": "0.033367",
            "pkt_pos": "33122972",
            "pkt_size": "120000",
            "width": 720,
            "height": 480,
            "crop_top": 0,
            "crop_bottom": 0,
            "crop_left": 0,
            "crop_right": 0,
            "pix_fmt": "yuv411p",
            "sample_aspect_ratio": "8:9",
            "pict_type": "I",
            "interlaced_frame": 1,
            "top_field_first": 0,
            "repeat_pict": 0,
            "chroma_location": "topleft"
        },
        {
            "media_type": "video",
            "stream_index": 0,
            "key_frame": 1,
            "pts": 262,
            "pts_time": "8.742075",
            "pkt_dts": 262,
            "pkt_dts_time": "8.742075",
            "best_effort_timestamp": 262,
            "best_effort_timestamp_time": "8.742075",
            "duration": 1,
            "duration_time": "0.033367",
            "pkt_pos": "33242980",
            "pkt_size": "120000",
            "width": 720,
            "height": 480,
            "crop_top": 0,
            "crop_bottom": 0,
            "crop_left": 0,
            "crop_right": 0,
            "pix_fmt": "yuv411p",
            "sample_aspect_ratio": "8:9",
            "pict_type": "I",
            "interlaced_frame": 1,
            "top_field_first": 0,
            "repeat_pict": 0,
            "chroma_location": "topleft"
        },
        {
            "media_type": "video",
            "stream_index": 0,
            "key_frame": 1,
            "pts": 263,
            "pts_time": "8.775442",
            "pkt_dts": 263,
            "pkt_dts_time": "8.775442",
            "best_effort_timestamp": 263,
            "best_effort_timestamp_time": "8.775442",
            "duration": 1,
            "duration_time": "0.033367",
            "pkt_pos": "33362988",
            "pkt_size": "120000",
            "width": 720,
            "height": 480,
            "crop_top": 0,
            "crop_bottom": 0,
            "crop_left": 0,
            "crop_right": 0,
            "pix_fmt": "yuv411p",
            "sample_aspect_ratio": "8:9",
            "pict_type": "I",
            "interlaced_frame": 1,
            "top_field_first": 0,
            "repeat_pict": 0,
            "chroma_location": "topleft"
        },
        {
            "media_type": "video",
            "stream_index": 0,
            "key_frame": 1,
            "pts": 264,
            "pts_time": "8.808809",
            "pkt_dts": 264,
            "pkt_dts_time": "8.808809",
            "best_effort_timestamp": 264,
            "best_effort_timestamp_time": "8.808809",
            "duration": 1,
            "duration_time": "0.033367",
            "pkt_pos": "33482996",
            "pkt_size": "120000",
            "width": 720,
            "height": 480,
            "crop_top": 0,
            "crop_bottom": 0,
            "crop_left": 0,
            "crop_right": 0,
            "pix_fmt": "yuv411p",
            "sample_aspect_ratio": "8:9",
            "pict_type": "I",
            "interlaced_frame": 1,
            "top_field_first": 0,
            "repeat_pict": 0,
            "chroma_location": "topleft"
        },
        {
            "media_type": "video",
            "stream_index": 0,
            "key_frame": 1,
            "pts": 265,
            "pts_time": "8.842175",
            "pkt_dts": 265,
            "pkt_dts_time": "8.842175",
            "best_effort_timestamp": 265,
            "best_effort_timestamp_time": "8.842175",
            "duration": 1,
            "duration_time": "0.033367",
            "pkt_pos": "33603004",
            "pkt_size": "120000",
            "width": 720,
            "height": 480,
            "crop_top": 0,
            "crop_bottom": 0,
            "crop_left": 0,
            "crop_right": 0,
            "pix_fmt": "yuv411p",
            "sample_aspect_ratio": "8:9",
            "pict_type": "I",
            "interlaced_frame": 1,
            "top_field_first": 0,
            "repeat_pict": 0,
            "chroma_location": "topleft"
        },
        {
            "media_type": "video",
            "stream_index": 0,
            "key_frame": 1,
            "pts": 266,
            "pts_time": "8.875542",
            "pkt_dts": 266,
            "pkt_dts_time": "8.875542",
            "best_effort_timestamp": 266,
            "best_effort_timestamp_time": "8.875542",
            "duration": 1,
            "duration_time": "0.033367",
            "pkt_pos": "33723012",
            "pkt_size": "120000",
            "width": 720,
            "height": 480,
            "crop_top": 0,
            "crop_bottom": 0,
            "crop_left": 0,
            "crop_right": 0,
            "pix_fmt": "yuv411p",
            "sample_aspect_ratio": "8:9",
            "pict_type": "I",
            "interlaced_frame": 1,
            "top_field_first": 0,
            "repeat_pict": 0,
            "chroma_location": "topleft"
        },
        {
            "media_type": "video",
            "stream_index": 0,
            "key_frame": 1,
            "pts": 267,
            "pts_time": "8.908909",
            "pkt_dts": 267,
            "pkt_dts_time": "8.908909",
            "best_effort_timestamp": 267,
            "best_effort_timestamp_time": "8.908909",
            "duration": 1,
            "duration_time": "0.033367",
            "pkt_pos": "33843020",
            "pkt_size": "120000",
            "width": 720,
            "height": 480,
            "crop_top": 0,
            "crop_bottom": 0,
            "crop_left": 0,
            "crop_right": 0,
            "pix_fmt": "yuv411p",
            "sample_aspect_ratio": "8:9",
            "pict_type": "I",
            "interlaced_frame": 1,
            "top_field_first": 0,
            "repeat_pict": 0,
            "chroma_location": "topleft"
        },
        {
            "media_type": "video",
            "stream_index": 0,
            "key_frame": 1,
            "pts": 268,
            "pts_time": "8.942276",
            "pkt_dts": 268,
            "pkt_dts_time": "8.942276",
            "best_effort_timestamp": 268,
            "best_effort_timestamp_time": "8.942276",
            "duration": 1,
            "duration_time": "0.033367",
            "pkt_pos": "33963028",
            "pkt_size": "120000",
            "width": 720,
            "height": 480,
            "crop_top": 0,
            "crop_bottom": 0,
            "crop_left": 0,
            "crop_right": 0,
            "pix_fmt": "yuv411p",
            "sample_aspect_ratio": "8:9",
            "pict_type": "I",
            "interlaced_frame": 1,
            "top_field_first": 0,
            "repeat_pict": 0,
            "chroma_location": "topleft"
        },
        {
            "media_type": "video",
            "stream_index": 0,
            "key_frame": 1,
            "pts": 269,
            "pts_time": "8.975642",
            "pkt_dts": 269,
            "pkt_dts_time": "8.975642",
            "best_effort_timestamp": 269,
            "best_effort_timestamp_time": "8.975642",
            "duration": 1,
            "duration_time": "0.033367",
            "pkt_pos": "34083036",
            "pkt_size": "120000",
            "width": 720,
            "height": 480,
            "crop_top": 0,
            "crop_bottom": 0,
            "crop_left": 0,
            "crop_right": 0,
            "pix_fmt": "yuv411p",
            "sample_aspect_ratio": "8:9",
            "pict_type": "I",
            "interlaced_frame": 1,
            "top_field_first": 0,
            "repeat_pict": 0,
            "chroma_location": "topleft"
        },
        {
            "media_type": "video",
            "stream_index": 0,
            "key_frame": 1,
            "pts": 270,
            "pts_time": "9.009009",
            "pkt_dts": 270,
            "pkt_dts_time": "9.009009",
            "best_effort_timestamp": 270,
            "best_effort_timestamp_time": "9.009009",
            "duration": 1,
            "duration_time": "0.033367",
            "pkt_pos": "34203044",
            "pkt_size": "120000",
            "width": 720,
            "height": 480,
            "crop_top": 0,
            "crop_bottom": 0,
            "crop_left": 0,
            "crop_right": 0,
            "pix_fmt": "yuv411p",
            "sample_aspect_ratio": "8:9",
            "pict_type": "I",
            "interlaced_frame": 1,
            "top_field_first": 0,
            "repeat_pict": 0,
            "chroma_location": "topleft"
        },
        {
            "media_type": "video",
            "stream_index": 0,
            "key_frame": 1,
            "pts": 271,
            "pts_time": "9.042376",
            "pkt_dts": 271,
            "pkt_dts_time": "9.042376",
            "best_effort_timestamp": 271,
            "best_effort_timestamp_time": "9.042376",
            "duration": 1,
            "duration_time": "0.033367",
            "pkt_pos": "34323052",
            "pkt_size": "120000",
            "width": 720,
            "height": 480,
            "crop_top": 0,
            "crop_bottom": 0,
            "crop_left": 0,
            "crop_right": 0,
            "pix_fmt": "yuv411p",
            "sample_aspect_ratio": "8:9",
            "pict_type": "I",
            "interlaced_frame": 1,
            "top_field_first": 0,
            "repeat_pict": 0,
            "chroma_location": "topleft"
        },
        {
            "media_type": "video",
            "stream_index": 0,
            "key_frame": 1,
            "pts": 272,
            "pts_time": "9.075742",
            "pkt_dts": 272,
            "pkt_dts_time": "9.075742",
            "best_effort_timestamp": 272,
            "best_effort_timestamp_time": "9.075742",
            "duration": 1,
            "duration_time": "0.033367",
            "pkt_pos": "34443060",
            "pkt_size": "120000",
            "width": 720,
            "height": 480,
            "crop_top": 0,
            "crop_bottom": 0,
            "crop_left": 0,
            "crop_right": 0,
            "pix_fmt": "yuv411p",
            "sample_aspect_ratio": "8:9",
            "pict_type": "I",
            "interlaced_frame": 1,
            "top_field_first": 0,
            "repeat_pict": 0,
            "chroma_location": "topleft"
        },
        {
            "media_type": "video",
            "stream_index": 0,
            "key_frame": 1,
            "pts": 273,
            "pts_time": "9.109109",
            "pkt_dts": 273,
            "pkt_dts_time": "9.109109",
            "best_effort_timestamp": 273,
            "best_effort_timestamp_time": "9.109109",
            "duration": 1,
            "duration_time": "0.033367",
            "pkt_pos": "34563068",
            "pkt_size": "120000",
            "width": 720,
            "height": 480,
            "crop_top": 0,
            "crop_bottom": 0,
            "crop_left": 0,
            "crop_right": 0,
            "pix_fmt": "yuv411p",
            "sample_aspect_ratio": "8:9",
            "pict_type": "I",
            "interlaced_frame": 1,
            "top_field_first": 0,
            "repeat_pict": 0,
            "chroma_location": "topleft"
        },
        {
            "media_type": "video",
            "stream_index": 0,
            "key_frame": 1,
            "pts": 274,
            "pts_time": "9.142476",
            "pkt_dts": 274,
            "pkt_dts_time": "9.142476",
            "best_effort_timestamp": 274,
            "best_effort_timestamp_time": "9.142476",
            "duration": 1,
            "duration_time": "0.033367",
            "pkt_pos": "34683076",
            "pkt_size": "120000",
            "width": 720,
            "height": 480,
            "crop_top": 0,
            "crop_bottom": 0,
            "crop_left": 0,
            "crop_right": 0,
            "pix_fmt": "yuv411p",
            "sample_aspect_ratio": "8:9",
            "pict_type": "I",
            "interlaced_frame": 1,
            "top_field_first": 0,
            "repeat_pict": 0,
            "chroma_location": "topleft"
        },
        {
            "media_type": "video",
            "stream_index": 0,
            "key_frame": 1,
            "pts": 275,
            "pts_time": "9.175842",
            "pkt_dts": 275,
            "pkt_dts_time": "9.175842",
            "best_effort_timestamp": 275,
            "best_effort_timestamp_time": "9.175842",
            "duration": 1,
            "duration_time": "0.033367",
            "pkt_pos": "34803084",
            "pkt_size": "120000",
            "width": 720,
            "height": 480,
            "crop_top": 0,
            "crop_bottom": 0,
            "crop_left": 0,
            "crop_right": 0,
            "pix_fmt": "yuv411p",
            "sample_aspect_ratio": "8:9",
            "pict_type": "I",
            "interlaced_frame": 1,
            "top_field_first": 0,
            "repeat_pict": 0,
            "chroma_location": "topleft"
        },
        {
            "media_type": "video",
            "stream_index": 0,
            "key_frame": 1,
            "pts": 276,
            "pts_time": "9.209209",
            "pkt_dts": 276,
            "pkt_dts_time": "9.209209",
            "best_effort_timestamp": 276,
            "best_effort_timestamp_time": "9.209209",
            "duration": 1,
            "duration_time": "0.033367",
            "pkt_pos": "34923092",
            "pkt_size": "120000",
            "width": 720,
            "height": 480,
            "crop_top": 0,
            "crop_bottom": 0,
            "crop_left": 0,
            "crop_right": 0,
            "pix_fmt": "yuv411p",
            "sample_aspect_ratio": "8:9",
            "pict_type": "I",
            "interlaced_frame": 1,
            "top_field_first": 0,
            "repeat_pict": 0,
            "chroma_location": "topleft"
        },
        {
            "media_type": "video",
            "stream_index": 0,
            "key_frame": 1,
            "pts": 277,
            "pts_time": "9.242576",
            "pkt_dts": 277,
            "pkt_dts_time": "9.242576",
            "best_effort_timestamp": 277,
            "best_effort_timestamp_time": "9.242576",
            "duration": 1,
            "duration_time": "0.033367",
            "pkt_pos": "35043100",
            "pkt_size": "120000",
            "width": 720,
            "height": 480,
            "crop_top": 0,
            "crop_bottom": 0,
            "crop_left": 0,
            "crop_right": 0,
            "pix_fmt": "yuv411p",
            "sample_aspect_ratio": "8:9",
            "pict_type": "I",
            "interlaced_frame": 1,
            "top_field_first": 0,
            "repeat_pict": 0,
            "chroma_location": "topleft"
        },
        {
            "media_type": "video",
            "stream_index": 0,
            "key_frame": 1,
            "pts": 278,
            "pts_time": "9.275943",
            "pkt_dts": 278,
            "pkt_dts_time": "9.275943",
            "best_effort_timestamp": 278,
            "best_effort_timestamp_time": "9.275943",
            "duration": 1,
            "duration_time": "0.033367",
            "pkt_pos": "35163108",
            "pkt_size": "120000",
            "width": 720,
            "height": 480,
            "crop_top": 0,
            "crop_bottom": 0,
            "crop_left": 0,
            "crop_right": 0,
            "pix_fmt": "yuv411p",
            "sample_aspect_ratio": "8:9",
            "pict_type": "I",
            "interlaced_frame": 1,
            "top_field_first": 0,
            "repeat_pict": 0,
            "chroma_location": "topleft"
        },
        {
            "media_type": "video",
            "stream_index": 0,
            "key_frame": 1,
            "pts": 279,
            "pts_time": "9.309309",
            "pkt_dts": 279,
            "pkt_dts_time": "9.309309",
            "best_effort_timestamp": 279,
            "best_effort_timestamp_time": "9.309309",
            "duration": 1,
            "duration_time": "0.033367",
            "pkt_pos": "35283116",
            "pkt_size": "120000",
            "width": 720,
            "height": 480,
            "crop_top": 0,
            "crop_bottom": 0,
            "crop_left": 0,
            "crop_right": 0,
            "pix_fmt": "yuv411p",
            "sample_aspect_ratio": "8:9",
            "pict_type": "I",
            "interlaced_frame": 1,
            "top_field_first": 0,
            "repeat_pict": 0,
            "chroma_location": "topleft"
        },
        {
            "media_type": "video",
            "stream_index": 0,
            "key_frame": 1,
            "pts": 280,
            "pts_time": "9.342676",
            "pkt_dts": 280,
            "pkt_dts_time": "9.342676",
            "best_effort_timestamp": 280,
            "best_effort_timestamp_time": "9.342676",
            "duration": 1,
            "duration_time": "0.033367",
            "pkt_pos": "35403124",
            "pkt_size": "120000",
            "width": 720,
            "height": 480,
            "crop_top": 0,
            "crop_bottom": 0,
            "crop_left": 0,
            "crop_right": 0,
            "pix_fmt": "yuv411p",
            "sample_aspect_ratio": "8:9",
            "pict_type": "I",
            "interlaced_frame": 1,
            "top_field_first": 0,
            "repeat_pict": 0,
            "chroma_location": "topleft"
        },
        {
            "media_type": "video",
            "stream_index": 0,
            "key_frame": 1,
            "pts": 281,
            "pts_time": "9.376043",
            "pkt_dts": 281,
            "pkt_dts_time": "9.376043",
            "best_effort_timestamp": 281,
            "best_effort_timestamp_time": "9.376043",
            "duration": 1,
            "duration_time": "0.033367",
            "pkt_pos": "35523132",
            "pkt_size": "120000",
            "width": 720,
            "height": 480,
            "crop_top": 0,
            "crop_bottom": 0,
            "crop_left": 0,
            "crop_right": 0,
            "pix_fmt": "yuv411p",
            "sample_aspect_ratio": "8:9",
            "pict_type": "I",
            "interlaced_frame": 1,
            "top_field_first": 0,
            "repeat_pict": 0,
            "chroma_location": "topleft"
        },
        {
            "media_type": "video",
            "stream_index": 0,
            "key_frame": 1,
            "pts": 282,
            "pts_time": "9.409409",
            "pkt_dts": 282,
            "pkt_dts_time": "9.409409",
            "best_effort_timestamp": 282,
            "best_effort_timestamp_time": "9.409409",
            "duration": 1,
            "duration_time": "0.033367",
            "pkt_pos": "35643140",
            "pkt_size": "120000",
            "width": 720,
            "height": 480,
            "crop_top": 0,
            "crop_bottom": 0,
            "crop_left": 0,
            "crop_right": 0,
            "pix_fmt": "yuv411p",
            "sample_aspect_ratio": "8:9",
            "pict_type": "I",
            "interlaced_frame": 1,
            "top_field_first": 0,
            "repeat_pict": 0,
            "chroma_location": "topleft"
        },
        {
            "media_type": "video",
            "stream_index": 0,
            "key_frame": 1,
            "pts": 283,
            "pts_time": "9.442776",
            "pkt_dts": 283,
            "pkt_dts_time": "9.442776",
            "best_effort_timestamp": 283,
            "best_effort_timestamp_time": "9.442776",
            "duration": 1,
            "duration_time": "0.033367",
            "pkt_pos": "35763148",
            "pkt_size": "120000",
            "width": 720,
            "height": 480,
            "crop_top": 0,
            "crop_bottom": 0,
            "crop_left": 0,
            "crop_right": 0,
            "pix_fmt": "yuv411p",
            "sample_aspect_ratio": "8:9",
            "pict_type": "I",
            "interlaced_frame": 1,
            "top_field_first": 0,
            "repeat_pict": 0,
            "chroma_location": "topleft"
        },
        {
            "media_type": "video",
            "stream_index": 0,
            "key_frame": 1,
            "pts": 284,
            "pts_time": "9.476143",
            "pkt_dts": 284,
            "pkt_dts_time": "9.476143",
            "best_effort_timestamp": 284,
            "best_effort_timestamp_time": "9.476143",
            "duration": 1,
            "duration_time": "0.033367",
            "pkt_pos": "35883156",
            "pkt_size": "120000",
            "width": 720,
            "height": 480,
            "crop_top": 0,
            "crop_bottom": 0,
            "crop_left": 0,
            "crop_right": 0,
            "pix_fmt": "yuv411p",
            "sample_aspect_ratio": "8:9",
            "pict_type": "I",
            "interlaced_frame": 1,
            "top_field_first": 0,
            "repeat_pict": 0,
            "chroma_location": "topleft"
        },
        {
            "media_type": "video",
            "stream_index": 0,
            "key_frame": 1,
            "pts": 285,
            "pts_time": "9.509510",
            "pkt_dts": 285,
            "pkt_dts_time": "9.509510",
            "best_effort_timestamp": 285,
            "best_effort_timestamp_time": "9.509510",
            "duration": 1,
            "duration_time": "0.033367",
            "pkt_pos": "36003164",
            "pkt_size": "120000",
            "width": 720,
            "height": 480,
            "crop_top": 0,
            "crop_bottom": 0,
            "crop_left": 0,
            "crop_right": 0,
            "pix_fmt": "yuv411p",
            "sample_aspect_ratio": "8:9",
            "pict_type": "I",
            "interlaced_frame": 1,
            "top_field_first": 0,
            "repeat_pict": 0,
            "chroma_location": "topleft"
        },
        {
            "media_type": "video",
            "stream_index": 0,
            "key_frame": 1,
            "pts": 286,
            "pts_time": "9.542876",
            "pkt_dts": 286,
            "pkt_dts_time": "9.542876",
            "best_effort_timestamp": 286,
            "best_effort_timestamp_time": "9.542876",
            "duration": 1,
            "duration_time": "0.033367",
            "pkt_pos": "36123172",
            "pkt_size": "120000",
            "width": 720,
            "height": 480,
            "crop_top": 0,
            "crop_bottom": 0,
            "crop_left": 0,
            "crop_right": 0,
            "pix_fmt": "yuv411p",
            "sample_aspect_ratio": "8:9",
            "pict_type": "I",
            "interlaced_frame": 1,
            "top_field_first": 0,
            "repeat_pict": 0,
            "chroma_location": "topleft"
        },
        {
            "media_type": "video",
            "stream_index": 0,
            "key_frame": 1,
            "pts": 287,
            "pts_time": "9.576243",
            "pkt_dts": 287,
            "pkt_dts_time": "9.576243",
            "best_effort_timestamp": 287,
            "best_effort_timestamp_time": "9.576243",
            "duration": 1,
            "duration_time": "0.033367",
            "pkt_pos": "36243180",
            "pkt_size": "120000",
            "width": 720,
            "height": 480,
            "crop_top": 0,
            "crop_bottom": 0,
            "crop_left": 0,
            "crop_right": 0,
            "pix_fmt": "yuv411p",
            "sample_aspect_ratio": "8:9",
            "pict_type": "I",
            "interlaced_frame": 1,
            "top_field_first": 0,
            "repeat_pict": 0,
            "chroma_location": "topleft"
        },
        {
            "media_type": "video",
            "stream_index": 0,
            "key_frame": 1,
            "pts": 288,
            "pts_time": "9.609610",
            "pkt_dts": 288,
            "pkt_dts_time": "9.609610",
            "best_effort_timestamp": 288,
            "best_effort_timestamp_time": "9.609610",
            "duration": 1,
            "duration_time": "0.033367",
            "pkt_pos": "36363188",
            "pkt_size": "120000",
            "width": 720,
            "height": 480,
            "crop_top": 0,
            "crop_bottom": 0,
            "crop_left": 0,
            "crop_right": 0,
            "pix_fmt": "yuv411p",
            "sample_aspect_ratio": "8:9",
            "pict_type": "I",
            "interlaced_frame": 1,
            "top_field_first": 0,
            "repeat_pict": 0,
            "chroma_location": "topleft"
        },
        {
            "media_type": "video",
            "stream_index": 0,
            "key_frame": 1,
            "pts": 289,
            "pts_time": "9.642976",
            "pkt_dts": 289,
            "pkt_dts_time": "9.642976",
            "best_effort_timestamp": 289,
            "best_effort_timestamp_time": "9.642976",
            "duration": 1,
            "duration_time": "0.033367",
            "pkt_pos": "36483196",
            "pkt_size": "120000",
            "width": 720,
            "height": 480,
            "crop_top": 0,
            "crop_bottom": 0,
            "crop_left": 0,
            "crop_right": 0,
            "pix_fmt": "yuv411p",
            "sample_aspect_ratio": "8:9",
            "pict_type": "I",
            "interlaced_frame": 1,
            "top_field_first": 0,
            "repeat_pict": 0,
            "chroma_location": "topleft"
        },
        {
            "media_type": "video",
            "stream_index": 0,
            "key_frame": 1,
            "pts": 290,
            "pts_time": "9.676343",
            "pkt_dts": 290,
            "pkt_dts_time": "9.676343",
            "best_effort_timestamp": 290,
            "best_effort_timestamp_time": "9.676343",
            "duration": 1,
            "duration_time": "0.033367",
            "pkt_pos": "36788996",
            "pkt_size": "120000",
            "width": 720,
            "height": 480,
            "crop_top": 0,
            "crop_bottom": 0,
            "crop_left": 0,
            "crop_right": 0,
            "pix_fmt": "yuv411p",
            "sample_aspect_ratio": "8:9",
            "pict_type": "I",
            "interlaced_frame": 1,
            "top_field_first": 0,
            "repeat_pict": 0,
            "chroma_location": "topleft"
        },
        {
            "media_type": "video",
            "stream_index": 0,
            "key_frame": 1,
            "pts": 291,
            "pts_time": "9.709710",
            "pkt_dts": 291,
            "pkt_dts_time": "9.709710",
            "best_effort_timestamp": 291,
            "best_effort_timestamp_time": "9.709710",
            "duration": 1,
            "duration_time": "0.033367",
            "pkt_pos": "36909004",
            "pkt_size": "120000",
            "width": 720,
            "height": 480,
            "crop_top": 0,
            "crop_bottom": 0,
            "crop_left": 0,
            "crop_right": 0,
            "pix_fmt": "yuv411p",
            "sample_aspect_ratio": "8:9",
            "pict_type": "I",
            "interlaced_frame": 1,
            "top_field_first": 0,
            "repeat_pict": 0,
            "chroma_location": "topleft"
        },
        {
            "media_type": "video",
            "stream_index": 0,
            "key_frame": 1,
            "pts": 292,
            "pts_time": "9.743076",
            "pkt_dts": 292,
            "pkt_dts_time": "9.743076",
            "best_effort_timestamp": 292,
            "best_effort_timestamp_time": "9.743076",
            "duration": 1,
            "duration_time": "0.033367",
            "pkt_pos": "37029012",
            "pkt_size": "120000",
            "width": 720,
            "height": 480,
            "crop_top": 0,
            "crop_bottom": 0,
            "crop_left": 0,
            "crop_right": 0,
            "pix_fmt": "yuv411p",
            "sample_aspect_ratio": "8:9",
            "pict_type": "I",
            "interlaced_frame": 1,
            "top_field_first": 0,
            "repeat_pict": 0,
            "chroma_location": "topleft"
        },
        {
            "media_type": "video",
            "stream_index": 0,
            "key_frame": 1,
            "pts": 293,
            "pts_time": "9.776443",
            "pkt_dts": 293,
            "pkt_dts_time": "9.776443",
            "best_effort_timestamp": 293,
            "best_effort_timestamp_time": "9.776443",
            "duration": 1,
            "duration_time": "0.033367",
            "pkt_pos": "37149020",
            "pkt_size": "120000",
            "width": 720,
            "height": 480,
            "crop_top": 0,
            "crop_bottom": 0,
            "crop_left": 0,
            "crop_right": 0,
            "pix_fmt": "yuv411p",
            "sample_aspect_ratio": "8:9",
            "pict_type": "I",
            "interlaced_frame": 1,
            "top_field_first": 0,
            "repeat_pict": 0,
            "chroma_location": "topleft"
        },
        {
            "media_type": "video",
            "stream_index": 0,
            "key_frame": 1,
            "pts": 294,
            "pts_time": "9.809810",
            "pkt_dts": 294,
            "pkt_dts_time": "9.809810",
            "best_effort_timestamp": 294,
            "best_effort_timestamp_time": "9.809810",
            "duration": 1,
            "duration_time": "0.033367",
            "pkt_pos": "37269028",
            "pkt_size": "120000",
            "width": 720,
            "height": 480,
            "crop_top": 0,
            "crop_bottom": 0,
            "crop_left": 0,
            "crop_right": 0,
            "pix_fmt": "yuv411p",
            "sample_aspect_ratio": "8:9",
            "pict_type": "I",
            "interlaced_frame": 1,
            "top_field_first": 0,
            "repeat_pict": 0,
            "chroma_location": "topleft"
        },
        {
            "media_type": "video",
            "stream_index": 0,
            "key_frame": 1,
            "pts": 295,
            "pts_time": "9.843177",
            "pkt_dts": 295,
            "pkt_dts_time": "9.843177",
            "best_effort_timestamp": 295,
            "best_effort_timestamp_time": "9.843177",
            "duration": 1,
            "duration_time": "0.033367",
            "pkt_pos": "37389036",
            "pkt_size": "120000",
            "width": 720,
            "height": 480,
            "crop_top": 0,
            "crop_bottom": 0,
            "crop_left": 0,
            "crop_right": 0,
            "pix_fmt": "yuv411p",
            "sample_aspect_ratio": "8:9",
            "pict_type": "I",
            "interlaced_frame": 1,
            "top_field_first": 0,
            "repeat_pict": 0,
            "chroma_location": "topleft"
        },
        {
            "media_type": "video",
            "stream_index": 0,
            "key_frame": 1,
            "pts": 296,
            "pts_time": "9.876543",
            "pkt_dts": 296,
            "pkt_dts_time": "9.876543",
            "best_effort_timestamp": 296,
            "best_effort_timestamp_time": "9.876543",
            "duration": 1,
            "duration_time": "0.033367",
            "pkt_pos": "37509044",
            "pkt_size": "120000",
            "width": 720,
            "height": 480,
            "crop_top": 0,
            "crop_bottom": 0,
            "crop_left": 0,
            "crop_right": 0,
            "pix_fmt": "yuv411p",
            "sample_aspect_ratio": "8:9",
            "pict_type": "I",
            "interlaced_frame": 1,
            "top_field_first": 0,
            "repeat_pict": 0,
            "chroma_location": "topleft"
        },
        {
            "media_type": "video",
            "stream_index": 0,
            "key_frame": 1,
            "pts": 297,
            "pts_time": "9.909910",
            "pkt_dts": 297,
            "pkt_dts_time": "9.909910",
            "best_effort_timestamp": 297,
            "best_effort_timestamp_time": "9.909910",
            "duration": 1,
            "duration_time": "0.033367",
            "pkt_pos": "37629052",
            "pkt_size": "120000",
            "width": 720,
            "height": 480,
            "crop_top": 0,
            "crop_bottom": 0,
            "crop_left": 0,
            "crop_right": 0,
            "pix_fmt": "yuv411p",
            "sample_aspect_ratio": "8:9",
            "pict_type": "I",
            "interlaced_frame": 1,
            "top_field_first": 0,
            "repeat_pict": 0,
            "chroma_location": "topleft"
        },
        {
            "media_type": "video",
            "stream_index": 0,
            "key_frame": 1,
            "pts": 298,
            "pts_time": "9.943277",
            "pkt_dts": 298,
            "pkt_dts_time": "9.943277",
            "best_effort_timestamp": 298,
            "best_effort_timestamp_time": "9.943277",
            "duration": 1,
            "duration_time": "0.033367",
            "pkt_pos": "37749060",
            "pkt_size": "120000",
            "width": 720,
            "height": 480,
            "crop_top": 0,
            "crop_bottom": 0,
            "crop_left": 0,
            "crop_right": 0,
            "pix_fmt": "yuv411p",
            "sample_aspect_ratio": "8:9",
            "pict_type": "I",
            "interlaced_frame": 1,
            "top_field_first": 0,
            "repeat_pict": 0,
            "chroma_location": "topleft"
        },
        {
            "media_type": "video",
            "stream_index": 0,
            "key_frame": 1,
            "pts": 299,
            "pts_time": "9.976643",
            "pkt_dts": 299,
            "pkt_dts_time": "9.976643",
            "best_effort_timestamp": 299,
            "best_effort_timestamp_time": "9.976643",
            "duration": 1,
            "duration_time": "0.033367",
            "pkt_pos": "37869068",
            "pkt_size": "120000",
            "width": 720,
            "height": 480,
            "crop_top": 0,
            "crop_bottom": 0,
            "crop_left": 0,
            "crop_right": 0,
            "pix_fmt": "yuv411p",
            "sample_aspect_ratio": "8:9",
            "pict_type": "I",
            "interlaced_frame": 1,
            "top_field_first": 0,
            "repeat_pict": 0,
            "chroma_location": "topleft"
        },
        {
            "media_type": "video",
            "stream_index": 0,
            "key_frame": 1,
            "pts": 300,
            "pts_time": "10.010010",
            "pkt_dts": 300,
            "pkt_dts_time": "10.010010",
            "best_effort_timestamp": 300,
            "best_effort_timestamp_time": "10.010010",
            "duration": 1,
            "duration_time": "0.033367",
            "pkt_pos": "37989076",
            "pkt_size": "120000",
            "width": 720,
            "height": 480,
            "crop_top": 0,
            "crop_bottom": 0,
            "crop_left": 0,
            "crop_right": 0,
            "pix_fmt": "yuv411p",
            "sample_aspect_ratio": "8:9",
            "pict_type": "I",
            "interlaced_frame": 1,
            "top_field_first": 0,
            "repeat_pict": 0,
            "chroma_location": "topleft"
        },
        {
            "media_type": "video",
            "stream_index": 0,
            "key_frame": 1,
            "pts": 301,
            "pts_time": "10.043377",
            "pkt_dts": 301,
            "pkt_dts_time": "10.043377",
            "best_effort_timestamp": 301,
            "best_effort_timestamp_time": "10.043377",
            "duration": 1,
            "duration_time": "0.033367",
            "pkt_pos": "38109084",
            "pkt_size": "120000",
            "width": 720,
            "height": 480,
            "crop_top": 0,
            "crop_bottom": 0,
            "crop_left": 0,
            "crop_right": 0,
            "pix_fmt": "yuv411p",
            "sample_aspect_ratio": "8:9",
            "pict_type": "I",
            "interlaced_frame": 1,
            "top_field_first": 0,
            "repeat_pict": 0,
            "chroma_location": "topleft"
        },
        {
            "media_type": "video",
            "stream_index": 0,
            "key_frame": 1,
            "pts": 302,
            "pts_time": "10.076743",
            "pkt_dts": 302,
            "pkt_dts_time": "10.076743",
            "best_effort_timestamp": 302,
            "best_effort_timestamp_time": "10.076743",
            "duration": 1,
            "duration_time": "0.033367",
            "pkt_pos": "38229092",
            "pkt_size": "120000",
            "width": 720,
            "height": 480,
            "crop_top": 0,
            "crop_bottom": 0,
            "crop_left": 0,
            "crop_right": 0,
            "pix_fmt": "yuv411p",
            "sample_aspect_ratio": "8:9",
            "pict_type": "I",
            "interlaced_frame": 1,
            "top_field_first": 0,
            "repeat_pict": 0,
            "chroma_location": "topleft"
        },
        {
            "media_type": "video",
            "stream_index": 0,
            "key_frame": 1,
            "pts": 303,
            "pts_time": "10.110110",
            "pkt_dts": 303,
            "pkt_dts_time": "10.110110",
            "best_effort_timestamp": 303,
            "best_effort_timestamp_time": "10.110110",
            "duration": 1,
            "duration_time": "0.033367",
            "pkt_pos": "38349100",
            "pkt_size": "120000",
            "width": 720,
            "height": 480,
            "crop_top": 0,
            "crop_bottom": 0,
            "crop_left": 0,
            "crop_right": 0,
            "pix_fmt": "yuv411p",
            "sample_aspect_ratio": "8:9",
            "pict_type": "I",
            "interlaced_frame": 1,
            "top_field_first": 0,
            "repeat_pict": 0,
            "chroma_location": "topleft"
        },
        {
            "media_type": "video",
            "stream_index": 0,
            "key_frame": 1,
            "pts": 304,
            "pts_time": "10.143477",
            "pkt_dts": 304,
            "pkt_dts_time": "10.143477",
            "best_effort_timestamp": 304,
            "best_effort_timestamp_time": "10.143477",
            "duration": 1,
            "duration_time": "0.033367",
            "pkt_pos": "38469108",
            "pkt_size": "120000",
            "width": 720,
            "height": 480,
            "crop_top": 0,
            "crop_bottom": 0,
            "crop_left": 0,
            "crop_right": 0,
            "pix_fmt": "yuv411p",
            "sample_aspect_ratio": "8:9",
            "pict_type": "I",
            "interlaced_frame": 1,
            "top_field_first": 0,
            "repeat_pict": 0,
            "chroma_location": "topleft"
        },
        {
            "media_type": "video",
            "stream_index": 0,
            "key_frame": 1,
            "pts": 305,
            "pts_time": "10.176844",
            "pkt_dts": 305,
            "pkt_dts_time": "10.176844",
            "best_effort_timestamp": 305,
            "best_effort_timestamp_time": "10.176844",
            "duration": 1,
            "duration_time": "0.033367",
            "pkt_pos": "38589116",
            "pkt_size": "120000",
            "width": 720,
            "height": 480,
            "crop_top": 0,
            "crop_bottom": 0,
            "crop_left": 0,
            "crop_right": 0,
            "pix_fmt": "yuv411p",
            "sample_aspect_ratio": "8:9",
            "pict_type": "I",
            "interlaced_frame": 1,
            "top_field_first": 0,
            "repeat_pict": 0,
            "chroma_location": "topleft"
        },
        {
            "media_type": "video",
            "stream_index": 0,
            "key_frame": 1,
            "pts": 306,
            "pts_time": "10.210210",
            "pkt_dts": 306,
            "pkt_dts_time": "10.210210",
            "best_effort_timestamp": 306,
            "best_effort_timestamp_time": "10.210210",
            "duration": 1,
            "duration_time": "0.033367",
            "pkt_pos": "38709124",
            "pkt_size": "120000",
            "width": 720,
            "height": 480,
            "crop_top": 0,
            "crop_bottom": 0,
            "crop_left": 0,
            "crop_right": 0,
            "pix_fmt": "yuv411p",
            "sample_aspect_ratio": "8:9",
            "pict_type": "I",
            "interlaced_frame": 1,
            "top_field_first": 0,
            "repeat_pict": 0,
            "chroma_location": "topleft"
        },
        {
            "media_type": "video",
            "stream_index": 0,
            "key_frame": 1,
            "pts": 307,
            "pts_time": "10.243577",
            "pkt_dts": 307,
            "pkt_dts_time": "10.243577",
            "best_effort_timestamp": 307,
            "best_effort_timestamp_time": "10.243577",
            "duration": 1,
            "duration_time": "0.033367",
            "pkt_pos": "38829132",
            "pkt_size": "120000",
            "width": 720,
            "height": 480,
            "crop_top": 0,
            "crop_bottom": 0,
            "crop_left": 0,
            "crop_right": 0,
            "pix_fmt": "yuv411p",
            "sample_aspect_ratio": "8:9",
            "pict_type": "I",
            "interlaced_frame": 1,
            "top_field_first": 0,
            "repeat_pict": 0,
            "chroma_location": "topleft"
        },
        {
            "media_type": "video",
            "stream_index": 0,
            "key_frame": 1,
            "pts": 308,
            "pts_time": "10.276944",
            "pkt_dts": 308,
            "pkt_dts_time": "10.276944",
            "best_effort_timestamp": 308,
            "best_effort_timestamp_time": "10.276944",
            "duration": 1,
            "duration_time": "0.033367",
            "pkt_pos": "38949140",
            "pkt_size": "120000",
            "width": 720,
            "height": 480,
            "crop_top": 0,
            "crop_bottom": 0,
            "crop_left": 0,
            "crop_right": 0,
            "pix_fmt": "yuv411p",
            "sample_aspect_ratio": "8:9",
            "pict_type": "I",
            "interlaced_frame": 1,
            "top_field_first": 0,
            "repeat_pict": 0,
            "chroma_location": "topleft"
        },
        {
            "media_type": "video",
            "stream_index": 0,
            "key_frame": 1,
            "pts": 309,
            "pts_time": "10.310310",
            "pkt_dts": 309,
            "pkt_dts_time": "10.310310",
            "best_effort_timestamp": 309,
            "best_effort_timestamp_time": "10.310310",
            "duration": 1,
            "duration_time": "0.033367",
            "pkt_pos": "39069148",
            "pkt_size": "120000",
            "width": 720,
            "height": 480,
            "crop_top": 0,
            "crop_bottom": 0,
            "crop_left": 0,
            "crop_right": 0,
            "pix_fmt": "yuv411p",
            "sample_aspect_ratio": "8:9",
            "pict_type": "I",
            "interlaced_frame": 1,
            "top_field_first": 0,
            "repeat_pict": 0,
            "chroma_location": "topleft"
        },
        {
            "media_type": "video",
            "stream_index": 0,
            "key_frame": 1,
            "pts": 310,
            "pts_time": "10.343677",
            "pkt_dts": 310,
            "pkt_dts_time": "10.343677",
            "best_effort_timestamp": 310,
            "best_effort_timestamp_time": "10.343677",
            "duration": 1,
            "duration_time": "0.033367",
            "pkt_pos": "39189156",
            "pkt_size": "120000",
            "width": 720,
            "height": 480,
            "crop_top": 0,
            "crop_bottom": 0,
            "crop_left": 0,
            "crop_right": 0,
            "pix_fmt": "yuv411p",
            "sample_aspect_ratio": "8:9",
            "pict_type": "I",
            "interlaced_frame": 1,
            "top_field_first": 0,
            "repeat_pict": 0,
            "chroma_location": "topleft"
        },
        {
            "media_type": "video",
            "stream_index": 0,
            "key_frame": 1,
            "pts": 311,
            "pts_time": "10.377044",
            "pkt_dts": 311,
            "pkt_dts_time": "10.377044",
            "best_effort_timestamp": 311,
            "best_effort_timestamp_time": "10.377044",
            "duration": 1,
            "duration_time": "0.033367",
            "pkt_pos": "39309164",
            "pkt_size": "120000",
            "width": 720,
            "height": 480,
            "crop_top": 0,
            "crop_bottom": 0,
            "crop_left": 0,
            "crop_right": 0,
            "pix_fmt": "yuv411p",
            "sample_aspect_ratio": "8:9",
            "pict_type": "I",
            "interlaced_frame": 1,
            "top_field_first": 0,
            "repeat_pict": 0,
            "chroma_location": "topleft"
        },
        {
            "media_type": "video",
            "stream_index": 0,
            "key_frame": 1,
            "pts": 312,
            "pts_time": "10.410410",
            "pkt_dts": 312,
            "pkt_dts_time": "10.410410",
            "best_effort_timestamp": 312,
            "best_effort_timestamp_time": "10.410410",
            "duration": 1,
            "duration_time": "0.033367",
            "pkt_pos": "39429172",
            "pkt_size": "120000",
            "width": 720,
            "height": 480,
            "crop_top": 0,
            "crop_bottom": 0,
            "crop_left": 0,
            "crop_right": 0,
            "pix_fmt": "yuv411p",
            "sample_aspect_ratio": "8:9",
            "pict_type": "I",
            "interlaced_frame": 1,
            "top_field_first": 0,
            "repeat_pict": 0,
            "chroma_location": "topleft"
        },
        {
            "media_type": "video",
            "stream_index": 0,
            "key_frame": 1,
            "pts": 313,
            "pts_time": "10.443777",
            "pkt_dts": 313,
            "pkt_dts_time": "10.443777",
            "best_effort_timestamp": 313,
            "best_effort_timestamp_time": "10.443777",
            "duration": 1,
            "duration_time": "0.033367",
            "pkt_pos": "39549180",
            "pkt_size": "120000",
            "width": 720,
            "height": 480,
            "crop_top": 0,
            "crop_bottom": 0,
            "crop_left": 0,
            "crop_right": 0,
            "pix_fmt": "yuv411p",
            "sample_aspect_ratio": "8:9",
            "pict_type": "I",
            "interlaced_frame": 1,
            "top_field_first": 0,
            "repeat_pict": 0,
            "chroma_location": "topleft"
        },
        {
            "media_type": "video",
            "stream_index": 0,
            "key_frame": 1,
            "pts": 314,
            "pts_time": "10.477144",
            "pkt_dts": 314,
            "pkt_dts_time": "10.477144",
            "best_effort_timestamp": 314,
            "best_effort_timestamp_time": "10.477144",
            "duration": 1,
            "duration_time": "0.033367",
            "pkt_pos": "39669188",
            "pkt_size": "120000",
            "width": 720,
            "height": 480,
            "crop_top": 0,
            "crop_bottom": 0,
            "crop_left": 0,
            "crop_right": 0,
            "pix_fmt": "yuv411p",
            "sample_aspect_ratio": "8:9",
            "pict_type": "I",
            "interlaced_frame": 1,
            "top_field_first": 0,
            "repeat_pict": 0,
            "chroma_location": "topleft"
        },
        {
            "media_type": "video",
            "stream_index": 0,
            "key_frame": 1,
            "pts": 315,
            "pts_time": "10.510511",
            "pkt_dts": 315,
            "pkt_dts_time": "10.510511",
            "best_effort_timestamp": 315,
            "best_effort_timestamp_time": "10.510511",
            "duration": 1,
            "duration_time": "0.033367",
            "pkt_pos": "39789196",
            "pkt_size": "120000",
            "width": 720,
            "height": 480,
            "crop_top": 0,
            "crop_bottom": 0,
            "crop_left": 0,
            "crop_right": 0,
            "pix_fmt": "yuv411p",
            "sample_aspect_ratio": "8:9",
            "pict_type": "I",
            "interlaced_frame": 1,
            "top_field_first": 0,
            "repeat_pict": 0,
            "chroma_location": "topleft"
        },
        {
            "media_type": "video",
            "stream_index": 0,
            "key_frame": 1,
            "pts": 316,
            "pts_time": "10.543877",
            "pkt_dts": 316,
            "pkt_dts_time": "10.543877",
            "best_effort_timestamp": 316,
            "best_effort_timestamp_time": "10.543877",
            "duration": 1,
            "duration_time": "0.033367",
            "pkt_pos": "39909204",
            "pkt_size": "120000",
            "width": 720,
            "height": 480,
            "crop_top": 0,
            "crop_bottom": 0,
            "crop_left": 0,
            "crop_right": 0,
            "pix_fmt": "yuv411p",
            "sample_aspect_ratio": "8:9",
            "pict_type": "I",
            "interlaced_frame": 1,
            "top_field_first": 0,
            "repeat_pict": 0,
            "chroma_location": "topleft"
        },
        {
            "media_type": "video",
            "stream_index": 0,
            "key_frame": 1,
            "pts": 317,
            "pts_time": "10.577244",
            "pkt_dts": 317,
            "pkt_dts_time": "10.577244",
            "best_effort_timestamp": 317,
            "best_effort_timestamp_time": "10.577244",
            "duration": 1,
            "duration_time": "0.033367",
            "pkt_pos": "40029212",
            "pkt_size": "120000",
            "width": 720,
            "height": 480,
            "crop_top": 0,
            "crop_bottom": 0,
            "crop_left": 0,
            "crop_right": 0,
            "pix_fmt": "yuv411p",
            "sample_aspect_ratio": "8:9",
            "pict_type": "I",
            "interlaced_frame": 1,
            "top_field_first": 0,
            "repeat_pict": 0,
            "chroma_location": "topleft"
        },
        {
            "media_type": "video",
            "stream_index": 0,
            "key_frame": 1,
            "pts": 318,
            "pts_time": "10.610611",
            "pkt_dts": 318,
            "pkt_dts_time": "10.610611",
            "best_effort_timestamp": 318,
            "best_effort_timestamp_time": "10.610611",
            "duration": 1,
            "duration_time": "0.033367",
            "pkt_pos": "40149220",
            "pkt_size": "120000",
            "width": 720,
            "height": 480,
            "crop_top": 0,
            "crop_bottom": 0,
            "crop_left": 0,
            "crop_right": 0,
            "pix_fmt": "yuv411p",
            "sample_aspect_ratio": "8:9",
            "pict_type": "I",
            "interlaced_frame": 1,
            "top_field_first": 0,
            "repeat_pict": 0,
            "chroma_location": "topleft"
        },
        {
            "media_type": "video",
            "stream_index": 0,
            "key_frame": 1,
            "pts": 319,
            "pts_time": "10.643977",
            "pkt_dts": 319,
            "pkt_dts_time": "10.643977",
            "best_effort_timestamp": 319,
            "best_effort_timestamp_time": "10.643977",
            "duration": 1,
            "duration_time": "0.033367",
            "pkt_pos": "40455020",
            "pkt_size": "120000",
            "width": 720,
            "height": 480,
            "crop_top": 0,
            "crop_bottom": 0,
            "crop_left": 0,
            "crop_right": 0,
            "pix_fmt": "yuv411p",
            "sample_aspect_ratio": "8:9",
            "pict_type": "I",
            "interlaced_frame": 1,
            "top_field_first": 0,
            "repeat_pict": 0,
            "chroma_location": "topleft"
        },
        {
            "media_type": "video",
            "stream_index": 0,
            "key_frame": 1,
            "pts": 320,
            "pts_time": "10.677344",
            "pkt_dts": 320,
            "pkt_dts_time": "10.677344",
            "best_effort_timestamp": 320,
            "best_effort_timestamp_time": "10.677344",
            "duration": 1,
            "duration_time": "0.033367",
            "pkt_pos": "40575028",
            "pkt_size": "120000",
            "width": 720,
            "height": 480,
            "crop_top": 0,
            "crop_bottom": 0,
            "crop_left": 0,
            "crop_right": 0,
            "pix_fmt": "yuv411p",
            "sample_aspect_ratio": "8:9",
            "pict_type": "I",
            "interlaced_frame": 1,
            "top_field_first": 0,
            "repeat_pict": 0,
            "chroma_location": "topleft"
        },
        {
            "media_type": "video",
            "stream_index": 0,
            "key_frame": 1,
            "pts": 321,
            "pts_time": "10.710711",
            "pkt_dts": 321,
            "pkt_dts_time": "10.710711",
            "best_effort_timestamp": 321,
            "best_effort_timestamp_time": "10.710711",
            "duration": 1,
            "duration_time": "0.033367",
            "pkt_pos": "40695036",
            "pkt_size": "120000",
            "width": 720,
            "height": 480,
            "crop_top": 0,
            "crop_bottom": 0,
            "crop_left": 0,
            "crop_right": 0,
            "pix_fmt": "yuv411p",
            "sample_aspect_ratio": "8:9",
            "pict_type": "I",
            "interlaced_frame": 1,
            "top_field_first": 0,
            "repeat_pict": 0,
            "chroma_location": "topleft"
        },
        {
            "media_type": "video",
            "stream_index": 0,
            "key_frame": 1,
            "pts": 322,
            "pts_time": "10.744077",
            "pkt_dts": 322,
            "pkt_dts_time": "10.744077",
            "best_effort_timestamp": 322,
            "best_effort_timestamp_time": "10.744077",
            "duration": 1,
            "duration_time": "0.033367",
            "pkt_pos": "40815044",
            "pkt_size": "120000",
            "width": 720,
            "height": 480,
            "crop_top": 0,
            "crop_bottom": 0,
            "crop_left": 0,
            "crop_right": 0,
            "pix_fmt": "yuv411p",
            "sample_aspect_ratio": "8:9",
            "pict_type": "I",
            "interlaced_frame": 1,
            "top_field_first": 0,
            "repeat_pict": 0,
            "chroma_location": "topleft"
        },
        {
            "media_type": "video",
            "stream_index": 0,
            "key_frame": 1,
            "pts": 323,
            "pts_time": "10.777444",
            "pkt_dts": 323,
            "pkt_dts_time": "10.777444",
            "best_effort_timestamp": 323,
            "best_effort_timestamp_time": "10.777444",
            "duration": 1,
            "duration_time": "0.033367",
            "pkt_pos": "40935052",
            "pkt_size": "120000",
            "width": 720,
            "height": 480,
            "crop_top": 0,
            "crop_bottom": 0,
            "crop_left": 0,
            "crop_right": 0,
            "pix_fmt": "yuv411p",
            "sample_aspect_ratio": "8:9",
            "pict_type": "I",
            "interlaced_frame": 1,
            "top_field_first": 0,
            "repeat_pict": 0,
            "chroma_location": "topleft"
        },
        {
            "media_type": "video",
            "stream_index": 0,
            "key_frame": 1,
            "pts": 324,
            "pts_time": "10.810811",
            "pkt_dts": 324,
            "pkt_dts_time": "10.810811",
            "best_effort_timestamp": 324,
            "best_effort_timestamp_time": "10.810811",
            "duration": 1,
            "duration_time": "0.033367",
            "pkt_pos": "41055060",
            "pkt_size": "120000",
            "width": 720,
            "height": 480,
            "crop_top": 0,
            "crop_bottom": 0,
            "crop_left": 0,
            "crop_right": 0,
            "pix_fmt": "yuv411p",
            "sample_aspect_ratio": "8:9",
            "pict_type": "I",
            "interlaced_frame": 1,
            "top_field_first": 0,
            "repeat_pict": 0,
            "chroma_location": "topleft"
        },
        {
            "media_type": "video",
            "stream_index": 0,
            "key_frame": 1,
            "pts": 325,
            "pts_time": "10.844177",
            "pkt_dts": 325,
            "pkt_dts_time": "10.844177",
            "best_effort_timestamp": 325,
            "best_effort_timestamp_time": "10.844177",
            "duration": 1,
            "duration_time": "0.033367",
            "pkt_pos": "41175068",
            "pkt_size": "120000",
            "width": 720,
            "height": 480,
            "crop_top": 0,
            "crop_bottom": 0,
            "crop_left": 0,
            "crop_right": 0,
            "pix_fmt": "yuv411p",
            "sample_aspect_ratio": "8:9",
            "pict_type": "I",
            "interlaced_frame": 1,
            "top_field_first": 0,
            "repeat_pict": 0,
            "chroma_location": "topleft"
        },
        {
            "media_type": "video",
            "stream_index": 0,
            "key_frame": 1,
            "pts": 326,
            "pts_time": "10.877544",
            "pkt_dts": 326,
            "pkt_dts_time": "10.877544",
            "best_effort_timestamp": 326,
            "best_effort_timestamp_time": "10.877544",
            "duration": 1,
            "duration_time": "0.033367",
            "pkt_pos": "41295076",
            "pkt_size": "120000",
            "width": 720,
            "height": 480,
            "crop_top": 0,
            "crop_bottom": 0,
            "crop_left": 0,
            "crop_right": 0,
            "pix_fmt": "yuv411p",
            "sample_aspect_ratio": "8:9",
            "pict_type": "I",
            "interlaced_frame": 1,
            "top_field_first": 0,
            "repeat_pict": 0,
            "chroma_location": "topleft"
        },
        {
            "media_type": "video",
            "stream_index": 0,
            "key_frame": 1,
            "pts": 327,
            "pts_time": "10.910911",
            "pkt_dts": 327,
            "pkt_dts_time": "10.910911",
            "best_effort_timestamp": 327,
            "best_effort_timestamp_time": "10.910911",
            "duration": 1,
            "duration_time": "0.033367",
            "pkt_pos": "41415084",
            "pkt_size": "120000",
            "width": 720,
            "height": 480,
            "crop_top": 0,
            "crop_bottom": 0,
            "crop_left": 0,
            "crop_right": 0,
            "pix_fmt": "yuv411p",
            "sample_aspect_ratio": "8:9",
            "pict_type": "I",
            "interlaced_frame": 1,
            "top_field_first": 0,
            "repeat_pict": 0,
            "chroma_location": "topleft"
        },
        {
            "media_type": "video",
            "stream_index": 0,
            "key_frame": 1,
            "pts": 328,
            "pts_time": "10.944278",
            "pkt_dts": 328,
            "pkt_dts_time": "10.944278",
            "best_effort_timestamp": 328,
            "best_effort_timestamp_time": "10.944278",
            "duration": 1,
            "duration_time": "0.033367",
            "pkt_pos": "41535092",
            "pkt_size": "120000",
            "width": 720,
            "height": 480,
            "crop_top": 0,
            "crop_bottom": 0,
            "crop_left": 0,
            "crop_right": 0,
            "pix_fmt": "yuv411p",
            "sample_aspect_ratio": "8:9",
            "pict_type": "I",
            "interlaced_frame": 1,
            "top_field_first": 0,
            "repeat_pict": 0,
            "chroma_location": "topleft"
        },
        {
            "media_type": "video",
            "stream_index": 0,
            "key_frame": 1,
            "pts": 329,
            "pts_time": "10.977644",
            "pkt_dts": 329,
            "pkt_dts_time": "10.977644",
            "best_effort_timestamp": 329,
            "best_effort_timestamp_time": "10.977644",
            "duration": 1,
            "duration_time": "0.033367",
            "pkt_pos": "41655100",
            "pkt_size": "120000",
            "width": 720,
            "height": 480,
            "crop_top": 0,
            "crop_bottom": 0,
            "crop_left": 0,
            "crop_right": 0,
            "pix_fmt": "yuv411p",
            "sample_aspect_ratio": "8:9",
            "pict_type": "I",
            "interlaced_frame": 1,
            "top_field_first": 0,
            "repeat_pict": 0,
            "chroma_location": "topleft"
        },
        {
            "media_type": "video",
            "stream_index": 0,
            "key_frame": 1,
            "pts": 330,
            "pts_time": "11.011011",
            "pkt_dts": 330,
            "pkt_dts_time": "11.011011",
            "best_effort_timestamp": 330,
            "best_effort_timestamp_time": "11.011011",
            "duration": 1,
            "duration_time": "0.033367",
            "pkt_pos": "41775108",
            "pkt_size": "120000",
            "width": 720,
            "height": 480,
            "crop_top": 0,
            "crop_bottom": 0,
            "crop_left": 0,
            "crop_right": 0,
            "pix_fmt": "yuv411p",
            "sample_aspect_ratio": "8:9",
            "pict_type": "I",
            "interlaced_frame": 1,
            "top_field_first": 0,
            "repeat_pict": 0,
            "chroma_location": "topleft"
        },
        {
            "media_type": "video",
            "stream_index": 0,
            "key_frame": 1,
            "pts": 331,
            "pts_time": "11.044378",
            "pkt_dts": 331,
            "pkt_dts_time": "11.044378",
            "best_effort_timestamp": 331,
            "best_effort_timestamp_time": "11.044378",
            "duration": 1,
            "duration_time": "0.033367",
            "pkt_pos": "41895116",
            "pkt_size": "120000",
            "width": 720,
            "height": 480,
            "crop_top": 0,
            "crop_bottom": 0,
            "crop_left": 0,
            "crop_right": 0,
            "pix_fmt": "yuv411p",
            "sample_aspect_ratio": "8:9",
            "pict_type": "I",
            "interlaced_frame": 1,
            "top_field_first": 0,
            "repeat_pict": 0,
            "chroma_location": "topleft"
        },
        {
            "media_type": "video",
            "stream_index": 0,
            "key_frame": 1,
            "pts": 332,
            "pts_time": "11.077744",
            "pkt_dts": 332,
            "pkt_dts_time": "11.077744",
            "best_effort_timestamp": 332,
            "best_effort_timestamp_time": "11.077744",
            "duration": 1,
            "duration_time": "0.033367",
            "pkt_pos": "42015124",
            "pkt_size": "120000",
            "width": 720,
            "height": 480,
            "crop_top": 0,
            "crop_bottom": 0,
            "crop_left": 0,
            "crop_right": 0,
            "pix_fmt": "yuv411p",
            "sample_aspect_ratio": "8:9",
            "pict_type": "I",
            "interlaced_frame": 1,
            "top_field_first": 0,
            "repeat_pict": 0,
            "chroma_location": "topleft"
        },
        {
            "media_type": "video",
            "stream_index": 0,
            "key_frame": 1,
            "pts": 333,
            "pts_time": "11.111111",
            "pkt_dts": 333,
            "pkt_dts_time": "11.111111",
            "best_effort_timestamp": 333,
            "best_effort_timestamp_time": "11.111111",
            "duration": 1,
            "duration_time": "0.033367",
            "pkt_pos": "42135132",
            "pkt_size": "120000",
            "width": 720,
            "height": 480,
            "crop_top": 0,
            "crop_bottom": 0,
            "crop_left": 0,
            "crop_right": 0,
            "pix_fmt": "yuv411p",
            "sample_aspect_ratio": "8:9",
            "pict_type": "I",
            "interlaced_frame": 1,
            "top_field_first": 0,
            "repeat_pict": 0,
            "chroma_location": "topleft"
        },
        {
            "media_type": "video",
            "stream_index": 0,
            "key_frame": 1,
            "pts": 334,
            "pts_time": "11.144478",
            "pkt_dts": 334,
            "pkt_dts_time": "11.144478",
            "best_effort_timestamp": 334,
            "best_effort_timestamp_time": "11.144478",
            "duration": 1,
            "duration_time": "0.033367",
            "pkt_pos": "42255140",
            "pkt_size": "120000",
            "width": 720,
            "height": 480,
            "crop_top": 0,
            "crop_bottom": 0,
            "crop_left": 0,
            "crop_right": 0,
            "pix_fmt": "yuv411p",
            "sample_aspect_ratio": "8:9",
            "pict_type": "I",
            "interlaced_frame": 1,
            "top_field_first": 0,
            "repeat_pict": 0,
            "chroma_location": "topleft"
        },
        {
            "media_type": "video",
            "stream_index": 0,
            "key_frame": 1,
            "pts": 335,
            "pts_time": "11.177844",
            "pkt_dts": 335,
            "pkt_dts_time": "11.177844",
            "best_effort_timestamp": 335,
            "best_effort_timestamp_time": "11.177844",
            "duration": 1,
            "duration_time": "0.033367",
            "pkt_pos": "42375148",
            "pkt_size": "120000",
            "width": 720,
            "height": 480,
            "crop_top": 0,
            "crop_bottom": 0,
            "crop_left": 0,
            "crop_right": 0,
            "pix_fmt": "yuv411p",
            "sample_aspect_ratio": "8:9",
            "pict_type": "I",
            "interlaced_frame": 1,
            "top_field_first": 0,
            "repeat_pict": 0,
            "chroma_location": "topleft"
        },
        {
            "media_type": "video",
            "stream_index": 0,
            "key_frame": 1,
            "pts": 336,
            "pts_time": "11.211211",
            "pkt_dts": 336,
            "pkt_dts_time": "11.211211",
            "best_effort_timestamp": 336,
            "best_effort_timestamp_time": "11.211211",
            "duration": 1,
            "duration_time": "0.033367",
            "pkt_pos": "42495156",
            "pkt_size": "120000",
            "width": 720,
            "height": 480,
            "crop_top": 0,
            "crop_bottom": 0,
            "crop_left": 0,
            "crop_right": 0,
            "pix_fmt": "yuv411p",
            "sample_aspect_ratio": "8:9",
            "pict_type": "I",
            "interlaced_frame": 1,
            "top_field_first": 0,
            "repeat_pict": 0,
            "chroma_location": "topleft"
        },
        {
            "media_type": "video",
            "stream_index": 0,
            "key_frame": 1,
            "pts": 337,
            "pts_time": "11.244578",
            "pkt_dts": 337,
            "pkt_dts_time": "11.244578",
            "best_effort_timestamp": 337,
            "best_effort_timestamp_time": "11.244578",
            "duration": 1,
            "duration_time": "0.033367",
            "pkt_pos": "42615164",
            "pkt_size": "120000",
            "width": 720,
            "height": 480,
            "crop_top": 0,
            "crop_bottom": 0,
            "crop_left": 0,
            "crop_right": 0,
            "pix_fmt": "yuv411p",
            "sample_aspect_ratio": "8:9",
            "pict_type": "I",
            "interlaced_frame": 1,
            "top_field_first": 0,
            "repeat_pict": 0,
            "chroma_location": "topleft"
        },
        {
            "media_type": "video",
            "stream_index": 0,
            "key_frame": 1,
            "pts": 338,
            "pts_time": "11.277945",
            "pkt_dts": 338,
            "pkt_dts_time": "11.277945",
            "best_effort_timestamp": 338,
            "best_effort_timestamp_time": "11.277945",
            "duration": 1,
            "duration_time": "0.033367",
            "pkt_pos": "42735172",
            "pkt_size": "120000",
            "width": 720,
            "height": 480,
            "crop_top": 0,
            "crop_bottom": 0,
            "crop_left": 0,
            "crop_right": 0,
            "pix_fmt": "yuv411p",
            "sample_aspect_ratio": "8:9",
            "pict_type": "I",
            "interlaced_frame": 1,
            "top_field_first": 0,
            "repeat_pict": 0,
            "chroma_location": "topleft"
        },
        {
            "media_type": "video",
            "stream_index": 0,
            "key_frame": 1,
            "pts": 339,
            "pts_time": "11.311311",
            "pkt_dts": 339,
            "pkt_dts_time": "11.311311",
            "best_effort_timestamp": 339,
            "best_effort_timestamp_time": "11.311311",
            "duration": 1,
            "duration_time": "0.033367",
            "pkt_pos": "42855180",
            "pkt_size": "120000",
            "width": 720,
            "height": 480,
            "crop_top": 0,
            "crop_bottom": 0,
            "crop_left": 0,
            "crop_right": 0,
            "pix_fmt": "yuv411p",
            "sample_aspect_ratio": "8:9",
            "pict_type": "I",
            "interlaced_frame": 1,
            "top_field_first": 0,
            "repeat_pict": 0,
            "chroma_location": "topleft"
        },
        {
            "media_type": "video",
            "stream_index": 0,
            "key_frame": 1,
            "pts": 340,
            "pts_time": "11.344678",
            "pkt_dts": 340,
            "pkt_dts_time": "11.344678",
            "best_effort_timestamp": 340,
            "best_effort_timestamp_time": "11.344678",
            "duration": 1,
            "duration_time": "0.033367",
            "pkt_pos": "42975188",
            "pkt_size": "120000",
            "width": 720,
            "height": 480,
            "crop_top": 0,
            "crop_bottom": 0,
            "crop_left": 0,
            "crop_right": 0,
            "pix_fmt": "yuv411p",
            "sample_aspect_ratio": "8:9",
            "pict_type": "I",
            "interlaced_frame": 1,
            "top_field_first": 0,
            "repeat_pict": 0,
            "chroma_location": "topleft"
        },
        {
            "media_type": "video",
            "stream_index": 0,
            "key_frame": 1,
            "pts": 341,
            "pts_time": "11.378045",
            "pkt_dts": 341,
            "pkt_dts_time": "11.378045",
            "best_effort_timestamp": 341,
            "best_effort_timestamp_time": "11.378045",
            "duration": 1,
            "duration_time": "0.033367",
            "pkt_pos": "43095196",
            "pkt_size": "120000",
            "width": 720,
            "height": 480,
            "crop_top": 0,
            "crop_bottom": 0,
            "crop_left": 0,
            "crop_right": 0,
            "pix_fmt": "yuv411p",
            "sample_aspect_ratio": "8:9",
            "pict_type": "I",
            "interlaced_frame": 1,
            "top_field_first": 0,
            "repeat_pict": 0,
            "chroma_location": "topleft"
        },
        {
            "media_type": "video",
            "stream_index": 0,
            "key_frame": 1,
            "pts": 342,
            "pts_time": "11.411411",
            "pkt_dts": 342,
            "pkt_dts_time": "11.411411",
            "best_effort_timestamp": 342,
            "best_effort_timestamp_time": "11.411411",
            "duration": 1,
            "duration_time": "0.033367",
            "pkt_pos": "43215204",
            "pkt_size": "120000",
            "width": 720,
            "height": 480,
            "crop_top": 0,
            "crop_bottom": 0,
            "crop_left": 0,
            "crop_right": 0,
            "pix_fmt": "yuv411p",
            "sample_aspect_ratio": "8:9",
            "pict_type": "I",
            "interlaced_frame": 1,
            "top_field_first": 0,
            "repeat_pict": 0,
            "chroma_location": "topleft"
        },
        {
            "media_type": "video",
            "stream_index": 0,
            "key_frame": 1,
            "pts": 343,
            "pts_time": "11.444778",
            "pkt_dts": 343,
            "pkt_dts_time": "11.444778",
            "best_effort_timestamp": 343,
            "best_effort_timestamp_time": "11.444778",
            "duration": 1,
            "duration_time": "0.033367",
            "pkt_pos": "43335212",
            "pkt_size": "120000",
            "width": 720,
            "height": 480,
            "crop_top": 0,
            "crop_bottom": 0,
            "crop_left": 0,
            "crop_right": 0,
            "pix_fmt": "yuv411p",
            "sample_aspect_ratio": "8:9",
            "pict_type": "I",
            "interlaced_frame": 1,
            "top_field_first": 0,
            "repeat_pict": 0,
            "chroma_location": "topleft"
        },
        {
            "media_type": "video",
            "stream_index": 0,
            "key_frame": 1,
            "pts": 344,
            "pts_time": "11.478145",
            "pkt_dts": 344,
            "pkt_dts_time": "11.478145",
            "best_effort_timestamp": 344,
            "best_effort_timestamp_time": "11.478145",
            "duration": 1,
            "duration_time": "0.033367",
            "pkt_pos": "43455220",
            "pkt_size": "120000",
            "width": 720,
            "height": 480,
            "crop_top": 0,
            "crop_bottom": 0,
            "crop_left": 0,
            "crop_right": 0,
            "pix_fmt": "yuv411p",
            "sample_aspect_ratio": "8:9",
            "pict_type": "I",
            "interlaced_frame": 1,
            "top_field_first": 0,
            "repeat_pict": 0,
            "chroma_location": "topleft"
        },
        {
            "media_type": "video",
            "stream_index": 0,
            "key_frame": 1,
            "pts": 345,
            "pts_time": "11.511511",
            "pkt_dts": 345,
            "pkt_dts_time": "11.511511",
            "best_effort_timestamp": 345,
            "best_effort_timestamp_time": "11.511511",
            "duration": 1,
            "duration_time": "0.033367",
            "pkt_pos": "43575228",
            "pkt_size": "120000",
            "width": 720,
            "height": 480,
            "crop_top": 0,
            "crop_bottom": 0,
            "crop_left": 0,
            "crop_right": 0,
            "pix_fmt": "yuv411p",
            "sample_aspect_ratio": "8:9",
            "pict_type": "I",
            "interlaced_frame": 1,
            "top_field_first": 0,
            "repeat_pict": 0,
            "chroma_location": "topleft"
        },
        {
            "media_type": "video",
            "stream_index": 0,
            "key_frame": 1,
            "pts": 346,
            "pts_time": "11.544878",
            "pkt_dts": 346,
            "pkt_dts_time": "11.544878",
            "best_effort_timestamp": 346,
            "best_effort_timestamp_time": "11.544878",
            "duration": 1,
            "duration_time": "0.033367",
            "pkt_pos": "43695236",
            "pkt_size": "120000",
            "width": 720,
            "height": 480,
            "crop_top": 0,
            "crop_bottom": 0,
            "crop_left": 0,
            "crop_right": 0,
            "pix_fmt": "yuv411p",
            "sample_aspect_ratio": "8:9",
            "pict_type": "I",
            "interlaced_frame": 1,
            "top_field_first": 0,
            "repeat_pict": 0,
            "chroma_location": "topleft"
        },
        {
            "media_type": "video",
            "stream_index": 0,
            "key_frame": 1,
            "pts": 347,
            "pts_time": "11.578245",
            "pkt_dts": 347,
            "pkt_dts_time": "11.578245",
            "best_effort_timestamp": 347,
            "best_effort_timestamp_time": "11.578245",
            "duration": 1,
            "duration_time": "0.033367",
            "pkt_pos": "43815244",
            "pkt_size": "120000",
            "width": 720,
            "height": 480,
            "crop_top": 0,
            "crop_bottom": 0,
            "crop_left": 0,
            "crop_right": 0,
            "pix_fmt": "yuv411p",
            "sample_aspect_ratio": "8:9",
            "pict_type": "I",
            "interlaced_frame": 1,
            "top_field_first": 0,
            "repeat_pict": 0,
            "chroma_location": "topleft"
        },
        {
            "media_type": "video",
            "stream_index": 0,
            "key_frame": 1,
            "pts": 348,
            "pts_time": "11.611612",
            "pkt_dts": 348,
            "pkt_dts_time": "11.611612",
            "best_effort_timestamp": 348,
            "best_effort_timestamp_time": "11.611612",
            "duration": 1,
            "duration_time": "0.033367",
            "pkt_pos": "44121048",
            "pkt_size": "120000",
            "width": 720,
            "height": 480,
            "crop_top": 0,
            "crop_bottom": 0,
            "crop_left": 0,
            "crop_right": 0,
            "pix_fmt": "yuv411p",
            "sample_aspect_ratio": "8:9",
            "pict_type": "I",
            "interlaced_frame": 1,
            "top_field_first": 0,
            "repeat_pict": 0,
            "chroma_location": "topleft"
        },
        {
            "media_type": "video",
            "stream_index": 0,
            "key_frame": 1,
            "pts": 349,
            "pts_time": "11.644978",
            "pkt_dts": 349,
            "pkt_dts_time": "11.644978",
            "best_effort_timestamp": 349,
            "best_effort_timestamp_time": "11.644978",
            "duration": 1,
            "duration_time": "0.033367",
            "pkt_pos": "44241056",
            "pkt_size": "120000",
            "width": 720,
            "height": 480,
            "crop_top": 0,
            "crop_bottom": 0,
            "crop_left": 0,
            "crop_right": 0,
            "pix_fmt": "yuv411p",
            "sample_aspect_ratio": "8:9",
            "pict_type": "I",
            "interlaced_frame": 1,
            "top_field_first": 0,
            "repeat_pict": 0,
            "chroma_location": "topleft"
        },
        {
            "media_type": "video",
            "stream_index": 0,
            "key_frame": 1,
            "pts": 350,
            "pts_time": "11.678345",
            "pkt_dts": 350,
            "pkt_dts_time": "11.678345",
            "best_effort_timestamp": 350,
            "best_effort_timestamp_time": "11.678345",
            "duration": 1,
            "duration_time": "0.033367",
            "pkt_pos": "44361064",
            "pkt_size": "120000",
            "width": 720,
            "height": 480,
            "crop_top": 0,
            "crop_bottom": 0,
            "crop_left": 0,
            "crop_right": 0,
            "pix_fmt": "yuv411p",
            "sample_aspect_ratio": "8:9",
            "pict_type": "I",
            "interlaced_frame": 1,
            "top_field_first": 0,
            "repeat_pict": 0,
            "chroma_location": "topleft"
        },
        {
            "media_type": "video",
            "stream_index": 0,
            "key_frame": 1,
            "pts": 351,
            "pts_time": "11.711712",
            "pkt_dts": 351,
            "pkt_dts_time": "11.711712",
            "best_effort_timestamp": 351,
            "best_effort_timestamp_time": "11.711712",
            "duration": 1,
            "duration_time": "0.033367",
            "pkt_pos": "44481072",
            "pkt_size": "120000",
            "width": 720,
            "height": 480,
            "crop_top": 0,
            "crop_bottom": 0,
            "crop_left": 0,
            "crop_right": 0,
            "pix_fmt": "yuv411p",
            "sample_aspect_ratio": "8:9",
            "pict_type": "I",
            "interlaced_frame": 1,
            "top_field_first": 0,
            "repeat_pict": 0,
            "chroma_location": "topleft"
        },
        {
            "media_type": "video",
            "stream_index": 0,
            "key_frame": 1,
            "pts": 352,
            "pts_time": "11.745078",
            "pkt_dts": 352,
            "pkt_dts_time": "11.745078",
            "best_effort_timestamp": 352,
            "best_effort_timestamp_time": "11.745078",
            "duration": 1,
            "duration_time": "0.033367",
            "pkt_pos": "44601080",
            "pkt_size": "120000",
            "width": 720,
            "height": 480,
            "crop_top": 0,
            "crop_bottom": 0,
            "crop_left": 0,
            "crop_right": 0,
            "pix_fmt": "yuv411p",
            "sample_aspect_ratio": "8:9",
            "pict_type": "I",
            "interlaced_frame": 1,
            "top_field_first": 0,
            "repeat_pict": 0,
            "chroma_location": "topleft"
        },
        {
            "media_type": "video",
            "stream_index": 0,
            "key_frame": 1,
            "pts": 353,
            "pts_time": "11.778445",
            "pkt_dts": 353,
            "pkt_dts_time": "11.778445",
            "best_effort_timestamp": 353,
            "best_effort_timestamp_time": "11.778445",
            "duration": 1,
            "duration_time": "0.033367",
            "pkt_pos": "44721088",
            "pkt_size": "120000",
            "width": 720,
            "height": 480,
            "crop_top": 0,
            "crop_bottom": 0,
            "crop_left": 0,
            "crop_right": 0,
            "pix_fmt": "yuv411p",
            "sample_aspect_ratio": "8:9",
            "pict_type": "I",
            "interlaced_frame": 1,
            "top_field_first": 0,
            "repeat_pict": 0,
            "chroma_location": "topleft"
        },
        {
            "media_type": "video",
            "stream_index": 0,
            "key_frame": 1,
            "pts": 354,
            "pts_time": "11.811812",
            "pkt_dts": 354,
            "pkt_dts_time": "11.811812",
            "best_effort_timestamp": 354,
            "best_effort_timestamp_time": "11.811812",
            "duration": 1,
            "duration_time": "0.033367",
            "pkt_pos": "44841096",
            "pkt_size": "120000",
            "width": 720,
            "height": 480,
            "crop_top": 0,
            "crop_bottom": 0,
            "crop_left": 0,
            "crop_right": 0,
            "pix_fmt": "yuv411p",
            "sample_aspect_ratio": "8:9",
            "pict_type": "I",
            "interlaced_frame": 1,
            "top_field_first": 0,
            "repeat_pict": 0,
            "chroma_location": "topleft"
        },
        {
            "media_type": "video",
            "stream_index": 0,
            "key_frame": 1,
            "pts": 355,
            "pts_time": "11.845178",
            "pkt_dts": 355,
            "pkt_dts_time": "11.845178",
            "best_effort_timestamp": 355,
            "best_effort_timestamp_time": "11.845178",
            "duration": 1,
            "duration_time": "0.033367",
            "pkt_pos": "44961104",
            "pkt_size": "120000",
            "width": 720,
            "height": 480,
            "crop_top": 0,
            "crop_bottom": 0,
            "crop_left": 0,
            "crop_right": 0,
            "pix_fmt": "yuv411p",
            "sample_aspect_ratio": "8:9",
            "pict_type": "I",
            "interlaced_frame": 1,
            "top_field_first": 0,
            "repeat_pict": 0,
            "chroma_location": "topleft"
        },
        {
            "media_type": "video",
            "stream_index": 0,
            "key_frame": 1,
            "pts": 356,
            "pts_time": "11.878545",
            "pkt_dts": 356,
            "pkt_dts_time": "11.878545",
            "best_effort_timestamp": 356,
            "best_effort_timestamp_time": "11.878545",
            "duration": 1,
            "duration_time": "0.033367",
            "pkt_pos": "45081112",
            "pkt_size": "120000",
            "width": 720,
            "height": 480,
            "crop_top": 0,
            "crop_bottom": 0,
            "crop_left": 0,
            "crop_right": 0,
            "pix_fmt": "yuv411p",
            "sample_aspect_ratio": "8:9",
            "pict_type": "I",
            "interlaced_frame": 1,
            "top_field_first": 0,
            "repeat_pict": 0,
            "chroma_location": "topleft"
        },
        {
            "media_type": "video",
            "stream_index": 0,
            "key_frame": 1,
            "pts": 357,
            "pts_time": "11.911912",
            "pkt_dts": 357,
            "pkt_dts_time": "11.911912",
            "best_effort_timestamp": 357,
            "best_effort_timestamp_time": "11.911912",
            "duration": 1,
            "duration_time": "0.033367",
            "pkt_pos": "45201120",
            "pkt_size": "120000",
            "width": 720,
            "height": 480,
            "crop_top": 0,
            "crop_bottom": 0,
            "crop_left": 0,
            "crop_right": 0,
            "pix_fmt": "yuv411p",
            "sample_aspect_ratio": "8:9",
            "pict_type": "I",
            "interlaced_frame": 1,
            "top_field_first": 0,
            "repeat_pict": 0,
            "chroma_location": "topleft"
        },
        {
            "media_type": "video",
            "stream_index": 0,
            "key_frame": 1,
            "pts": 358,
            "pts_time": "11.945279",
            "pkt_dts": 358,
            "pkt_dts_time": "11.945279",
            "best_effort_timestamp": 358,
            "best_effort_timestamp_time": "11.945279",
            "duration": 1,
            "duration_time": "0.033367",
            "pkt_pos": "45321128",
            "pkt_size": "120000",
            "width": 720,
            "height": 480,
            "crop_top": 0,
            "crop_bottom": 0,
            "crop_left": 0,
            "crop_right": 0,
            "pix_fmt": "yuv411p",
            "sample_aspect_ratio": "8:9",
            "pict_type": "I",
            "interlaced_frame": 1,
            "top_field_first": 0,
            "repeat_pict": 0,
            "chroma_location": "topleft"
        },
        {
            "media_type": "video",
            "stream_index": 0,
            "key_frame": 1,
            "pts": 359,
            "pts_time": "11.978645",
            "pkt_dts": 359,
            "pkt_dts_time": "11.978645",
            "best_effort_timestamp": 359,
            "best_effort_timestamp_time": "11.978645",
            "duration": 1,
            "duration_time": "0.033367",
            "pkt_pos": "45441136",
            "pkt_size": "120000",
            "width": 720,
            "height": 480,
            "crop_top": 0,
            "crop_bottom": 0,
            "crop_left": 0,
            "crop_right": 0,
            "pix_fmt": "yuv411p",
            "sample_aspect_ratio": "8:9",
            "pict_type": "I",
            "interlaced_frame": 1,
            "top_field_first": 0,
            "repeat_pict": 0,
            "chroma_location": "topleft"
        },
        {
            "media_type": "video",
            "stream_index": 0,
            "key_frame": 1,
            "pts": 360,
            "pts_time": "12.012012",
            "pkt_dts": 360,
            "pkt_dts_time": "12.012012",
            "best_effort_timestamp": 360,
            "best_effort_timestamp_time": "12.012012",
            "duration": 1,
            "duration_time": "0.033367",
            "pkt_pos": "45561144",
            "pkt_size": "120000",
            "width": 720,
            "height": 480,
            "crop_top": 0,
            "crop_bottom": 0,
            "crop_left": 0,
            "crop_right": 0,
            "pix_fmt": "yuv411p",
            "sample_aspect_ratio": "8:9",
            "pict_type": "I",
            "interlaced_frame": 1,
            "top_field_first": 0,
            "repeat_pict": 0,
            "chroma_location": "topleft"
        },
        {
            "media_type": "video",
            "stream_index": 0,
            "key_frame": 1,
            "pts": 361,
            "pts_time": "12.045379",
            "pkt_dts": 361,
            "pkt_dts_time": "12.045379",
            "best_effort_timestamp": 361,
            "best_effort_timestamp_time": "12.045379",
            "duration": 1,
            "duration_time": "0.033367",
            "pkt_pos": "45681152",
            "pkt_size": "120000",
            "width": 720,
            "height": 480,
            "crop_top": 0,
            "crop_bottom": 0,
            "crop_left": 0,
            "crop_right": 0,
            "pix_fmt": "yuv411p",
            "sample_aspect_ratio": "8:9",
            "pict_type": "I",
            "interlaced_frame": 1,
            "top_field_first": 0,
            "repeat_pict": 0,
            "chroma_location": "topleft"
        },
        {
            "media_type": "video",
            "stream_index": 0,
            "key_frame": 1,
            "pts": 362,
            "pts_time": "12.078745",
            "pkt_dts": 362,
            "pkt_dts_time": "12.078745",
            "best_effort_timestamp": 362,
            "best_effort_timestamp_time": "12.078745",
            "duration": 1,
            "duration_time": "0.033367",
            "pkt_pos": "45801160",
            "pkt_size": "120000",
            "width": 720,
            "height": 480,
            "crop_top": 0,
            "crop_bottom": 0,
            "crop_left": 0,
            "crop_right": 0,
            "pix_fmt": "yuv411p",
            "sample_aspect_ratio": "8:9",
            "pict_type": "I",
            "interlaced_frame": 1,
            "top_field_first": 0,
            "repeat_pict": 0,
            "chroma_location": "topleft"
        },
        {
            "media_type": "video",
            "stream_index": 0,
            "key_frame": 1,
            "pts": 363,
            "pts_time": "12.112112",
            "pkt_dts": 363,
            "pkt_dts_time": "12.112112",
            "best_effort_timestamp": 363,
            "best_effort_timestamp_time": "12.112112",
            "duration": 1,
            "duration_time": "0.033367",
            "pkt_pos": "45921168",
            "pkt_size": "120000",
            "width": 720,
            "height": 480,
            "crop_top": 0,
            "crop_bottom": 0,
            "crop_left": 0,
            "crop_right": 0,
            "pix_fmt": "yuv411p",
            "sample_aspect_ratio": "8:9",
            "pict_type": "I",
            "interlaced_frame": 1,
            "top_field_first": 0,
            "repeat_pict": 0,
            "chroma_location": "topleft"
        },
        {
            "media_type": "video",
            "stream_index": 0,
            "key_frame": 1,
            "pts": 364,
            "pts_time": "12.145479",
            "pkt_dts": 364,
            "pkt_dts_time": "12.145479",
            "best_effort_timestamp": 364,
            "best_effort_timestamp_time": "12.145479",
            "duration": 1,
            "duration_time": "0.033367",
            "pkt_pos": "46041176",
            "pkt_size": "120000",
            "width": 720,
            "height": 480,
            "crop_top": 0,
            "crop_bottom": 0,
            "crop_left": 0,
            "crop_right": 0,
            "pix_fmt": "yuv411p",
            "sample_aspect_ratio": "8:9",
            "pict_type": "I",
            "interlaced_frame": 1,
            "top_field_first": 0,
            "repeat_pict": 0,
            "chroma_location": "topleft"
        },
        {
            "media_type": "video",
            "stream_index": 0,
            "key_frame": 1,
            "pts": 365,
            "pts_time": "12.178845",
            "pkt_dts": 365,
            "pkt_dts_time": "12.178845",
            "best_effort_timestamp": 365,
            "best_effort_timestamp_time": "12.178845",
            "duration": 1,
            "duration_time": "0.033367",
            "pkt_pos": "46161184",
            "pkt_size": "120000",
            "width": 720,
            "height": 480,
            "crop_top": 0,
            "crop_bottom": 0,
            "crop_left": 0,
            "crop_right": 0,
            "pix_fmt": "yuv411p",
            "sample_aspect_ratio": "8:9",
            "pict_type": "I",
            "interlaced_frame": 1,
            "top_field_first": 0,
            "repeat_pict": 0,
            "chroma_location": "topleft"
        },
        {
            "media_type": "video",
            "stream_index": 0,
            "key_frame": 1,
            "pts": 366,
            "pts_time": "12.212212",
            "pkt_dts": 366,
            "pkt_dts_time": "12.212212",
            "best_effort_timestamp": 366,
            "best_effort_timestamp_time": "12.212212",
            "duration": 1,
            "duration_time": "0.033367",
            "pkt_pos": "46281192",
            "pkt_size": "120000",
            "width": 720,
            "height": 480,
            "crop_top": 0,
            "crop_bottom": 0,
            "crop_left": 0,
            "crop_right": 0,
            "pix_fmt": "yuv411p",
            "sample_aspect_ratio": "8:9",
            "pict_type": "I",
            "interlaced_frame": 1,
            "top_field_first": 0,
            "repeat_pict": 0,
            "chroma_location": "topleft"
        },
        {
            "media_type": "video",
            "stream_index": 0,
            "key_frame": 1,
            "pts": 367,
            "pts_time": "12.245579",
            "pkt_dts": 367,
            "pkt_dts_time": "12.245579",
            "best_effort_timestamp": 367,
            "best_effort_timestamp_time": "12.245579",
            "duration": 1,
            "duration_time": "0.033367",
            "pkt_pos": "46401200",
            "pkt_size": "120000",
            "width": 720,
            "height": 480,
            "crop_top": 0,
            "crop_bottom": 0,
            "crop_left": 0,
            "crop_right": 0,
            "pix_fmt": "yuv411p",
            "sample_aspect_ratio": "8:9",
            "pict_type": "I",
            "interlaced_frame": 1,
            "top_field_first": 0,
            "repeat_pict": 0,
            "chroma_location": "topleft"
        },
        {
            "media_type": "video",
            "stream_index": 0,
            "key_frame": 1,
            "pts": 368,
            "pts_time": "12.278946",
            "pkt_dts": 368,
            "pkt_dts_time": "12.278946",
            "best_effort_timestamp": 368,
            "best_effort_timestamp_time": "12.278946",
            "duration": 1,
            "duration_time": "0.033367",
            "pkt_pos": "46521208",
            "pkt_size": "120000",
            "width": 720,
            "height": 480,
            "crop_top": 0,
            "crop_bottom": 0,
            "crop_left": 0,
            "crop_right": 0,
            "pix_fmt": "yuv411p",
            "sample_aspect_ratio": "8:9",
            "pict_type": "I",
            "interlaced_frame": 1,
            "top_field_first": 0,
            "repeat_pict": 0,
            "chroma_location": "topleft"
        },
        {
            "media_type": "video",
            "stream_index": 0,
            "key_frame": 1,
            "pts": 369,
            "pts_time": "12.312312",
            "pkt_dts": 369,
            "pkt_dts_time": "12.312312",
            "best_effort_timestamp": 369,
            "best_effort_timestamp_time": "12.312312",
            "duration": 1,
            "duration_time": "0.033367",
            "pkt_pos": "46641216",
            "pkt_size": "120000",
            "width": 720,
            "height": 480,
            "crop_top": 0,
            "crop_bottom": 0,
            "crop_left": 0,
            "crop_right": 0,
            "pix_fmt": "yuv411p",
            "sample_aspect_ratio": "8:9",
            "pict_type": "I",
            "interlaced_frame": 1,
            "top_field_first": 0,
            "repeat_pict": 0,
            "chroma_location": "topleft"
        },
        {
            "media_type": "video",
            "stream_index": 0,
            "key_frame": 1,
            "pts": 370,
            "pts_time": "12.345679",
            "pkt_dts": 370,
            "pkt_dts_time": "12.345679",
            "best_effort_timestamp": 370,
            "best_effort_timestamp_time": "12.345679",
            "duration": 1,
            "duration_time": "0.033367",
            "pkt_pos": "46761224",
            "pkt_size": "120000",
            "width": 720,
            "height": 480,
            "crop_top": 0,
            "crop_bottom": 0,
            "crop_left": 0,
            "crop_right": 0,
            "pix_fmt": "yuv411p",
            "sample_aspect_ratio": "8:9",
            "pict_type": "I",
            "interlaced_frame": 1,
            "top_field_first": 0,
            "repeat_pict": 0,
            "chroma_location": "topleft"
        },
        {
            "media_type": "video",
            "stream_index": 0,
            "key_frame": 1,
            "pts": 371,
            "pts_time": "12.379046",
            "pkt_dts": 371,
            "pkt_dts_time": "12.379046",
            "best_effort_timestamp": 371,
            "best_effort_timestamp_time": "12.379046",
            "duration": 1,
            "duration_time": "0.033367",
            "pkt_pos": "46881232",
            "pkt_size": "120000",
            "width": 720,
            "height": 480,
            "crop_top": 0,
            "crop_bottom": 0,
            "crop_left": 0,
            "crop_right": 0,
            "pix_fmt": "yuv411p",
            "sample_aspect_ratio": "8:9",
            "pict_type": "I",
            "interlaced_frame": 1,
            "top_field_first": 0,
            "repeat_pict": 0,
            "chroma_location": "topleft"
        },
        {
            "media_type": "video",
            "stream_index": 0,
            "key_frame": 1,
            "pts": 372,
            "pts_time": "12.412412",
            "pkt_dts": 372,
            "pkt_dts_time": "12.412412",
            "best_effort_timestamp": 372,
            "best_effort_timestamp_time": "12.412412",
            "duration": 1,
            "duration_time": "0.033367",
            "pkt_pos": "47001240",
            "pkt_size": "120000",
            "width": 720,
            "height": 480,
            "crop_top": 0,
            "crop_bottom": 0,
            "crop_left": 0,
            "crop_right": 0,
            "pix_fmt": "yuv411p",
            "sample_aspect_ratio": "8:9",
            "pict_type": "I",
            "interlaced_frame": 1,
            "top_field_first": 0,
            "repeat_pict": 0,
            "chroma_location": "topleft"
        },
        {
            "media_type": "video",
            "stream_index": 0,
            "key_frame": 1,
            "pts": 373,
            "pts_time": "12.445779",
            "pkt_dts": 373,
            "pkt_dts_time": "12.445779",
            "best_effort_timestamp": 373,
            "best_effort_timestamp_time": "12.445779",
            "duration": 1,
            "duration_time": "0.033367",
            "pkt_pos": "47121248",
            "pkt_size": "120000",
            "width": 720,
            "height": 480,
            "crop_top": 0,
            "crop_bottom": 0,
            "crop_left": 0,
            "crop_right": 0,
            "pix_fmt": "yuv411p",
            "sample_aspect_ratio": "8:9",
            "pict_type": "I",
            "interlaced_frame": 1,
            "top_field_first": 0,
            "repeat_pict": 0,
            "chroma_location": "topleft"
        },
        {
            "media_type": "video",
            "stream_index": 0,
            "key_frame": 1,
            "pts": 374,
            "pts_time": "12.479146",
            "pkt_dts": 374,
            "pkt_dts_time": "12.479146",
            "best_effort_timestamp": 374,
            "best_effort_timestamp_time": "12.479146",
            "duration": 1,
            "duration_time": "0.033367",
            "pkt_pos": "47241256",
            "pkt_size": "120000",
            "width": 720,
            "height": 480,
            "crop_top": 0,
            "crop_bottom": 0,
            "crop_left": 0,
            "crop_right": 0,
            "pix_fmt": "yuv411p",
            "sample_aspect_ratio": "8:9",
            "pict_type": "I",
            "interlaced_frame": 1,
            "top_field_first": 0,
            "repeat_pict": 0,
            "chroma_location": "topleft"
        },
        {
            "media_type": "video",
            "stream_index": 0,
            "key_frame": 1,
            "pts": 375,
            "pts_time": "12.512512",
            "pkt_dts": 375,
            "pkt_dts_time": "12.512512",
            "best_effort_timestamp": 375,
            "best_effort_timestamp_time": "12.512512",
            "duration": 1,
            "duration_time": "0.033367",
            "pkt_pos": "47361264",
            "pkt_size": "120000",
            "width": 720,
            "height": 480,
            "crop_top": 0,
            "crop_bottom": 0,
            "crop_left": 0,
            "crop_right": 0,
            "pix_fmt": "yuv411p",
            "sample_aspect_ratio": "8:9",
            "pict_type": "I",
            "interlaced_frame": 1,
            "top_field_first": 0,
            "repeat_pict": 0,
            "chroma_location": "topleft"
        },
        {
            "media_type": "video",
            "stream_index": 0,
            "key_frame": 1,
            "pts": 376,
            "pts_time": "12.545879",
            "pkt_dts": 376,
            "pkt_dts_time": "12.545879",
            "best_effort_timestamp": 376,
            "best_effort_timestamp_time": "12.545879",
            "duration": 1,
            "duration_time": "0.033367",
            "pkt_pos": "47481272",
            "pkt_size": "120000",
            "width": 720,
            "height": 480,
            "crop_top": 0,
            "crop_bottom": 0,
            "crop_left": 0,
            "crop_right": 0,
            "pix_fmt": "yuv411p",
            "sample_aspect_ratio": "8:9",
            "pict_type": "I",
            "interlaced_frame": 1,
            "top_field_first": 0,
            "repeat_pict": 0,
            "chroma_location": "topleft"
        },
        {
            "media_type": "video",
            "stream_index": 0,
            "key_frame": 1,
            "pts": 377,
            "pts_time": "12.579246",
            "pkt_dts": 377,
            "pkt_dts_time": "12.579246",
            "best_effort_timestamp": 377,
            "best_effort_timestamp_time": "12.579246",
            "duration": 1,
            "duration_time": "0.033367",
            "pkt_pos": "47787072",
            "pkt_size": "120000",
            "width": 720,
            "height": 480,
            "crop_top": 0,
            "crop_bottom": 0,
            "crop_left": 0,
            "crop_right": 0,
            "pix_fmt": "yuv411p",
            "sample_aspect_ratio": "8:9",
            "pict_type": "I",
            "interlaced_frame": 1,
            "top_field_first": 0,
            "repeat_pict": 0,
            "chroma_location": "topleft"
        },
        {
            "media_type": "video",
            "stream_index": 0,
            "key_frame": 1,
            "pts": 378,
            "pts_time": "12.612613",
            "pkt_dts": 378,
            "pkt_dts_time": "12.612613",
            "best_effort_timestamp": 378,
            "best_effort_timestamp_time": "12.612613",
            "duration": 1,
            "duration_time": "0.033367",
            "pkt_pos": "47907080",
            "pkt_size": "120000",
            "width": 720,
            "height": 480,
            "crop_top": 0,
            "crop_bottom": 0,
            "crop_left": 0,
            "crop_right": 0,
            "pix_fmt": "yuv411p",
            "sample_aspect_ratio": "8:9",
            "pict_type": "I",
            "interlaced_frame": 1,
            "top_field_first": 0,
            "repeat_pict": 0,
            "chroma_location": "topleft"
        },
        {
            "media_type": "video",
            "stream_index": 0,
            "key_frame": 1,
            "pts": 379,
            "pts_time": "12.645979",
            "pkt_dts": 379,
            "pkt_dts_time": "12.645979",
            "best_effort_timestamp": 379,
            "best_effort_timestamp_time": "12.645979",
            "duration": 1,
            "duration_time": "0.033367",
            "pkt_pos": "48027088",
            "pkt_size": "120000",
            "width": 720,
            "height": 480,
            "crop_top": 0,
            "crop_bottom": 0,
            "crop_left": 0,
            "crop_right": 0,
            "pix_fmt": "yuv411p",
            "sample_aspect_ratio": "8:9",
            "pict_type": "I",
            "interlaced_frame": 1,
            "top_field_first": 0,
            "repeat_pict": 0,
            "chroma_location": "topleft"
        },
        {
            "media_type": "video",
            "stream_index": 0,
            "key_frame": 1,
            "pts": 380,
            "pts_time": "12.679346",
            "pkt_dts": 380,
            "pkt_dts_time": "12.679346",
            "best_effort_timestamp": 380,
            "best_effort_timestamp_time": "12.679346",
            "duration": 1,
            "duration_time": "0.033367",
            "pkt_pos": "48147096",
            "pkt_size": "120000",
            "width": 720,
            "height": 480,
            "crop_top": 0,
            "crop_bottom": 0,
            "crop_left": 0,
            "crop_right": 0,
            "pix_fmt": "yuv411p",
            "sample_aspect_ratio": "8:9",
            "pict_type": "I",
            "interlaced_frame": 1,
            "top_field_first": 0,
            "repeat_pict": 0,
            "chroma_location": "topleft"
        },
        {
            "media_type": "video",
            "stream_index": 0,
            "key_frame": 1,
            "pts": 381,
            "pts_time": "12.712713",
            "pkt_dts": 381,
            "pkt_dts_time": "12.712713",
            "best_effort_timestamp": 381,
            "best_effort_timestamp_time": "12.712713",
            "duration": 1,
            "duration_time": "0.033367",
            "pkt_pos": "48267104",
            "pkt_size": "120000",
            "width": 720,
            "height": 480,
            "crop_top": 0,
            "crop_bottom": 0,
            "crop_left": 0,
            "crop_right": 0,
            "pix_fmt": "yuv411p",
            "sample_aspect_ratio": "8:9",
            "pict_type": "I",
            "interlaced_frame": 1,
            "top_field_first": 0,
            "repeat_pict": 0,
            "chroma_location": "topleft"
        },
        {
            "media_type": "video",
            "stream_index": 0,
            "key_frame": 1,
            "pts": 382,
            "pts_time": "12.746079",
            "pkt_dts": 382,
            "pkt_dts_time": "12.746079",
            "best_effort_timestamp": 382,
            "best_effort_timestamp_time": "12.746079",
            "duration": 1,
            "duration_time": "0.033367",
            "pkt_pos": "48387112",
            "pkt_size": "120000",
            "width": 720,
            "height": 480,
            "crop_top": 0,
            "crop_bottom": 0,
            "crop_left": 0,
            "crop_right": 0,
            "pix_fmt": "yuv411p",
            "sample_aspect_ratio": "8:9",
            "pict_type": "I",
            "interlaced_frame": 1,
            "top_field_first": 0,
            "repeat_pict": 0,
            "chroma_location": "topleft"
        },
        {
            "media_type": "video",
            "stream_index": 0,
            "key_frame": 1,
            "pts": 383,
            "pts_time": "12.779446",
            "pkt_dts": 383,
            "pkt_dts_time": "12.779446",
            "best_effort_timestamp": 383,
            "best_effort_timestamp_time": "12.779446",
            "duration": 1,
            "duration_time": "0.033367",
            "pkt_pos": "48507120",
            "pkt_size": "120000",
            "width": 720,
            "height": 480,
            "crop_top": 0,
            "crop_bottom": 0,
            "crop_left": 0,
            "crop_right": 0,
            "pix_fmt": "yuv411p",
            "sample_aspect_ratio": "8:9",
            "pict_type": "I",
            "interlaced_frame": 1,
            "top_field_first": 0,
            "repeat_pict": 0,
            "chroma_location": "topleft"
        },
        {
            "media_type": "video",
            "stream_index": 0,
            "key_frame": 1,
            "pts": 384,
            "pts_time": "12.812813",
            "pkt_dts": 384,
            "pkt_dts_time": "12.812813",
            "best_effort_timestamp": 384,
            "best_effort_timestamp_time": "12.812813",
            "duration": 1,
            "duration_time": "0.033367",
            "pkt_pos": "48627128",
            "pkt_size": "120000",
            "width": 720,
            "height": 480,
            "crop_top": 0,
            "crop_bottom": 0,
            "crop_left": 0,
            "crop_right": 0,
            "pix_fmt": "yuv411p",
            "sample_aspect_ratio": "8:9",
            "pict_type": "I",
            "interlaced_frame": 1,
            "top_field_first": 0,
            "repeat_pict": 0,
            "chroma_location": "topleft"
        },
        {
            "media_type": "video",
            "stream_index": 0,
            "key_frame": 1,
            "pts": 385,
            "pts_time": "12.846179",
            "pkt_dts": 385,
            "pkt_dts_time": "12.846179",
            "best_effort_timestamp": 385,
            "best_effort_timestamp_time": "12.846179",
            "duration": 1,
            "duration_time": "0.033367",
            "pkt_pos": "48747136",
            "pkt_size": "120000",
            "width": 720,
            "height": 480,
            "crop_top": 0,
            "crop_bottom": 0,
            "crop_left": 0,
            "crop_right": 0,
            "pix_fmt": "yuv411p",
            "sample_aspect_ratio": "8:9",
            "pict_type": "I",
            "interlaced_frame": 1,
            "top_field_first": 0,
            "repeat_pict": 0,
            "chroma_location": "topleft"
        },
        {
            "media_type": "video",
            "stream_index": 0,
            "key_frame": 1,
            "pts": 386,
            "pts_time": "12.879546",
            "pkt_dts": 386,
            "pkt_dts_time": "12.879546",
            "best_effort_timestamp": 386,
            "best_effort_timestamp_time": "12.879546",
            "duration": 1,
            "duration_time": "0.033367",
            "pkt_pos": "48867144",
            "pkt_size": "120000",
            "width": 720,
            "height": 480,
            "crop_top": 0,
            "crop_bottom": 0,
            "crop_left": 0,
            "crop_right": 0,
            "pix_fmt": "yuv411p",
            "sample_aspect_ratio": "8:9",
            "pict_type": "I",
            "interlaced_frame": 1,
            "top_field_first": 0,
            "repeat_pict": 0,
            "chroma_location": "topleft"
        },
        {
            "media_type": "video",
            "stream_index": 0,
            "key_frame": 1,
            "pts": 387,
            "pts_time": "12.912913",
            "pkt_dts": 387,
            "pkt_dts_time": "12.912913",
            "best_effort_timestamp": 387,
            "best_effort_timestamp_time": "12.912913",
            "duration": 1,
            "duration_time": "0.033367",
            "pkt_pos": "48987152",
            "pkt_size": "120000",
            "width": 720,
            "height": 480,
            "crop_top": 0,
            "crop_bottom": 0,
            "crop_left": 0,
            "crop_right": 0,
            "pix_fmt": "yuv411p",
            "sample_aspect_ratio": "8:9",
            "pict_type": "I",
            "interlaced_frame": 1,
            "top_field_first": 0,
            "repeat_pict": 0,
            "chroma_location": "topleft"
        },
        {
            "media_type": "video",
            "stream_index": 0,
            "key_frame": 1,
            "pts": 388,
            "pts_time": "12.946280",
            "pkt_dts": 388,
            "pkt_dts_time": "12.946280",
            "best_effort_timestamp": 388,
            "best_effort_timestamp_time": "12.946280",
            "duration": 1,
            "duration_time": "0.033367",
            "pkt_pos": "49107160",
            "pkt_size": "120000",
            "width": 720,
            "height": 480,
            "crop_top": 0,
            "crop_bottom": 0,
            "crop_left": 0,
            "crop_right": 0,
            "pix_fmt": "yuv411p",
            "sample_aspect_ratio": "8:9",
            "pict_type": "I",
            "interlaced_frame": 1,
            "top_field_first": 0,
            "repeat_pict": 0,
            "chroma_location": "topleft"
        },
        {
            "media_type": "video",
            "stream_index": 0,
            "key_frame": 1,
            "pts": 389,
            "pts_time": "12.979646",
            "pkt_dts": 389,
            "pkt_dts_time": "12.979646",
            "best_effort_timestamp": 389,
            "best_effort_timestamp_time": "12.979646",
            "duration": 1,
            "duration_time": "0.033367",
            "pkt_pos": "49227168",
            "pkt_size": "120000",
            "width": 720,
            "height": 480,
            "crop_top": 0,
            "crop_bottom": 0,
            "crop_left": 0,
            "crop_right": 0,
            "pix_fmt": "yuv411p",
            "sample_aspect_ratio": "8:9",
            "pict_type": "I",
            "interlaced_frame": 1,
            "top_field_first": 0,
            "repeat_pict": 0,
            "chroma_location": "topleft"
        },
        {
            "media_type": "video",
            "stream_index": 0,
            "key_frame": 1,
            "pts": 390,
            "pts_time": "13.013013",
            "pkt_dts": 390,
            "pkt_dts_time": "13.013013",
            "best_effort_timestamp": 390,
            "best_effort_timestamp_time": "13.013013",
            "duration": 1,
            "duration_time": "0.033367",
            "pkt_pos": "49347176",
            "pkt_size": "120000",
            "width": 720,
            "height": 480,
            "crop_top": 0,
            "crop_bottom": 0,
            "crop_left": 0,
            "crop_right": 0,
            "pix_fmt": "yuv411p",
            "sample_aspect_ratio": "8:9",
            "pict_type": "I",
            "interlaced_frame": 1,
            "top_field_first": 0,
            "repeat_pict": 0,
            "chroma_location": "topleft"
        },
        {
            "media_type": "video",
            "stream_index": 0,
            "key_frame": 1,
            "pts": 391,
            "pts_time": "13.046380",
            "pkt_dts": 391,
            "pkt_dts_time": "13.046380",
            "best_effort_timestamp": 391,
            "best_effort_timestamp_time": "13.046380",
            "duration": 1,
            "duration_time": "0.033367",
            "pkt_pos": "49467184",
            "pkt_size": "120000",
            "width": 720,
            "height": 480,
            "crop_top": 0,
            "crop_bottom": 0,
            "crop_left": 0,
            "crop_right": 0,
            "pix_fmt": "yuv411p",
            "sample_aspect_ratio": "8:9",
            "pict_type": "I",
            "interlaced_frame": 1,
            "top_field_first": 0,
            "repeat_pict": 0,
            "chroma_location": "topleft"
        },
        {
            "media_type": "video",
            "stream_index": 0,
            "key_frame": 1,
            "pts": 392,
            "pts_time": "13.079746",
            "pkt_dts": 392,
            "pkt_dts_time": "13.079746",
            "best_effort_timestamp": 392,
            "best_effort_timestamp_time": "13.079746",
            "duration": 1,
            "duration_time": "0.033367",
            "pkt_pos": "49587192",
            "pkt_size": "120000",
            "width": 720,
            "height": 480,
            "crop_top": 0,
            "crop_bottom": 0,
            "crop_left": 0,
            "crop_right": 0,
            "pix_fmt": "yuv411p",
            "sample_aspect_ratio": "8:9",
            "pict_type": "I",
            "interlaced_frame": 1,
            "top_field_first": 0,
            "repeat_pict": 0,
            "chroma_location": "topleft"
        },
        {
            "media_type": "video",
            "stream_index": 0,
            "key_frame": 1,
            "pts": 393,
            "pts_time": "13.113113",
            "pkt_dts": 393,
            "pkt_dts_time": "13.113113",
            "best_effort_timestamp": 393,
            "best_effort_timestamp_time": "13.113113",
            "duration": 1,
            "duration_time": "0.033367",
            "pkt_pos": "49707200",
            "pkt_size": "120000",
            "width": 720,
            "height": 480,
            "crop_top": 0,
            "crop_bottom": 0,
            "crop_left": 0,
            "crop_right": 0,
            "pix_fmt": "yuv411p",
            "sample_aspect_ratio": "8:9",
            "pict_type": "I",
            "interlaced_frame": 1,
            "top_field_first": 0,
            "repeat_pict": 0,
            "chroma_location": "topleft"
        },
        {
            "media_type": "video",
            "stream_index": 0,
            "key_frame": 1,
            "pts": 394,
            "pts_time": "13.146480",
            "pkt_dts": 394,
            "pkt_dts_time": "13.146480",
            "best_effort_timestamp": 394,
            "best_effort_timestamp_time": "13.146480",
            "duration": 1,
            "duration_time": "0.033367",
            "pkt_pos": "49827208",
            "pkt_size": "120000",
            "width": 720,
            "height": 480,
            "crop_top": 0,
            "crop_bottom": 0,
            "crop_left": 0,
            "crop_right": 0,
            "pix_fmt": "yuv411p",
            "sample_aspect_ratio": "8:9",
            "pict_type": "I",
            "interlaced_frame": 1,
            "top_field_first": 0,
            "repeat_pict": 0,
            "chroma_location": "topleft"
        },
        {
            "media_type": "video",
            "stream_index": 0,
            "key_frame": 1,
            "pts": 395,
            "pts_time": "13.179847",
            "pkt_dts": 395,
            "pkt_dts_time": "13.179847",
            "best_effort_timestamp": 395,
            "best_effort_timestamp_time": "13.179847",
            "duration": 1,
            "duration_time": "0.033367",
            "pkt_pos": "49947216",
            "pkt_size": "120000",
            "width": 720,
            "height": 480,
            "crop_top": 0,
            "crop_bottom": 0,
            "crop_left": 0,
            "crop_right": 0,
            "pix_fmt": "yuv411p",
            "sample_aspect_ratio": "8:9",
            "pict_type": "I",
            "interlaced_frame": 1,
            "top_field_first": 0,
            "repeat_pict": 0,
            "chroma_location": "topleft"
        },
        {
            "media_type": "video",
            "stream_index": 0,
            "key_frame": 1,
            "pts": 396,
            "pts_time": "13.213213",
            "pkt_dts": 396,
            "pkt_dts_time": "13.213213",
            "best_effort_timestamp": 396,
            "best_effort_timestamp_time": "13.213213",
            "duration": 1,
            "duration_time": "0.033367",
            "pkt_pos": "50067224",
            "pkt_size": "120000",
            "width": 720,
            "height": 480,
            "crop_top": 0,
            "crop_bottom": 0,
            "crop_left": 0,
            "crop_right": 0,
            "pix_fmt": "yuv411p",
            "sample_aspect_ratio": "8:9",
            "pict_type": "I",
            "interlaced_frame": 1,
            "top_field_first": 0,
            "repeat_pict": 0,
            "chroma_location": "topleft"
        },
        {
            "media_type": "video",
            "stream_index": 0,
            "key_frame": 1,
            "pts": 397,
            "pts_time": "13.246580",
            "pkt_dts": 397,
            "pkt_dts_time": "13.246580",
            "best_effort_timestamp": 397,
            "best_effort_timestamp_time": "13.246580",
            "duration": 1,
            "duration_time": "0.033367",
            "pkt_pos": "50187232",
            "pkt_size": "120000",
            "width": 720,
            "height": 480,
            "crop_top": 0,
            "crop_bottom": 0,
            "crop_left": 0,
            "crop_right": 0,
            "pix_fmt": "yuv411p",
            "sample_aspect_ratio": "8:9",
            "pict_type": "I",
            "interlaced_frame": 1,
            "top_field_first": 0,
            "repeat_pict": 0,
            "chroma_location": "topleft"
        },
        {
            "media_type": "video",
            "stream_index": 0,
            "key_frame": 1,
            "pts": 398,
            "pts_time": "13.279947",
            "pkt_dts": 398,
            "pkt_dts_time": "13.279947",
            "best_effort_timestamp": 398,
            "best_effort_timestamp_time": "13.279947",
            "duration": 1,
            "duration_time": "0.033367",
            "pkt_pos": "50307240",
            "pkt_size": "120000",
            "width": 720,
            "height": 480,
            "crop_top": 0,
            "crop_bottom": 0,
            "crop_left": 0,
            "crop_right": 0,
            "pix_fmt": "yuv411p",
            "sample_aspect_ratio": "8:9",
            "pict_type": "I",
            "interlaced_frame": 1,
            "top_field_first": 0,
            "repeat_pict": 0,
            "chroma_location": "topleft"
        },
        {
            "media_type": "video",
            "stream_index": 0,
            "key_frame": 1,
            "pts": 399,
            "pts_time": "13.313313",
            "pkt_dts": 399,
            "pkt_dts_time": "13.313313",
            "best_effort_timestamp": 399,
            "best_effort_timestamp_time": "13.313313",
            "duration": 1,
            "duration_time": "0.033367",
            "pkt_pos": "50427248",
            "pkt_size": "120000",
            "width": 720,
            "height": 480,
            "crop_top": 0,
            "crop_bottom": 0,
            "crop_left": 0,
            "crop_right": 0,
            "pix_fmt": "yuv411p",
            "sample_aspect_ratio": "8:9",
            "pict_type": "I",
            "interlaced_frame": 1,
            "top_field_first": 0,
            "repeat_pict": 0,
            "chroma_location": "topleft"
        },
        {
            "media_type": "video",
            "stream_index": 0,
            "key_frame": 1,
            "pts": 400,
            "pts_time": "13.346680",
            "pkt_dts": 400,
            "pkt_dts_time": "13.346680",
            "best_effort_timestamp": 400,
            "best_effort_timestamp_time": "13.346680",
            "duration": 1,
            "duration_time": "0.033367",
            "pkt_pos": "50547256",
            "pkt_size": "120000",
            "width": 720,
            "height": 480,
            "crop_top": 0,
            "crop_bottom": 0,
            "crop_left": 0,
            "crop_right": 0,
            "pix_fmt": "yuv411p",
            "sample_aspect_ratio": "8:9",
            "pict_type": "I",
            "interlaced_frame": 1,
            "top_field_first": 0,
            "repeat_pict": 0,
            "chroma_location": "topleft"
        },
        {
            "media_type": "video",
            "stream_index": 0,
            "key_frame": 1,
            "pts": 401,
            "pts_time": "13.380047",
            "pkt_dts": 401,
            "pkt_dts_time": "13.380047",
            "best_effort_timestamp": 401,
            "best_effort_timestamp_time": "13.380047",
            "duration": 1,
            "duration_time": "0.033367",
            "pkt_pos": "50667264",
            "pkt_size": "120000",
            "width": 720,
            "height": 480,
            "crop_top": 0,
            "crop_bottom": 0,
            "crop_left": 0,
            "crop_right": 0,
            "pix_fmt": "yuv411p",
            "sample_aspect_ratio": "8:9",
            "pict_type": "I",
            "interlaced_frame": 1,
            "top_field_first": 0,
            "repeat_pict": 0,
            "chroma_location": "topleft"
        },
        {
            "media_type": "video",
            "stream_index": 0,
            "key_frame": 1,
            "pts": 402,
            "pts_time": "13.413413",
            "pkt_dts": 402,
            "pkt_dts_time": "13.413413",
            "best_effort_timestamp": 402,
            "best_effort_timestamp_time": "13.413413",
            "duration": 1,
            "duration_time": "0.033367",
            "pkt_pos": "50787272",
            "pkt_size": "120000",
            "width": 720,
            "height": 480,
            "crop_top": 0,
            "crop_bottom": 0,
            "crop_left": 0,
            "crop_right": 0,
            "pix_fmt": "yuv411p",
            "sample_aspect_ratio": "8:9",
            "pict_type": "I",
            "interlaced_frame": 1,
            "top_field_first": 0,
            "repeat_pict": 0,
            "chroma_location": "topleft"
        },
        {
            "media_type": "video",
            "stream_index": 0,
            "key_frame": 1,
            "pts": 403,
            "pts_time": "13.446780",
            "pkt_dts": 403,
            "pkt_dts_time": "13.446780",
            "best_effort_timestamp": 403,
            "best_effort_timestamp_time": "13.446780",
            "duration": 1,
            "duration_time": "0.033367",
            "pkt_pos": "50907280",
            "pkt_size": "120000",
            "width": 720,
            "height": 480,
            "crop_top": 0,
            "crop_bottom": 0,
            "crop_left": 0,
            "crop_right": 0,
            "pix_fmt": "yuv411p",
            "sample_aspect_ratio": "8:9",
            "pict_type": "I",
            "interlaced_frame": 1,
            "top_field_first": 0,
            "repeat_pict": 0,
            "chroma_location": "topleft"
        },
        {
            "media_type": "video",
            "stream_index": 0,
            "key_frame": 1,
            "pts": 404,
            "pts_time": "13.480147",
            "pkt_dts": 404,
            "pkt_dts_time": "13.480147",
            "best_effort_timestamp": 404,
            "best_effort_timestamp_time": "13.480147",
            "duration": 1,
            "duration_time": "0.033367",
            "pkt_pos": "51027288",
            "pkt_size": "120000",
            "width": 720,
            "height": 480,
            "crop_top": 0,
            "crop_bottom": 0,
            "crop_left": 0,
            "crop_right": 0,
            "pix_fmt": "yuv411p",
            "sample_aspect_ratio": "8:9",
            "pict_type": "I",
            "interlaced_frame": 1,
            "top_field_first": 0,
            "repeat_pict": 0,
            "chroma_location": "topleft"
        },
        {
            "media_type": "video",
            "stream_index": 0,
            "key_frame": 1,
            "pts": 405,
            "pts_time": "13.513514",
            "pkt_dts": 405,
            "pkt_dts_time": "13.513514",
            "best_effort_timestamp": 405,
            "best_effort_timestamp_time": "13.513514",
            "duration": 1,
            "duration_time": "0.033367",
            "pkt_pos": "51147296",
            "pkt_size": "120000",
            "width": 720,
            "height": 480,
            "crop_top": 0,
            "crop_bottom": 0,
            "crop_left": 0,
            "crop_right": 0,
            "pix_fmt": "yuv411p",
            "sample_aspect_ratio": "8:9",
            "pict_type": "I",
            "interlaced_frame": 1,
            "top_field_first": 0,
            "repeat_pict": 0,
            "chroma_location": "topleft"
        },
        {
            "media_type": "video",
            "stream_index": 0,
            "key_frame": 1,
            "pts": 406,
            "pts_time": "13.546880",
            "pkt_dts": 406,
            "pkt_dts_time": "13.546880",
            "best_effort_timestamp": 406,
            "best_effort_timestamp_time": "13.546880",
            "duration": 1,
            "duration_time": "0.033367",
            "pkt_pos": "51453100",
            "pkt_size": "120000",
            "width": 720,
            "height": 480,
            "crop_top": 0,
            "crop_bottom": 0,
            "crop_left": 0,
            "crop_right": 0,
            "pix_fmt": "yuv411p",
            "sample_aspect_ratio": "8:9",
            "pict_type": "I",
            "interlaced_frame": 1,
            "top_field_first": 0,
            "repeat_pict": 0,
            "chroma_location": "topleft"
        },
        {
            "media_type": "video",
            "stream_index": 0,
            "key_frame": 1,
            "pts": 407,
            "pts_time": "13.580247",
            "pkt_dts": 407,
            "pkt_dts_time": "13.580247",
            "best_effort_timestamp": 407,
            "best_effort_timestamp_time": "13.580247",
            "duration": 1,
            "duration_time": "0.033367",
            "pkt_pos": "51573108",
            "pkt_size": "120000",
            "width": 720,
            "height": 480,
            "crop_top": 0,
            "crop_bottom": 0,
            "crop_left": 0,
            "crop_right": 0,
            "pix_fmt": "yuv411p",
            "sample_aspect_ratio": "8:9",
            "pict_type": "I",
            "interlaced_frame": 1,
            "top_field_first": 0,
            "repeat_pict": 0,
            "chroma_location": "topleft"
        },
        {
            "media_type": "video",
            "stream_index": 0,
            "key_frame": 1,
            "pts": 408,
            "pts_time": "13.613614",
            "pkt_dts": 408,
            "pkt_dts_time": "13.613614",
            "best_effort_timestamp": 408,
            "best_effort_timestamp_time": "13.613614",
            "duration": 1,
            "duration_time": "0.033367",
            "pkt_pos": "51693116",
            "pkt_size": "120000",
            "width": 720,
            "height": 480,
            "crop_top": 0,
            "crop_bottom": 0,
            "crop_left": 0,
            "crop_right": 0,
            "pix_fmt": "yuv411p",
            "sample_aspect_ratio": "8:9",
            "pict_type": "I",
            "interlaced_frame": 1,
            "top_field_first": 0,
            "repeat_pict": 0,
            "chroma_location": "topleft"
        },
        {
            "media_type": "video",
            "stream_index": 0,
            "key_frame": 1,
            "pts": 409,
            "pts_time": "13.646980",
            "pkt_dts": 409,
            "pkt_dts_time": "13.646980",
            "best_effort_timestamp": 409,
            "best_effort_timestamp_time": "13.646980",
            "duration": 1,
            "duration_time": "0.033367",
            "pkt_pos": "51813124",
            "pkt_size": "120000",
            "width": 720,
            "height": 480,
            "crop_top": 0,
            "crop_bottom": 0,
            "crop_left": 0,
            "crop_right": 0,
            "pix_fmt": "yuv411p",
            "sample_aspect_ratio": "8:9",
            "pict_type": "I",
            "interlaced_frame": 1,
            "top_field_first": 0,
            "repeat_pict": 0,
            "chroma_location": "topleft"
        },
        {
            "media_type": "video",
            "stream_index": 0,
            "key_frame": 1,
            "pts": 410,
            "pts_time": "13.680347",
            "pkt_dts": 410,
            "pkt_dts_time": "13.680347",
            "best_effort_timestamp": 410,
            "best_effort_timestamp_time": "13.680347",
            "duration": 1,
            "duration_time": "0.033367",
            "pkt_pos": "51933132",
            "pkt_size": "120000",
            "width": 720,
            "height": 480,
            "crop_top": 0,
            "crop_bottom": 0,
            "crop_left": 0,
            "crop_right": 0,
            "pix_fmt": "yuv411p",
            "sample_aspect_ratio": "8:9",
            "pict_type": "I",
            "interlaced_frame": 1,
            "top_field_first": 0,
            "repeat_pict": 0,
            "chroma_location": "topleft"
        },
        {
            "media_type": "video",
            "stream_index": 0,
            "key_frame": 1,
            "pts": 411,
            "pts_time": "13.713714",
            "pkt_dts": 411,
            "pkt_dts_time": "13.713714",
            "best_effort_timestamp": 411,
            "best_effort_timestamp_time": "13.713714",
            "duration": 1,
            "duration_time": "0.033367",
            "pkt_pos": "52053140",
            "pkt_size": "120000",
            "width": 720,
            "height": 480,
            "crop_top": 0,
            "crop_bottom": 0,
            "crop_left": 0,
            "crop_right": 0,
            "pix_fmt": "yuv411p",
            "sample_aspect_ratio": "8:9",
            "pict_type": "I",
            "interlaced_frame": 1,
            "top_field_first": 0,
            "repeat_pict": 0,
            "chroma_location": "topleft"
        },
        {
            "media_type": "video",
            "stream_index": 0,
            "key_frame": 1,
            "pts": 412,
            "pts_time": "13.747080",
            "pkt_dts": 412,
            "pkt_dts_time": "13.747080",
            "best_effort_timestamp": 412,
            "best_effort_timestamp_time": "13.747080",
            "duration": 1,
            "duration_time": "0.033367",
            "pkt_pos": "52173148",
            "pkt_size": "120000",
            "width": 720,
            "height": 480,
            "crop_top": 0,
            "crop_bottom": 0,
            "crop_left": 0,
            "crop_right": 0,
            "pix_fmt": "yuv411p",
            "sample_aspect_ratio": "8:9",
            "pict_type": "I",
            "interlaced_frame": 1,
            "top_field_first": 0,
            "repeat_pict": 0,
            "chroma_location": "topleft"
        },
        {
            "media_type": "video",
            "stream_index": 0,
            "key_frame": 1,
            "pts": 413,
            "pts_time": "13.780447",
            "pkt_dts": 413,
            "pkt_dts_time": "13.780447",
            "best_effort_timestamp": 413,
            "best_effort_timestamp_time": "13.780447",
            "duration": 1,
            "duration_time": "0.033367",
            "pkt_pos": "52293156",
            "pkt_size": "120000",
            "width": 720,
            "height": 480,
            "crop_top": 0,
            "crop_bottom": 0,
            "crop_left": 0,
            "crop_right": 0,
            "pix_fmt": "yuv411p",
            "sample_aspect_ratio": "8:9",
            "pict_type": "I",
            "interlaced_frame": 1,
            "top_field_first": 0,
            "repeat_pict": 0,
            "chroma_location": "topleft"
        },
        {
            "media_type": "video",
            "stream_index": 0,
            "key_frame": 1,
            "pts": 414,
            "pts_time": "13.813814",
            "pkt_dts": 414,
            "pkt_dts_time": "13.813814",
            "best_effort_timestamp": 414,
            "best_effort_timestamp_time": "13.813814",
            "duration": 1,
            "duration_time": "0.033367",
            "pkt_pos": "52413164",
            "pkt_size": "120000",
            "width": 720,
            "height": 480,
            "crop_top": 0,
            "crop_bottom": 0,
            "crop_left": 0,
            "crop_right": 0,
            "pix_fmt": "yuv411p",
            "sample_aspect_ratio": "8:9",
            "pict_type": "I",
            "interlaced_frame": 1,
            "top_field_first": 0,
            "repeat_pict": 0,
            "chroma_location": "topleft"
        },
        {
            "media_type": "video",
            "stream_index": 0,
            "key_frame": 1,
            "pts": 415,
            "pts_time": "13.847181",
            "pkt_dts": 415,
            "pkt_dts_time": "13.847181",
            "best_effort_timestamp": 415,
            "best_effort_timestamp_time": "13.847181",
            "duration": 1,
            "duration_time": "0.033367",
            "pkt_pos": "52533172",
            "pkt_size": "120000",
            "width": 720,
            "height": 480,
            "crop_top": 0,
            "crop_bottom": 0,
            "crop_left": 0,
            "crop_right": 0,
            "pix_fmt": "yuv411p",
            "sample_aspect_ratio": "8:9",
            "pict_type": "I",
            "interlaced_frame": 1,
            "top_field_first": 0,
            "repeat_pict": 0,
            "chroma_location": "topleft"
        },
        {
            "media_type": "video",
            "stream_index": 0,
            "key_frame": 1,
            "pts": 416,
            "pts_time": "13.880547",
            "pkt_dts": 416,
            "pkt_dts_time": "13.880547",
            "best_effort_timestamp": 416,
            "best_effort_timestamp_time": "13.880547",
            "duration": 1,
            "duration_time": "0.033367",
            "pkt_pos": "52653180",
            "pkt_size": "120000",
            "width": 720,
            "height": 480,
            "crop_top": 0,
            "crop_bottom": 0,
            "crop_left": 0,
            "crop_right": 0,
            "pix_fmt": "yuv411p",
            "sample_aspect_ratio": "8:9",
            "pict_type": "I",
            "interlaced_frame": 1,
            "top_field_first": 0,
            "repeat_pict": 0,
            "chroma_location": "topleft"
        },
        {
            "media_type": "video",
            "stream_index": 0,
            "key_frame": 1,
            "pts": 417,
            "pts_time": "13.913914",
            "pkt_dts": 417,
            "pkt_dts_time": "13.913914",
            "best_effort_timestamp": 417,
            "best_effort_timestamp_time": "13.913914",
            "duration": 1,
            "duration_time": "0.033367",
            "pkt_pos": "52773188",
            "pkt_size": "120000",
            "width": 720,
            "height": 480,
            "crop_top": 0,
            "crop_bottom": 0,
            "crop_left": 0,
            "crop_right": 0,
            "pix_fmt": "yuv411p",
            "sample_aspect_ratio": "8:9",
            "pict_type": "I",
            "interlaced_frame": 1,
            "top_field_first": 0,
            "repeat_pict": 0,
            "chroma_location": "topleft"
        },
        {
            "media_type": "video",
            "stream_index": 0,
            "key_frame": 1,
            "pts": 418,
            "pts_time": "13.947281",
            "pkt_dts": 418,
            "pkt_dts_time": "13.947281",
            "best_effort_timestamp": 418,
            "best_effort_timestamp_time": "13.947281",
            "duration": 1,
            "duration_time": "0.033367",
            "pkt_pos": "52893196",
            "pkt_size": "120000",
            "width": 720,
            "height": 480,
            "crop_top": 0,
            "crop_bottom": 0,
            "crop_left": 0,
            "crop_right": 0,
            "pix_fmt": "yuv411p",
            "sample_aspect_ratio": "8:9",
            "pict_type": "I",
            "interlaced_frame": 1,
            "top_field_first": 0,
            "repeat_pict": 0,
            "chroma_location": "topleft"
        },
        {
            "media_type": "video",
            "stream_index": 0,
            "key_frame": 1,
            "pts": 419,
            "pts_time": "13.980647",
            "pkt_dts": 419,
            "pkt_dts_time": "13.980647",
            "best_effort_timestamp": 419,
            "best_effort_timestamp_time": "13.980647",
            "duration": 1,
            "duration_time": "0.033367",
            "pkt_pos": "53013204",
            "pkt_size": "120000",
            "width": 720,
            "height": 480,
            "crop_top": 0,
            "crop_bottom": 0,
            "crop_left": 0,
            "crop_right": 0,
            "pix_fmt": "yuv411p",
            "sample_aspect_ratio": "8:9",
            "pict_type": "I",
            "interlaced_frame": 1,
            "top_field_first": 0,
            "repeat_pict": 0,
            "chroma_location": "topleft"
        },
        {
            "media_type": "video",
            "stream_index": 0,
            "key_frame": 1,
            "pts": 420,
            "pts_time": "14.014014",
            "pkt_dts": 420,
            "pkt_dts_time": "14.014014",
            "best_effort_timestamp": 420,
            "best_effort_timestamp_time": "14.014014",
            "duration": 1,
            "duration_time": "0.033367",
            "pkt_pos": "53133212",
            "pkt_size": "120000",
            "width": 720,
            "height": 480,
            "crop_top": 0,
            "crop_bottom": 0,
            "crop_left": 0,
            "crop_right": 0,
            "pix_fmt": "yuv411p",
            "sample_aspect_ratio": "8:9",
            "pict_type": "I",
            "interlaced_frame": 1,
            "top_field_first": 0,
            "repeat_pict": 0,
            "chroma_location": "topleft"
        },
        {
            "media_type": "video",
            "stream_index": 0,
            "key_frame": 1,
            "pts": 421,
            "pts_time": "14.047381",
            "pkt_dts": 421,
            "pkt_dts_time": "14.047381",
            "best_effort_timestamp": 421,
            "best_effort_timestamp_time": "14.047381",
            "duration": 1,
            "duration_time": "0.033367",
            "pkt_pos": "53253220",
            "pkt_size": "120000",
            "width": 720,
            "height": 480,
            "crop_top": 0,
            "crop_bottom": 0,
            "crop_left": 0,
            "crop_right": 0,
            "pix_fmt": "yuv411p",
            "sample_aspect_ratio": "8:9",
            "pict_type": "I",
            "interlaced_frame": 1,
            "top_field_first": 0,
            "repeat_pict": 0,
            "chroma_location": "topleft"
        },
        {
            "media_type": "video",
            "stream_index": 0,
            "key_frame": 1,
            "pts": 422,
            "pts_time": "14.080747",
            "pkt_dts": 422,
            "pkt_dts_time": "14.080747",
            "best_effort_timestamp": 422,
            "best_effort_timestamp_time": "14.080747",
            "duration": 1,
            "duration_time": "0.033367",
            "pkt_pos": "53373228",
            "pkt_size": "120000",
            "width": 720,
            "height": 480,
            "crop_top": 0,
            "crop_bottom": 0,
            "crop_left": 0,
            "crop_right": 0,
            "pix_fmt": "yuv411p",
            "sample_aspect_ratio": "8:9",
            "pict_type": "I",
            "interlaced_frame": 1,
            "top_field_first": 0,
            "repeat_pict": 0,
            "chroma_location": "topleft"
        },
        {
            "media_type": "video",
            "stream_index": 0,
            "key_frame": 1,
            "pts": 423,
            "pts_time": "14.114114",
            "pkt_dts": 423,
            "pkt_dts_time": "14.114114",
            "best_effort_timestamp": 423,
            "best_effort_timestamp_time": "14.114114",
            "duration": 1,
            "duration_time": "0.033367",
            "pkt_pos": "53493236",
            "pkt_size": "120000",
            "width": 720,
            "height": 480,
            "crop_top": 0,
            "crop_bottom": 0,
            "crop_left": 0,
            "crop_right": 0,
            "pix_fmt": "yuv411p",
            "sample_aspect_ratio": "8:9",
            "pict_type": "I",
            "interlaced_frame": 1,
            "top_field_first": 0,
            "repeat_pict": 0,
            "chroma_location": "topleft"
        },
        {
            "media_type": "video",
            "stream_index": 0,
            "key_frame": 1,
            "pts": 424,
            "pts_time": "14.147481",
            "pkt_dts": 424,
            "pkt_dts_time": "14.147481",
            "best_effort_timestamp": 424,
            "best_effort_timestamp_time": "14.147481",
            "duration": 1,
            "duration_time": "0.033367",
            "pkt_pos": "53613244",
            "pkt_size": "120000",
            "width": 720,
            "height": 480,
            "crop_top": 0,
            "crop_bottom": 0,
            "crop_left": 0,
            "crop_right": 0,
            "pix_fmt": "yuv411p",
            "sample_aspect_ratio": "8:9",
            "pict_type": "I",
            "interlaced_frame": 1,
            "top_field_first": 0,
            "repeat_pict": 0,
            "chroma_location": "topleft"
        },
        {
            "media_type": "video",
            "stream_index": 0,
            "key_frame": 1,
            "pts": 425,
            "pts_time": "14.180848",
            "pkt_dts": 425,
            "pkt_dts_time": "14.180848",
            "best_effort_timestamp": 425,
            "best_effort_timestamp_time": "14.180848",
            "duration": 1,
            "duration_time": "0.033367",
            "pkt_pos": "53733252",
            "pkt_size": "120000",
            "width": 720,
            "height": 480,
            "crop_top": 0,
            "crop_bottom": 0,
            "crop_left": 0,
            "crop_right": 0,
            "pix_fmt": "yuv411p",
            "sample_aspect_ratio": "8:9",
            "pict_type": "I",
            "interlaced_frame": 1,
            "top_field_first": 0,
            "repeat_pict": 0,
            "chroma_location": "topleft"
        },
        {
            "media_type": "video",
            "stream_index": 0,
            "key_frame": 1,
            "pts": 426,
            "pts_time": "14.214214",
            "pkt_dts": 426,
            "pkt_dts_time": "14.214214",
            "best_effort_timestamp": 426,
            "best_effort_timestamp_time": "14.214214",
            "duration": 1,
            "duration_time": "0.033367",
            "pkt_pos": "53853260",
            "pkt_size": "120000",
            "width": 720,
            "height": 480,
            "crop_top": 0,
            "crop_bottom": 0,
            "crop_left": 0,
            "crop_right": 0,
            "pix_fmt": "yuv411p",
            "sample_aspect_ratio": "8:9",
            "pict_type": "I",
            "interlaced_frame": 1,
            "top_field_first": 0,
            "repeat_pict": 0,
            "chroma_location": "topleft"
        },
        {
            "media_type": "video",
            "stream_index": 0,
            "key_frame": 1,
            "pts": 427,
            "pts_time": "14.247581",
            "pkt_dts": 427,
            "pkt_dts_time": "14.247581",
            "best_effort_timestamp": 427,
            "best_effort_timestamp_time": "14.247581",
            "duration": 1,
            "duration_time": "0.033367",
            "pkt_pos": "53973268",
            "pkt_size": "120000",
            "width": 720,
            "height": 480,
            "crop_top": 0,
            "crop_bottom": 0,
            "crop_left": 0,
            "crop_right": 0,
            "pix_fmt": "yuv411p",
            "sample_aspect_ratio": "8:9",
            "pict_type": "I",
            "interlaced_frame": 1,
            "top_field_first": 0,
            "repeat_pict": 0,
            "chroma_location": "topleft"
        },
        {
            "media_type": "video",
            "stream_index": 0,
            "key_frame": 1,
            "pts": 428,
            "pts_time": "14.280948",
            "pkt_dts": 428,
            "pkt_dts_time": "14.280948",
            "best_effort_timestamp": 428,
            "best_effort_timestamp_time": "14.280948",
            "duration": 1,
            "duration_time": "0.033367",
            "pkt_pos": "54093276",
            "pkt_size": "120000",
            "width": 720,
            "height": 480,
            "crop_top": 0,
            "crop_bottom": 0,
            "crop_left": 0,
            "crop_right": 0,
            "pix_fmt": "yuv411p",
            "sample_aspect_ratio": "8:9",
            "pict_type": "I",
            "interlaced_frame": 1,
            "top_field_first": 0,
            "repeat_pict": 0,
            "chroma_location": "topleft"
        },
        {
            "media_type": "video",
            "stream_index": 0,
            "key_frame": 1,
            "pts": 429,
            "pts_time": "14.314314",
            "pkt_dts": 429,
            "pkt_dts_time": "14.314314",
            "best_effort_timestamp": 429,
            "best_effort_timestamp_time": "14.314314",
            "duration": 1,
            "duration_time": "0.033367",
            "pkt_pos": "54213284",
            "pkt_size": "120000",
            "width": 720,
            "height": 480,
            "crop_top": 0,
            "crop_bottom": 0,
            "crop_left": 0,
            "crop_right": 0,
            "pix_fmt": "yuv411p",
            "sample_aspect_ratio": "8:9",
            "pict_type": "I",
            "interlaced_frame": 1,
            "top_field_first": 0,
            "repeat_pict": 0,
            "chroma_location": "topleft"
        },
        {
            "media_type": "video",
            "stream_index": 0,
            "key_frame": 1,
            "pts": 430,
            "pts_time": "14.347681",
            "pkt_dts": 430,
            "pkt_dts_time": "14.347681",
            "best_effort_timestamp": 430,
            "best_effort_timestamp_time": "14.347681",
            "duration": 1,
            "duration_time": "0.033367",
            "pkt_pos": "54333292",
            "pkt_size": "120000",
            "width": 720,
            "height": 480,
            "crop_top": 0,
            "crop_bottom": 0,
            "crop_left": 0,
            "crop_right": 0,
            "pix_fmt": "yuv411p",
            "sample_aspect_ratio": "8:9",
            "pict_type": "I",
            "interlaced_frame": 1,
            "top_field_first": 0,
            "repeat_pict": 0,
            "chroma_location": "topleft"
        },
        {
            "media_type": "video",
            "stream_index": 0,
            "key_frame": 1,
            "pts": 431,
            "pts_time": "14.381048",
            "pkt_dts": 431,
            "pkt_dts_time": "14.381048",
            "best_effort_timestamp": 431,
            "best_effort_timestamp_time": "14.381048",
            "duration": 1,
            "duration_time": "0.033367",
            "pkt_pos": "54453300",
            "pkt_size": "120000",
            "width": 720,
            "height": 480,
            "crop_top": 0,
            "crop_bottom": 0,
            "crop_left": 0,
            "crop_right": 0,
            "pix_fmt": "yuv411p",
            "sample_aspect_ratio": "8:9",
            "pict_type": "I",
            "interlaced_frame": 1,
            "top_field_first": 0,
            "repeat_pict": 0,
            "chroma_location": "topleft"
        },
        {
            "media_type": "video",
            "stream_index": 0,
            "key_frame": 1,
            "pts": 432,
            "pts_time": "14.414414",
            "pkt_dts": 432,
            "pkt_dts_time": "14.414414",
            "best_effort_timestamp": 432,
            "best_effort_timestamp_time": "14.414414",
            "duration": 1,
            "duration_time": "0.033367",
            "pkt_pos": "54573308",
            "pkt_size": "120000",
            "width": 720,
            "height": 480,
            "crop_top": 0,
            "crop_bottom": 0,
            "crop_left": 0,
            "crop_right": 0,
            "pix_fmt": "yuv411p",
            "sample_aspect_ratio": "8:9",
            "pict_type": "I",
            "interlaced_frame": 1,
            "top_field_first": 0,
            "repeat_pict": 0,
            "chroma_location": "topleft"
        },
        {
            "media_type": "video",
            "stream_index": 0,
            "key_frame": 1,
            "pts": 433,
            "pts_time": "14.447781",
            "pkt_dts": 433,
            "pkt_dts_time": "14.447781",
            "best_effort_timestamp": 433,
            "best_effort_timestamp_time": "14.447781",
            "duration": 1,
            "duration_time": "0.033367",
            "pkt_pos": "54693316",
            "pkt_size": "120000",
            "width": 720,
            "height": 480,
            "crop_top": 0,
            "crop_bottom": 0,
            "crop_left": 0,
            "crop_right": 0,
            "pix_fmt": "yuv411p",
            "sample_aspect_ratio": "8:9",
            "pict_type": "I",
            "interlaced_frame": 1,
            "top_field_first": 0,
            "repeat_pict": 0,
            "chroma_location": "topleft"
        },
        {
            "media_type": "video",
            "stream_index": 0,
            "key_frame": 1,
            "pts": 434,
            "pts_time": "14.481148",
            "pkt_dts": 434,
            "pkt_dts_time": "14.481148",
            "best_effort_timestamp": 434,
            "best_effort_timestamp_time": "14.481148",
            "duration": 1,
            "duration_time": "0.033367",
            "pkt_pos": "54813324",
            "pkt_size": "120000",
            "width": 720,
            "height": 480,
            "crop_top": 0,
            "crop_bottom": 0,
            "crop_left": 0,
            "crop_right": 0,
            "pix_fmt": "yuv411p",
            "sample_aspect_ratio": "8:9",
            "pict_type": "I",
            "interlaced_frame": 1,
            "top_field_first": 0,
            "repeat_pict": 0,
            "chroma_location": "topleft"
        },
        {
            "media_type": "video",
            "stream_index": 0,
            "key_frame": 1,
            "pts": 435,
            "pts_time": "14.514514",
            "pkt_dts": 435,
            "pkt_dts_time": "14.514514",
            "best_effort_timestamp": 435,
            "best_effort_timestamp_time": "14.514514",
            "duration": 1,
            "duration_time": "0.033367",
            "pkt_pos": "55119124",
            "pkt_size": "120000",
            "width": 720,
            "height": 480,
            "crop_top": 0,
            "crop_bottom": 0,
            "crop_left": 0,
            "crop_right": 0,
            "pix_fmt": "yuv411p",
            "sample_aspect_ratio": "8:9",
            "pict_type": "I",
            "interlaced_frame": 1,
            "top_field_first": 0,
            "repeat_pict": 0,
            "chroma_location": "topleft"
        },
        {
            "media_type": "video",
            "stream_index": 0,
            "key_frame": 1,
            "pts": 436,
            "pts_time": "14.547881",
            "pkt_dts": 436,
            "pkt_dts_time": "14.547881",
            "best_effort_timestamp": 436,
            "best_effort_timestamp_time": "14.547881",
            "duration": 1,
            "duration_time": "0.033367",
            "pkt_pos": "55239132",
            "pkt_size": "120000",
            "width": 720,
            "height": 480,
            "crop_top": 0,
            "crop_bottom": 0,
            "crop_left": 0,
            "crop_right": 0,
            "pix_fmt": "yuv411p",
            "sample_aspect_ratio": "8:9",
            "pict_type": "I",
            "interlaced_frame": 1,
            "top_field_first": 0,
            "repeat_pict": 0,
            "chroma_location": "topleft"
        },
        {
            "media_type": "video",
            "stream_index": 0,
            "key_frame": 1,
            "pts": 437,
            "pts_time": "14.581248",
            "pkt_dts": 437,
            "pkt_dts_time": "14.581248",
            "best_effort_timestamp": 437,
            "best_effort_timestamp_time": "14.581248",
            "duration": 1,
            "duration_time": "0.033367",
            "pkt_pos": "55359140",
            "pkt_size": "120000",
            "width": 720,
            "height": 480,
            "crop_top": 0,
            "crop_bottom": 0,
            "crop_left": 0,
            "crop_right": 0,
            "pix_fmt": "yuv411p",
            "sample_aspect_ratio": "8:9",
            "pict_type": "I",
            "interlaced_frame": 1,
            "top_field_first": 0,
            "repeat_pict": 0,
            "chroma_location": "topleft"
        },
        {
            "media_type": "video",
            "stream_index": 0,
            "key_frame": 1,
            "pts": 438,
            "pts_time": "14.614615",
            "pkt_dts": 438,
            "pkt_dts_time": "14.614615",
            "best_effort_timestamp": 438,
            "best_effort_timestamp_time": "14.614615",
            "duration": 1,
            "duration_time": "0.033367",
            "pkt_pos": "55479148",
            "pkt_size": "120000",
            "width": 720,
            "height": 480,
            "crop_top": 0,
            "crop_bottom": 0,
            "crop_left": 0,
            "crop_right": 0,
            "pix_fmt": "yuv411p",
            "sample_aspect_ratio": "8:9",
            "pict_type": "I",
            "interlaced_frame": 1,
            "top_field_first": 0,
            "repeat_pict": 0,
            "chroma_location": "topleft"
        },
        {
            "media_type": "video",
            "stream_index": 0,
            "key_frame": 1,
            "pts": 439,
            "pts_time": "14.647981",
            "pkt_dts": 439,
            "pkt_dts_time": "14.647981",
            "best_effort_timestamp": 439,
            "best_effort_timestamp_time": "14.647981",
            "duration": 1,
            "duration_time": "0.033367",
            "pkt_pos": "55599156",
            "pkt_size": "120000",
            "width": 720,
            "height": 480,
            "crop_top": 0,
            "crop_bottom": 0,
            "crop_left": 0,
            "crop_right": 0,
            "pix_fmt": "yuv411p",
            "sample_aspect_ratio": "8:9",
            "pict_type": "I",
            "interlaced_frame": 1,
            "top_field_first": 0,
            "repeat_pict": 0,
            "chroma_location": "topleft"
        },
        {
            "media_type": "video",
            "stream_index": 0,
            "key_frame": 1,
            "pts": 440,
            "pts_time": "14.681348",
            "pkt_dts": 440,
            "pkt_dts_time": "14.681348",
            "best_effort_timestamp": 440,
            "best_effort_timestamp_time": "14.681348",
            "duration": 1,
            "duration_time": "0.033367",
            "pkt_pos": "55719164",
            "pkt_size": "120000",
            "width": 720,
            "height": 480,
            "crop_top": 0,
            "crop_bottom": 0,
            "crop_left": 0,
            "crop_right": 0,
            "pix_fmt": "yuv411p",
            "sample_aspect_ratio": "8:9",
            "pict_type": "I",
            "interlaced_frame": 1,
            "top_field_first": 0,
            "repeat_pict": 0,
            "chroma_location": "topleft"
        },
        {
            "media_type": "video",
            "stream_index": 0,
            "key_frame": 1,
            "pts": 441,
            "pts_time": "14.714715",
            "pkt_dts": 441,
            "pkt_dts_time": "14.714715",
            "best_effort_timestamp": 441,
            "best_effort_timestamp_time": "14.714715",
            "duration": 1,
            "duration_time": "0.033367",
            "pkt_pos": "55839172",
            "pkt_size": "120000",
            "width": 720,
            "height": 480,
            "crop_top": 0,
            "crop_bottom": 0,
            "crop_left": 0,
            "crop_right": 0,
            "pix_fmt": "yuv411p",
            "sample_aspect_ratio": "8:9",
            "pict_type": "I",
            "interlaced_frame": 1,
            "top_field_first": 0,
            "repeat_pict": 0,
            "chroma_location": "topleft"
        },
        {
            "media_type": "video",
            "stream_index": 0,
            "key_frame": 1,
            "pts": 442,
            "pts_time": "14.748081",
            "pkt_dts": 442,
            "pkt_dts_time": "14.748081",
            "best_effort_timestamp": 442,
            "best_effort_timestamp_time": "14.748081",
            "duration": 1,
            "duration_time": "0.033367",
            "pkt_pos": "55959180",
            "pkt_size": "120000",
            "width": 720,
            "height": 480,
            "crop_top": 0,
            "crop_bottom": 0,
            "crop_left": 0,
            "crop_right": 0,
            "pix_fmt": "yuv411p",
            "sample_aspect_ratio": "8:9",
            "pict_type": "I",
            "interlaced_frame": 1,
            "top_field_first": 0,
            "repeat_pict": 0,
            "chroma_location": "topleft"
        },
        {
            "media_type": "video",
            "stream_index": 0,
            "key_frame": 1,
            "pts": 443,
            "pts_time": "14.781448",
            "pkt_dts": 443,
            "pkt_dts_time": "14.781448",
            "best_effort_timestamp": 443,
            "best_effort_timestamp_time": "14.781448",
            "duration": 1,
            "duration_time": "0.033367",
            "pkt_pos": "56079188",
            "pkt_size": "120000",
            "width": 720,
            "height": 480,
            "crop_top": 0,
            "crop_bottom": 0,
            "crop_left": 0,
            "crop_right": 0,
            "pix_fmt": "yuv411p",
            "sample_aspect_ratio": "8:9",
            "pict_type": "I",
            "interlaced_frame": 1,
            "top_field_first": 0,
            "repeat_pict": 0,
            "chroma_location": "topleft"
        },
        {
            "media_type": "video",
            "stream_index": 0,
            "key_frame": 1,
            "pts": 444,
            "pts_time": "14.814815",
            "pkt_dts": 444,
            "pkt_dts_time": "14.814815",
            "best_effort_timestamp": 444,
            "best_effort_timestamp_time": "14.814815",
            "duration": 1,
            "duration_time": "0.033367",
            "pkt_pos": "56199196",
            "pkt_size": "120000",
            "width": 720,
            "height": 480,
            "crop_top": 0,
            "crop_bottom": 0,
            "crop_left": 0,
            "crop_right": 0,
            "pix_fmt": "yuv411p",
            "sample_aspect_ratio": "8:9",
            "pict_type": "I",
            "interlaced_frame": 1,
            "top_field_first": 0,
            "repeat_pict": 0,
            "chroma_location": "topleft"
        },
        {
            "media_type": "video",
            "stream_index": 0,
            "key_frame": 1,
            "pts": 445,
            "pts_time": "14.848181",
            "pkt_dts": 445,
            "pkt_dts_time": "14.848181",
            "best_effort_timestamp": 445,
            "best_effort_timestamp_time": "14.848181",
            "duration": 1,
            "duration_time": "0.033367",
            "pkt_pos": "56319204",
            "pkt_size": "120000",
            "width": 720,
            "height": 480,
            "crop_top": 0,
            "crop_bottom": 0,
            "crop_left": 0,
            "crop_right": 0,
            "pix_fmt": "yuv411p",
            "sample_aspect_ratio": "8:9",
            "pict_type": "I",
            "interlaced_frame": 1,
            "top_field_first": 0,
            "repeat_pict": 0,
            "chroma_location": "topleft"
        },
        {
            "media_type": "video",
            "stream_index": 0,
            "key_frame": 1,
            "pts": 446,
            "pts_time": "14.881548",
            "pkt_dts": 446,
            "pkt_dts_time": "14.881548",
            "best_effort_timestamp": 446,
            "best_effort_timestamp_time": "14.881548",
            "duration": 1,
            "duration_time": "0.033367",
            "pkt_pos": "56439212",
            "pkt_size": "120000",
            "width": 720,
            "height": 480,
            "crop_top": 0,
            "crop_bottom": 0,
            "crop_left": 0,
            "crop_right": 0,
            "pix_fmt": "yuv411p",
            "sample_aspect_ratio": "8:9",
            "pict_type": "I",
            "interlaced_frame": 1,
            "top_field_first": 0,
            "repeat_pict": 0,
            "chroma_location": "topleft"
        },
        {
            "media_type": "video",
            "stream_index": 0,
            "key_frame": 1,
            "pts": 447,
            "pts_time": "14.914915",
            "pkt_dts": 447,
            "pkt_dts_time": "14.914915",
            "best_effort_timestamp": 447,
            "best_effort_timestamp_time": "14.914915",
            "duration": 1,
            "duration_time": "0.033367",
            "pkt_pos": "56559220",
            "pkt_size": "120000",
            "width": 720,
            "height": 480,
            "crop_top": 0,
            "crop_bottom": 0,
            "crop_left": 0,
            "crop_right": 0,
            "pix_fmt": "yuv411p",
            "sample_aspect_ratio": "8:9",
            "pict_type": "I",
            "interlaced_frame": 1,
            "top_field_first": 0,
            "repeat_pict": 0,
            "chroma_location": "topleft"
        },
        {
            "media_type": "video",
            "stream_index": 0,
            "key_frame": 1,
            "pts": 448,
            "pts_time": "14.948282",
            "pkt_dts": 448,
            "pkt_dts_time": "14.948282",
            "best_effort_timestamp": 448,
            "best_effort_timestamp_time": "14.948282",
            "duration": 1,
            "duration_time": "0.033367",
            "pkt_pos": "56679228",
            "pkt_size": "120000",
            "width": 720,
            "height": 480,
            "crop_top": 0,
            "crop_bottom": 0,
            "crop_left": 0,
            "crop_right": 0,
            "pix_fmt": "yuv411p",
            "sample_aspect_ratio": "8:9",
            "pict_type": "I",
            "interlaced_frame": 1,
            "top_field_first": 0,
            "repeat_pict": 0,
            "chroma_location": "topleft"
        },
        {
            "media_type": "video",
            "stream_index": 0,
            "key_frame": 1,
            "pts": 449,
            "pts_time": "14.981648",
            "pkt_dts": 449,
            "pkt_dts_time": "14.981648",
            "best_effort_timestamp": 449,
            "best_effort_timestamp_time": "14.981648",
            "duration": 1,
            "duration_time": "0.033367",
            "pkt_pos": "56799236",
            "pkt_size": "120000",
            "width": 720,
            "height": 480,
            "crop_top": 0,
            "crop_bottom": 0,
            "crop_left": 0,
            "crop_right": 0,
            "pix_fmt": "yuv411p",
            "sample_aspect_ratio": "8:9",
            "pict_type": "I",
            "interlaced_frame": 1,
            "top_field_first": 0,
            "repeat_pict": 0,
            "chroma_location": "topleft"
        },
        {
            "media_type": "video",
            "stream_index": 0,
            "key_frame": 1,
            "pts": 450,
            "pts_time": "15.015015",
            "pkt_dts": 450,
            "pkt_dts_time": "15.015015",
            "best_effort_timestamp": 450,
            "best_effort_timestamp_time": "15.015015",
            "duration": 1,
            "duration_time": "0.033367",
            "pkt_pos": "56919244",
            "pkt_size": "120000",
            "width": 720,
            "height": 480,
            "crop_top": 0,
            "crop_bottom": 0,
            "crop_left": 0,
            "crop_right": 0,
            "pix_fmt": "yuv411p",
            "sample_aspect_ratio": "8:9",
            "pict_type": "I",
            "interlaced_frame": 1,
            "top_field_first": 0,
            "repeat_pict": 0,
            "chroma_location": "topleft"
        },
        {
            "media_type": "video",
            "stream_index": 0,
            "key_frame": 1,
            "pts": 451,
            "pts_time": "15.048382",
            "pkt_dts": 451,
            "pkt_dts_time": "15.048382",
            "best_effort_timestamp": 451,
            "best_effort_timestamp_time": "15.048382",
            "duration": 1,
            "duration_time": "0.033367",
            "pkt_pos": "57039252",
            "pkt_size": "120000",
            "width": 720,
            "height": 480,
            "crop_top": 0,
            "crop_bottom": 0,
            "crop_left": 0,
            "crop_right": 0,
            "pix_fmt": "yuv411p",
            "sample_aspect_ratio": "8:9",
            "pict_type": "I",
            "interlaced_frame": 1,
            "top_field_first": 0,
            "repeat_pict": 0,
            "chroma_location": "topleft"
        },
        {
            "media_type": "video",
            "stream_index": 0,
            "key_frame": 1,
            "pts": 452,
            "pts_time": "15.081748",
            "pkt_dts": 452,
            "pkt_dts_time": "15.081748",
            "best_effort_timestamp": 452,
            "best_effort_timestamp_time": "15.081748",
            "duration": 1,
            "duration_time": "0.033367",
            "pkt_pos": "57159260",
            "pkt_size": "120000",
            "width": 720,
            "height": 480,
            "crop_top": 0,
            "crop_bottom": 0,
            "crop_left": 0,
            "crop_right": 0,
            "pix_fmt": "yuv411p",
            "sample_aspect_ratio": "8:9",
            "pict_type": "I",
            "interlaced_frame": 1,
            "top_field_first": 0,
            "repeat_pict": 0,
            "chroma_location": "topleft"
        },
        {
            "media_type": "video",
            "stream_index": 0,
            "key_frame": 1,
            "pts": 453,
            "pts_time": "15.115115",
            "pkt_dts": 453,
            "pkt_dts_time": "15.115115",
            "best_effort_timestamp": 453,
            "best_effort_timestamp_time": "15.115115",
            "duration": 1,
            "duration_time": "0.033367",
            "pkt_pos": "57279268",
            "pkt_size": "120000",
            "width": 720,
            "height": 480,
            "crop_top": 0,
            "crop_bottom": 0,
            "crop_left": 0,
            "crop_right": 0,
            "pix_fmt": "yuv411p",
            "sample_aspect_ratio": "8:9",
            "pict_type": "I",
            "interlaced_frame": 1,
            "top_field_first": 0,
            "repeat_pict": 0,
            "chroma_location": "topleft"
        },
        {
            "media_type": "video",
            "stream_index": 0,
            "key_frame": 1,
            "pts": 454,
            "pts_time": "15.148482",
            "pkt_dts": 454,
            "pkt_dts_time": "15.148482",
            "best_effort_timestamp": 454,
            "best_effort_timestamp_time": "15.148482",
            "duration": 1,
            "duration_time": "0.033367",
            "pkt_pos": "57399276",
            "pkt_size": "120000",
            "width": 720,
            "height": 480,
            "crop_top": 0,
            "crop_bottom": 0,
            "crop_left": 0,
            "crop_right": 0,
            "pix_fmt": "yuv411p",
            "sample_aspect_ratio": "8:9",
            "pict_type": "I",
            "interlaced_frame": 1,
            "top_field_first": 0,
            "repeat_pict": 0,
            "chroma_location": "topleft"
        },
        {
            "media_type": "video",
            "stream_index": 0,
            "key_frame": 1,
            "pts": 455,
            "pts_time": "15.181848",
            "pkt_dts": 455,
            "pkt_dts_time": "15.181848",
            "best_effort_timestamp": 455,
            "best_effort_timestamp_time": "15.181848",
            "duration": 1,
            "duration_time": "0.033367",
            "pkt_pos": "57519284",
            "pkt_size": "120000",
            "width": 720,
            "height": 480,
            "crop_top": 0,
            "crop_bottom": 0,
            "crop_left": 0,
            "crop_right": 0,
            "pix_fmt": "yuv411p",
            "sample_aspect_ratio": "8:9",
            "pict_type": "I",
            "interlaced_frame": 1,
            "top_field_first": 0,
            "repeat_pict": 0,
            "chroma_location": "topleft"
        },
        {
            "media_type": "video",
            "stream_index": 0,
            "key_frame": 1,
            "pts": 456,
            "pts_time": "15.215215",
            "pkt_dts": 456,
            "pkt_dts_time": "15.215215",
            "best_effort_timestamp": 456,
            "best_effort_timestamp_time": "15.215215",
            "duration": 1,
            "duration_time": "0.033367",
            "pkt_pos": "57639292",
            "pkt_size": "120000",
            "width": 720,
            "height": 480,
            "crop_top": 0,
            "crop_bottom": 0,
            "crop_left": 0,
            "crop_right": 0,
            "pix_fmt": "yuv411p",
            "sample_aspect_ratio": "8:9",
            "pict_type": "I",
            "interlaced_frame": 1,
            "top_field_first": 0,
            "repeat_pict": 0,
            "chroma_location": "topleft"
        },
        {
            "media_type": "video",
            "stream_index": 0,
            "key_frame": 1,
            "pts": 457,
            "pts_time": "15.248582",
            "pkt_dts": 457,
            "pkt_dts_time": "15.248582",
            "best_effort_timestamp": 457,
            "best_effort_timestamp_time": "15.248582",
            "duration": 1,
            "duration_time": "0.033367",
            "pkt_pos": "57759300",
            "pkt_size": "120000",
            "width": 720,
            "height": 480,
            "crop_top": 0,
            "crop_bottom": 0,
            "crop_left": 0,
            "crop_right": 0,
            "pix_fmt": "yuv411p",
            "sample_aspect_ratio": "8:9",
            "pict_type": "I",
            "interlaced_frame": 1,
            "top_field_first": 0,
            "repeat_pict": 0,
            "chroma_location": "topleft"
        },
        {
            "media_type": "video",
            "stream_index": 0,
            "key_frame": 1,
            "pts": 458,
            "pts_time": "15.281949",
            "pkt_dts": 458,
            "pkt_dts_time": "15.281949",
            "best_effort_timestamp": 458,
            "best_effort_timestamp_time": "15.281949",
            "duration": 1,
            "duration_time": "0.033367",
            "pkt_pos": "57879308",
            "pkt_size": "120000",
            "width": 720,
            "height": 480,
            "crop_top": 0,
            "crop_bottom": 0,
            "crop_left": 0,
            "crop_right": 0,
            "pix_fmt": "yuv411p",
            "sample_aspect_ratio": "8:9",
            "pict_type": "I",
            "interlaced_frame": 1,
            "top_field_first": 0,
            "repeat_pict": 0,
            "chroma_location": "topleft"
        },
        {
            "media_type": "video",
            "stream_index": 0,
            "key_frame": 1,
            "pts": 459,
            "pts_time": "15.315315",
            "pkt_dts": 459,
            "pkt_dts_time": "15.315315",
            "best_effort_timestamp": 459,
            "best_effort_timestamp_time": "15.315315",
            "duration": 1,
            "duration_time": "0.033367",
            "pkt_pos": "57999316",
            "pkt_size": "120000",
            "width": 720,
            "height": 480,
            "crop_top": 0,
            "crop_bottom": 0,
            "crop_left": 0,
            "crop_right": 0,
            "pix_fmt": "yuv411p",
            "sample_aspect_ratio": "8:9",
            "pict_type": "I",
            "interlaced_frame": 1,
            "top_field_first": 0,
            "repeat_pict": 0,
            "chroma_location": "topleft"
        },
        {
            "media_type": "video",
            "stream_index": 0,
            "key_frame": 1,
            "pts": 460,
            "pts_time": "15.348682",
            "pkt_dts": 460,
            "pkt_dts_time": "15.348682",
            "best_effort_timestamp": 460,
            "best_effort_timestamp_time": "15.348682",
            "duration": 1,
            "duration_time": "0.033367",
            "pkt_pos": "58119324",
            "pkt_size": "120000",
            "width": 720,
            "height": 480,
            "crop_top": 0,
            "crop_bottom": 0,
            "crop_left": 0,
            "crop_right": 0,
            "pix_fmt": "yuv411p",
            "sample_aspect_ratio": "8:9",
            "pict_type": "I",
            "interlaced_frame": 1,
            "top_field_first": 0,
            "repeat_pict": 0,
            "chroma_location": "topleft"
        },
        {
            "media_type": "video",
            "stream_index": 0,
            "key_frame": 1,
            "pts": 461,
            "pts_time": "15.382049",
            "pkt_dts": 461,
            "pkt_dts_time": "15.382049",
            "best_effort_timestamp": 461,
            "best_effort_timestamp_time": "15.382049",
            "duration": 1,
            "duration_time": "0.033367",
            "pkt_pos": "58239332",
            "pkt_size": "120000",
            "width": 720,
            "height": 480,
            "crop_top": 0,
            "crop_bottom": 0,
            "crop_left": 0,
            "crop_right": 0,
            "pix_fmt": "yuv411p",
            "sample_aspect_ratio": "8:9",
            "pict_type": "I",
            "interlaced_frame": 1,
            "top_field_first": 0,
            "repeat_pict": 0,
            "chroma_location": "topleft"
        },
        {
            "media_type": "video",
            "stream_index": 0,
            "key_frame": 1,
            "pts": 462,
            "pts_time": "15.415415",
            "pkt_dts": 462,
            "pkt_dts_time": "15.415415",
            "best_effort_timestamp": 462,
            "best_effort_timestamp_time": "15.415415",
            "duration": 1,
            "duration_time": "0.033367",
            "pkt_pos": "58359340",
            "pkt_size": "120000",
            "width": 720,
            "height": 480,
            "crop_top": 0,
            "crop_bottom": 0,
            "crop_left": 0,
            "crop_right": 0,
            "pix_fmt": "yuv411p",
            "sample_aspect_ratio": "8:9",
            "pict_type": "I",
            "interlaced_frame": 1,
            "top_field_first": 0,
            "repeat_pict": 0,
            "chroma_location": "topleft"
        },
        {
            "media_type": "video",
            "stream_index": 0,
            "key_frame": 1,
            "pts": 463,
            "pts_time": "15.448782",
            "pkt_dts": 463,
            "pkt_dts_time": "15.448782",
            "best_effort_timestamp": 463,
            "best_effort_timestamp_time": "15.448782",
            "duration": 1,
            "duration_time": "0.033367",
            "pkt_pos": "58479348",
            "pkt_size": "120000",
            "width": 720,
            "height": 480,
            "crop_top": 0,
            "crop_bottom": 0,
            "crop_left": 0,
            "crop_right": 0,
            "pix_fmt": "yuv411p",
            "sample_aspect_ratio": "8:9",
            "pict_type": "I",
            "interlaced_frame": 1,
            "top_field_first": 0,
            "repeat_pict": 0,
            "chroma_location": "topleft"
        },
        {
            "media_type": "video",
            "stream_index": 0,
            "key_frame": 1,
            "pts": 464,
            "pts_time": "15.482149",
            "pkt_dts": 464,
            "pkt_dts_time": "15.482149",
            "best_effort_timestamp": 464,
            "best_effort_timestamp_time": "15.482149",
            "duration": 1,
            "duration_time": "0.033367",
            "pkt_pos": "58785152",
            "pkt_size": "120000",
            "width": 720,
            "height": 480,
            "crop_top": 0,
            "crop_bottom": 0,
            "crop_left": 0,
            "crop_right": 0,
            "pix_fmt": "yuv411p",
            "sample_aspect_ratio": "8:9",
            "pict_type": "I",
            "interlaced_frame": 1,
            "top_field_first": 0,
            "repeat_pict": 0,
            "chroma_location": "topleft"
        },
        {
            "media_type": "video",
            "stream_index": 0,
            "key_frame": 1,
            "pts": 465,
            "pts_time": "15.515515",
            "pkt_dts": 465,
            "pkt_dts_time": "15.515515",
            "best_effort_timestamp": 465,
            "best_effort_timestamp_time": "15.515515",
            "duration": 1,
            "duration_time": "0.033367",
            "pkt_pos": "58905160",
            "pkt_size": "120000",
            "width": 720,
            "height": 480,
            "crop_top": 0,
            "crop_bottom": 0,
            "crop_left": 0,
            "crop_right": 0,
            "pix_fmt": "yuv411p",
            "sample_aspect_ratio": "8:9",
            "pict_type": "I",
            "interlaced_frame": 1,
            "top_field_first": 0,
            "repeat_pict": 0,
            "chroma_location": "topleft"
        },
        {
            "media_type": "video",
            "stream_index": 0,
            "key_frame": 1,
            "pts": 466,
            "pts_time": "15.548882",
            "pkt_dts": 466,
            "pkt_dts_time": "15.548882",
            "best_effort_timestamp": 466,
            "best_effort_timestamp_time": "15.548882",
            "duration": 1,
            "duration_time": "0.033367",
            "pkt_pos": "59025168",
            "pkt_size": "120000",
            "width": 720,
            "height": 480,
            "crop_top": 0,
            "crop_bottom": 0,
            "crop_left": 0,
            "crop_right": 0,
            "pix_fmt": "yuv411p",
            "sample_aspect_ratio": "8:9",
            "pict_type": "I",
            "interlaced_frame": 1,
            "top_field_first": 0,
            "repeat_pict": 0,
            "chroma_location": "topleft"
        },
        {
            "media_type": "video",
            "stream_index": 0,
            "key_frame": 1,
            "pts": 467,
            "pts_time": "15.582249",
            "pkt_dts": 467,
            "pkt_dts_time": "15.582249",
            "best_effort_timestamp": 467,
            "best_effort_timestamp_time": "15.582249",
            "duration": 1,
            "duration_time": "0.033367",
            "pkt_pos": "59145176",
            "pkt_size": "120000",
            "width": 720,
            "height": 480,
            "crop_top": 0,
            "crop_bottom": 0,
            "crop_left": 0,
            "crop_right": 0,
            "pix_fmt": "yuv411p",
            "sample_aspect_ratio": "8:9",
            "pict_type": "I",
            "interlaced_frame": 1,
            "top_field_first": 0,
            "repeat_pict": 0,
            "chroma_location": "topleft"
        },
        {
            "media_type": "video",
            "stream_index": 0,
            "key_frame": 1,
            "pts": 468,
            "pts_time": "15.615616",
            "pkt_dts": 468,
            "pkt_dts_time": "15.615616",
            "best_effort_timestamp": 468,
            "best_effort_timestamp_time": "15.615616",
            "duration": 1,
            "duration_time": "0.033367",
            "pkt_pos": "59265184",
            "pkt_size": "120000",
            "width": 720,
            "height": 480,
            "crop_top": 0,
            "crop_bottom": 0,
            "crop_left": 0,
            "crop_right": 0,
            "pix_fmt": "yuv411p",
            "sample_aspect_ratio": "8:9",
            "pict_type": "I",
            "interlaced_frame": 1,
            "top_field_first": 0,
            "repeat_pict": 0,
            "chroma_location": "topleft"
        },
        {
            "media_type": "video",
            "stream_index": 0,
            "key_frame": 1,
            "pts": 469,
            "pts_time": "15.648982",
            "pkt_dts": 469,
            "pkt_dts_time": "15.648982",
            "best_effort_timestamp": 469,
            "best_effort_timestamp_time": "15.648982",
            "duration": 1,
            "duration_time": "0.033367",
            "pkt_pos": "59385192",
            "pkt_size": "120000",
            "width": 720,
            "height": 480,
            "crop_top": 0,
            "crop_bottom": 0,
            "crop_left": 0,
            "crop_right": 0,
            "pix_fmt": "yuv411p",
            "sample_aspect_ratio": "8:9",
            "pict_type": "I",
            "interlaced_frame": 1,
            "top_field_first": 0,
            "repeat_pict": 0,
            "chroma_location": "topleft"
        },
        {
            "media_type": "video",
            "stream_index": 0,
            "key_frame": 1,
            "pts": 470,
            "pts_time": "15.682349",
            "pkt_dts": 470,
            "pkt_dts_time": "15.682349",
            "best_effort_timestamp": 470,
            "best_effort_timestamp_time": "15.682349",
            "duration": 1,
            "duration_time": "0.033367",
            "pkt_pos": "59505200",
            "pkt_size": "120000",
            "width": 720,
            "height": 480,
            "crop_top": 0,
            "crop_bottom": 0,
            "crop_left": 0,
            "crop_right": 0,
            "pix_fmt": "yuv411p",
            "sample_aspect_ratio": "8:9",
            "pict_type": "I",
            "interlaced_frame": 1,
            "top_field_first": 0,
            "repeat_pict": 0,
            "chroma_location": "topleft"
        },
        {
            "media_type": "video",
            "stream_index": 0,
            "key_frame": 1,
            "pts": 471,
            "pts_time": "15.715716",
            "pkt_dts": 471,
            "pkt_dts_time": "15.715716",
            "best_effort_timestamp": 471,
            "best_effort_timestamp_time": "15.715716",
            "duration": 1,
            "duration_time": "0.033367",
            "pkt_pos": "59625208",
            "pkt_size": "120000",
            "width": 720,
            "height": 480,
            "crop_top": 0,
            "crop_bottom": 0,
            "crop_left": 0,
            "crop_right": 0,
            "pix_fmt": "yuv411p",
            "sample_aspect_ratio": "8:9",
            "pict_type": "I",
            "interlaced_frame": 1,
            "top_field_first": 0,
            "repeat_pict": 0,
            "chroma_location": "topleft"
        },
        {
            "media_type": "video",
            "stream_index": 0,
            "key_frame": 1,
            "pts": 472,
            "pts_time": "15.749082",
            "pkt_dts": 472,
            "pkt_dts_time": "15.749082",
            "best_effort_timestamp": 472,
            "best_effort_timestamp_time": "15.749082",
            "duration": 1,
            "duration_time": "0.033367",
            "pkt_pos": "59745216",
            "pkt_size": "120000",
            "width": 720,
            "height": 480,
            "crop_top": 0,
            "crop_bottom": 0,
            "crop_left": 0,
            "crop_right": 0,
            "pix_fmt": "yuv411p",
            "sample_aspect_ratio": "8:9",
            "pict_type": "I",
            "interlaced_frame": 1,
            "top_field_first": 0,
            "repeat_pict": 0,
            "chroma_location": "topleft"
        },
        {
            "media_type": "video",
            "stream_index": 0,
            "key_frame": 1,
            "pts": 473,
            "pts_time": "15.782449",
            "pkt_dts": 473,
            "pkt_dts_time": "15.782449",
            "best_effort_timestamp": 473,
            "best_effort_timestamp_time": "15.782449",
            "duration": 1,
            "duration_time": "0.033367",
            "pkt_pos": "59865224",
            "pkt_size": "120000",
            "width": 720,
            "height": 480,
            "crop_top": 0,
            "crop_bottom": 0,
            "crop_left": 0,
            "crop_right": 0,
            "pix_fmt": "yuv411p",
            "sample_aspect_ratio": "8:9",
            "pict_type": "I",
            "interlaced_frame": 1,
            "top_field_first": 0,
            "repeat_pict": 0,
            "chroma_location": "topleft"
        },
        {
            "media_type": "video",
            "stream_index": 0,
            "key_frame": 1,
            "pts": 474,
            "pts_time": "15.815816",
            "pkt_dts": 474,
            "pkt_dts_time": "15.815816",
            "best_effort_timestamp": 474,
            "best_effort_timestamp_time": "15.815816",
            "duration": 1,
            "duration_time": "0.033367",
            "pkt_pos": "59985232",
            "pkt_size": "120000",
            "width": 720,
            "height": 480,
            "crop_top": 0,
            "crop_bottom": 0,
            "crop_left": 0,
            "crop_right": 0,
            "pix_fmt": "yuv411p",
            "sample_aspect_ratio": "8:9",
            "pict_type": "I",
            "interlaced_frame": 1,
            "top_field_first": 0,
            "repeat_pict": 0,
            "chroma_location": "topleft"
        },
        {
            "media_type": "video",
            "stream_index": 0,
            "key_frame": 1,
            "pts": 475,
            "pts_time": "15.849182",
            "pkt_dts": 475,
            "pkt_dts_time": "15.849182",
            "best_effort_timestamp": 475,
            "best_effort_timestamp_time": "15.849182",
            "duration": 1,
            "duration_time": "0.033367",
            "pkt_pos": "60105240",
            "pkt_size": "120000",
            "width": 720,
            "height": 480,
            "crop_top": 0,
            "crop_bottom": 0,
            "crop_left": 0,
            "crop_right": 0,
            "pix_fmt": "yuv411p",
            "sample_aspect_ratio": "8:9",
            "pict_type": "I",
            "interlaced_frame": 1,
            "top_field_first": 0,
            "repeat_pict": 0,
            "chroma_location": "topleft"
        },
        {
            "media_type": "video",
            "stream_index": 0,
            "key_frame": 1,
            "pts": 476,
            "pts_time": "15.882549",
            "pkt_dts": 476,
            "pkt_dts_time": "15.882549",
            "best_effort_timestamp": 476,
            "best_effort_timestamp_time": "15.882549",
            "duration": 1,
            "duration_time": "0.033367",
            "pkt_pos": "60225248",
            "pkt_size": "120000",
            "width": 720,
            "height": 480,
            "crop_top": 0,
            "crop_bottom": 0,
            "crop_left": 0,
            "crop_right": 0,
            "pix_fmt": "yuv411p",
            "sample_aspect_ratio": "8:9",
            "pict_type": "I",
            "interlaced_frame": 1,
            "top_field_first": 0,
            "repeat_pict": 0,
            "chroma_location": "topleft"
        },
        {
            "media_type": "video",
            "stream_index": 0,
            "key_frame": 1,
            "pts": 477,
            "pts_time": "15.915916",
            "pkt_dts": 477,
            "pkt_dts_time": "15.915916",
            "best_effort_timestamp": 477,
            "best_effort_timestamp_time": "15.915916",
            "duration": 1,
            "duration_time": "0.033367",
            "pkt_pos": "60345256",
            "pkt_size": "120000",
            "width": 720,
            "height": 480,
            "crop_top": 0,
            "crop_bottom": 0,
            "crop_left": 0,
            "crop_right": 0,
            "pix_fmt": "yuv411p",
            "sample_aspect_ratio": "8:9",
            "pict_type": "I",
            "interlaced_frame": 1,
            "top_field_first": 0,
            "repeat_pict": 0,
            "chroma_location": "topleft"
        },
        {
            "media_type": "video",
            "stream_index": 0,
            "key_frame": 1,
            "pts": 478,
            "pts_time": "15.949283",
            "pkt_dts": 478,
            "pkt_dts_time": "15.949283",
            "best_effort_timestamp": 478,
            "best_effort_timestamp_time": "15.949283",
            "duration": 1,
            "duration_time": "0.033367",
            "pkt_pos": "60465264",
            "pkt_size": "120000",
            "width": 720,
            "height": 480,
            "crop_top": 0,
            "crop_bottom": 0,
            "crop_left": 0,
            "crop_right": 0,
            "pix_fmt": "yuv411p",
            "sample_aspect_ratio": "8:9",
            "pict_type": "I",
            "interlaced_frame": 1,
            "top_field_first": 0,
            "repeat_pict": 0,
            "chroma_location": "topleft"
        },
        {
            "media_type": "video",
            "stream_index": 0,
            "key_frame": 1,
            "pts": 479,
            "pts_time": "15.982649",
            "pkt_dts": 479,
            "pkt_dts_time": "15.982649",
            "best_effort_timestamp": 479,
            "best_effort_timestamp_time": "15.982649",
            "duration": 1,
            "duration_time": "0.033367",
            "pkt_pos": "60585272",
            "pkt_size": "120000",
            "width": 720,
            "height": 480,
            "crop_top": 0,
            "crop_bottom": 0,
            "crop_left": 0,
            "crop_right": 0,
            "pix_fmt": "yuv411p",
            "sample_aspect_ratio": "8:9",
            "pict_type": "I",
            "interlaced_frame": 1,
            "top_field_first": 0,
            "repeat_pict": 0,
            "chroma_location": "topleft"
        },
        {
            "media_type": "video",
            "stream_index": 0,
            "key_frame": 1,
            "pts": 480,
            "pts_time": "16.016016",
            "pkt_dts": 480,
            "pkt_dts_time": "16.016016",
            "best_effort_timestamp": 480,
            "best_effort_timestamp_time": "16.016016",
            "duration": 1,
            "duration_time": "0.033367",
            "pkt_pos": "60705280",
            "pkt_size": "120000",
            "width": 720,
            "height": 480,
            "crop_top": 0,
            "crop_bottom": 0,
            "crop_left": 0,
            "crop_right": 0,
            "pix_fmt": "yuv411p",
            "sample_aspect_ratio": "8:9",
            "pict_type": "I",
            "interlaced_frame": 1,
            "top_field_first": 0,
            "repeat_pict": 0,
            "chroma_location": "topleft"
        },
        {
            "media_type": "video",
            "stream_index": 0,
            "key_frame": 1,
            "pts": 481,
            "pts_time": "16.049383",
            "pkt_dts": 481,
            "pkt_dts_time": "16.049383",
            "best_effort_timestamp": 481,
            "best_effort_timestamp_time": "16.049383",
            "duration": 1,
            "duration_time": "0.033367",
            "pkt_pos": "60825288",
            "pkt_size": "120000",
            "width": 720,
            "height": 480,
            "crop_top": 0,
            "crop_bottom": 0,
            "crop_left": 0,
            "crop_right": 0,
            "pix_fmt": "yuv411p",
            "sample_aspect_ratio": "8:9",
            "pict_type": "I",
            "interlaced_frame": 1,
            "top_field_first": 0,
            "repeat_pict": 0,
            "chroma_location": "topleft"
        },
        {
            "media_type": "video",
            "stream_index": 0,
            "key_frame": 1,
            "pts": 482,
            "pts_time": "16.082749",
            "pkt_dts": 482,
            "pkt_dts_time": "16.082749",
            "best_effort_timestamp": 482,
            "best_effort_timestamp_time": "16.082749",
            "duration": 1,
            "duration_time": "0.033367",
            "pkt_pos": "60945296",
            "pkt_size": "120000",
            "width": 720,
            "height": 480,
            "crop_top": 0,
            "crop_bottom": 0,
            "crop_left": 0,
            "crop_right": 0,
            "pix_fmt": "yuv411p",
            "sample_aspect_ratio": "8:9",
            "pict_type": "I",
            "interlaced_frame": 1,
            "top_field_first": 0,
            "repeat_pict": 0,
            "chroma_location": "topleft"
        },
        {
            "media_type": "video",
            "stream_index": 0,
            "key_frame": 1,
            "pts": 483,
            "pts_time": "16.116116",
            "pkt_dts": 483,
            "pkt_dts_time": "16.116116",
            "best_effort_timestamp": 483,
            "best_effort_timestamp_time": "16.116116",
            "duration": 1,
            "duration_time": "0.033367",
            "pkt_pos": "61065304",
            "pkt_size": "120000",
            "width": 720,
            "height": 480,
            "crop_top": 0,
            "crop_bottom": 0,
            "crop_left": 0,
            "crop_right": 0,
            "pix_fmt": "yuv411p",
            "sample_aspect_ratio": "8:9",
            "pict_type": "I",
            "interlaced_frame": 1,
            "top_field_first": 0,
            "repeat_pict": 0,
            "chroma_location": "topleft"
        },
        {
            "media_type": "video",
            "stream_index": 0,
            "key_frame": 1,
            "pts": 484,
            "pts_time": "16.149483",
            "pkt_dts": 484,
            "pkt_dts_time": "16.149483",
            "best_effort_timestamp": 484,
            "best_effort_timestamp_time": "16.149483",
            "duration": 1,
            "duration_time": "0.033367",
            "pkt_pos": "61185312",
            "pkt_size": "120000",
            "width": 720,
            "height": 480,
            "crop_top": 0,
            "crop_bottom": 0,
            "crop_left": 0,
            "crop_right": 0,
            "pix_fmt": "yuv411p",
            "sample_aspect_ratio": "8:9",
            "pict_type": "I",
            "interlaced_frame": 1,
            "top_field_first": 0,
            "repeat_pict": 0,
            "chroma_location": "topleft"
        },
        {
            "media_type": "video",
            "stream_index": 0,
            "key_frame": 1,
            "pts": 485,
            "pts_time": "16.182849",
            "pkt_dts": 485,
            "pkt_dts_time": "16.182849",
            "best_effort_timestamp": 485,
            "best_effort_timestamp_time": "16.182849",
            "duration": 1,
            "duration_time": "0.033367",
            "pkt_pos": "61305320",
            "pkt_size": "120000",
            "width": 720,
            "height": 480,
            "crop_top": 0,
            "crop_bottom": 0,
            "crop_left": 0,
            "crop_right": 0,
            "pix_fmt": "yuv411p",
            "sample_aspect_ratio": "8:9",
            "pict_type": "I",
            "interlaced_frame": 1,
            "top_field_first": 0,
            "repeat_pict": 0,
            "chroma_location": "topleft"
        },
        {
            "media_type": "video",
            "stream_index": 0,
            "key_frame": 1,
            "pts": 486,
            "pts_time": "16.216216",
            "pkt_dts": 486,
            "pkt_dts_time": "16.216216",
            "best_effort_timestamp": 486,
            "best_effort_timestamp_time": "16.216216",
            "duration": 1,
            "duration_time": "0.033367",
            "pkt_pos": "61425328",
            "pkt_size": "120000",
            "width": 720,
            "height": 480,
            "crop_top": 0,
            "crop_bottom": 0,
            "crop_left": 0,
            "crop_right": 0,
            "pix_fmt": "yuv411p",
            "sample_aspect_ratio": "8:9",
            "pict_type": "I",
            "interlaced_frame": 1,
            "top_field_first": 0,
            "repeat_pict": 0,
            "chroma_location": "topleft"
        },
        {
            "media_type": "video",
            "stream_index": 0,
            "key_frame": 1,
            "pts": 487,
            "pts_time": "16.249583",
            "pkt_dts": 487,
            "pkt_dts_time": "16.249583",
            "best_effort_timestamp": 487,
            "best_effort_timestamp_time": "16.249583",
            "duration": 1,
            "duration_time": "0.033367",
            "pkt_pos": "61545336",
            "pkt_size": "120000",
            "width": 720,
            "height": 480,
            "crop_top": 0,
            "crop_bottom": 0,
            "crop_left": 0,
            "crop_right": 0,
            "pix_fmt": "yuv411p",
            "sample_aspect_ratio": "8:9",
            "pict_type": "I",
            "interlaced_frame": 1,
            "top_field_first": 0,
            "repeat_pict": 0,
            "chroma_location": "topleft"
        },
        {
            "media_type": "video",
            "stream_index": 0,
            "key_frame": 1,
            "pts": 488,
            "pts_time": "16.282950",
            "pkt_dts": 488,
            "pkt_dts_time": "16.282950",
            "best_effort_timestamp": 488,
            "best_effort_timestamp_time": "16.282950",
            "duration": 1,
            "duration_time": "0.033367",
            "pkt_pos": "61665344",
            "pkt_size": "120000",
            "width": 720,
            "height": 480,
            "crop_top": 0,
            "crop_bottom": 0,
            "crop_left": 0,
            "crop_right": 0,
            "pix_fmt": "yuv411p",
            "sample_aspect_ratio": "8:9",
            "pict_type": "I",
            "interlaced_frame": 1,
            "top_field_first": 0,
            "repeat_pict": 0,
            "chroma_location": "topleft"
        },
        {
            "media_type": "video",
            "stream_index": 0,
            "key_frame": 1,
            "pts": 489,
            "pts_time": "16.316316",
            "pkt_dts": 489,
            "pkt_dts_time": "16.316316",
            "best_effort_timestamp": 489,
            "best_effort_timestamp_time": "16.316316",
            "duration": 1,
            "duration_time": "0.033367",
            "pkt_pos": "61785352",
            "pkt_size": "120000",
            "width": 720,
            "height": 480,
            "crop_top": 0,
            "crop_bottom": 0,
            "crop_left": 0,
            "crop_right": 0,
            "pix_fmt": "yuv411p",
            "sample_aspect_ratio": "8:9",
            "pict_type": "I",
            "interlaced_frame": 1,
            "top_field_first": 0,
            "repeat_pict": 0,
            "chroma_location": "topleft"
        },
        {
            "media_type": "video",
            "stream_index": 0,
            "key_frame": 1,
            "pts": 490,
            "pts_time": "16.349683",
            "pkt_dts": 490,
            "pkt_dts_time": "16.349683",
            "best_effort_timestamp": 490,
            "best_effort_timestamp_time": "16.349683",
            "duration": 1,
            "duration_time": "0.033367",
            "pkt_pos": "61905360",
            "pkt_size": "120000",
            "width": 720,
            "height": 480,
            "crop_top": 0,
            "crop_bottom": 0,
            "crop_left": 0,
            "crop_right": 0,
            "pix_fmt": "yuv411p",
            "sample_aspect_ratio": "8:9",
            "pict_type": "I",
            "interlaced_frame": 1,
            "top_field_first": 0,
            "repeat_pict": 0,
            "chroma_location": "topleft"
        },
        {
            "media_type": "video",
            "stream_index": 0,
            "key_frame": 1,
            "pts": 491,
            "pts_time": "16.383050",
            "pkt_dts": 491,
            "pkt_dts_time": "16.383050",
            "best_effort_timestamp": 491,
            "best_effort_timestamp_time": "16.383050",
            "duration": 1,
            "duration_time": "0.033367",
            "pkt_pos": "62025368",
            "pkt_size": "120000",
            "width": 720,
            "height": 480,
            "crop_top": 0,
            "crop_bottom": 0,
            "crop_left": 0,
            "crop_right": 0,
            "pix_fmt": "yuv411p",
            "sample_aspect_ratio": "8:9",
            "pict_type": "I",
            "interlaced_frame": 1,
            "top_field_first": 0,
            "repeat_pict": 0,
            "chroma_location": "topleft"
        },
        {
            "media_type": "video",
            "stream_index": 0,
            "key_frame": 1,
            "pts": 492,
            "pts_time": "16.416416",
            "pkt_dts": 492,
            "pkt_dts_time": "16.416416",
            "best_effort_timestamp": 492,
            "best_effort_timestamp_time": "16.416416",
            "duration": 1,
            "duration_time": "0.033367",
            "pkt_pos": "62145376",
            "pkt_size": "120000",
            "width": 720,
            "height": 480,
            "crop_top": 0,
            "crop_bottom": 0,
            "crop_left": 0,
            "crop_right": 0,
            "pix_fmt": "yuv411p",
            "sample_aspect_ratio": "8:9",
            "pict_type": "I",
            "interlaced_frame": 1,
            "top_field_first": 0,
            "repeat_pict": 0,
            "chroma_location": "topleft"
        },
        {
            "media_type": "video",
            "stream_index": 0,
            "key_frame": 1,
            "pts": 493,
            "pts_time": "16.449783",
            "pkt_dts": 493,
            "pkt_dts_time": "16.449783",
            "best_effort_timestamp": 493,
            "best_effort_timestamp_time": "16.449783",
            "duration": 1,
            "duration_time": "0.033367",
            "pkt_pos": "62451176",
            "pkt_size": "120000",
            "width": 720,
            "height": 480,
            "crop_top": 0,
            "crop_bottom": 0,
            "crop_left": 0,
            "crop_right": 0,
            "pix_fmt": "yuv411p",
            "sample_aspect_ratio": "8:9",
            "pict_type": "I",
            "interlaced_frame": 1,
            "top_field_first": 0,
            "repeat_pict": 0,
            "chroma_location": "topleft"
        },
        {
            "media_type": "video",
            "stream_index": 0,
            "key_frame": 1,
            "pts": 494,
            "pts_time": "16.483150",
            "pkt_dts": 494,
            "pkt_dts_time": "16.483150",
            "best_effort_timestamp": 494,
            "best_effort_timestamp_time": "16.483150",
            "duration": 1,
            "duration_time": "0.033367",
            "pkt_pos": "62571184",
            "pkt_size": "120000",
            "width": 720,
            "height": 480,
            "crop_top": 0,
            "crop_bottom": 0,
            "crop_left": 0,
            "crop_right": 0,
            "pix_fmt": "yuv411p",
            "sample_aspect_ratio": "8:9",
            "pict_type": "I",
            "interlaced_frame": 1,
            "top_field_first": 0,
            "repeat_pict": 0,
            "chroma_location": "topleft"
        },
        {
            "media_type": "video",
            "stream_index": 0,
            "key_frame": 1,
            "pts": 495,
            "pts_time": "16.516516",
            "pkt_dts": 495,
            "pkt_dts_time": "16.516516",
            "best_effort_timestamp": 495,
            "best_effort_timestamp_time": "16.516516",
            "duration": 1,
            "duration_time": "0.033367",
            "pkt_pos": "62691192",
            "pkt_size": "120000",
            "width": 720,
            "height": 480,
            "crop_top": 0,
            "crop_bottom": 0,
            "crop_left": 0,
            "crop_right": 0,
            "pix_fmt": "yuv411p",
            "sample_aspect_ratio": "8:9",
            "pict_type": "I",
            "interlaced_frame": 1,
            "top_field_first": 0,
            "repeat_pict": 0,
            "chroma_location": "topleft"
        },
        {
            "media_type": "video",
            "stream_index": 0,
            "key_frame": 1,
            "pts": 496,
            "pts_time": "16.549883",
            "pkt_dts": 496,
            "pkt_dts_time": "16.549883",
            "best_effort_timestamp": 496,
            "best_effort_timestamp_time": "16.549883",
            "duration": 1,
            "duration_time": "0.033367",
            "pkt_pos": "62811200",
            "pkt_size": "120000",
            "width": 720,
            "height": 480,
            "crop_top": 0,
            "crop_bottom": 0,
            "crop_left": 0,
            "crop_right": 0,
            "pix_fmt": "yuv411p",
            "sample_aspect_ratio": "8:9",
            "pict_type": "I",
            "interlaced_frame": 1,
            "top_field_first": 0,
            "repeat_pict": 0,
            "chroma_location": "topleft"
        },
        {
            "media_type": "video",
            "stream_index": 0,
            "key_frame": 1,
            "pts": 497,
            "pts_time": "16.583250",
            "pkt_dts": 497,
            "pkt_dts_time": "16.583250",
            "best_effort_timestamp": 497,
            "best_effort_timestamp_time": "16.583250",
            "duration": 1,
            "duration_time": "0.033367",
            "pkt_pos": "62931208",
            "pkt_size": "120000",
            "width": 720,
            "height": 480,
            "crop_top": 0,
            "crop_bottom": 0,
            "crop_left": 0,
            "crop_right": 0,
            "pix_fmt": "yuv411p",
            "sample_aspect_ratio": "8:9",
            "pict_type": "I",
            "interlaced_frame": 1,
            "top_field_first": 0,
            "repeat_pict": 0,
            "chroma_location": "topleft"
        },
        {
            "media_type": "video",
            "stream_index": 0,
            "key_frame": 1,
            "pts": 498,
            "pts_time": "16.616617",
            "pkt_dts": 498,
            "pkt_dts_time": "16.616617",
            "best_effort_timestamp": 498,
            "best_effort_timestamp_time": "16.616617",
            "duration": 1,
            "duration_time": "0.033367",
            "pkt_pos": "63051216",
            "pkt_size": "120000",
            "width": 720,
            "height": 480,
            "crop_top": 0,
            "crop_bottom": 0,
            "crop_left": 0,
            "crop_right": 0,
            "pix_fmt": "yuv411p",
            "sample_aspect_ratio": "8:9",
            "pict_type": "I",
            "interlaced_frame": 1,
            "top_field_first": 0,
            "repeat_pict": 0,
            "chroma_location": "topleft"
        },
        {
            "media_type": "video",
            "stream_index": 0,
            "key_frame": 1,
            "pts": 499,
            "pts_time": "16.649983",
            "pkt_dts": 499,
            "pkt_dts_time": "16.649983",
            "best_effort_timestamp": 499,
            "best_effort_timestamp_time": "16.649983",
            "duration": 1,
            "duration_time": "0.033367",
            "pkt_pos": "63171224",
            "pkt_size": "120000",
            "width": 720,
            "height": 480,
            "crop_top": 0,
            "crop_bottom": 0,
            "crop_left": 0,
            "crop_right": 0,
            "pix_fmt": "yuv411p",
            "sample_aspect_ratio": "8:9",
            "pict_type": "I",
            "interlaced_frame": 1,
            "top_field_first": 0,
            "repeat_pict": 0,
            "chroma_location": "topleft"
        },
        {
            "media_type": "video",
            "stream_index": 0,
            "key_frame": 1,
            "pts": 500,
            "pts_time": "16.683350",
            "pkt_dts": 500,
            "pkt_dts_time": "16.683350",
            "best_effort_timestamp": 500,
            "best_effort_timestamp_time": "16.683350",
            "duration": 1,
            "duration_time": "0.033367",
            "pkt_pos": "63291232",
            "pkt_size": "120000",
            "width": 720,
            "height": 480,
            "crop_top": 0,
            "crop_bottom": 0,
            "crop_left": 0,
            "crop_right": 0,
            "pix_fmt": "yuv411p",
            "sample_aspect_ratio": "8:9",
            "pict_type": "I",
            "interlaced_frame": 1,
            "top_field_first": 0,
            "repeat_pict": 0,
            "chroma_location": "topleft"
        },
        {
            "media_type": "video",
            "stream_index": 0,
            "key_frame": 1,
            "pts": 501,
            "pts_time": "16.716717",
            "pkt_dts": 501,
            "pkt_dts_time": "16.716717",
            "best_effort_timestamp": 501,
            "best_effort_timestamp_time": "16.716717",
            "duration": 1,
            "duration_time": "0.033367",
            "pkt_pos": "63411240",
            "pkt_size": "120000",
            "width": 720,
            "height": 480,
            "crop_top": 0,
            "crop_bottom": 0,
            "crop_left": 0,
            "crop_right": 0,
            "pix_fmt": "yuv411p",
            "sample_aspect_ratio": "8:9",
            "pict_type": "I",
            "interlaced_frame": 1,
            "top_field_first": 0,
            "repeat_pict": 0,
            "chroma_location": "topleft"
        },
        {
            "media_type": "video",
            "stream_index": 0,
            "key_frame": 1,
            "pts": 502,
            "pts_time": "16.750083",
            "pkt_dts": 502,
            "pkt_dts_time": "16.750083",
            "best_effort_timestamp": 502,
            "best_effort_timestamp_time": "16.750083",
            "duration": 1,
            "duration_time": "0.033367",
            "pkt_pos": "63531248",
            "pkt_size": "120000",
            "width": 720,
            "height": 480,
            "crop_top": 0,
            "crop_bottom": 0,
            "crop_left": 0,
            "crop_right": 0,
            "pix_fmt": "yuv411p",
            "sample_aspect_ratio": "8:9",
            "pict_type": "I",
            "interlaced_frame": 1,
            "top_field_first": 0,
            "repeat_pict": 0,
            "chroma_location": "topleft"
        },
        {
            "media_type": "video",
            "stream_index": 0,
            "key_frame": 1,
            "pts": 503,
            "pts_time": "16.783450",
            "pkt_dts": 503,
            "pkt_dts_time": "16.783450",
            "best_effort_timestamp": 503,
            "best_effort_timestamp_time": "16.783450",
            "duration": 1,
            "duration_time": "0.033367",
            "pkt_pos": "63651256",
            "pkt_size": "120000",
            "width": 720,
            "height": 480,
            "crop_top": 0,
            "crop_bottom": 0,
            "crop_left": 0,
            "crop_right": 0,
            "pix_fmt": "yuv411p",
            "sample_aspect_ratio": "8:9",
            "pict_type": "I",
            "interlaced_frame": 1,
            "top_field_first": 0,
            "repeat_pict": 0,
            "chroma_location": "topleft"
        },
        {
            "media_type": "video",
            "stream_index": 0,
            "key_frame": 1,
            "pts": 504,
            "pts_time": "16.816817",
            "pkt_dts": 504,
            "pkt_dts_time": "16.816817",
            "best_effort_timestamp": 504,
            "best_effort_timestamp_time": "16.816817",
            "duration": 1,
            "duration_time": "0.033367",
            "pkt_pos": "63771264",
            "pkt_size": "120000",
            "width": 720,
            "height": 480,
            "crop_top": 0,
            "crop_bottom": 0,
            "crop_left": 0,
            "crop_right": 0,
            "pix_fmt": "yuv411p",
            "sample_aspect_ratio": "8:9",
            "pict_type": "I",
            "interlaced_frame": 1,
            "top_field_first": 0,
            "repeat_pict": 0,
            "chroma_location": "topleft"
        },
        {
            "media_type": "video",
            "stream_index": 0,
            "key_frame": 1,
            "pts": 505,
            "pts_time": "16.850183",
            "pkt_dts": 505,
            "pkt_dts_time": "16.850183",
            "best_effort_timestamp": 505,
            "best_effort_timestamp_time": "16.850183",
            "duration": 1,
            "duration_time": "0.033367",
            "pkt_pos": "63891272",
            "pkt_size": "120000",
            "width": 720,
            "height": 480,
            "crop_top": 0,
            "crop_bottom": 0,
            "crop_left": 0,
            "crop_right": 0,
            "pix_fmt": "yuv411p",
            "sample_aspect_ratio": "8:9",
            "pict_type": "I",
            "interlaced_frame": 1,
            "top_field_first": 0,
            "repeat_pict": 0,
            "chroma_location": "topleft"
        },
        {
            "media_type": "video",
            "stream_index": 0,
            "key_frame": 1,
            "pts": 506,
            "pts_time": "16.883550",
            "pkt_dts": 506,
            "pkt_dts_time": "16.883550",
            "best_effort_timestamp": 506,
            "best_effort_timestamp_time": "16.883550",
            "duration": 1,
            "duration_time": "0.033367",
            "pkt_pos": "64011280",
            "pkt_size": "120000",
            "width": 720,
            "height": 480,
            "crop_top": 0,
            "crop_bottom": 0,
            "crop_left": 0,
            "crop_right": 0,
            "pix_fmt": "yuv411p",
            "sample_aspect_ratio": "8:9",
            "pict_type": "I",
            "interlaced_frame": 1,
            "top_field_first": 0,
            "repeat_pict": 0,
            "chroma_location": "topleft"
        },
        {
            "media_type": "video",
            "stream_index": 0,
            "key_frame": 1,
            "pts": 507,
            "pts_time": "16.916917",
            "pkt_dts": 507,
            "pkt_dts_time": "16.916917",
            "best_effort_timestamp": 507,
            "best_effort_timestamp_time": "16.916917",
            "duration": 1,
            "duration_time": "0.033367",
            "pkt_pos": "64131288",
            "pkt_size": "120000",
            "width": 720,
            "height": 480,
            "crop_top": 0,
            "crop_bottom": 0,
            "crop_left": 0,
            "crop_right": 0,
            "pix_fmt": "yuv411p",
            "sample_aspect_ratio": "8:9",
            "pict_type": "I",
            "interlaced_frame": 1,
            "top_field_first": 0,
            "repeat_pict": 0,
            "chroma_location": "topleft"
        },
        {
            "media_type": "video",
            "stream_index": 0,
            "key_frame": 1,
            "pts": 508,
            "pts_time": "16.950284",
            "pkt_dts": 508,
            "pkt_dts_time": "16.950284",
            "best_effort_timestamp": 508,
            "best_effort_timestamp_time": "16.950284",
            "duration": 1,
            "duration_time": "0.033367",
            "pkt_pos": "64251296",
            "pkt_size": "120000",
            "width": 720,
            "height": 480,
            "crop_top": 0,
            "crop_bottom": 0,
            "crop_left": 0,
            "crop_right": 0,
            "pix_fmt": "yuv411p",
            "sample_aspect_ratio": "8:9",
            "pict_type": "I",
            "interlaced_frame": 1,
            "top_field_first": 0,
            "repeat_pict": 0,
            "chroma_location": "topleft"
        },
        {
            "media_type": "video",
            "stream_index": 0,
            "key_frame": 1,
            "pts": 509,
            "pts_time": "16.983650",
            "pkt_dts": 509,
            "pkt_dts_time": "16.983650",
            "best_effort_timestamp": 509,
            "best_effort_timestamp_time": "16.983650",
            "duration": 1,
            "duration_time": "0.033367",
            "pkt_pos": "64371304",
            "pkt_size": "120000",
            "width": 720,
            "height": 480,
            "crop_top": 0,
            "crop_bottom": 0,
            "crop_left": 0,
            "crop_right": 0,
            "pix_fmt": "yuv411p",
            "sample_aspect_ratio": "8:9",
            "pict_type": "I",
            "interlaced_frame": 1,
            "top_field_first": 0,
            "repeat_pict": 0,
            "chroma_location": "topleft"
        },
        {
            "media_type": "video",
            "stream_index": 0,
            "key_frame": 1,
            "pts": 510,
            "pts_time": "17.017017",
            "pkt_dts": 510,
            "pkt_dts_time": "17.017017",
            "best_effort_timestamp": 510,
            "best_effort_timestamp_time": "17.017017",
            "duration": 1,
            "duration_time": "0.033367",
            "pkt_pos": "64491312",
            "pkt_size": "120000",
            "width": 720,
            "height": 480,
            "crop_top": 0,
            "crop_bottom": 0,
            "crop_left": 0,
            "crop_right": 0,
            "pix_fmt": "yuv411p",
            "sample_aspect_ratio": "8:9",
            "pict_type": "I",
            "interlaced_frame": 1,
            "top_field_first": 0,
            "repeat_pict": 0,
            "chroma_location": "topleft"
        },
        {
            "media_type": "video",
            "stream_index": 0,
            "key_frame": 1,
            "pts": 511,
            "pts_time": "17.050384",
            "pkt_dts": 511,
            "pkt_dts_time": "17.050384",
            "best_effort_timestamp": 511,
            "best_effort_timestamp_time": "17.050384",
            "duration": 1,
            "duration_time": "0.033367",
            "pkt_pos": "64611320",
            "pkt_size": "120000",
            "width": 720,
            "height": 480,
            "crop_top": 0,
            "crop_bottom": 0,
            "crop_left": 0,
            "crop_right": 0,
            "pix_fmt": "yuv411p",
            "sample_aspect_ratio": "8:9",
            "pict_type": "I",
            "interlaced_frame": 1,
            "top_field_first": 0,
            "repeat_pict": 0,
            "chroma_location": "topleft"
        },
        {
            "media_type": "video",
            "stream_index": 0,
            "key_frame": 1,
            "pts": 512,
            "pts_time": "17.083750",
            "pkt_dts": 512,
            "pkt_dts_time": "17.083750",
            "best_effort_timestamp": 512,
            "best_effort_timestamp_time": "17.083750",
            "duration": 1,
            "duration_time": "0.033367",
            "pkt_pos": "64731328",
            "pkt_size": "120000",
            "width": 720,
            "height": 480,
            "crop_top": 0,
            "crop_bottom": 0,
            "crop_left": 0,
            "crop_right": 0,
            "pix_fmt": "yuv411p",
            "sample_aspect_ratio": "8:9",
            "pict_type": "I",
            "interlaced_frame": 1,
            "top_field_first": 0,
            "repeat_pict": 0,
            "chroma_location": "topleft"
        },
        {
            "media_type": "video",
            "stream_index": 0,
            "key_frame": 1,
            "pts": 513,
            "pts_time": "17.117117",
            "pkt_dts": 513,
            "pkt_dts_time": "17.117117",
            "best_effort_timestamp": 513,
            "best_effort_timestamp_time": "17.117117",
            "duration": 1,
            "duration_time": "0.033367",
            "pkt_pos": "64851336",
            "pkt_size": "120000",
            "width": 720,
            "height": 480,
            "crop_top": 0,
            "crop_bottom": 0,
            "crop_left": 0,
            "crop_right": 0,
            "pix_fmt": "yuv411p",
            "sample_aspect_ratio": "8:9",
            "pict_type": "I",
            "interlaced_frame": 1,
            "top_field_first": 0,
            "repeat_pict": 0,
            "chroma_location": "topleft"
        },
        {
            "media_type": "video",
            "stream_index": 0,
            "key_frame": 1,
            "pts": 514,
            "pts_time": "17.150484",
            "pkt_dts": 514,
            "pkt_dts_time": "17.150484",
            "best_effort_timestamp": 514,
            "best_effort_timestamp_time": "17.150484",
            "duration": 1,
            "duration_time": "0.033367",
            "pkt_pos": "64971344",
            "pkt_size": "120000",
            "width": 720,
            "height": 480,
            "crop_top": 0,
            "crop_bottom": 0,
            "crop_left": 0,
            "crop_right": 0,
            "pix_fmt": "yuv411p",
            "sample_aspect_ratio": "8:9",
            "pict_type": "I",
            "interlaced_frame": 1,
            "top_field_first": 0,
            "repeat_pict": 0,
            "chroma_location": "topleft"
        },
        {
            "media_type": "video",
            "stream_index": 0,
            "key_frame": 1,
            "pts": 515,
            "pts_time": "17.183850",
            "pkt_dts": 515,
            "pkt_dts_time": "17.183850",
            "best_effort_timestamp": 515,
            "best_effort_timestamp_time": "17.183850",
            "duration": 1,
            "duration_time": "0.033367",
            "pkt_pos": "65091352",
            "pkt_size": "120000",
            "width": 720,
            "height": 480,
            "crop_top": 0,
            "crop_bottom": 0,
            "crop_left": 0,
            "crop_right": 0,
            "pix_fmt": "yuv411p",
            "sample_aspect_ratio": "8:9",
            "pict_type": "I",
            "interlaced_frame": 1,
            "top_field_first": 0,
            "repeat_pict": 0,
            "chroma_location": "topleft"
        },
        {
            "media_type": "video",
            "stream_index": 0,
            "key_frame": 1,
            "pts": 516,
            "pts_time": "17.217217",
            "pkt_dts": 516,
            "pkt_dts_time": "17.217217",
            "best_effort_timestamp": 516,
            "best_effort_timestamp_time": "17.217217",
            "duration": 1,
            "duration_time": "0.033367",
            "pkt_pos": "65211360",
            "pkt_size": "120000",
            "width": 720,
            "height": 480,
            "crop_top": 0,
            "crop_bottom": 0,
            "crop_left": 0,
            "crop_right": 0,
            "pix_fmt": "yuv411p",
            "sample_aspect_ratio": "8:9",
            "pict_type": "I",
            "interlaced_frame": 1,
            "top_field_first": 0,
            "repeat_pict": 0,
            "chroma_location": "topleft"
        },
        {
            "media_type": "video",
            "stream_index": 0,
            "key_frame": 1,
            "pts": 517,
            "pts_time": "17.250584",
            "pkt_dts": 517,
            "pkt_dts_time": "17.250584",
            "best_effort_timestamp": 517,
            "best_effort_timestamp_time": "17.250584",
            "duration": 1,
            "duration_time": "0.033367",
            "pkt_pos": "65331368",
            "pkt_size": "120000",
            "width": 720,
            "height": 480,
            "crop_top": 0,
            "crop_bottom": 0,
            "crop_left": 0,
            "crop_right": 0,
            "pix_fmt": "yuv411p",
            "sample_aspect_ratio": "8:9",
            "pict_type": "I",
            "interlaced_frame": 1,
            "top_field_first": 0,
            "repeat_pict": 0,
            "chroma_location": "topleft"
        },
        {
            "media_type": "video",
            "stream_index": 0,
            "key_frame": 1,
            "pts": 518,
            "pts_time": "17.283951",
            "pkt_dts": 518,
            "pkt_dts_time": "17.283951",
            "best_effort_timestamp": 518,
            "best_effort_timestamp_time": "17.283951",
            "duration": 1,
            "duration_time": "0.033367",
            "pkt_pos": "65451376",
            "pkt_size": "120000",
            "width": 720,
            "height": 480,
            "crop_top": 0,
            "crop_bottom": 0,
            "crop_left": 0,
            "crop_right": 0,
            "pix_fmt": "yuv411p",
            "sample_aspect_ratio": "8:9",
            "pict_type": "I",
            "interlaced_frame": 1,
            "top_field_first": 0,
            "repeat_pict": 0,
            "chroma_location": "topleft"
        },
        {
            "media_type": "video",
            "stream_index": 0,
            "key_frame": 1,
            "pts": 519,
            "pts_time": "17.317317",
            "pkt_dts": 519,
            "pkt_dts_time": "17.317317",
            "best_effort_timestamp": 519,
            "best_effort_timestamp_time": "17.317317",
            "duration": 1,
            "duration_time": "0.033367",
            "pkt_pos": "65571384",
            "pkt_size": "120000",
            "width": 720,
            "height": 480,
            "crop_top": 0,
            "crop_bottom": 0,
            "crop_left": 0,
            "crop_right": 0,
            "pix_fmt": "yuv411p",
            "sample_aspect_ratio": "8:9",
            "pict_type": "I",
            "interlaced_frame": 1,
            "top_field_first": 0,
            "repeat_pict": 0,
            "chroma_location": "topleft"
        },
        {
            "media_type": "video",
            "stream_index": 0,
            "key_frame": 1,
            "pts": 520,
            "pts_time": "17.350684",
            "pkt_dts": 520,
            "pkt_dts_time": "17.350684",
            "best_effort_timestamp": 520,
            "best_effort_timestamp_time": "17.350684",
            "duration": 1,
            "duration_time": "0.033367",
            "pkt_pos": "65691392",
            "pkt_size": "120000",
            "width": 720,
            "height": 480,
            "crop_top": 0,
            "crop_bottom": 0,
            "crop_left": 0,
            "crop_right": 0,
            "pix_fmt": "yuv411p",
            "sample_aspect_ratio": "8:9",
            "pict_type": "I",
            "interlaced_frame": 1,
            "top_field_first": 0,
            "repeat_pict": 0,
            "chroma_location": "topleft"
        },
        {
            "media_type": "video",
            "stream_index": 0,
            "key_frame": 1,
            "pts": 521,
            "pts_time": "17.384051",
            "pkt_dts": 521,
            "pkt_dts_time": "17.384051",
            "best_effort_timestamp": 521,
            "best_effort_timestamp_time": "17.384051",
            "duration": 1,
            "duration_time": "0.033367",
            "pkt_pos": "65811400",
            "pkt_size": "120000",
            "width": 720,
            "height": 480,
            "crop_top": 0,
            "crop_bottom": 0,
            "crop_left": 0,
            "crop_right": 0,
            "pix_fmt": "yuv411p",
            "sample_aspect_ratio": "8:9",
            "pict_type": "I",
            "interlaced_frame": 1,
            "top_field_first": 0,
            "repeat_pict": 0,
            "chroma_location": "topleft"
        },
        {
            "media_type": "video",
            "stream_index": 0,
            "key_frame": 1,
            "pts": 522,
            "pts_time": "17.417417",
            "pkt_dts": 522,
            "pkt_dts_time": "17.417417",
            "best_effort_timestamp": 522,
            "best_effort_timestamp_time": "17.417417",
            "duration": 1,
            "duration_time": "0.033367",
            "pkt_pos": "66117204",
            "pkt_size": "120000",
            "width": 720,
            "height": 480,
            "crop_top": 0,
            "crop_bottom": 0,
            "crop_left": 0,
            "crop_right": 0,
            "pix_fmt": "yuv411p",
            "sample_aspect_ratio": "8:9",
            "pict_type": "I",
            "interlaced_frame": 1,
            "top_field_first": 0,
            "repeat_pict": 0,
            "chroma_location": "topleft"
        },
        {
            "media_type": "video",
            "stream_index": 0,
            "key_frame": 1,
            "pts": 523,
            "pts_time": "17.450784",
            "pkt_dts": 523,
            "pkt_dts_time": "17.450784",
            "best_effort_timestamp": 523,
            "best_effort_timestamp_time": "17.450784",
            "duration": 1,
            "duration_time": "0.033367",
            "pkt_pos": "66237212",
            "pkt_size": "120000",
            "width": 720,
            "height": 480,
            "crop_top": 0,
            "crop_bottom": 0,
            "crop_left": 0,
            "crop_right": 0,
            "pix_fmt": "yuv411p",
            "sample_aspect_ratio": "8:9",
            "pict_type": "I",
            "interlaced_frame": 1,
            "top_field_first": 0,
            "repeat_pict": 0,
            "chroma_location": "topleft"
        },
        {
            "media_type": "video",
            "stream_index": 0,
            "key_frame": 1,
            "pts": 524,
            "pts_time": "17.484151",
            "pkt_dts": 524,
            "pkt_dts_time": "17.484151",
            "best_effort_timestamp": 524,
            "best_effort_timestamp_time": "17.484151",
            "duration": 1,
            "duration_time": "0.033367",
            "pkt_pos": "66357220",
            "pkt_size": "120000",
            "width": 720,
            "height": 480,
            "crop_top": 0,
            "crop_bottom": 0,
            "crop_left": 0,
            "crop_right": 0,
            "pix_fmt": "yuv411p",
            "sample_aspect_ratio": "8:9",
            "pict_type": "I",
            "interlaced_frame": 1,
            "top_field_first": 0,
            "repeat_pict": 0,
            "chroma_location": "topleft"
        },
        {
            "media_type": "video",
            "stream_index": 0,
            "key_frame": 1,
            "pts": 525,
            "pts_time": "17.517518",
            "pkt_dts": 525,
            "pkt_dts_time": "17.517518",
            "best_effort_timestamp": 525,
            "best_effort_timestamp_time": "17.517518",
            "duration": 1,
            "duration_time": "0.033367",
            "pkt_pos": "66477228",
            "pkt_size": "120000",
            "width": 720,
            "height": 480,
            "crop_top": 0,
            "crop_bottom": 0,
            "crop_left": 0,
            "crop_right": 0,
            "pix_fmt": "yuv411p",
            "sample_aspect_ratio": "8:9",
            "pict_type": "I",
            "interlaced_frame": 1,
            "top_field_first": 0,
            "repeat_pict": 0,
            "chroma_location": "topleft"
        },
        {
            "media_type": "video",
            "stream_index": 0,
            "key_frame": 1,
            "pts": 526,
            "pts_time": "17.550884",
            "pkt_dts": 526,
            "pkt_dts_time": "17.550884",
            "best_effort_timestamp": 526,
            "best_effort_timestamp_time": "17.550884",
            "duration": 1,
            "duration_time": "0.033367",
            "pkt_pos": "66597236",
            "pkt_size": "120000",
            "width": 720,
            "height": 480,
            "crop_top": 0,
            "crop_bottom": 0,
            "crop_left": 0,
            "crop_right": 0,
            "pix_fmt": "yuv411p",
            "sample_aspect_ratio": "8:9",
            "pict_type": "I",
            "interlaced_frame": 1,
            "top_field_first": 0,
            "repeat_pict": 0,
            "chroma_location": "topleft"
        },
        {
            "media_type": "video",
            "stream_index": 0,
            "key_frame": 1,
            "pts": 527,
            "pts_time": "17.584251",
            "pkt_dts": 527,
            "pkt_dts_time": "17.584251",
            "best_effort_timestamp": 527,
            "best_effort_timestamp_time": "17.584251",
            "duration": 1,
            "duration_time": "0.033367",
            "pkt_pos": "66717244",
            "pkt_size": "120000",
            "width": 720,
            "height": 480,
            "crop_top": 0,
            "crop_bottom": 0,
            "crop_left": 0,
            "crop_right": 0,
            "pix_fmt": "yuv411p",
            "sample_aspect_ratio": "8:9",
            "pict_type": "I",
            "interlaced_frame": 1,
            "top_field_first": 0,
            "repeat_pict": 0,
            "chroma_location": "topleft"
        },
        {
            "media_type": "video",
            "stream_index": 0,
            "key_frame": 1,
            "pts": 528,
            "pts_time": "17.617618",
            "pkt_dts": 528,
            "pkt_dts_time": "17.617618",
            "best_effort_timestamp": 528,
            "best_effort_timestamp_time": "17.617618",
            "duration": 1,
            "duration_time": "0.033367",
            "pkt_pos": "66837252",
            "pkt_size": "120000",
            "width": 720,
            "height": 480,
            "crop_top": 0,
            "crop_bottom": 0,
            "crop_left": 0,
            "crop_right": 0,
            "pix_fmt": "yuv411p",
            "sample_aspect_ratio": "8:9",
            "pict_type": "I",
            "interlaced_frame": 1,
            "top_field_first": 0,
            "repeat_pict": 0,
            "chroma_location": "topleft"
        },
        {
            "media_type": "video",
            "stream_index": 0,
            "key_frame": 1,
            "pts": 529,
            "pts_time": "17.650984",
            "pkt_dts": 529,
            "pkt_dts_time": "17.650984",
            "best_effort_timestamp": 529,
            "best_effort_timestamp_time": "17.650984",
            "duration": 1,
            "duration_time": "0.033367",
            "pkt_pos": "66957260",
            "pkt_size": "120000",
            "width": 720,
            "height": 480,
            "crop_top": 0,
            "crop_bottom": 0,
            "crop_left": 0,
            "crop_right": 0,
            "pix_fmt": "yuv411p",
            "sample_aspect_ratio": "8:9",
            "pict_type": "I",
            "interlaced_frame": 1,
            "top_field_first": 0,
            "repeat_pict": 0,
            "chroma_location": "topleft"
        },
        {
            "media_type": "video",
            "stream_index": 0,
            "key_frame": 1,
            "pts": 530,
            "pts_time": "17.684351",
            "pkt_dts": 530,
            "pkt_dts_time": "17.684351",
            "best_effort_timestamp": 530,
            "best_effort_timestamp_time": "17.684351",
            "duration": 1,
            "duration_time": "0.033367",
            "pkt_pos": "67077268",
            "pkt_size": "120000",
            "width": 720,
            "height": 480,
            "crop_top": 0,
            "crop_bottom": 0,
            "crop_left": 0,
            "crop_right": 0,
            "pix_fmt": "yuv411p",
            "sample_aspect_ratio": "8:9",
            "pict_type": "I",
            "interlaced_frame": 1,
            "top_field_first": 0,
            "repeat_pict": 0,
            "chroma_location": "topleft"
        },
        {
            "media_type": "video",
            "stream_index": 0,
            "key_frame": 1,
            "pts": 531,
            "pts_time": "17.717718",
            "pkt_dts": 531,
            "pkt_dts_time": "17.717718",
            "best_effort_timestamp": 531,
            "best_effort_timestamp_time": "17.717718",
            "duration": 1,
            "duration_time": "0.033367",
            "pkt_pos": "67197276",
            "pkt_size": "120000",
            "width": 720,
            "height": 480,
            "crop_top": 0,
            "crop_bottom": 0,
            "crop_left": 0,
            "crop_right": 0,
            "pix_fmt": "yuv411p",
            "sample_aspect_ratio": "8:9",
            "pict_type": "I",
            "interlaced_frame": 1,
            "top_field_first": 0,
            "repeat_pict": 0,
            "chroma_location": "topleft"
        },
        {
            "media_type": "video",
            "stream_index": 0,
            "key_frame": 1,
            "pts": 532,
            "pts_time": "17.751084",
            "pkt_dts": 532,
            "pkt_dts_time": "17.751084",
            "best_effort_timestamp": 532,
            "best_effort_timestamp_time": "17.751084",
            "duration": 1,
            "duration_time": "0.033367",
            "pkt_pos": "67317284",
            "pkt_size": "120000",
            "width": 720,
            "height": 480,
            "crop_top": 0,
            "crop_bottom": 0,
            "crop_left": 0,
            "crop_right": 0,
            "pix_fmt": "yuv411p",
            "sample_aspect_ratio": "8:9",
            "pict_type": "I",
            "interlaced_frame": 1,
            "top_field_first": 0,
            "repeat_pict": 0,
            "chroma_location": "topleft"
        },
        {
            "media_type": "video",
            "stream_index": 0,
            "key_frame": 1,
            "pts": 533,
            "pts_time": "17.784451",
            "pkt_dts": 533,
            "pkt_dts_time": "17.784451",
            "best_effort_timestamp": 533,
            "best_effort_timestamp_time": "17.784451",
            "duration": 1,
            "duration_time": "0.033367",
            "pkt_pos": "67437292",
            "pkt_size": "120000",
            "width": 720,
            "height": 480,
            "crop_top": 0,
            "crop_bottom": 0,
            "crop_left": 0,
            "crop_right": 0,
            "pix_fmt": "yuv411p",
            "sample_aspect_ratio": "8:9",
            "pict_type": "I",
            "interlaced_frame": 1,
            "top_field_first": 0,
            "repeat_pict": 0,
            "chroma_location": "topleft"
        },
        {
            "media_type": "video",
            "stream_index": 0,
            "key_frame": 1,
            "pts": 534,
            "pts_time": "17.817818",
            "pkt_dts": 534,
            "pkt_dts_time": "17.817818",
            "best_effort_timestamp": 534,
            "best_effort_timestamp_time": "17.817818",
            "duration": 1,
            "duration_time": "0.033367",
            "pkt_pos": "67557300",
            "pkt_size": "120000",
            "width": 720,
            "height": 480,
            "crop_top": 0,
            "crop_bottom": 0,
            "crop_left": 0,
            "crop_right": 0,
            "pix_fmt": "yuv411p",
            "sample_aspect_ratio": "8:9",
            "pict_type": "I",
            "interlaced_frame": 1,
            "top_field_first": 0,
            "repeat_pict": 0,
            "chroma_location": "topleft"
        },
        {
            "media_type": "video",
            "stream_index": 0,
            "key_frame": 1,
            "pts": 535,
            "pts_time": "17.851184",
            "pkt_dts": 535,
            "pkt_dts_time": "17.851184",
            "best_effort_timestamp": 535,
            "best_effort_timestamp_time": "17.851184",
            "duration": 1,
            "duration_time": "0.033367",
            "pkt_pos": "67677308",
            "pkt_size": "120000",
            "width": 720,
            "height": 480,
            "crop_top": 0,
            "crop_bottom": 0,
            "crop_left": 0,
            "crop_right": 0,
            "pix_fmt": "yuv411p",
            "sample_aspect_ratio": "8:9",
            "pict_type": "I",
            "interlaced_frame": 1,
            "top_field_first": 0,
            "repeat_pict": 0,
            "chroma_location": "topleft"
        },
        {
            "media_type": "video",
            "stream_index": 0,
            "key_frame": 1,
            "pts": 536,
            "pts_time": "17.884551",
            "pkt_dts": 536,
            "pkt_dts_time": "17.884551",
            "best_effort_timestamp": 536,
            "best_effort_timestamp_time": "17.884551",
            "duration": 1,
            "duration_time": "0.033367",
            "pkt_pos": "67797316",
            "pkt_size": "120000",
            "width": 720,
            "height": 480,
            "crop_top": 0,
            "crop_bottom": 0,
            "crop_left": 0,
            "crop_right": 0,
            "pix_fmt": "yuv411p",
            "sample_aspect_ratio": "8:9",
            "pict_type": "I",
            "interlaced_frame": 1,
            "top_field_first": 0,
            "repeat_pict": 0,
            "chroma_location": "topleft"
        },
        {
            "media_type": "video",
            "stream_index": 0,
            "key_frame": 1,
            "pts": 537,
            "pts_time": "17.917918",
            "pkt_dts": 537,
            "pkt_dts_time": "17.917918",
            "best_effort_timestamp": 537,
            "best_effort_timestamp_time": "17.917918",
            "duration": 1,
            "duration_time": "0.033367",
            "pkt_pos": "67917324",
            "pkt_size": "120000",
            "width": 720,
            "height": 480,
            "crop_top": 0,
            "crop_bottom": 0,
            "crop_left": 0,
            "crop_right": 0,
            "pix_fmt": "yuv411p",
            "sample_aspect_ratio": "8:9",
            "pict_type": "I",
            "interlaced_frame": 1,
            "top_field_first": 0,
            "repeat_pict": 0,
            "chroma_location": "topleft"
        },
        {
            "media_type": "video",
            "stream_index": 0,
            "key_frame": 1,
            "pts": 538,
            "pts_time": "17.951285",
            "pkt_dts": 538,
            "pkt_dts_time": "17.951285",
            "best_effort_timestamp": 538,
            "best_effort_timestamp_time": "17.951285",
            "duration": 1,
            "duration_time": "0.033367",
            "pkt_pos": "68037332",
            "pkt_size": "120000",
            "width": 720,
            "height": 480,
            "crop_top": 0,
            "crop_bottom": 0,
            "crop_left": 0,
            "crop_right": 0,
            "pix_fmt": "yuv411p",
            "sample_aspect_ratio": "8:9",
            "pict_type": "I",
            "interlaced_frame": 1,
            "top_field_first": 0,
            "repeat_pict": 0,
            "chroma_location": "topleft"
        },
        {
            "media_type": "video",
            "stream_index": 0,
            "key_frame": 1,
            "pts": 539,
            "pts_time": "17.984651",
            "pkt_dts": 539,
            "pkt_dts_time": "17.984651",
            "best_effort_timestamp": 539,
            "best_effort_timestamp_time": "17.984651",
            "duration": 1,
            "duration_time": "0.033367",
            "pkt_pos": "68157340",
            "pkt_size": "120000",
            "width": 720,
            "height": 480,
            "crop_top": 0,
            "crop_bottom": 0,
            "crop_left": 0,
            "crop_right": 0,
            "pix_fmt": "yuv411p",
            "sample_aspect_ratio": "8:9",
            "pict_type": "I",
            "interlaced_frame": 1,
            "top_field_first": 0,
            "repeat_pict": 0,
            "chroma_location": "topleft"
        },
        {
            "media_type": "video",
            "stream_index": 0,
            "key_frame": 1,
            "pts": 540,
            "pts_time": "18.018018",
            "pkt_dts": 540,
            "pkt_dts_time": "18.018018",
            "best_effort_timestamp": 540,
            "best_effort_timestamp_time": "18.018018",
            "duration": 1,
            "duration_time": "0.033367",
            "pkt_pos": "68277348",
            "pkt_size": "120000",
            "width": 720,
            "height": 480,
            "crop_top": 0,
            "crop_bottom": 0,
            "crop_left": 0,
            "crop_right": 0,
            "pix_fmt": "yuv411p",
            "sample_aspect_ratio": "8:9",
            "pict_type": "I",
            "interlaced_frame": 1,
            "top_field_first": 0,
            "repeat_pict": 0,
            "chroma_location": "topleft"
        },
        {
            "media_type": "video",
            "stream_index": 0,
            "key_frame": 1,
            "pts": 541,
            "pts_time": "18.051385",
            "pkt_dts": 541,
            "pkt_dts_time": "18.051385",
            "best_effort_timestamp": 541,
            "best_effort_timestamp_time": "18.051385",
            "duration": 1,
            "duration_time": "0.033367",
            "pkt_pos": "68397356",
            "pkt_size": "120000",
            "width": 720,
            "height": 480,
            "crop_top": 0,
            "crop_bottom": 0,
            "crop_left": 0,
            "crop_right": 0,
            "pix_fmt": "yuv411p",
            "sample_aspect_ratio": "8:9",
            "pict_type": "I",
            "interlaced_frame": 1,
            "top_field_first": 0,
            "repeat_pict": 0,
            "chroma_location": "topleft"
        },
        {
            "media_type": "video",
            "stream_index": 0,
            "key_frame": 1,
            "pts": 542,
            "pts_time": "18.084751",
            "pkt_dts": 542,
            "pkt_dts_time": "18.084751",
            "best_effort_timestamp": 542,
            "best_effort_timestamp_time": "18.084751",
            "duration": 1,
            "duration_time": "0.033367",
            "pkt_pos": "68517364",
            "pkt_size": "120000",
            "width": 720,
            "height": 480,
            "crop_top": 0,
            "crop_bottom": 0,
            "crop_left": 0,
            "crop_right": 0,
            "pix_fmt": "yuv411p",
            "sample_aspect_ratio": "8:9",
            "pict_type": "I",
            "interlaced_frame": 1,
            "top_field_first": 0,
            "repeat_pict": 0,
            "chroma_location": "topleft"
        },
        {
            "media_type": "video",
            "stream_index": 0,
            "key_frame": 1,
            "pts": 543,
            "pts_time": "18.118118",
            "pkt_dts": 543,
            "pkt_dts_time": "18.118118",
            "best_effort_timestamp": 543,
            "best_effort_timestamp_time": "18.118118",
            "duration": 1,
            "duration_time": "0.033367",
            "pkt_pos": "68637372",
            "pkt_size": "120000",
            "width": 720,
            "height": 480,
            "crop_top": 0,
            "crop_bottom": 0,
            "crop_left": 0,
            "crop_right": 0,
            "pix_fmt": "yuv411p",
            "sample_aspect_ratio": "8:9",
            "pict_type": "I",
            "interlaced_frame": 1,
            "top_field_first": 0,
            "repeat_pict": 0,
            "chroma_location": "topleft"
        },
        {
            "media_type": "video",
            "stream_index": 0,
            "key_frame": 1,
            "pts": 544,
            "pts_time": "18.151485",
            "pkt_dts": 544,
            "pkt_dts_time": "18.151485",
            "best_effort_timestamp": 544,
            "best_effort_timestamp_time": "18.151485",
            "duration": 1,
            "duration_time": "0.033367",
            "pkt_pos": "68757380",
            "pkt_size": "120000",
            "width": 720,
            "height": 480,
            "crop_top": 0,
            "crop_bottom": 0,
            "crop_left": 0,
            "crop_right": 0,
            "pix_fmt": "yuv411p",
            "sample_aspect_ratio": "8:9",
            "pict_type": "I",
            "interlaced_frame": 1,
            "top_field_first": 0,
            "repeat_pict": 0,
            "chroma_location": "topleft"
        },
        {
            "media_type": "video",
            "stream_index": 0,
            "key_frame": 1,
            "pts": 545,
            "pts_time": "18.184852",
            "pkt_dts": 545,
            "pkt_dts_time": "18.184852",
            "best_effort_timestamp": 545,
            "best_effort_timestamp_time": "18.184852",
            "duration": 1,
            "duration_time": "0.033367",
            "pkt_pos": "68877388",
            "pkt_size": "120000",
            "width": 720,
            "height": 480,
            "crop_top": 0,
            "crop_bottom": 0,
            "crop_left": 0,
            "crop_right": 0,
            "pix_fmt": "yuv411p",
            "sample_aspect_ratio": "8:9",
            "pict_type": "I",
            "interlaced_frame": 1,
            "top_field_first": 0,
            "repeat_pict": 0,
            "chroma_location": "topleft"
        },
        {
            "media_type": "video",
            "stream_index": 0,
            "key_frame": 1,
            "pts": 546,
            "pts_time": "18.218218",
            "pkt_dts": 546,
            "pkt_dts_time": "18.218218",
            "best_effort_timestamp": 546,
            "best_effort_timestamp_time": "18.218218",
            "duration": 1,
            "duration_time": "0.033367",
            "pkt_pos": "68997396",
            "pkt_size": "120000",
            "width": 720,
            "height": 480,
            "crop_top": 0,
            "crop_bottom": 0,
            "crop_left": 0,
            "crop_right": 0,
            "pix_fmt": "yuv411p",
            "sample_aspect_ratio": "8:9",
            "pict_type": "I",
            "interlaced_frame": 1,
            "top_field_first": 0,
            "repeat_pict": 0,
            "chroma_location": "topleft"
        },
        {
            "media_type": "video",
            "stream_index": 0,
            "key_frame": 1,
            "pts": 547,
            "pts_time": "18.251585",
            "pkt_dts": 547,
            "pkt_dts_time": "18.251585",
            "best_effort_timestamp": 547,
            "best_effort_timestamp_time": "18.251585",
            "duration": 1,
            "duration_time": "0.033367",
            "pkt_pos": "69117404",
            "pkt_size": "120000",
            "width": 720,
            "height": 480,
            "crop_top": 0,
            "crop_bottom": 0,
            "crop_left": 0,
            "crop_right": 0,
            "pix_fmt": "yuv411p",
            "sample_aspect_ratio": "8:9",
            "pict_type": "I",
            "interlaced_frame": 1,
            "top_field_first": 0,
            "repeat_pict": 0,
            "chroma_location": "topleft"
        },
        {
            "media_type": "video",
            "stream_index": 0,
            "key_frame": 1,
            "pts": 548,
            "pts_time": "18.284952",
            "pkt_dts": 548,
            "pkt_dts_time": "18.284952",
            "best_effort_timestamp": 548,
            "best_effort_timestamp_time": "18.284952",
            "duration": 1,
            "duration_time": "0.033367",
            "pkt_pos": "69237412",
            "pkt_size": "120000",
            "width": 720,
            "height": 480,
            "crop_top": 0,
            "crop_bottom": 0,
            "crop_left": 0,
            "crop_right": 0,
            "pix_fmt": "yuv411p",
            "sample_aspect_ratio": "8:9",
            "pict_type": "I",
            "interlaced_frame": 1,
            "top_field_first": 0,
            "repeat_pict": 0,
            "chroma_location": "topleft"
        },
        {
            "media_type": "video",
            "stream_index": 0,
            "key_frame": 1,
            "pts": 549,
            "pts_time": "18.318318",
            "pkt_dts": 549,
            "pkt_dts_time": "18.318318",
            "best_effort_timestamp": 549,
            "best_effort_timestamp_time": "18.318318",
            "duration": 1,
            "duration_time": "0.033367",
            "pkt_pos": "69357420",
            "pkt_size": "120000",
            "width": 720,
            "height": 480,
            "crop_top": 0,
            "crop_bottom": 0,
            "crop_left": 0,
            "crop_right": 0,
            "pix_fmt": "yuv411p",
            "sample_aspect_ratio": "8:9",
            "pict_type": "I",
            "interlaced_frame": 1,
            "top_field_first": 0,
            "repeat_pict": 0,
            "chroma_location": "topleft"
        },
        {
            "media_type": "video",
            "stream_index": 0,
            "key_frame": 1,
            "pts": 550,
            "pts_time": "18.351685",
            "pkt_dts": 550,
            "pkt_dts_time": "18.351685",
            "best_effort_timestamp": 550,
            "best_effort_timestamp_time": "18.351685",
            "duration": 1,
            "duration_time": "0.033367",
            "pkt_pos": "69477428",
            "pkt_size": "120000",
            "width": 720,
            "height": 480,
            "crop_top": 0,
            "crop_bottom": 0,
            "crop_left": 0,
            "crop_right": 0,
            "pix_fmt": "yuv411p",
            "sample_aspect_ratio": "8:9",
            "pict_type": "I",
            "interlaced_frame": 1,
            "top_field_first": 0,
            "repeat_pict": 0,
            "chroma_location": "topleft"
        },
        {
            "media_type": "video",
            "stream_index": 0,
            "key_frame": 1,
            "pts": 551,
            "pts_time": "18.385052",
            "pkt_dts": 551,
            "pkt_dts_time": "18.385052",
            "best_effort_timestamp": 551,
            "best_effort_timestamp_time": "18.385052",
            "duration": 1,
            "duration_time": "0.033367",
            "pkt_pos": "69783228",
            "pkt_size": "120000",
            "width": 720,
            "height": 480,
            "crop_top": 0,
            "crop_bottom": 0,
            "crop_left": 0,
            "crop_right": 0,
            "pix_fmt": "yuv411p",
            "sample_aspect_ratio": "8:9",
            "pict_type": "I",
            "interlaced_frame": 1,
            "top_field_first": 0,
            "repeat_pict": 0,
            "chroma_location": "topleft"
        },
        {
            "media_type": "video",
            "stream_index": 0,
            "key_frame": 1,
            "pts": 552,
            "pts_time": "18.418418",
            "pkt_dts": 552,
            "pkt_dts_time": "18.418418",
            "best_effort_timestamp": 552,
            "best_effort_timestamp_time": "18.418418",
            "duration": 1,
            "duration_time": "0.033367",
            "pkt_pos": "69903236",
            "pkt_size": "120000",
            "width": 720,
            "height": 480,
            "crop_top": 0,
            "crop_bottom": 0,
            "crop_left": 0,
            "crop_right": 0,
            "pix_fmt": "yuv411p",
            "sample_aspect_ratio": "8:9",
            "pict_type": "I",
            "interlaced_frame": 1,
            "top_field_first": 0,
            "repeat_pict": 0,
            "chroma_location": "topleft"
        },
        {
            "media_type": "video",
            "stream_index": 0,
            "key_frame": 1,
            "pts": 553,
            "pts_time": "18.451785",
            "pkt_dts": 553,
            "pkt_dts_time": "18.451785",
            "best_effort_timestamp": 553,
            "best_effort_timestamp_time": "18.451785",
            "duration": 1,
            "duration_time": "0.033367",
            "pkt_pos": "70023244",
            "pkt_size": "120000",
            "width": 720,
            "height": 480,
            "crop_top": 0,
            "crop_bottom": 0,
            "crop_left": 0,
            "crop_right": 0,
            "pix_fmt": "yuv411p",
            "sample_aspect_ratio": "8:9",
            "pict_type": "I",
            "interlaced_frame": 1,
            "top_field_first": 0,
            "repeat_pict": 0,
            "chroma_location": "topleft"
        },
        {
            "media_type": "video",
            "stream_index": 0,
            "key_frame": 1,
            "pts": 554,
            "pts_time": "18.485152",
            "pkt_dts": 554,
            "pkt_dts_time": "18.485152",
            "best_effort_timestamp": 554,
            "best_effort_timestamp_time": "18.485152",
            "duration": 1,
            "duration_time": "0.033367",
            "pkt_pos": "70143252",
            "pkt_size": "120000",
            "width": 720,
            "height": 480,
            "crop_top": 0,
            "crop_bottom": 0,
            "crop_left": 0,
            "crop_right": 0,
            "pix_fmt": "yuv411p",
            "sample_aspect_ratio": "8:9",
            "pict_type": "I",
            "interlaced_frame": 1,
            "top_field_first": 0,
            "repeat_pict": 0,
            "chroma_location": "topleft"
        },
        {
            "media_type": "video",
            "stream_index": 0,
            "key_frame": 1,
            "pts": 555,
            "pts_time": "18.518518",
            "pkt_dts": 555,
            "pkt_dts_time": "18.518518",
            "best_effort_timestamp": 555,
            "best_effort_timestamp_time": "18.518518",
            "duration": 1,
            "duration_time": "0.033367",
            "pkt_pos": "70263260",
            "pkt_size": "120000",
            "width": 720,
            "height": 480,
            "crop_top": 0,
            "crop_bottom": 0,
            "crop_left": 0,
            "crop_right": 0,
            "pix_fmt": "yuv411p",
            "sample_aspect_ratio": "8:9",
            "pict_type": "I",
            "interlaced_frame": 1,
            "top_field_first": 0,
            "repeat_pict": 0,
            "chroma_location": "topleft"
        },
        {
            "media_type": "video",
            "stream_index": 0,
            "key_frame": 1,
            "pts": 556,
            "pts_time": "18.551885",
            "pkt_dts": 556,
            "pkt_dts_time": "18.551885",
            "best_effort_timestamp": 556,
            "best_effort_timestamp_time": "18.551885",
            "duration": 1,
            "duration_time": "0.033367",
            "pkt_pos": "70383268",
            "pkt_size": "120000",
            "width": 720,
            "height": 480,
            "crop_top": 0,
            "crop_bottom": 0,
            "crop_left": 0,
            "crop_right": 0,
            "pix_fmt": "yuv411p",
            "sample_aspect_ratio": "8:9",
            "pict_type": "I",
            "interlaced_frame": 1,
            "top_field_first": 0,
            "repeat_pict": 0,
            "chroma_location": "topleft"
        },
        {
            "media_type": "video",
            "stream_index": 0,
            "key_frame": 1,
            "pts": 557,
            "pts_time": "18.585252",
            "pkt_dts": 557,
            "pkt_dts_time": "18.585252",
            "best_effort_timestamp": 557,
            "best_effort_timestamp_time": "18.585252",
            "duration": 1,
            "duration_time": "0.033367",
            "pkt_pos": "70503276",
            "pkt_size": "120000",
            "width": 720,
            "height": 480,
            "crop_top": 0,
            "crop_bottom": 0,
            "crop_left": 0,
            "crop_right": 0,
            "pix_fmt": "yuv411p",
            "sample_aspect_ratio": "8:9",
            "pict_type": "I",
            "interlaced_frame": 1,
            "top_field_first": 0,
            "repeat_pict": 0,
            "chroma_location": "topleft"
        },
        {
            "media_type": "video",
            "stream_index": 0,
            "key_frame": 1,
            "pts": 558,
            "pts_time": "18.618619",
            "pkt_dts": 558,
            "pkt_dts_time": "18.618619",
            "best_effort_timestamp": 558,
            "best_effort_timestamp_time": "18.618619",
            "duration": 1,
            "duration_time": "0.033367",
            "pkt_pos": "70623284",
            "pkt_size": "120000",
            "width": 720,
            "height": 480,
            "crop_top": 0,
            "crop_bottom": 0,
            "crop_left": 0,
            "crop_right": 0,
            "pix_fmt": "yuv411p",
            "sample_aspect_ratio": "8:9",
            "pict_type": "I",
            "interlaced_frame": 1,
            "top_field_first": 0,
            "repeat_pict": 0,
            "chroma_location": "topleft"
        },
        {
            "media_type": "video",
            "stream_index": 0,
            "key_frame": 1,
            "pts": 559,
            "pts_time": "18.651985",
            "pkt_dts": 559,
            "pkt_dts_time": "18.651985",
            "best_effort_timestamp": 559,
            "best_effort_timestamp_time": "18.651985",
            "duration": 1,
            "duration_time": "0.033367",
            "pkt_pos": "70743292",
            "pkt_size": "120000",
            "width": 720,
            "height": 480,
            "crop_top": 0,
            "crop_bottom": 0,
            "crop_left": 0,
            "crop_right": 0,
            "pix_fmt": "yuv411p",
            "sample_aspect_ratio": "8:9",
            "pict_type": "I",
            "interlaced_frame": 1,
            "top_field_first": 0,
            "repeat_pict": 0,
            "chroma_location": "topleft"
        },
        {
            "media_type": "video",
            "stream_index": 0,
            "key_frame": 1,
            "pts": 560,
            "pts_time": "18.685352",
            "pkt_dts": 560,
            "pkt_dts_time": "18.685352",
            "best_effort_timestamp": 560,
            "best_effort_timestamp_time": "18.685352",
            "duration": 1,
            "duration_time": "0.033367",
            "pkt_pos": "70863300",
            "pkt_size": "120000",
            "width": 720,
            "height": 480,
            "crop_top": 0,
            "crop_bottom": 0,
            "crop_left": 0,
            "crop_right": 0,
            "pix_fmt": "yuv411p",
            "sample_aspect_ratio": "8:9",
            "pict_type": "I",
            "interlaced_frame": 1,
            "top_field_first": 0,
            "repeat_pict": 0,
            "chroma_location": "topleft"
        },
        {
            "media_type": "video",
            "stream_index": 0,
            "key_frame": 1,
            "pts": 561,
            "pts_time": "18.718719",
            "pkt_dts": 561,
            "pkt_dts_time": "18.718719",
            "best_effort_timestamp": 561,
            "best_effort_timestamp_time": "18.718719",
            "duration": 1,
            "duration_time": "0.033367",
            "pkt_pos": "70983308",
            "pkt_size": "120000",
            "width": 720,
            "height": 480,
            "crop_top": 0,
            "crop_bottom": 0,
            "crop_left": 0,
            "crop_right": 0,
            "pix_fmt": "yuv411p",
            "sample_aspect_ratio": "8:9",
            "pict_type": "I",
            "interlaced_frame": 1,
            "top_field_first": 0,
            "repeat_pict": 0,
            "chroma_location": "topleft"
        },
        {
            "media_type": "video",
            "stream_index": 0,
            "key_frame": 1,
            "pts": 562,
            "pts_time": "18.752085",
            "pkt_dts": 562,
            "pkt_dts_time": "18.752085",
            "best_effort_timestamp": 562,
            "best_effort_timestamp_time": "18.752085",
            "duration": 1,
            "duration_time": "0.033367",
            "pkt_pos": "71103316",
            "pkt_size": "120000",
            "width": 720,
            "height": 480,
            "crop_top": 0,
            "crop_bottom": 0,
            "crop_left": 0,
            "crop_right": 0,
            "pix_fmt": "yuv411p",
            "sample_aspect_ratio": "8:9",
            "pict_type": "I",
            "interlaced_frame": 1,
            "top_field_first": 0,
            "repeat_pict": 0,
            "chroma_location": "topleft"
        },
        {
            "media_type": "video",
            "stream_index": 0,
            "key_frame": 1,
            "pts": 563,
            "pts_time": "18.785452",
            "pkt_dts": 563,
            "pkt_dts_time": "18.785452",
            "best_effort_timestamp": 563,
            "best_effort_timestamp_time": "18.785452",
            "duration": 1,
            "duration_time": "0.033367",
            "pkt_pos": "71223324",
            "pkt_size": "120000",
            "width": 720,
            "height": 480,
            "crop_top": 0,
            "crop_bottom": 0,
            "crop_left": 0,
            "crop_right": 0,
            "pix_fmt": "yuv411p",
            "sample_aspect_ratio": "8:9",
            "pict_type": "I",
            "interlaced_frame": 1,
            "top_field_first": 0,
            "repeat_pict": 0,
            "chroma_location": "topleft"
        },
        {
            "media_type": "video",
            "stream_index": 0,
            "key_frame": 1,
            "pts": 564,
            "pts_time": "18.818819",
            "pkt_dts": 564,
            "pkt_dts_time": "18.818819",
            "best_effort_timestamp": 564,
            "best_effort_timestamp_time": "18.818819",
            "duration": 1,
            "duration_time": "0.033367",
            "pkt_pos": "71343332",
            "pkt_size": "120000",
            "width": 720,
            "height": 480,
            "crop_top": 0,
            "crop_bottom": 0,
            "crop_left": 0,
            "crop_right": 0,
            "pix_fmt": "yuv411p",
            "sample_aspect_ratio": "8:9",
            "pict_type": "I",
            "interlaced_frame": 1,
            "top_field_first": 0,
            "repeat_pict": 0,
            "chroma_location": "topleft"
        },
        {
            "media_type": "video",
            "stream_index": 0,
            "key_frame": 1,
            "pts": 565,
            "pts_time": "18.852186",
            "pkt_dts": 565,
            "pkt_dts_time": "18.852186",
            "best_effort_timestamp": 565,
            "best_effort_timestamp_time": "18.852186",
            "duration": 1,
            "duration_time": "0.033367",
            "pkt_pos": "71463340",
            "pkt_size": "120000",
            "width": 720,
            "height": 480,
            "crop_top": 0,
            "crop_bottom": 0,
            "crop_left": 0,
            "crop_right": 0,
            "pix_fmt": "yuv411p",
            "sample_aspect_ratio": "8:9",
            "pict_type": "I",
            "interlaced_frame": 1,
            "top_field_first": 0,
            "repeat_pict": 0,
            "chroma_location": "topleft"
        },
        {
            "media_type": "video",
            "stream_index": 0,
            "key_frame": 1,
            "pts": 566,
            "pts_time": "18.885552",
            "pkt_dts": 566,
            "pkt_dts_time": "18.885552",
            "best_effort_timestamp": 566,
            "best_effort_timestamp_time": "18.885552",
            "duration": 1,
            "duration_time": "0.033367",
            "pkt_pos": "71583348",
            "pkt_size": "120000",
            "width": 720,
            "height": 480,
            "crop_top": 0,
            "crop_bottom": 0,
            "crop_left": 0,
            "crop_right": 0,
            "pix_fmt": "yuv411p",
            "sample_aspect_ratio": "8:9",
            "pict_type": "I",
            "interlaced_frame": 1,
            "top_field_first": 0,
            "repeat_pict": 0,
            "chroma_location": "topleft"
        },
        {
            "media_type": "video",
            "stream_index": 0,
            "key_frame": 1,
            "pts": 567,
            "pts_time": "18.918919",
            "pkt_dts": 567,
            "pkt_dts_time": "18.918919",
            "best_effort_timestamp": 567,
            "best_effort_timestamp_time": "18.918919",
            "duration": 1,
            "duration_time": "0.033367",
            "pkt_pos": "71703356",
            "pkt_size": "120000",
            "width": 720,
            "height": 480,
            "crop_top": 0,
            "crop_bottom": 0,
            "crop_left": 0,
            "crop_right": 0,
            "pix_fmt": "yuv411p",
            "sample_aspect_ratio": "8:9",
            "pict_type": "I",
            "interlaced_frame": 1,
            "top_field_first": 0,
            "repeat_pict": 0,
            "chroma_location": "topleft"
        },
        {
            "media_type": "video",
            "stream_index": 0,
            "key_frame": 1,
            "pts": 568,
            "pts_time": "18.952286",
            "pkt_dts": 568,
            "pkt_dts_time": "18.952286",
            "best_effort_timestamp": 568,
            "best_effort_timestamp_time": "18.952286",
            "duration": 1,
            "duration_time": "0.033367",
            "pkt_pos": "71823364",
            "pkt_size": "120000",
            "width": 720,
            "height": 480,
            "crop_top": 0,
            "crop_bottom": 0,
            "crop_left": 0,
            "crop_right": 0,
            "pix_fmt": "yuv411p",
            "sample_aspect_ratio": "8:9",
            "pict_type": "I",
            "interlaced_frame": 1,
            "top_field_first": 0,
            "repeat_pict": 0,
            "chroma_location": "topleft"
        },
        {
            "media_type": "video",
            "stream_index": 0,
            "key_frame": 1,
            "pts": 569,
            "pts_time": "18.985652",
            "pkt_dts": 569,
            "pkt_dts_time": "18.985652",
            "best_effort_timestamp": 569,
            "best_effort_timestamp_time": "18.985652",
            "duration": 1,
            "duration_time": "0.033367",
            "pkt_pos": "71943372",
            "pkt_size": "120000",
            "width": 720,
            "height": 480,
            "crop_top": 0,
            "crop_bottom": 0,
            "crop_left": 0,
            "crop_right": 0,
            "pix_fmt": "yuv411p",
            "sample_aspect_ratio": "8:9",
            "pict_type": "I",
            "interlaced_frame": 1,
            "top_field_first": 0,
            "repeat_pict": 0,
            "chroma_location": "topleft"
        },
        {
            "media_type": "video",
            "stream_index": 0,
            "key_frame": 1,
            "pts": 570,
            "pts_time": "19.019019",
            "pkt_dts": 570,
            "pkt_dts_time": "19.019019",
            "best_effort_timestamp": 570,
            "best_effort_timestamp_time": "19.019019",
            "duration": 1,
            "duration_time": "0.033367",
            "pkt_pos": "72063380",
            "pkt_size": "120000",
            "width": 720,
            "height": 480,
            "crop_top": 0,
            "crop_bottom": 0,
            "crop_left": 0,
            "crop_right": 0,
            "pix_fmt": "yuv411p",
            "sample_aspect_ratio": "8:9",
            "pict_type": "I",
            "interlaced_frame": 1,
            "top_field_first": 0,
            "repeat_pict": 0,
            "chroma_location": "topleft"
        },
        {
            "media_type": "video",
            "stream_index": 0,
            "key_frame": 1,
            "pts": 571,
            "pts_time": "19.052386",
            "pkt_dts": 571,
            "pkt_dts_time": "19.052386",
            "best_effort_timestamp": 571,
            "best_effort_timestamp_time": "19.052386",
            "duration": 1,
            "duration_time": "0.033367",
            "pkt_pos": "72183388",
            "pkt_size": "120000",
            "width": 720,
            "height": 480,
            "crop_top": 0,
            "crop_bottom": 0,
            "crop_left": 0,
            "crop_right": 0,
            "pix_fmt": "yuv411p",
            "sample_aspect_ratio": "8:9",
            "pict_type": "I",
            "interlaced_frame": 1,
            "top_field_first": 0,
            "repeat_pict": 0,
            "chroma_location": "topleft"
        },
        {
            "media_type": "video",
            "stream_index": 0,
            "key_frame": 1,
            "pts": 572,
            "pts_time": "19.085752",
            "pkt_dts": 572,
            "pkt_dts_time": "19.085752",
            "best_effort_timestamp": 572,
            "best_effort_timestamp_time": "19.085752",
            "duration": 1,
            "duration_time": "0.033367",
            "pkt_pos": "72303396",
            "pkt_size": "120000",
            "width": 720,
            "height": 480,
            "crop_top": 0,
            "crop_bottom": 0,
            "crop_left": 0,
            "crop_right": 0,
            "pix_fmt": "yuv411p",
            "sample_aspect_ratio": "8:9",
            "pict_type": "I",
            "interlaced_frame": 1,
            "top_field_first": 0,
            "repeat_pict": 0,
            "chroma_location": "topleft"
        },
        {
            "media_type": "video",
            "stream_index": 0,
            "key_frame": 1,
            "pts": 573,
            "pts_time": "19.119119",
            "pkt_dts": 573,
            "pkt_dts_time": "19.119119",
            "best_effort_timestamp": 573,
            "best_effort_timestamp_time": "19.119119",
            "duration": 1,
            "duration_time": "0.033367",
            "pkt_pos": "72423404",
            "pkt_size": "120000",
            "width": 720,
            "height": 480,
            "crop_top": 0,
            "crop_bottom": 0,
            "crop_left": 0,
            "crop_right": 0,
            "pix_fmt": "yuv411p",
            "sample_aspect_ratio": "8:9",
            "pict_type": "I",
            "interlaced_frame": 1,
            "top_field_first": 0,
            "repeat_pict": 0,
            "chroma_location": "topleft"
        },
        {
            "media_type": "video",
            "stream_index": 0,
            "key_frame": 1,
            "pts": 574,
            "pts_time": "19.152486",
            "pkt_dts": 574,
            "pkt_dts_time": "19.152486",
            "best_effort_timestamp": 574,
            "best_effort_timestamp_time": "19.152486",
            "duration": 1,
            "duration_time": "0.033367",
            "pkt_pos": "72543412",
            "pkt_size": "120000",
            "width": 720,
            "height": 480,
            "crop_top": 0,
            "crop_bottom": 0,
            "crop_left": 0,
            "crop_right": 0,
            "pix_fmt": "yuv411p",
            "sample_aspect_ratio": "8:9",
            "pict_type": "I",
            "interlaced_frame": 1,
            "top_field_first": 0,
            "repeat_pict": 0,
            "chroma_location": "topleft"
        },
        {
            "media_type": "video",
            "stream_index": 0,
            "key_frame": 1,
            "pts": 575,
            "pts_time": "19.185852",
            "pkt_dts": 575,
            "pkt_dts_time": "19.185852",
            "best_effort_timestamp": 575,
            "best_effort_timestamp_time": "19.185852",
            "duration": 1,
            "duration_time": "0.033367",
            "pkt_pos": "72663420",
            "pkt_size": "120000",
            "width": 720,
            "height": 480,
            "crop_top": 0,
            "crop_bottom": 0,
            "crop_left": 0,
            "crop_right": 0,
            "pix_fmt": "yuv411p",
            "sample_aspect_ratio": "8:9",
            "pict_type": "I",
            "interlaced_frame": 1,
            "top_field_first": 0,
            "repeat_pict": 0,
            "chroma_location": "topleft"
        },
        {
            "media_type": "video",
            "stream_index": 0,
            "key_frame": 1,
            "pts": 576,
            "pts_time": "19.219219",
            "pkt_dts": 576,
            "pkt_dts_time": "19.219219",
            "best_effort_timestamp": 576,
            "best_effort_timestamp_time": "19.219219",
            "duration": 1,
            "duration_time": "0.033367",
            "pkt_pos": "72783428",
            "pkt_size": "120000",
            "width": 720,
            "height": 480,
            "crop_top": 0,
            "crop_bottom": 0,
            "crop_left": 0,
            "crop_right": 0,
            "pix_fmt": "yuv411p",
            "sample_aspect_ratio": "8:9",
            "pict_type": "I",
            "interlaced_frame": 1,
            "top_field_first": 0,
            "repeat_pict": 0,
            "chroma_location": "topleft"
        },
        {
            "media_type": "video",
            "stream_index": 0,
            "key_frame": 1,
            "pts": 577,
            "pts_time": "19.252586",
            "pkt_dts": 577,
            "pkt_dts_time": "19.252586",
            "best_effort_timestamp": 577,
            "best_effort_timestamp_time": "19.252586",
            "duration": 1,
            "duration_time": "0.033367",
            "pkt_pos": "72903436",
            "pkt_size": "120000",
            "width": 720,
            "height": 480,
            "crop_top": 0,
            "crop_bottom": 0,
            "crop_left": 0,
            "crop_right": 0,
            "pix_fmt": "yuv411p",
            "sample_aspect_ratio": "8:9",
            "pict_type": "I",
            "interlaced_frame": 1,
            "top_field_first": 0,
            "repeat_pict": 0,
            "chroma_location": "topleft"
        },
        {
            "media_type": "video",
            "stream_index": 0,
            "key_frame": 1,
            "pts": 578,
            "pts_time": "19.285953",
            "pkt_dts": 578,
            "pkt_dts_time": "19.285953",
            "best_effort_timestamp": 578,
            "best_effort_timestamp_time": "19.285953",
            "duration": 1,
            "duration_time": "0.033367",
            "pkt_pos": "73023444",
            "pkt_size": "120000",
            "width": 720,
            "height": 480,
            "crop_top": 0,
            "crop_bottom": 0,
            "crop_left": 0,
            "crop_right": 0,
            "pix_fmt": "yuv411p",
            "sample_aspect_ratio": "8:9",
            "pict_type": "I",
            "interlaced_frame": 1,
            "top_field_first": 0,
            "repeat_pict": 0,
            "chroma_location": "topleft"
        },
        {
            "media_type": "video",
            "stream_index": 0,
            "key_frame": 1,
            "pts": 579,
            "pts_time": "19.319319",
            "pkt_dts": 579,
            "pkt_dts_time": "19.319319",
            "best_effort_timestamp": 579,
            "best_effort_timestamp_time": "19.319319",
            "duration": 1,
            "duration_time": "0.033367",
            "pkt_pos": "73143452",
            "pkt_size": "120000",
            "width": 720,
            "height": 480,
            "crop_top": 0,
            "crop_bottom": 0,
            "crop_left": 0,
            "crop_right": 0,
            "pix_fmt": "yuv411p",
            "sample_aspect_ratio": "8:9",
            "pict_type": "I",
            "interlaced_frame": 1,
            "top_field_first": 0,
            "repeat_pict": 0,
            "chroma_location": "topleft"
        },
        {
            "media_type": "video",
            "stream_index": 0,
            "key_frame": 1,
            "pts": 580,
            "pts_time": "19.352686",
            "pkt_dts": 580,
            "pkt_dts_time": "19.352686",
            "best_effort_timestamp": 580,
            "best_effort_timestamp_time": "19.352686",
            "duration": 1,
            "duration_time": "0.033367",
            "pkt_pos": "73449252",
            "pkt_size": "120000",
            "width": 720,
            "height": 480,
            "crop_top": 0,
            "crop_bottom": 0,
            "crop_left": 0,
            "crop_right": 0,
            "pix_fmt": "yuv411p",
            "sample_aspect_ratio": "8:9",
            "pict_type": "I",
            "interlaced_frame": 1,
            "top_field_first": 0,
            "repeat_pict": 0,
            "chroma_location": "topleft"
        },
        {
            "media_type": "video",
            "stream_index": 0,
            "key_frame": 1,
            "pts": 581,
            "pts_time": "19.386053",
            "pkt_dts": 581,
            "pkt_dts_time": "19.386053",
            "best_effort_timestamp": 581,
            "best_effort_timestamp_time": "19.386053",
            "duration": 1,
            "duration_time": "0.033367",
            "pkt_pos": "73569260",
            "pkt_size": "120000",
            "width": 720,
            "height": 480,
            "crop_top": 0,
            "crop_bottom": 0,
            "crop_left": 0,
            "crop_right": 0,
            "pix_fmt": "yuv411p",
            "sample_aspect_ratio": "8:9",
            "pict_type": "I",
            "interlaced_frame": 1,
            "top_field_first": 0,
            "repeat_pict": 0,
            "chroma_location": "topleft"
        },
        {
            "media_type": "video",
            "stream_index": 0,
            "key_frame": 1,
            "pts": 582,
            "pts_time": "19.419419",
            "pkt_dts": 582,
            "pkt_dts_time": "19.419419",
            "best_effort_timestamp": 582,
            "best_effort_timestamp_time": "19.419419",
            "duration": 1,
            "duration_time": "0.033367",
            "pkt_pos": "73689268",
            "pkt_size": "120000",
            "width": 720,
            "height": 480,
            "crop_top": 0,
            "crop_bottom": 0,
            "crop_left": 0,
            "crop_right": 0,
            "pix_fmt": "yuv411p",
            "sample_aspect_ratio": "8:9",
            "pict_type": "I",
            "interlaced_frame": 1,
            "top_field_first": 0,
            "repeat_pict": 0,
            "chroma_location": "topleft"
        },
        {
            "media_type": "video",
            "stream_index": 0,
            "key_frame": 1,
            "pts": 583,
            "pts_time": "19.452786",
            "pkt_dts": 583,
            "pkt_dts_time": "19.452786",
            "best_effort_timestamp": 583,
            "best_effort_timestamp_time": "19.452786",
            "duration": 1,
            "duration_time": "0.033367",
            "pkt_pos": "73809276",
            "pkt_size": "120000",
            "width": 720,
            "height": 480,
            "crop_top": 0,
            "crop_bottom": 0,
            "crop_left": 0,
            "crop_right": 0,
            "pix_fmt": "yuv411p",
            "sample_aspect_ratio": "8:9",
            "pict_type": "I",
            "interlaced_frame": 1,
            "top_field_first": 0,
            "repeat_pict": 0,
            "chroma_location": "topleft"
        },
        {
            "media_type": "video",
            "stream_index": 0,
            "key_frame": 1,
            "pts": 584,
            "pts_time": "19.486153",
            "pkt_dts": 584,
            "pkt_dts_time": "19.486153",
            "best_effort_timestamp": 584,
            "best_effort_timestamp_time": "19.486153",
            "duration": 1,
            "duration_time": "0.033367",
            "pkt_pos": "73929284",
            "pkt_size": "120000",
            "width": 720,
            "height": 480,
            "crop_top": 0,
            "crop_bottom": 0,
            "crop_left": 0,
            "crop_right": 0,
            "pix_fmt": "yuv411p",
            "sample_aspect_ratio": "8:9",
            "pict_type": "I",
            "interlaced_frame": 1,
            "top_field_first": 0,
            "repeat_pict": 0,
            "chroma_location": "topleft"
        },
        {
            "media_type": "video",
            "stream_index": 0,
            "key_frame": 1,
            "pts": 585,
            "pts_time": "19.519520",
            "pkt_dts": 585,
            "pkt_dts_time": "19.519520",
            "best_effort_timestamp": 585,
            "best_effort_timestamp_time": "19.519520",
            "duration": 1,
            "duration_time": "0.033367",
            "pkt_pos": "74049292",
            "pkt_size": "120000",
            "width": 720,
            "height": 480,
            "crop_top": 0,
            "crop_bottom": 0,
            "crop_left": 0,
            "crop_right": 0,
            "pix_fmt": "yuv411p",
            "sample_aspect_ratio": "8:9",
            "pict_type": "I",
            "interlaced_frame": 1,
            "top_field_first": 0,
            "repeat_pict": 0,
            "chroma_location": "topleft"
        },
        {
            "media_type": "video",
            "stream_index": 0,
            "key_frame": 1,
            "pts": 586,
            "pts_time": "19.552886",
            "pkt_dts": 586,
            "pkt_dts_time": "19.552886",
            "best_effort_timestamp": 586,
            "best_effort_timestamp_time": "19.552886",
            "duration": 1,
            "duration_time": "0.033367",
            "pkt_pos": "74169300",
            "pkt_size": "120000",
            "width": 720,
            "height": 480,
            "crop_top": 0,
            "crop_bottom": 0,
            "crop_left": 0,
            "crop_right": 0,
            "pix_fmt": "yuv411p",
            "sample_aspect_ratio": "8:9",
            "pict_type": "I",
            "interlaced_frame": 1,
            "top_field_first": 0,
            "repeat_pict": 0,
            "chroma_location": "topleft"
        },
        {
            "media_type": "video",
            "stream_index": 0,
            "key_frame": 1,
            "pts": 587,
            "pts_time": "19.586253",
            "pkt_dts": 587,
            "pkt_dts_time": "19.586253",
            "best_effort_timestamp": 587,
            "best_effort_timestamp_time": "19.586253",
            "duration": 1,
            "duration_time": "0.033367",
            "pkt_pos": "74289308",
            "pkt_size": "120000",
            "width": 720,
            "height": 480,
            "crop_top": 0,
            "crop_bottom": 0,
            "crop_left": 0,
            "crop_right": 0,
            "pix_fmt": "yuv411p",
            "sample_aspect_ratio": "8:9",
            "pict_type": "I",
            "interlaced_frame": 1,
            "top_field_first": 0,
            "repeat_pict": 0,
            "chroma_location": "topleft"
        },
        {
            "media_type": "video",
            "stream_index": 0,
            "key_frame": 1,
            "pts": 588,
            "pts_time": "19.619620",
            "pkt_dts": 588,
            "pkt_dts_time": "19.619620",
            "best_effort_timestamp": 588,
            "best_effort_timestamp_time": "19.619620",
            "duration": 1,
            "duration_time": "0.033367",
            "pkt_pos": "74409316",
            "pkt_size": "120000",
            "width": 720,
            "height": 480,
            "crop_top": 0,
            "crop_bottom": 0,
            "crop_left": 0,
            "crop_right": 0,
            "pix_fmt": "yuv411p",
            "sample_aspect_ratio": "8:9",
            "pict_type": "I",
            "interlaced_frame": 1,
            "top_field_first": 0,
            "repeat_pict": 0,
            "chroma_location": "topleft"
        },
        {
            "media_type": "video",
            "stream_index": 0,
            "key_frame": 1,
            "pts": 589,
            "pts_time": "19.652986",
            "pkt_dts": 589,
            "pkt_dts_time": "19.652986",
            "best_effort_timestamp": 589,
            "best_effort_timestamp_time": "19.652986",
            "duration": 1,
            "duration_time": "0.033367",
            "pkt_pos": "74529324",
            "pkt_size": "120000",
            "width": 720,
            "height": 480,
            "crop_top": 0,
            "crop_bottom": 0,
            "crop_left": 0,
            "crop_right": 0,
            "pix_fmt": "yuv411p",
            "sample_aspect_ratio": "8:9",
            "pict_type": "I",
            "interlaced_frame": 1,
            "top_field_first": 0,
            "repeat_pict": 0,
            "chroma_location": "topleft"
        },
        {
            "media_type": "video",
            "stream_index": 0,
            "key_frame": 1,
            "pts": 590,
            "pts_time": "19.686353",
            "pkt_dts": 590,
            "pkt_dts_time": "19.686353",
            "best_effort_timestamp": 590,
            "best_effort_timestamp_time": "19.686353",
            "duration": 1,
            "duration_time": "0.033367",
            "pkt_pos": "74649332",
            "pkt_size": "120000",
            "width": 720,
            "height": 480,
            "crop_top": 0,
            "crop_bottom": 0,
            "crop_left": 0,
            "crop_right": 0,
            "pix_fmt": "yuv411p",
            "sample_aspect_ratio": "8:9",
            "pict_type": "I",
            "interlaced_frame": 1,
            "top_field_first": 0,
            "repeat_pict": 0,
            "chroma_location": "topleft"
        },
        {
            "media_type": "video",
            "stream_index": 0,
            "key_frame": 1,
            "pts": 591,
            "pts_time": "19.719720",
            "pkt_dts": 591,
            "pkt_dts_time": "19.719720",
            "best_effort_timestamp": 591,
            "best_effort_timestamp_time": "19.719720",
            "duration": 1,
            "duration_time": "0.033367",
            "pkt_pos": "74769340",
            "pkt_size": "120000",
            "width": 720,
            "height": 480,
            "crop_top": 0,
            "crop_bottom": 0,
            "crop_left": 0,
            "crop_right": 0,
            "pix_fmt": "yuv411p",
            "sample_aspect_ratio": "8:9",
            "pict_type": "I",
            "interlaced_frame": 1,
            "top_field_first": 0,
            "repeat_pict": 0,
            "chroma_location": "topleft"
        },
        {
            "media_type": "video",
            "stream_index": 0,
            "key_frame": 1,
            "pts": 592,
            "pts_time": "19.753086",
            "pkt_dts": 592,
            "pkt_dts_time": "19.753086",
            "best_effort_timestamp": 592,
            "best_effort_timestamp_time": "19.753086",
            "duration": 1,
            "duration_time": "0.033367",
            "pkt_pos": "74889348",
            "pkt_size": "120000",
            "width": 720,
            "height": 480,
            "crop_top": 0,
            "crop_bottom": 0,
            "crop_left": 0,
            "crop_right": 0,
            "pix_fmt": "yuv411p",
            "sample_aspect_ratio": "8:9",
            "pict_type": "I",
            "interlaced_frame": 1,
            "top_field_first": 0,
            "repeat_pict": 0,
            "chroma_location": "topleft"
        },
        {
            "media_type": "video",
            "stream_index": 0,
            "key_frame": 1,
            "pts": 593,
            "pts_time": "19.786453",
            "pkt_dts": 593,
            "pkt_dts_time": "19.786453",
            "best_effort_timestamp": 593,
            "best_effort_timestamp_time": "19.786453",
            "duration": 1,
            "duration_time": "0.033367",
            "pkt_pos": "75009356",
            "pkt_size": "120000",
            "width": 720,
            "height": 480,
            "crop_top": 0,
            "crop_bottom": 0,
            "crop_left": 0,
            "crop_right": 0,
            "pix_fmt": "yuv411p",
            "sample_aspect_ratio": "8:9",
            "pict_type": "I",
            "interlaced_frame": 1,
            "top_field_first": 0,
            "repeat_pict": 0,
            "chroma_location": "topleft"
        },
        {
            "media_type": "video",
            "stream_index": 0,
            "key_frame": 1,
            "pts": 594,
            "pts_time": "19.819820",
            "pkt_dts": 594,
            "pkt_dts_time": "19.819820",
            "best_effort_timestamp": 594,
            "best_effort_timestamp_time": "19.819820",
            "duration": 1,
            "duration_time": "0.033367",
            "pkt_pos": "75129364",
            "pkt_size": "120000",
            "width": 720,
            "height": 480,
            "crop_top": 0,
            "crop_bottom": 0,
            "crop_left": 0,
            "crop_right": 0,
            "pix_fmt": "yuv411p",
            "sample_aspect_ratio": "8:9",
            "pict_type": "I",
            "interlaced_frame": 1,
            "top_field_first": 0,
            "repeat_pict": 0,
            "chroma_location": "topleft"
        },
        {
            "media_type": "video",
            "stream_index": 0,
            "key_frame": 1,
            "pts": 595,
            "pts_time": "19.853186",
            "pkt_dts": 595,
            "pkt_dts_time": "19.853186",
            "best_effort_timestamp": 595,
            "best_effort_timestamp_time": "19.853186",
            "duration": 1,
            "duration_time": "0.033367",
            "pkt_pos": "75249372",
            "pkt_size": "120000",
            "width": 720,
            "height": 480,
            "crop_top": 0,
            "crop_bottom": 0,
            "crop_left": 0,
            "crop_right": 0,
            "pix_fmt": "yuv411p",
            "sample_aspect_ratio": "8:9",
            "pict_type": "I",
            "interlaced_frame": 1,
            "top_field_first": 0,
            "repeat_pict": 0,
            "chroma_location": "topleft"
        },
        {
            "media_type": "video",
            "stream_index": 0,
            "key_frame": 1,
            "pts": 596,
            "pts_time": "19.886553",
            "pkt_dts": 596,
            "pkt_dts_time": "19.886553",
            "best_effort_timestamp": 596,
            "best_effort_timestamp_time": "19.886553",
            "duration": 1,
            "duration_time": "0.033367",
            "pkt_pos": "75369380",
            "pkt_size": "120000",
            "width": 720,
            "height": 480,
            "crop_top": 0,
            "crop_bottom": 0,
            "crop_left": 0,
            "crop_right": 0,
            "pix_fmt": "yuv411p",
            "sample_aspect_ratio": "8:9",
            "pict_type": "I",
            "interlaced_frame": 1,
            "top_field_first": 0,
            "repeat_pict": 0,
            "chroma_location": "topleft"
        },
        {
            "media_type": "video",
            "stream_index": 0,
            "key_frame": 1,
            "pts": 597,
            "pts_time": "19.919920",
            "pkt_dts": 597,
            "pkt_dts_time": "19.919920",
            "best_effort_timestamp": 597,
            "best_effort_timestamp_time": "19.919920",
            "duration": 1,
            "duration_time": "0.033367",
            "pkt_pos": "75489388",
            "pkt_size": "120000",
            "width": 720,
            "height": 480,
            "crop_top": 0,
            "crop_bottom": 0,
            "crop_left": 0,
            "crop_right": 0,
            "pix_fmt": "yuv411p",
            "sample_aspect_ratio": "8:9",
            "pict_type": "I",
            "interlaced_frame": 1,
            "top_field_first": 0,
            "repeat_pict": 0,
            "chroma_location": "topleft"
        },
        {
            "media_type": "video",
            "stream_index": 0,
            "key_frame": 1,
            "pts": 598,
            "pts_time": "19.953287",
            "pkt_dts": 598,
            "pkt_dts_time": "19.953287",
            "best_effort_timestamp": 598,
            "best_effort_timestamp_time": "19.953287",
            "duration": 1,
            "duration_time": "0.033367",
            "pkt_pos": "75609396",
            "pkt_size": "120000",
            "width": 720,
            "height": 480,
            "crop_top": 0,
            "crop_bottom": 0,
            "crop_left": 0,
            "crop_right": 0,
            "pix_fmt": "yuv411p",
            "sample_aspect_ratio": "8:9",
            "pict_type": "I",
            "interlaced_frame": 1,
            "top_field_first": 0,
            "repeat_pict": 0,
            "chroma_location": "topleft"
        },
        {
            "media_type": "video",
            "stream_index": 0,
            "key_frame": 1,
            "pts": 599,
            "pts_time": "19.986653",
            "pkt_dts": 599,
            "pkt_dts_time": "19.986653",
            "best_effort_timestamp": 599,
            "best_effort_timestamp_time": "19.986653",
            "duration": 1,
            "duration_time": "0.033367",
            "pkt_pos": "75729404",
            "pkt_size": "120000",
            "width": 720,
            "height": 480,
            "crop_top": 0,
            "crop_bottom": 0,
            "crop_left": 0,
            "crop_right": 0,
            "pix_fmt": "yuv411p",
            "sample_aspect_ratio": "8:9",
            "pict_type": "I",
            "interlaced_frame": 1,
            "top_field_first": 0,
            "repeat_pict": 0,
            "chroma_location": "topleft"
        },
        {
            "media_type": "video",
            "stream_index": 0,
            "key_frame": 1,
            "pts": 600,
            "pts_time": "20.020020",
            "pkt_dts": 600,
            "pkt_dts_time": "20.020020",
            "best_effort_timestamp": 600,
            "best_effort_timestamp_time": "20.020020",
            "duration": 1,
            "duration_time": "0.033367",
            "pkt_pos": "75849412",
            "pkt_size": "120000",
            "width": 720,
            "height": 480,
            "crop_top": 0,
            "crop_bottom": 0,
            "crop_left": 0,
            "crop_right": 0,
            "pix_fmt": "yuv411p",
            "sample_aspect_ratio": "8:9",
            "pict_type": "I",
            "interlaced_frame": 1,
            "top_field_first": 0,
            "repeat_pict": 0,
            "chroma_location": "topleft"
        },
        {
            "media_type": "video",
            "stream_index": 0,
            "key_frame": 1,
            "pts": 601,
            "pts_time": "20.053387",
            "pkt_dts": 601,
            "pkt_dts_time": "20.053387",
            "best_effort_timestamp": 601,
            "best_effort_timestamp_time": "20.053387",
            "duration": 1,
            "duration_time": "0.033367",
            "pkt_pos": "75969420",
            "pkt_size": "120000",
            "width": 720,
            "height": 480,
            "crop_top": 0,
            "crop_bottom": 0,
            "crop_left": 0,
            "crop_right": 0,
            "pix_fmt": "yuv411p",
            "sample_aspect_ratio": "8:9",
            "pict_type": "I",
            "interlaced_frame": 1,
            "top_field_first": 0,
            "repeat_pict": 0,
            "chroma_location": "topleft"
        },
        {
            "media_type": "video",
            "stream_index": 0,
            "key_frame": 1,
            "pts": 602,
            "pts_time": "20.086753",
            "pkt_dts": 602,
            "pkt_dts_time": "20.086753",
            "best_effort_timestamp": 602,
            "best_effort_timestamp_time": "20.086753",
            "duration": 1,
            "duration_time": "0.033367",
            "pkt_pos": "76089428",
            "pkt_size": "120000",
            "width": 720,
            "height": 480,
            "crop_top": 0,
            "crop_bottom": 0,
            "crop_left": 0,
            "crop_right": 0,
            "pix_fmt": "yuv411p",
            "sample_aspect_ratio": "8:9",
            "pict_type": "I",
            "interlaced_frame": 1,
            "top_field_first": 0,
            "repeat_pict": 0,
            "chroma_location": "topleft"
        },
        {
            "media_type": "video",
            "stream_index": 0,
            "key_frame": 1,
            "pts": 603,
            "pts_time": "20.120120",
            "pkt_dts": 603,
            "pkt_dts_time": "20.120120",
            "best_effort_timestamp": 603,
            "best_effort_timestamp_time": "20.120120",
            "duration": 1,
            "duration_time": "0.033367",
            "pkt_pos": "76209436",
            "pkt_size": "120000",
            "width": 720,
            "height": 480,
            "crop_top": 0,
            "crop_bottom": 0,
            "crop_left": 0,
            "crop_right": 0,
            "pix_fmt": "yuv411p",
            "sample_aspect_ratio": "8:9",
            "pict_type": "I",
            "interlaced_frame": 1,
            "top_field_first": 0,
            "repeat_pict": 0,
            "chroma_location": "topleft"
        },
        {
            "media_type": "video",
            "stream_index": 0,
            "key_frame": 1,
            "pts": 604,
            "pts_time": "20.153487",
            "pkt_dts": 604,
            "pkt_dts_time": "20.153487",
            "best_effort_timestamp": 604,
            "best_effort_timestamp_time": "20.153487",
            "duration": 1,
            "duration_time": "0.033367",
            "pkt_pos": "76329444",
            "pkt_size": "120000",
            "width": 720,
            "height": 480,
            "crop_top": 0,
            "crop_bottom": 0,
            "crop_left": 0,
            "crop_right": 0,
            "pix_fmt": "yuv411p",
            "sample_aspect_ratio": "8:9",
            "pict_type": "I",
            "interlaced_frame": 1,
            "top_field_first": 0,
            "repeat_pict": 0,
            "chroma_location": "topleft"
        },
        {
            "media_type": "video",
            "stream_index": 0,
            "key_frame": 1,
            "pts": 605,
            "pts_time": "20.186853",
            "pkt_dts": 605,
            "pkt_dts_time": "20.186853",
            "best_effort_timestamp": 605,
            "best_effort_timestamp_time": "20.186853",
            "duration": 1,
            "duration_time": "0.033367",
            "pkt_pos": "76449452",
            "pkt_size": "120000",
            "width": 720,
            "height": 480,
            "crop_top": 0,
            "crop_bottom": 0,
            "crop_left": 0,
            "crop_right": 0,
            "pix_fmt": "yuv411p",
            "sample_aspect_ratio": "8:9",
            "pict_type": "I",
            "interlaced_frame": 1,
            "top_field_first": 0,
            "repeat_pict": 0,
            "chroma_location": "topleft"
        },
        {
            "media_type": "video",
            "stream_index": 0,
            "key_frame": 1,
            "pts": 606,
            "pts_time": "20.220220",
            "pkt_dts": 606,
            "pkt_dts_time": "20.220220",
            "best_effort_timestamp": 606,
            "best_effort_timestamp_time": "20.220220",
            "duration": 1,
            "duration_time": "0.033367",
            "pkt_pos": "76569460",
            "pkt_size": "120000",
            "width": 720,
            "height": 480,
            "crop_top": 0,
            "crop_bottom": 0,
            "crop_left": 0,
            "crop_right": 0,
            "pix_fmt": "yuv411p",
            "sample_aspect_ratio": "8:9",
            "pict_type": "I",
            "interlaced_frame": 1,
            "top_field_first": 0,
            "repeat_pict": 0,
            "chroma_location": "topleft"
        },
        {
            "media_type": "video",
            "stream_index": 0,
            "key_frame": 1,
            "pts": 607,
            "pts_time": "20.253587",
            "pkt_dts": 607,
            "pkt_dts_time": "20.253587",
            "best_effort_timestamp": 607,
            "best_effort_timestamp_time": "20.253587",
            "duration": 1,
            "duration_time": "0.033367",
            "pkt_pos": "76689468",
            "pkt_size": "120000",
            "width": 720,
            "height": 480,
            "crop_top": 0,
            "crop_bottom": 0,
            "crop_left": 0,
            "crop_right": 0,
            "pix_fmt": "yuv411p",
            "sample_aspect_ratio": "8:9",
            "pict_type": "I",
            "interlaced_frame": 1,
            "top_field_first": 0,
            "repeat_pict": 0,
            "chroma_location": "topleft"
        },
        {
            "media_type": "video",
            "stream_index": 0,
            "key_frame": 1,
            "pts": 608,
            "pts_time": "20.286954",
            "pkt_dts": 608,
            "pkt_dts_time": "20.286954",
            "best_effort_timestamp": 608,
            "best_effort_timestamp_time": "20.286954",
            "duration": 1,
            "duration_time": "0.033367",
            "pkt_pos": "76809476",
            "pkt_size": "120000",
            "width": 720,
            "height": 480,
            "crop_top": 0,
            "crop_bottom": 0,
            "crop_left": 0,
            "crop_right": 0,
            "pix_fmt": "yuv411p",
            "sample_aspect_ratio": "8:9",
            "pict_type": "I",
            "interlaced_frame": 1,
            "top_field_first": 0,
            "repeat_pict": 0,
            "chroma_location": "topleft"
        },
        {
            "media_type": "video",
            "stream_index": 0,
            "key_frame": 1,
            "pts": 609,
            "pts_time": "20.320320",
            "pkt_dts": 609,
            "pkt_dts_time": "20.320320",
            "best_effort_timestamp": 609,
            "best_effort_timestamp_time": "20.320320",
            "duration": 1,
            "duration_time": "0.033367",
            "pkt_pos": "77115280",
            "pkt_size": "120000",
            "width": 720,
            "height": 480,
            "crop_top": 0,
            "crop_bottom": 0,
            "crop_left": 0,
            "crop_right": 0,
            "pix_fmt": "yuv411p",
            "sample_aspect_ratio": "8:9",
            "pict_type": "I",
            "interlaced_frame": 1,
            "top_field_first": 0,
            "repeat_pict": 0,
            "chroma_location": "topleft"
        },
        {
            "media_type": "video",
            "stream_index": 0,
            "key_frame": 1,
            "pts": 610,
            "pts_time": "20.353687",
            "pkt_dts": 610,
            "pkt_dts_time": "20.353687",
            "best_effort_timestamp": 610,
            "best_effort_timestamp_time": "20.353687",
            "duration": 1,
            "duration_time": "0.033367",
            "pkt_pos": "77235288",
            "pkt_size": "120000",
            "width": 720,
            "height": 480,
            "crop_top": 0,
            "crop_bottom": 0,
            "crop_left": 0,
            "crop_right": 0,
            "pix_fmt": "yuv411p",
            "sample_aspect_ratio": "8:9",
            "pict_type": "I",
            "interlaced_frame": 1,
            "top_field_first": 0,
            "repeat_pict": 0,
            "chroma_location": "topleft"
        },
        {
            "media_type": "video",
            "stream_index": 0,
            "key_frame": 1,
            "pts": 611,
            "pts_time": "20.387054",
            "pkt_dts": 611,
            "pkt_dts_time": "20.387054",
            "best_effort_timestamp": 611,
            "best_effort_timestamp_time": "20.387054",
            "duration": 1,
            "duration_time": "0.033367",
            "pkt_pos": "77355296",
            "pkt_size": "120000",
            "width": 720,
            "height": 480,
            "crop_top": 0,
            "crop_bottom": 0,
            "crop_left": 0,
            "crop_right": 0,
            "pix_fmt": "yuv411p",
            "sample_aspect_ratio": "8:9",
            "pict_type": "I",
            "interlaced_frame": 1,
            "top_field_first": 0,
            "repeat_pict": 0,
            "chroma_location": "topleft"
        },
        {
            "media_type": "video",
            "stream_index": 0,
            "key_frame": 1,
            "pts": 612,
            "pts_time": "20.420420",
            "pkt_dts": 612,
            "pkt_dts_time": "20.420420",
            "best_effort_timestamp": 612,
            "best_effort_timestamp_time": "20.420420",
            "duration": 1,
            "duration_time": "0.033367",
            "pkt_pos": "77475304",
            "pkt_size": "120000",
            "width": 720,
            "height": 480,
            "crop_top": 0,
            "crop_bottom": 0,
            "crop_left": 0,
            "crop_right": 0,
            "pix_fmt": "yuv411p",
            "sample_aspect_ratio": "8:9",
            "pict_type": "I",
            "interlaced_frame": 1,
            "top_field_first": 0,
            "repeat_pict": 0,
            "chroma_location": "topleft"
        },
        {
            "media_type": "video",
            "stream_index": 0,
            "key_frame": 1,
            "pts": 613,
            "pts_time": "20.453787",
            "pkt_dts": 613,
            "pkt_dts_time": "20.453787",
            "best_effort_timestamp": 613,
            "best_effort_timestamp_time": "20.453787",
            "duration": 1,
            "duration_time": "0.033367",
            "pkt_pos": "77595312",
            "pkt_size": "120000",
            "width": 720,
            "height": 480,
            "crop_top": 0,
            "crop_bottom": 0,
            "crop_left": 0,
            "crop_right": 0,
            "pix_fmt": "yuv411p",
            "sample_aspect_ratio": "8:9",
            "pict_type": "I",
            "interlaced_frame": 1,
            "top_field_first": 0,
            "repeat_pict": 0,
            "chroma_location": "topleft"
        },
        {
            "media_type": "video",
            "stream_index": 0,
            "key_frame": 1,
            "pts": 614,
            "pts_time": "20.487154",
            "pkt_dts": 614,
            "pkt_dts_time": "20.487154",
            "best_effort_timestamp": 614,
            "best_effort_timestamp_time": "20.487154",
            "duration": 1,
            "duration_time": "0.033367",
            "pkt_pos": "77715320",
            "pkt_size": "120000",
            "width": 720,
            "height": 480,
            "crop_top": 0,
            "crop_bottom": 0,
            "crop_left": 0,
            "crop_right": 0,
            "pix_fmt": "yuv411p",
            "sample_aspect_ratio": "8:9",
            "pict_type": "I",
            "interlaced_frame": 1,
            "top_field_first": 0,
            "repeat_pict": 0,
            "chroma_location": "topleft"
        },
        {
            "media_type": "video",
            "stream_index": 0,
            "key_frame": 1,
            "pts": 615,
            "pts_time": "20.520520",
            "pkt_dts": 615,
            "pkt_dts_time": "20.520520",
            "best_effort_timestamp": 615,
            "best_effort_timestamp_time": "20.520520",
            "duration": 1,
            "duration_time": "0.033367",
            "pkt_pos": "77835328",
            "pkt_size": "120000",
            "width": 720,
            "height": 480,
            "crop_top": 0,
            "crop_bottom": 0,
            "crop_left": 0,
            "crop_right": 0,
            "pix_fmt": "yuv411p",
            "sample_aspect_ratio": "8:9",
            "pict_type": "I",
            "interlaced_frame": 1,
            "top_field_first": 0,
            "repeat_pict": 0,
            "chroma_location": "topleft"
        },
        {
            "media_type": "video",
            "stream_index": 0,
            "key_frame": 1,
            "pts": 616,
            "pts_time": "20.553887",
            "pkt_dts": 616,
            "pkt_dts_time": "20.553887",
            "best_effort_timestamp": 616,
            "best_effort_timestamp_time": "20.553887",
            "duration": 1,
            "duration_time": "0.033367",
            "pkt_pos": "77955336",
            "pkt_size": "120000",
            "width": 720,
            "height": 480,
            "crop_top": 0,
            "crop_bottom": 0,
            "crop_left": 0,
            "crop_right": 0,
            "pix_fmt": "yuv411p",
            "sample_aspect_ratio": "8:9",
            "pict_type": "I",
            "interlaced_frame": 1,
            "top_field_first": 0,
            "repeat_pict": 0,
            "chroma_location": "topleft"
        },
        {
            "media_type": "video",
            "stream_index": 0,
            "key_frame": 1,
            "pts": 617,
            "pts_time": "20.587254",
            "pkt_dts": 617,
            "pkt_dts_time": "20.587254",
            "best_effort_timestamp": 617,
            "best_effort_timestamp_time": "20.587254",
            "duration": 1,
            "duration_time": "0.033367",
            "pkt_pos": "78075344",
            "pkt_size": "120000",
            "width": 720,
            "height": 480,
            "crop_top": 0,
            "crop_bottom": 0,
            "crop_left": 0,
            "crop_right": 0,
            "pix_fmt": "yuv411p",
            "sample_aspect_ratio": "8:9",
            "pict_type": "I",
            "interlaced_frame": 1,
            "top_field_first": 0,
            "repeat_pict": 0,
            "chroma_location": "topleft"
        },
        {
            "media_type": "video",
            "stream_index": 0,
            "key_frame": 1,
            "pts": 618,
            "pts_time": "20.620621",
            "pkt_dts": 618,
            "pkt_dts_time": "20.620621",
            "best_effort_timestamp": 618,
            "best_effort_timestamp_time": "20.620621",
            "duration": 1,
            "duration_time": "0.033367",
            "pkt_pos": "78195352",
            "pkt_size": "120000",
            "width": 720,
            "height": 480,
            "crop_top": 0,
            "crop_bottom": 0,
            "crop_left": 0,
            "crop_right": 0,
            "pix_fmt": "yuv411p",
            "sample_aspect_ratio": "8:9",
            "pict_type": "I",
            "interlaced_frame": 1,
            "top_field_first": 0,
            "repeat_pict": 0,
            "chroma_location": "topleft"
        },
        {
            "media_type": "video",
            "stream_index": 0,
            "key_frame": 1,
            "pts": 619,
            "pts_time": "20.653987",
            "pkt_dts": 619,
            "pkt_dts_time": "20.653987",
            "best_effort_timestamp": 619,
            "best_effort_timestamp_time": "20.653987",
            "duration": 1,
            "duration_time": "0.033367",
            "pkt_pos": "78315360",
            "pkt_size": "120000",
            "width": 720,
            "height": 480,
            "crop_top": 0,
            "crop_bottom": 0,
            "crop_left": 0,
            "crop_right": 0,
            "pix_fmt": "yuv411p",
            "sample_aspect_ratio": "8:9",
            "pict_type": "I",
            "interlaced_frame": 1,
            "top_field_first": 0,
            "repeat_pict": 0,
            "chroma_location": "topleft"
        },
        {
            "media_type": "video",
            "stream_index": 0,
            "key_frame": 1,
            "pts": 620,
            "pts_time": "20.687354",
            "pkt_dts": 620,
            "pkt_dts_time": "20.687354",
            "best_effort_timestamp": 620,
            "best_effort_timestamp_time": "20.687354",
            "duration": 1,
            "duration_time": "0.033367",
            "pkt_pos": "78435368",
            "pkt_size": "120000",
            "width": 720,
            "height": 480,
            "crop_top": 0,
            "crop_bottom": 0,
            "crop_left": 0,
            "crop_right": 0,
            "pix_fmt": "yuv411p",
            "sample_aspect_ratio": "8:9",
            "pict_type": "I",
            "interlaced_frame": 1,
            "top_field_first": 0,
            "repeat_pict": 0,
            "chroma_location": "topleft"
        },
        {
            "media_type": "video",
            "stream_index": 0,
            "key_frame": 1,
            "pts": 621,
            "pts_time": "20.720721",
            "pkt_dts": 621,
            "pkt_dts_time": "20.720721",
            "best_effort_timestamp": 621,
            "best_effort_timestamp_time": "20.720721",
            "duration": 1,
            "duration_time": "0.033367",
            "pkt_pos": "78555376",
            "pkt_size": "120000",
            "width": 720,
            "height": 480,
            "crop_top": 0,
            "crop_bottom": 0,
            "crop_left": 0,
            "crop_right": 0,
            "pix_fmt": "yuv411p",
            "sample_aspect_ratio": "8:9",
            "pict_type": "I",
            "interlaced_frame": 1,
            "top_field_first": 0,
            "repeat_pict": 0,
            "chroma_location": "topleft"
        },
        {
            "media_type": "video",
            "stream_index": 0,
            "key_frame": 1,
            "pts": 622,
            "pts_time": "20.754087",
            "pkt_dts": 622,
            "pkt_dts_time": "20.754087",
            "best_effort_timestamp": 622,
            "best_effort_timestamp_time": "20.754087",
            "duration": 1,
            "duration_time": "0.033367",
            "pkt_pos": "78675384",
            "pkt_size": "120000",
            "width": 720,
            "height": 480,
            "crop_top": 0,
            "crop_bottom": 0,
            "crop_left": 0,
            "crop_right": 0,
            "pix_fmt": "yuv411p",
            "sample_aspect_ratio": "8:9",
            "pict_type": "I",
            "interlaced_frame": 1,
            "top_field_first": 0,
            "repeat_pict": 0,
            "chroma_location": "topleft"
        },
        {
            "media_type": "video",
            "stream_index": 0,
            "key_frame": 1,
            "pts": 623,
            "pts_time": "20.787454",
            "pkt_dts": 623,
            "pkt_dts_time": "20.787454",
            "best_effort_timestamp": 623,
            "best_effort_timestamp_time": "20.787454",
            "duration": 1,
            "duration_time": "0.033367",
            "pkt_pos": "78795392",
            "pkt_size": "120000",
            "width": 720,
            "height": 480,
            "crop_top": 0,
            "crop_bottom": 0,
            "crop_left": 0,
            "crop_right": 0,
            "pix_fmt": "yuv411p",
            "sample_aspect_ratio": "8:9",
            "pict_type": "I",
            "interlaced_frame": 1,
            "top_field_first": 0,
            "repeat_pict": 0,
            "chroma_location": "topleft"
        },
        {
            "media_type": "video",
            "stream_index": 0,
            "key_frame": 1,
            "pts": 624,
            "pts_time": "20.820821",
            "pkt_dts": 624,
            "pkt_dts_time": "20.820821",
            "best_effort_timestamp": 624,
            "best_effort_timestamp_time": "20.820821",
            "duration": 1,
            "duration_time": "0.033367",
            "pkt_pos": "78915400",
            "pkt_size": "120000",
            "width": 720,
            "height": 480,
            "crop_top": 0,
            "crop_bottom": 0,
            "crop_left": 0,
            "crop_right": 0,
            "pix_fmt": "yuv411p",
            "sample_aspect_ratio": "8:9",
            "pict_type": "I",
            "interlaced_frame": 1,
            "top_field_first": 0,
            "repeat_pict": 0,
            "chroma_location": "topleft"
        },
        {
            "media_type": "video",
            "stream_index": 0,
            "key_frame": 1,
            "pts": 625,
            "pts_time": "20.854187",
            "pkt_dts": 625,
            "pkt_dts_time": "20.854187",
            "best_effort_timestamp": 625,
            "best_effort_timestamp_time": "20.854187",
            "duration": 1,
            "duration_time": "0.033367",
            "pkt_pos": "79035408",
            "pkt_size": "120000",
            "width": 720,
            "height": 480,
            "crop_top": 0,
            "crop_bottom": 0,
            "crop_left": 0,
            "crop_right": 0,
            "pix_fmt": "yuv411p",
            "sample_aspect_ratio": "8:9",
            "pict_type": "I",
            "interlaced_frame": 1,
            "top_field_first": 0,
            "repeat_pict": 0,
            "chroma_location": "topleft"
        },
        {
            "media_type": "video",
            "stream_index": 0,
            "key_frame": 1,
            "pts": 626,
            "pts_time": "20.887554",
            "pkt_dts": 626,
            "pkt_dts_time": "20.887554",
            "best_effort_timestamp": 626,
            "best_effort_timestamp_time": "20.887554",
            "duration": 1,
            "duration_time": "0.033367",
            "pkt_pos": "79155416",
            "pkt_size": "120000",
            "width": 720,
            "height": 480,
            "crop_top": 0,
            "crop_bottom": 0,
            "crop_left": 0,
            "crop_right": 0,
            "pix_fmt": "yuv411p",
            "sample_aspect_ratio": "8:9",
            "pict_type": "I",
            "interlaced_frame": 1,
            "top_field_first": 0,
            "repeat_pict": 0,
            "chroma_location": "topleft"
        },
        {
            "media_type": "video",
            "stream_index": 0,
            "key_frame": 1,
            "pts": 627,
            "pts_time": "20.920921",
            "pkt_dts": 627,
            "pkt_dts_time": "20.920921",
            "best_effort_timestamp": 627,
            "best_effort_timestamp_time": "20.920921",
            "duration": 1,
            "duration_time": "0.033367",
            "pkt_pos": "79275424",
            "pkt_size": "120000",
            "width": 720,
            "height": 480,
            "crop_top": 0,
            "crop_bottom": 0,
            "crop_left": 0,
            "crop_right": 0,
            "pix_fmt": "yuv411p",
            "sample_aspect_ratio": "8:9",
            "pict_type": "I",
            "interlaced_frame": 1,
            "top_field_first": 0,
            "repeat_pict": 0,
            "chroma_location": "topleft"
        },
        {
            "media_type": "video",
            "stream_index": 0,
            "key_frame": 1,
            "pts": 628,
            "pts_time": "20.954288",
            "pkt_dts": 628,
            "pkt_dts_time": "20.954288",
            "best_effort_timestamp": 628,
            "best_effort_timestamp_time": "20.954288",
            "duration": 1,
            "duration_time": "0.033367",
            "pkt_pos": "79395432",
            "pkt_size": "120000",
            "width": 720,
            "height": 480,
            "crop_top": 0,
            "crop_bottom": 0,
            "crop_left": 0,
            "crop_right": 0,
            "pix_fmt": "yuv411p",
            "sample_aspect_ratio": "8:9",
            "pict_type": "I",
            "interlaced_frame": 1,
            "top_field_first": 0,
            "repeat_pict": 0,
            "chroma_location": "topleft"
        },
        {
            "media_type": "video",
            "stream_index": 0,
            "key_frame": 1,
            "pts": 629,
            "pts_time": "20.987654",
            "pkt_dts": 629,
            "pkt_dts_time": "20.987654",
            "best_effort_timestamp": 629,
            "best_effort_timestamp_time": "20.987654",
            "duration": 1,
            "duration_time": "0.033367",
            "pkt_pos": "79515440",
            "pkt_size": "120000",
            "width": 720,
            "height": 480,
            "crop_top": 0,
            "crop_bottom": 0,
            "crop_left": 0,
            "crop_right": 0,
            "pix_fmt": "yuv411p",
            "sample_aspect_ratio": "8:9",
            "pict_type": "I",
            "interlaced_frame": 1,
            "top_field_first": 0,
            "repeat_pict": 0,
            "chroma_location": "topleft"
        },
        {
            "media_type": "video",
            "stream_index": 0,
            "key_frame": 1,
            "pts": 630,
            "pts_time": "21.021021",
            "pkt_dts": 630,
            "pkt_dts_time": "21.021021",
            "best_effort_timestamp": 630,
            "best_effort_timestamp_time": "21.021021",
            "duration": 1,
            "duration_time": "0.033367",
            "pkt_pos": "79635448",
            "pkt_size": "120000",
            "width": 720,
            "height": 480,
            "crop_top": 0,
            "crop_bottom": 0,
            "crop_left": 0,
            "crop_right": 0,
            "pix_fmt": "yuv411p",
            "sample_aspect_ratio": "8:9",
            "pict_type": "I",
            "interlaced_frame": 1,
            "top_field_first": 0,
            "repeat_pict": 0,
            "chroma_location": "topleft"
        },
        {
            "media_type": "video",
            "stream_index": 0,
            "key_frame": 1,
            "pts": 631,
            "pts_time": "21.054388",
            "pkt_dts": 631,
            "pkt_dts_time": "21.054388",
            "best_effort_timestamp": 631,
            "best_effort_timestamp_time": "21.054388",
            "duration": 1,
            "duration_time": "0.033367",
            "pkt_pos": "79755456",
            "pkt_size": "120000",
            "width": 720,
            "height": 480,
            "crop_top": 0,
            "crop_bottom": 0,
            "crop_left": 0,
            "crop_right": 0,
            "pix_fmt": "yuv411p",
            "sample_aspect_ratio": "8:9",
            "pict_type": "I",
            "interlaced_frame": 1,
            "top_field_first": 0,
            "repeat_pict": 0,
            "chroma_location": "topleft"
        },
        {
            "media_type": "video",
            "stream_index": 0,
            "key_frame": 1,
            "pts": 632,
            "pts_time": "21.087754",
            "pkt_dts": 632,
            "pkt_dts_time": "21.087754",
            "best_effort_timestamp": 632,
            "best_effort_timestamp_time": "21.087754",
            "duration": 1,
            "duration_time": "0.033367",
            "pkt_pos": "79875464",
            "pkt_size": "120000",
            "width": 720,
            "height": 480,
            "crop_top": 0,
            "crop_bottom": 0,
            "crop_left": 0,
            "crop_right": 0,
            "pix_fmt": "yuv411p",
            "sample_aspect_ratio": "8:9",
            "pict_type": "I",
            "interlaced_frame": 1,
            "top_field_first": 0,
            "repeat_pict": 0,
            "chroma_location": "topleft"
        },
        {
            "media_type": "video",
            "stream_index": 0,
            "key_frame": 1,
            "pts": 633,
            "pts_time": "21.121121",
            "pkt_dts": 633,
            "pkt_dts_time": "21.121121",
            "best_effort_timestamp": 633,
            "best_effort_timestamp_time": "21.121121",
            "duration": 1,
            "duration_time": "0.033367",
            "pkt_pos": "79995472",
            "pkt_size": "120000",
            "width": 720,
            "height": 480,
            "crop_top": 0,
            "crop_bottom": 0,
            "crop_left": 0,
            "crop_right": 0,
            "pix_fmt": "yuv411p",
            "sample_aspect_ratio": "8:9",
            "pict_type": "I",
            "interlaced_frame": 1,
            "top_field_first": 0,
            "repeat_pict": 0,
            "chroma_location": "topleft"
        },
        {
            "media_type": "video",
            "stream_index": 0,
            "key_frame": 1,
            "pts": 634,
            "pts_time": "21.154488",
            "pkt_dts": 634,
            "pkt_dts_time": "21.154488",
            "best_effort_timestamp": 634,
            "best_effort_timestamp_time": "21.154488",
            "duration": 1,
            "duration_time": "0.033367",
            "pkt_pos": "80115480",
            "pkt_size": "120000",
            "width": 720,
            "height": 480,
            "crop_top": 0,
            "crop_bottom": 0,
            "crop_left": 0,
            "crop_right": 0,
            "pix_fmt": "yuv411p",
            "sample_aspect_ratio": "8:9",
            "pict_type": "I",
            "interlaced_frame": 1,
            "top_field_first": 0,
            "repeat_pict": 0,
            "chroma_location": "topleft"
        },
        {
            "media_type": "video",
            "stream_index": 0,
            "key_frame": 1,
            "pts": 635,
            "pts_time": "21.187855",
            "pkt_dts": 635,
            "pkt_dts_time": "21.187855",
            "best_effort_timestamp": 635,
            "best_effort_timestamp_time": "21.187855",
            "duration": 1,
            "duration_time": "0.033367",
            "pkt_pos": "80235488",
            "pkt_size": "120000",
            "width": 720,
            "height": 480,
            "crop_top": 0,
            "crop_bottom": 0,
            "crop_left": 0,
            "crop_right": 0,
            "pix_fmt": "yuv411p",
            "sample_aspect_ratio": "8:9",
            "pict_type": "I",
            "interlaced_frame": 1,
            "top_field_first": 0,
            "repeat_pict": 0,
            "chroma_location": "topleft"
        },
        {
            "media_type": "video",
            "stream_index": 0,
            "key_frame": 1,
            "pts": 636,
            "pts_time": "21.221221",
            "pkt_dts": 636,
            "pkt_dts_time": "21.221221",
            "best_effort_timestamp": 636,
            "best_effort_timestamp_time": "21.221221",
            "duration": 1,
            "duration_time": "0.033367",
            "pkt_pos": "80355496",
            "pkt_size": "120000",
            "width": 720,
            "height": 480,
            "crop_top": 0,
            "crop_bottom": 0,
            "crop_left": 0,
            "crop_right": 0,
            "pix_fmt": "yuv411p",
            "sample_aspect_ratio": "8:9",
            "pict_type": "I",
            "interlaced_frame": 1,
            "top_field_first": 0,
            "repeat_pict": 0,
            "chroma_location": "topleft"
        },
        {
            "media_type": "video",
            "stream_index": 0,
            "key_frame": 1,
            "pts": 637,
            "pts_time": "21.254588",
            "pkt_dts": 637,
            "pkt_dts_time": "21.254588",
            "best_effort_timestamp": 637,
            "best_effort_timestamp_time": "21.254588",
            "duration": 1,
            "duration_time": "0.033367",
            "pkt_pos": "80475504",
            "pkt_size": "120000",
            "width": 720,
            "height": 480,
            "crop_top": 0,
            "crop_bottom": 0,
            "crop_left": 0,
            "crop_right": 0,
            "pix_fmt": "yuv411p",
            "sample_aspect_ratio": "8:9",
            "pict_type": "I",
            "interlaced_frame": 1,
            "top_field_first": 0,
            "repeat_pict": 0,
            "chroma_location": "topleft"
        },
        {
            "media_type": "video",
            "stream_index": 0,
            "key_frame": 1,
            "pts": 638,
            "pts_time": "21.287955",
            "pkt_dts": 638,
            "pkt_dts_time": "21.287955",
            "best_effort_timestamp": 638,
            "best_effort_timestamp_time": "21.287955",
            "duration": 1,
            "duration_time": "0.033367",
            "pkt_pos": "80781304",
            "pkt_size": "120000",
            "width": 720,
            "height": 480,
            "crop_top": 0,
            "crop_bottom": 0,
            "crop_left": 0,
            "crop_right": 0,
            "pix_fmt": "yuv411p",
            "sample_aspect_ratio": "8:9",
            "pict_type": "I",
            "interlaced_frame": 1,
            "top_field_first": 0,
            "repeat_pict": 0,
            "chroma_location": "topleft"
        },
        {
            "media_type": "video",
            "stream_index": 0,
            "key_frame": 1,
            "pts": 639,
            "pts_time": "21.321321",
            "pkt_dts": 639,
            "pkt_dts_time": "21.321321",
            "best_effort_timestamp": 639,
            "best_effort_timestamp_time": "21.321321",
            "duration": 1,
            "duration_time": "0.033367",
            "pkt_pos": "80901312",
            "pkt_size": "120000",
            "width": 720,
            "height": 480,
            "crop_top": 0,
            "crop_bottom": 0,
            "crop_left": 0,
            "crop_right": 0,
            "pix_fmt": "yuv411p",
            "sample_aspect_ratio": "8:9",
            "pict_type": "I",
            "interlaced_frame": 1,
            "top_field_first": 0,
            "repeat_pict": 0,
            "chroma_location": "topleft"
        },
        {
            "media_type": "video",
            "stream_index": 0,
            "key_frame": 1,
            "pts": 640,
            "pts_time": "21.354688",
            "pkt_dts": 640,
            "pkt_dts_time": "21.354688",
            "best_effort_timestamp": 640,
            "best_effort_timestamp_time": "21.354688",
            "duration": 1,
            "duration_time": "0.033367",
            "pkt_pos": "81021320",
            "pkt_size": "120000",
            "width": 720,
            "height": 480,
            "crop_top": 0,
            "crop_bottom": 0,
            "crop_left": 0,
            "crop_right": 0,
            "pix_fmt": "yuv411p",
            "sample_aspect_ratio": "8:9",
            "pict_type": "I",
            "interlaced_frame": 1,
            "top_field_first": 0,
            "repeat_pict": 0,
            "chroma_location": "topleft"
        },
        {
            "media_type": "video",
            "stream_index": 0,
            "key_frame": 1,
            "pts": 641,
            "pts_time": "21.388055",
            "pkt_dts": 641,
            "pkt_dts_time": "21.388055",
            "best_effort_timestamp": 641,
            "best_effort_timestamp_time": "21.388055",
            "duration": 1,
            "duration_time": "0.033367",
            "pkt_pos": "81141328",
            "pkt_size": "120000",
            "width": 720,
            "height": 480,
            "crop_top": 0,
            "crop_bottom": 0,
            "crop_left": 0,
            "crop_right": 0,
            "pix_fmt": "yuv411p",
            "sample_aspect_ratio": "8:9",
            "pict_type": "I",
            "interlaced_frame": 1,
            "top_field_first": 0,
            "repeat_pict": 0,
            "chroma_location": "topleft"
        },
        {
            "media_type": "video",
            "stream_index": 0,
            "key_frame": 1,
            "pts": 642,
            "pts_time": "21.421421",
            "pkt_dts": 642,
            "pkt_dts_time": "21.421421",
            "best_effort_timestamp": 642,
            "best_effort_timestamp_time": "21.421421",
            "duration": 1,
            "duration_time": "0.033367",
            "pkt_pos": "81261336",
            "pkt_size": "120000",
            "width": 720,
            "height": 480,
            "crop_top": 0,
            "crop_bottom": 0,
            "crop_left": 0,
            "crop_right": 0,
            "pix_fmt": "yuv411p",
            "sample_aspect_ratio": "8:9",
            "pict_type": "I",
            "interlaced_frame": 1,
            "top_field_first": 0,
            "repeat_pict": 0,
            "chroma_location": "topleft"
        },
        {
            "media_type": "video",
            "stream_index": 0,
            "key_frame": 1,
            "pts": 643,
            "pts_time": "21.454788",
            "pkt_dts": 643,
            "pkt_dts_time": "21.454788",
            "best_effort_timestamp": 643,
            "best_effort_timestamp_time": "21.454788",
            "duration": 1,
            "duration_time": "0.033367",
            "pkt_pos": "81381344",
            "pkt_size": "120000",
            "width": 720,
            "height": 480,
            "crop_top": 0,
            "crop_bottom": 0,
            "crop_left": 0,
            "crop_right": 0,
            "pix_fmt": "yuv411p",
            "sample_aspect_ratio": "8:9",
            "pict_type": "I",
            "interlaced_frame": 1,
            "top_field_first": 0,
            "repeat_pict": 0,
            "chroma_location": "topleft"
        },
        {
            "media_type": "video",
            "stream_index": 0,
            "key_frame": 1,
            "pts": 644,
            "pts_time": "21.488155",
            "pkt_dts": 644,
            "pkt_dts_time": "21.488155",
            "best_effort_timestamp": 644,
            "best_effort_timestamp_time": "21.488155",
            "duration": 1,
            "duration_time": "0.033367",
            "pkt_pos": "81501352",
            "pkt_size": "120000",
            "width": 720,
            "height": 480,
            "crop_top": 0,
            "crop_bottom": 0,
            "crop_left": 0,
            "crop_right": 0,
            "pix_fmt": "yuv411p",
            "sample_aspect_ratio": "8:9",
            "pict_type": "I",
            "interlaced_frame": 1,
            "top_field_first": 0,
            "repeat_pict": 0,
            "chroma_location": "topleft"
        },
        {
            "media_type": "video",
            "stream_index": 0,
            "key_frame": 1,
            "pts": 645,
            "pts_time": "21.521521",
            "pkt_dts": 645,
            "pkt_dts_time": "21.521521",
            "best_effort_timestamp": 645,
            "best_effort_timestamp_time": "21.521521",
            "duration": 1,
            "duration_time": "0.033367",
            "pkt_pos": "81621360",
            "pkt_size": "120000",
            "width": 720,
            "height": 480,
            "crop_top": 0,
            "crop_bottom": 0,
            "crop_left": 0,
            "crop_right": 0,
            "pix_fmt": "yuv411p",
            "sample_aspect_ratio": "8:9",
            "pict_type": "I",
            "interlaced_frame": 1,
            "top_field_first": 0,
            "repeat_pict": 0,
            "chroma_location": "topleft"
        },
        {
            "media_type": "video",
            "stream_index": 0,
            "key_frame": 1,
            "pts": 646,
            "pts_time": "21.554888",
            "pkt_dts": 646,
            "pkt_dts_time": "21.554888",
            "best_effort_timestamp": 646,
            "best_effort_timestamp_time": "21.554888",
            "duration": 1,
            "duration_time": "0.033367",
            "pkt_pos": "81741368",
            "pkt_size": "120000",
            "width": 720,
            "height": 480,
            "crop_top": 0,
            "crop_bottom": 0,
            "crop_left": 0,
            "crop_right": 0,
            "pix_fmt": "yuv411p",
            "sample_aspect_ratio": "8:9",
            "pict_type": "I",
            "interlaced_frame": 1,
            "top_field_first": 0,
            "repeat_pict": 0,
            "chroma_location": "topleft"
        },
        {
            "media_type": "video",
            "stream_index": 0,
            "key_frame": 1,
            "pts": 647,
            "pts_time": "21.588255",
            "pkt_dts": 647,
            "pkt_dts_time": "21.588255",
            "best_effort_timestamp": 647,
            "best_effort_timestamp_time": "21.588255",
            "duration": 1,
            "duration_time": "0.033367",
            "pkt_pos": "81861376",
            "pkt_size": "120000",
            "width": 720,
            "height": 480,
            "crop_top": 0,
            "crop_bottom": 0,
            "crop_left": 0,
            "crop_right": 0,
            "pix_fmt": "yuv411p",
            "sample_aspect_ratio": "8:9",
            "pict_type": "I",
            "interlaced_frame": 1,
            "top_field_first": 0,
            "repeat_pict": 0,
            "chroma_location": "topleft"
        },
        {
            "media_type": "video",
            "stream_index": 0,
            "key_frame": 1,
            "pts": 648,
            "pts_time": "21.621622",
            "pkt_dts": 648,
            "pkt_dts_time": "21.621622",
            "best_effort_timestamp": 648,
            "best_effort_timestamp_time": "21.621622",
            "duration": 1,
            "duration_time": "0.033367",
            "pkt_pos": "81981384",
            "pkt_size": "120000",
            "width": 720,
            "height": 480,
            "crop_top": 0,
            "crop_bottom": 0,
            "crop_left": 0,
            "crop_right": 0,
            "pix_fmt": "yuv411p",
            "sample_aspect_ratio": "8:9",
            "pict_type": "I",
            "interlaced_frame": 1,
            "top_field_first": 0,
            "repeat_pict": 0,
            "chroma_location": "topleft"
        },
        {
            "media_type": "video",
            "stream_index": 0,
            "key_frame": 1,
            "pts": 649,
            "pts_time": "21.654988",
            "pkt_dts": 649,
            "pkt_dts_time": "21.654988",
            "best_effort_timestamp": 649,
            "best_effort_timestamp_time": "21.654988",
            "duration": 1,
            "duration_time": "0.033367",
            "pkt_pos": "82101392",
            "pkt_size": "120000",
            "width": 720,
            "height": 480,
            "crop_top": 0,
            "crop_bottom": 0,
            "crop_left": 0,
            "crop_right": 0,
            "pix_fmt": "yuv411p",
            "sample_aspect_ratio": "8:9",
            "pict_type": "I",
            "interlaced_frame": 1,
            "top_field_first": 0,
            "repeat_pict": 0,
            "chroma_location": "topleft"
        },
        {
            "media_type": "video",
            "stream_index": 0,
            "key_frame": 1,
            "pts": 650,
            "pts_time": "21.688355",
            "pkt_dts": 650,
            "pkt_dts_time": "21.688355",
            "best_effort_timestamp": 650,
            "best_effort_timestamp_time": "21.688355",
            "duration": 1,
            "duration_time": "0.033367",
            "pkt_pos": "82221400",
            "pkt_size": "120000",
            "width": 720,
            "height": 480,
            "crop_top": 0,
            "crop_bottom": 0,
            "crop_left": 0,
            "crop_right": 0,
            "pix_fmt": "yuv411p",
            "sample_aspect_ratio": "8:9",
            "pict_type": "I",
            "interlaced_frame": 1,
            "top_field_first": 0,
            "repeat_pict": 0,
            "chroma_location": "topleft"
        },
        {
            "media_type": "video",
            "stream_index": 0,
            "key_frame": 1,
            "pts": 651,
            "pts_time": "21.721722",
            "pkt_dts": 651,
            "pkt_dts_time": "21.721722",
            "best_effort_timestamp": 651,
            "best_effort_timestamp_time": "21.721722",
            "duration": 1,
            "duration_time": "0.033367",
            "pkt_pos": "82341408",
            "pkt_size": "120000",
            "width": 720,
            "height": 480,
            "crop_top": 0,
            "crop_bottom": 0,
            "crop_left": 0,
            "crop_right": 0,
            "pix_fmt": "yuv411p",
            "sample_aspect_ratio": "8:9",
            "pict_type": "I",
            "interlaced_frame": 1,
            "top_field_first": 0,
            "repeat_pict": 0,
            "chroma_location": "topleft"
        },
        {
            "media_type": "video",
            "stream_index": 0,
            "key_frame": 1,
            "pts": 652,
            "pts_time": "21.755088",
            "pkt_dts": 652,
            "pkt_dts_time": "21.755088",
            "best_effort_timestamp": 652,
            "best_effort_timestamp_time": "21.755088",
            "duration": 1,
            "duration_time": "0.033367",
            "pkt_pos": "82461416",
            "pkt_size": "120000",
            "width": 720,
            "height": 480,
            "crop_top": 0,
            "crop_bottom": 0,
            "crop_left": 0,
            "crop_right": 0,
            "pix_fmt": "yuv411p",
            "sample_aspect_ratio": "8:9",
            "pict_type": "I",
            "interlaced_frame": 1,
            "top_field_first": 0,
            "repeat_pict": 0,
            "chroma_location": "topleft"
        },
        {
            "media_type": "video",
            "stream_index": 0,
            "key_frame": 1,
            "pts": 653,
            "pts_time": "21.788455",
            "pkt_dts": 653,
            "pkt_dts_time": "21.788455",
            "best_effort_timestamp": 653,
            "best_effort_timestamp_time": "21.788455",
            "duration": 1,
            "duration_time": "0.033367",
            "pkt_pos": "82581424",
            "pkt_size": "120000",
            "width": 720,
            "height": 480,
            "crop_top": 0,
            "crop_bottom": 0,
            "crop_left": 0,
            "crop_right": 0,
            "pix_fmt": "yuv411p",
            "sample_aspect_ratio": "8:9",
            "pict_type": "I",
            "interlaced_frame": 1,
            "top_field_first": 0,
            "repeat_pict": 0,
            "chroma_location": "topleft"
        },
        {
            "media_type": "video",
            "stream_index": 0,
            "key_frame": 1,
            "pts": 654,
            "pts_time": "21.821822",
            "pkt_dts": 654,
            "pkt_dts_time": "21.821822",
            "best_effort_timestamp": 654,
            "best_effort_timestamp_time": "21.821822",
            "duration": 1,
            "duration_time": "0.033367",
            "pkt_pos": "82701432",
            "pkt_size": "120000",
            "width": 720,
            "height": 480,
            "crop_top": 0,
            "crop_bottom": 0,
            "crop_left": 0,
            "crop_right": 0,
            "pix_fmt": "yuv411p",
            "sample_aspect_ratio": "8:9",
            "pict_type": "I",
            "interlaced_frame": 1,
            "top_field_first": 0,
            "repeat_pict": 0,
            "chroma_location": "topleft"
        },
        {
            "media_type": "video",
            "stream_index": 0,
            "key_frame": 1,
            "pts": 655,
            "pts_time": "21.855189",
            "pkt_dts": 655,
            "pkt_dts_time": "21.855189",
            "best_effort_timestamp": 655,
            "best_effort_timestamp_time": "21.855189",
            "duration": 1,
            "duration_time": "0.033367",
            "pkt_pos": "82821440",
            "pkt_size": "120000",
            "width": 720,
            "height": 480,
            "crop_top": 0,
            "crop_bottom": 0,
            "crop_left": 0,
            "crop_right": 0,
            "pix_fmt": "yuv411p",
            "sample_aspect_ratio": "8:9",
            "pict_type": "I",
            "interlaced_frame": 1,
            "top_field_first": 0,
            "repeat_pict": 0,
            "chroma_location": "topleft"
        },
        {
            "media_type": "video",
            "stream_index": 0,
            "key_frame": 1,
            "pts": 656,
            "pts_time": "21.888555",
            "pkt_dts": 656,
            "pkt_dts_time": "21.888555",
            "best_effort_timestamp": 656,
            "best_effort_timestamp_time": "21.888555",
            "duration": 1,
            "duration_time": "0.033367",
            "pkt_pos": "82941448",
            "pkt_size": "120000",
            "width": 720,
            "height": 480,
            "crop_top": 0,
            "crop_bottom": 0,
            "crop_left": 0,
            "crop_right": 0,
            "pix_fmt": "yuv411p",
            "sample_aspect_ratio": "8:9",
            "pict_type": "I",
            "interlaced_frame": 1,
            "top_field_first": 0,
            "repeat_pict": 0,
            "chroma_location": "topleft"
        },
        {
            "media_type": "video",
            "stream_index": 0,
            "key_frame": 1,
            "pts": 657,
            "pts_time": "21.921922",
            "pkt_dts": 657,
            "pkt_dts_time": "21.921922",
            "best_effort_timestamp": 657,
            "best_effort_timestamp_time": "21.921922",
            "duration": 1,
            "duration_time": "0.033367",
            "pkt_pos": "83061456",
            "pkt_size": "120000",
            "width": 720,
            "height": 480,
            "crop_top": 0,
            "crop_bottom": 0,
            "crop_left": 0,
            "crop_right": 0,
            "pix_fmt": "yuv411p",
            "sample_aspect_ratio": "8:9",
            "pict_type": "I",
            "interlaced_frame": 1,
            "top_field_first": 0,
            "repeat_pict": 0,
            "chroma_location": "topleft"
        },
        {
            "media_type": "video",
            "stream_index": 0,
            "key_frame": 1,
            "pts": 658,
            "pts_time": "21.955289",
            "pkt_dts": 658,
            "pkt_dts_time": "21.955289",
            "best_effort_timestamp": 658,
            "best_effort_timestamp_time": "21.955289",
            "duration": 1,
            "duration_time": "0.033367",
            "pkt_pos": "83181464",
            "pkt_size": "120000",
            "width": 720,
            "height": 480,
            "crop_top": 0,
            "crop_bottom": 0,
            "crop_left": 0,
            "crop_right": 0,
            "pix_fmt": "yuv411p",
            "sample_aspect_ratio": "8:9",
            "pict_type": "I",
            "interlaced_frame": 1,
            "top_field_first": 0,
            "repeat_pict": 0,
            "chroma_location": "topleft"
        },
        {
            "media_type": "video",
            "stream_index": 0,
            "key_frame": 1,
            "pts": 659,
            "pts_time": "21.988655",
            "pkt_dts": 659,
            "pkt_dts_time": "21.988655",
            "best_effort_timestamp": 659,
            "best_effort_timestamp_time": "21.988655",
            "duration": 1,
            "duration_time": "0.033367",
            "pkt_pos": "83301472",
            "pkt_size": "120000",
            "width": 720,
            "height": 480,
            "crop_top": 0,
            "crop_bottom": 0,
            "crop_left": 0,
            "crop_right": 0,
            "pix_fmt": "yuv411p",
            "sample_aspect_ratio": "8:9",
            "pict_type": "I",
            "interlaced_frame": 1,
            "top_field_first": 0,
            "repeat_pict": 0,
            "chroma_location": "topleft"
        },
        {
            "media_type": "video",
            "stream_index": 0,
            "key_frame": 1,
            "pts": 660,
            "pts_time": "22.022022",
            "pkt_dts": 660,
            "pkt_dts_time": "22.022022",
            "best_effort_timestamp": 660,
            "best_effort_timestamp_time": "22.022022",
            "duration": 1,
            "duration_time": "0.033367",
            "pkt_pos": "83421480",
            "pkt_size": "120000",
            "width": 720,
            "height": 480,
            "crop_top": 0,
            "crop_bottom": 0,
            "crop_left": 0,
            "crop_right": 0,
            "pix_fmt": "yuv411p",
            "sample_aspect_ratio": "8:9",
            "pict_type": "I",
            "interlaced_frame": 1,
            "top_field_first": 0,
            "repeat_pict": 0,
            "chroma_location": "topleft"
        },
        {
            "media_type": "video",
            "stream_index": 0,
            "key_frame": 1,
            "pts": 661,
            "pts_time": "22.055389",
            "pkt_dts": 661,
            "pkt_dts_time": "22.055389",
            "best_effort_timestamp": 661,
            "best_effort_timestamp_time": "22.055389",
            "duration": 1,
            "duration_time": "0.033367",
            "pkt_pos": "83541488",
            "pkt_size": "120000",
            "width": 720,
            "height": 480,
            "crop_top": 0,
            "crop_bottom": 0,
            "crop_left": 0,
            "crop_right": 0,
            "pix_fmt": "yuv411p",
            "sample_aspect_ratio": "8:9",
            "pict_type": "I",
            "interlaced_frame": 1,
            "top_field_first": 0,
            "repeat_pict": 0,
            "chroma_location": "topleft"
        },
        {
            "media_type": "video",
            "stream_index": 0,
            "key_frame": 1,
            "pts": 662,
            "pts_time": "22.088755",
            "pkt_dts": 662,
            "pkt_dts_time": "22.088755",
            "best_effort_timestamp": 662,
            "best_effort_timestamp_time": "22.088755",
            "duration": 1,
            "duration_time": "0.033367",
            "pkt_pos": "83661496",
            "pkt_size": "120000",
            "width": 720,
            "height": 480,
            "crop_top": 0,
            "crop_bottom": 0,
            "crop_left": 0,
            "crop_right": 0,
            "pix_fmt": "yuv411p",
            "sample_aspect_ratio": "8:9",
            "pict_type": "I",
            "interlaced_frame": 1,
            "top_field_first": 0,
            "repeat_pict": 0,
            "chroma_location": "topleft"
        },
        {
            "media_type": "video",
            "stream_index": 0,
            "key_frame": 1,
            "pts": 663,
            "pts_time": "22.122122",
            "pkt_dts": 663,
            "pkt_dts_time": "22.122122",
            "best_effort_timestamp": 663,
            "best_effort_timestamp_time": "22.122122",
            "duration": 1,
            "duration_time": "0.033367",
            "pkt_pos": "83781504",
            "pkt_size": "120000",
            "width": 720,
            "height": 480,
            "crop_top": 0,
            "crop_bottom": 0,
            "crop_left": 0,
            "crop_right": 0,
            "pix_fmt": "yuv411p",
            "sample_aspect_ratio": "8:9",
            "pict_type": "I",
            "interlaced_frame": 1,
            "top_field_first": 0,
            "repeat_pict": 0,
            "chroma_location": "topleft"
        },
        {
            "media_type": "video",
            "stream_index": 0,
            "key_frame": 1,
            "pts": 664,
            "pts_time": "22.155489",
            "pkt_dts": 664,
            "pkt_dts_time": "22.155489",
            "best_effort_timestamp": 664,
            "best_effort_timestamp_time": "22.155489",
            "duration": 1,
            "duration_time": "0.033367",
            "pkt_pos": "83901512",
            "pkt_size": "120000",
            "width": 720,
            "height": 480,
            "crop_top": 0,
            "crop_bottom": 0,
            "crop_left": 0,
            "crop_right": 0,
            "pix_fmt": "yuv411p",
            "sample_aspect_ratio": "8:9",
            "pict_type": "I",
            "interlaced_frame": 1,
            "top_field_first": 0,
            "repeat_pict": 0,
            "chroma_location": "topleft"
        },
        {
            "media_type": "video",
            "stream_index": 0,
            "key_frame": 1,
            "pts": 665,
            "pts_time": "22.188855",
            "pkt_dts": 665,
            "pkt_dts_time": "22.188855",
            "best_effort_timestamp": 665,
            "best_effort_timestamp_time": "22.188855",
            "duration": 1,
            "duration_time": "0.033367",
            "pkt_pos": "84021520",
            "pkt_size": "120000",
            "width": 720,
            "height": 480,
            "crop_top": 0,
            "crop_bottom": 0,
            "crop_left": 0,
            "crop_right": 0,
            "pix_fmt": "yuv411p",
            "sample_aspect_ratio": "8:9",
            "pict_type": "I",
            "interlaced_frame": 1,
            "top_field_first": 0,
            "repeat_pict": 0,
            "chroma_location": "topleft"
        },
        {
            "media_type": "video",
            "stream_index": 0,
            "key_frame": 1,
            "pts": 666,
            "pts_time": "22.222222",
            "pkt_dts": 666,
            "pkt_dts_time": "22.222222",
            "best_effort_timestamp": 666,
            "best_effort_timestamp_time": "22.222222",
            "duration": 1,
            "duration_time": "0.033367",
            "pkt_pos": "84141528",
            "pkt_size": "120000",
            "width": 720,
            "height": 480,
            "crop_top": 0,
            "crop_bottom": 0,
            "crop_left": 0,
            "crop_right": 0,
            "pix_fmt": "yuv411p",
            "sample_aspect_ratio": "8:9",
            "pict_type": "I",
            "interlaced_frame": 1,
            "top_field_first": 0,
            "repeat_pict": 0,
            "chroma_location": "topleft"
        },
        {
            "media_type": "video",
            "stream_index": 0,
            "key_frame": 1,
            "pts": 667,
            "pts_time": "22.255589",
            "pkt_dts": 667,
            "pkt_dts_time": "22.255589",
            "best_effort_timestamp": 667,
            "best_effort_timestamp_time": "22.255589",
            "duration": 1,
            "duration_time": "0.033367",
            "pkt_pos": "84447332",
            "pkt_size": "120000",
            "width": 720,
            "height": 480,
            "crop_top": 0,
            "crop_bottom": 0,
            "crop_left": 0,
            "crop_right": 0,
            "pix_fmt": "yuv411p",
            "sample_aspect_ratio": "8:9",
            "pict_type": "I",
            "interlaced_frame": 1,
            "top_field_first": 0,
            "repeat_pict": 0,
            "chroma_location": "topleft"
        },
        {
            "media_type": "video",
            "stream_index": 0,
            "key_frame": 1,
            "pts": 668,
            "pts_time": "22.288956",
            "pkt_dts": 668,
            "pkt_dts_time": "22.288956",
            "best_effort_timestamp": 668,
            "best_effort_timestamp_time": "22.288956",
            "duration": 1,
            "duration_time": "0.033367",
            "pkt_pos": "84567340",
            "pkt_size": "120000",
            "width": 720,
            "height": 480,
            "crop_top": 0,
            "crop_bottom": 0,
            "crop_left": 0,
            "crop_right": 0,
            "pix_fmt": "yuv411p",
            "sample_aspect_ratio": "8:9",
            "pict_type": "I",
            "interlaced_frame": 1,
            "top_field_first": 0,
            "repeat_pict": 0,
            "chroma_location": "topleft"
        },
        {
            "media_type": "video",
            "stream_index": 0,
            "key_frame": 1,
            "pts": 669,
            "pts_time": "22.322322",
            "pkt_dts": 669,
            "pkt_dts_time": "22.322322",
            "best_effort_timestamp": 669,
            "best_effort_timestamp_time": "22.322322",
            "duration": 1,
            "duration_time": "0.033367",
            "pkt_pos": "84687348",
            "pkt_size": "120000",
            "width": 720,
            "height": 480,
            "crop_top": 0,
            "crop_bottom": 0,
            "crop_left": 0,
            "crop_right": 0,
            "pix_fmt": "yuv411p",
            "sample_aspect_ratio": "8:9",
            "pict_type": "I",
            "interlaced_frame": 1,
            "top_field_first": 0,
            "repeat_pict": 0,
            "chroma_location": "topleft"
        },
        {
            "media_type": "video",
            "stream_index": 0,
            "key_frame": 1,
            "pts": 670,
            "pts_time": "22.355689",
            "pkt_dts": 670,
            "pkt_dts_time": "22.355689",
            "best_effort_timestamp": 670,
            "best_effort_timestamp_time": "22.355689",
            "duration": 1,
            "duration_time": "0.033367",
            "pkt_pos": "84807356",
            "pkt_size": "120000",
            "width": 720,
            "height": 480,
            "crop_top": 0,
            "crop_bottom": 0,
            "crop_left": 0,
            "crop_right": 0,
            "pix_fmt": "yuv411p",
            "sample_aspect_ratio": "8:9",
            "pict_type": "I",
            "interlaced_frame": 1,
            "top_field_first": 0,
            "repeat_pict": 0,
            "chroma_location": "topleft"
        },
        {
            "media_type": "video",
            "stream_index": 0,
            "key_frame": 1,
            "pts": 671,
            "pts_time": "22.389056",
            "pkt_dts": 671,
            "pkt_dts_time": "22.389056",
            "best_effort_timestamp": 671,
            "best_effort_timestamp_time": "22.389056",
            "duration": 1,
            "duration_time": "0.033367",
            "pkt_pos": "84927364",
            "pkt_size": "120000",
            "width": 720,
            "height": 480,
            "crop_top": 0,
            "crop_bottom": 0,
            "crop_left": 0,
            "crop_right": 0,
            "pix_fmt": "yuv411p",
            "sample_aspect_ratio": "8:9",
            "pict_type": "I",
            "interlaced_frame": 1,
            "top_field_first": 0,
            "repeat_pict": 0,
            "chroma_location": "topleft"
        },
        {
            "media_type": "video",
            "stream_index": 0,
            "key_frame": 1,
            "pts": 672,
            "pts_time": "22.422422",
            "pkt_dts": 672,
            "pkt_dts_time": "22.422422",
            "best_effort_timestamp": 672,
            "best_effort_timestamp_time": "22.422422",
            "duration": 1,
            "duration_time": "0.033367",
            "pkt_pos": "85047372",
            "pkt_size": "120000",
            "width": 720,
            "height": 480,
            "crop_top": 0,
            "crop_bottom": 0,
            "crop_left": 0,
            "crop_right": 0,
            "pix_fmt": "yuv411p",
            "sample_aspect_ratio": "8:9",
            "pict_type": "I",
            "interlaced_frame": 1,
            "top_field_first": 0,
            "repeat_pict": 0,
            "chroma_location": "topleft"
        },
        {
            "media_type": "video",
            "stream_index": 0,
            "key_frame": 1,
            "pts": 673,
            "pts_time": "22.455789",
            "pkt_dts": 673,
            "pkt_dts_time": "22.455789",
            "best_effort_timestamp": 673,
            "best_effort_timestamp_time": "22.455789",
            "duration": 1,
            "duration_time": "0.033367",
            "pkt_pos": "85167380",
            "pkt_size": "120000",
            "width": 720,
            "height": 480,
            "crop_top": 0,
            "crop_bottom": 0,
            "crop_left": 0,
            "crop_right": 0,
            "pix_fmt": "yuv411p",
            "sample_aspect_ratio": "8:9",
            "pict_type": "I",
            "interlaced_frame": 1,
            "top_field_first": 0,
            "repeat_pict": 0,
            "chroma_location": "topleft"
        },
        {
            "media_type": "video",
            "stream_index": 0,
            "key_frame": 1,
            "pts": 674,
            "pts_time": "22.489156",
            "pkt_dts": 674,
            "pkt_dts_time": "22.489156",
            "best_effort_timestamp": 674,
            "best_effort_timestamp_time": "22.489156",
            "duration": 1,
            "duration_time": "0.033367",
            "pkt_pos": "85287388",
            "pkt_size": "120000",
            "width": 720,
            "height": 480,
            "crop_top": 0,
            "crop_bottom": 0,
            "crop_left": 0,
            "crop_right": 0,
            "pix_fmt": "yuv411p",
            "sample_aspect_ratio": "8:9",
            "pict_type": "I",
            "interlaced_frame": 1,
            "top_field_first": 0,
            "repeat_pict": 0,
            "chroma_location": "topleft"
        },
        {
            "media_type": "video",
            "stream_index": 0,
            "key_frame": 1,
            "pts": 675,
            "pts_time": "22.522523",
            "pkt_dts": 675,
            "pkt_dts_time": "22.522523",
            "best_effort_timestamp": 675,
            "best_effort_timestamp_time": "22.522523",
            "duration": 1,
            "duration_time": "0.033367",
            "pkt_pos": "85407396",
            "pkt_size": "120000",
            "width": 720,
            "height": 480,
            "crop_top": 0,
            "crop_bottom": 0,
            "crop_left": 0,
            "crop_right": 0,
            "pix_fmt": "yuv411p",
            "sample_aspect_ratio": "8:9",
            "pict_type": "I",
            "interlaced_frame": 1,
            "top_field_first": 0,
            "repeat_pict": 0,
            "chroma_location": "topleft"
        },
        {
            "media_type": "video",
            "stream_index": 0,
            "key_frame": 1,
            "pts": 676,
            "pts_time": "22.555889",
            "pkt_dts": 676,
            "pkt_dts_time": "22.555889",
            "best_effort_timestamp": 676,
            "best_effort_timestamp_time": "22.555889",
            "duration": 1,
            "duration_time": "0.033367",
            "pkt_pos": "85527404",
            "pkt_size": "120000",
            "width": 720,
            "height": 480,
            "crop_top": 0,
            "crop_bottom": 0,
            "crop_left": 0,
            "crop_right": 0,
            "pix_fmt": "yuv411p",
            "sample_aspect_ratio": "8:9",
            "pict_type": "I",
            "interlaced_frame": 1,
            "top_field_first": 0,
            "repeat_pict": 0,
            "chroma_location": "topleft"
        },
        {
            "media_type": "video",
            "stream_index": 0,
            "key_frame": 1,
            "pts": 677,
            "pts_time": "22.589256",
            "pkt_dts": 677,
            "pkt_dts_time": "22.589256",
            "best_effort_timestamp": 677,
            "best_effort_timestamp_time": "22.589256",
            "duration": 1,
            "duration_time": "0.033367",
            "pkt_pos": "85647412",
            "pkt_size": "120000",
            "width": 720,
            "height": 480,
            "crop_top": 0,
            "crop_bottom": 0,
            "crop_left": 0,
            "crop_right": 0,
            "pix_fmt": "yuv411p",
            "sample_aspect_ratio": "8:9",
            "pict_type": "I",
            "interlaced_frame": 1,
            "top_field_first": 0,
            "repeat_pict": 0,
            "chroma_location": "topleft"
        },
        {
            "media_type": "video",
            "stream_index": 0,
            "key_frame": 1,
            "pts": 678,
            "pts_time": "22.622623",
            "pkt_dts": 678,
            "pkt_dts_time": "22.622623",
            "best_effort_timestamp": 678,
            "best_effort_timestamp_time": "22.622623",
            "duration": 1,
            "duration_time": "0.033367",
            "pkt_pos": "85767420",
            "pkt_size": "120000",
            "width": 720,
            "height": 480,
            "crop_top": 0,
            "crop_bottom": 0,
            "crop_left": 0,
            "crop_right": 0,
            "pix_fmt": "yuv411p",
            "sample_aspect_ratio": "8:9",
            "pict_type": "I",
            "interlaced_frame": 1,
            "top_field_first": 0,
            "repeat_pict": 0,
            "chroma_location": "topleft"
        },
        {
            "media_type": "video",
            "stream_index": 0,
            "key_frame": 1,
            "pts": 679,
            "pts_time": "22.655989",
            "pkt_dts": 679,
            "pkt_dts_time": "22.655989",
            "best_effort_timestamp": 679,
            "best_effort_timestamp_time": "22.655989",
            "duration": 1,
            "duration_time": "0.033367",
            "pkt_pos": "85887428",
            "pkt_size": "120000",
            "width": 720,
            "height": 480,
            "crop_top": 0,
            "crop_bottom": 0,
            "crop_left": 0,
            "crop_right": 0,
            "pix_fmt": "yuv411p",
            "sample_aspect_ratio": "8:9",
            "pict_type": "I",
            "interlaced_frame": 1,
            "top_field_first": 0,
            "repeat_pict": 0,
            "chroma_location": "topleft"
        },
        {
            "media_type": "video",
            "stream_index": 0,
            "key_frame": 1,
            "pts": 680,
            "pts_time": "22.689356",
            "pkt_dts": 680,
            "pkt_dts_time": "22.689356",
            "best_effort_timestamp": 680,
            "best_effort_timestamp_time": "22.689356",
            "duration": 1,
            "duration_time": "0.033367",
            "pkt_pos": "86007436",
            "pkt_size": "120000",
            "width": 720,
            "height": 480,
            "crop_top": 0,
            "crop_bottom": 0,
            "crop_left": 0,
            "crop_right": 0,
            "pix_fmt": "yuv411p",
            "sample_aspect_ratio": "8:9",
            "pict_type": "I",
            "interlaced_frame": 1,
            "top_field_first": 0,
            "repeat_pict": 0,
            "chroma_location": "topleft"
        },
        {
            "media_type": "video",
            "stream_index": 0,
            "key_frame": 1,
            "pts": 681,
            "pts_time": "22.722723",
            "pkt_dts": 681,
            "pkt_dts_time": "22.722723",
            "best_effort_timestamp": 681,
            "best_effort_timestamp_time": "22.722723",
            "duration": 1,
            "duration_time": "0.033367",
            "pkt_pos": "86127444",
            "pkt_size": "120000",
            "width": 720,
            "height": 480,
            "crop_top": 0,
            "crop_bottom": 0,
            "crop_left": 0,
            "crop_right": 0,
            "pix_fmt": "yuv411p",
            "sample_aspect_ratio": "8:9",
            "pict_type": "I",
            "interlaced_frame": 1,
            "top_field_first": 0,
            "repeat_pict": 0,
            "chroma_location": "topleft"
        },
        {
            "media_type": "video",
            "stream_index": 0,
            "key_frame": 1,
            "pts": 682,
            "pts_time": "22.756089",
            "pkt_dts": 682,
            "pkt_dts_time": "22.756089",
            "best_effort_timestamp": 682,
            "best_effort_timestamp_time": "22.756089",
            "duration": 1,
            "duration_time": "0.033367",
            "pkt_pos": "86247452",
            "pkt_size": "120000",
            "width": 720,
            "height": 480,
            "crop_top": 0,
            "crop_bottom": 0,
            "crop_left": 0,
            "crop_right": 0,
            "pix_fmt": "yuv411p",
            "sample_aspect_ratio": "8:9",
            "pict_type": "I",
            "interlaced_frame": 1,
            "top_field_first": 0,
            "repeat_pict": 0,
            "chroma_location": "topleft"
        },
        {
            "media_type": "video",
            "stream_index": 0,
            "key_frame": 1,
            "pts": 683,
            "pts_time": "22.789456",
            "pkt_dts": 683,
            "pkt_dts_time": "22.789456",
            "best_effort_timestamp": 683,
            "best_effort_timestamp_time": "22.789456",
            "duration": 1,
            "duration_time": "0.033367",
            "pkt_pos": "86367460",
            "pkt_size": "120000",
            "width": 720,
            "height": 480,
            "crop_top": 0,
            "crop_bottom": 0,
            "crop_left": 0,
            "crop_right": 0,
            "pix_fmt": "yuv411p",
            "sample_aspect_ratio": "8:9",
            "pict_type": "I",
            "interlaced_frame": 1,
            "top_field_first": 0,
            "repeat_pict": 0,
            "chroma_location": "topleft"
        },
        {
            "media_type": "video",
            "stream_index": 0,
            "key_frame": 1,
            "pts": 684,
            "pts_time": "22.822823",
            "pkt_dts": 684,
            "pkt_dts_time": "22.822823",
            "best_effort_timestamp": 684,
            "best_effort_timestamp_time": "22.822823",
            "duration": 1,
            "duration_time": "0.033367",
            "pkt_pos": "86487468",
            "pkt_size": "120000",
            "width": 720,
            "height": 480,
            "crop_top": 0,
            "crop_bottom": 0,
            "crop_left": 0,
            "crop_right": 0,
            "pix_fmt": "yuv411p",
            "sample_aspect_ratio": "8:9",
            "pict_type": "I",
            "interlaced_frame": 1,
            "top_field_first": 0,
            "repeat_pict": 0,
            "chroma_location": "topleft"
        },
        {
            "media_type": "video",
            "stream_index": 0,
            "key_frame": 1,
            "pts": 685,
            "pts_time": "22.856189",
            "pkt_dts": 685,
            "pkt_dts_time": "22.856189",
            "best_effort_timestamp": 685,
            "best_effort_timestamp_time": "22.856189",
            "duration": 1,
            "duration_time": "0.033367",
            "pkt_pos": "86607476",
            "pkt_size": "120000",
            "width": 720,
            "height": 480,
            "crop_top": 0,
            "crop_bottom": 0,
            "crop_left": 0,
            "crop_right": 0,
            "pix_fmt": "yuv411p",
            "sample_aspect_ratio": "8:9",
            "pict_type": "I",
            "interlaced_frame": 1,
            "top_field_first": 0,
            "repeat_pict": 0,
            "chroma_location": "topleft"
        },
        {
            "media_type": "video",
            "stream_index": 0,
            "key_frame": 1,
            "pts": 686,
            "pts_time": "22.889556",
            "pkt_dts": 686,
            "pkt_dts_time": "22.889556",
            "best_effort_timestamp": 686,
            "best_effort_timestamp_time": "22.889556",
            "duration": 1,
            "duration_time": "0.033367",
            "pkt_pos": "86727484",
            "pkt_size": "120000",
            "width": 720,
            "height": 480,
            "crop_top": 0,
            "crop_bottom": 0,
            "crop_left": 0,
            "crop_right": 0,
            "pix_fmt": "yuv411p",
            "sample_aspect_ratio": "8:9",
            "pict_type": "I",
            "interlaced_frame": 1,
            "top_field_first": 0,
            "repeat_pict": 0,
            "chroma_location": "topleft"
        },
        {
            "media_type": "video",
            "stream_index": 0,
            "key_frame": 1,
            "pts": 687,
            "pts_time": "22.922923",
            "pkt_dts": 687,
            "pkt_dts_time": "22.922923",
            "best_effort_timestamp": 687,
            "best_effort_timestamp_time": "22.922923",
            "duration": 1,
            "duration_time": "0.033367",
            "pkt_pos": "86847492",
            "pkt_size": "120000",
            "width": 720,
            "height": 480,
            "crop_top": 0,
            "crop_bottom": 0,
            "crop_left": 0,
            "crop_right": 0,
            "pix_fmt": "yuv411p",
            "sample_aspect_ratio": "8:9",
            "pict_type": "I",
            "interlaced_frame": 1,
            "top_field_first": 0,
            "repeat_pict": 0,
            "chroma_location": "topleft"
        },
        {
            "media_type": "video",
            "stream_index": 0,
            "key_frame": 1,
            "pts": 688,
            "pts_time": "22.956290",
            "pkt_dts": 688,
            "pkt_dts_time": "22.956290",
            "best_effort_timestamp": 688,
            "best_effort_timestamp_time": "22.956290",
            "duration": 1,
            "duration_time": "0.033367",
            "pkt_pos": "86967500",
            "pkt_size": "120000",
            "width": 720,
            "height": 480,
            "crop_top": 0,
            "crop_bottom": 0,
            "crop_left": 0,
            "crop_right": 0,
            "pix_fmt": "yuv411p",
            "sample_aspect_ratio": "8:9",
            "pict_type": "I",
            "interlaced_frame": 1,
            "top_field_first": 0,
            "repeat_pict": 0,
            "chroma_location": "topleft"
        },
        {
            "media_type": "video",
            "stream_index": 0,
            "key_frame": 1,
            "pts": 689,
            "pts_time": "22.989656",
            "pkt_dts": 689,
            "pkt_dts_time": "22.989656",
            "best_effort_timestamp": 689,
            "best_effort_timestamp_time": "22.989656",
            "duration": 1,
            "duration_time": "0.033367",
            "pkt_pos": "87087508",
            "pkt_size": "120000",
            "width": 720,
            "height": 480,
            "crop_top": 0,
            "crop_bottom": 0,
            "crop_left": 0,
            "crop_right": 0,
            "pix_fmt": "yuv411p",
            "sample_aspect_ratio": "8:9",
            "pict_type": "I",
            "interlaced_frame": 1,
            "top_field_first": 0,
            "repeat_pict": 0,
            "chroma_location": "topleft"
        },
        {
            "media_type": "video",
            "stream_index": 0,
            "key_frame": 1,
            "pts": 690,
            "pts_time": "23.023023",
            "pkt_dts": 690,
            "pkt_dts_time": "23.023023",
            "best_effort_timestamp": 690,
            "best_effort_timestamp_time": "23.023023",
            "duration": 1,
            "duration_time": "0.033367",
            "pkt_pos": "87207516",
            "pkt_size": "120000",
            "width": 720,
            "height": 480,
            "crop_top": 0,
            "crop_bottom": 0,
            "crop_left": 0,
            "crop_right": 0,
            "pix_fmt": "yuv411p",
            "sample_aspect_ratio": "8:9",
            "pict_type": "I",
            "interlaced_frame": 1,
            "top_field_first": 0,
            "repeat_pict": 0,
            "chroma_location": "topleft"
        },
        {
            "media_type": "video",
            "stream_index": 0,
            "key_frame": 1,
            "pts": 691,
            "pts_time": "23.056390",
            "pkt_dts": 691,
            "pkt_dts_time": "23.056390",
            "best_effort_timestamp": 691,
            "best_effort_timestamp_time": "23.056390",
            "duration": 1,
            "duration_time": "0.033367",
            "pkt_pos": "87327524",
            "pkt_size": "120000",
            "width": 720,
            "height": 480,
            "crop_top": 0,
            "crop_bottom": 0,
            "crop_left": 0,
            "crop_right": 0,
            "pix_fmt": "yuv411p",
            "sample_aspect_ratio": "8:9",
            "pict_type": "I",
            "interlaced_frame": 1,
            "top_field_first": 0,
            "repeat_pict": 0,
            "chroma_location": "topleft"
        },
        {
            "media_type": "video",
            "stream_index": 0,
            "key_frame": 1,
            "pts": 692,
            "pts_time": "23.089756",
            "pkt_dts": 692,
            "pkt_dts_time": "23.089756",
            "best_effort_timestamp": 692,
            "best_effort_timestamp_time": "23.089756",
            "duration": 1,
            "duration_time": "0.033367",
            "pkt_pos": "87447532",
            "pkt_size": "120000",
            "width": 720,
            "height": 480,
            "crop_top": 0,
            "crop_bottom": 0,
            "crop_left": 0,
            "crop_right": 0,
            "pix_fmt": "yuv411p",
            "sample_aspect_ratio": "8:9",
            "pict_type": "I",
            "interlaced_frame": 1,
            "top_field_first": 0,
            "repeat_pict": 0,
            "chroma_location": "topleft"
        },
        {
            "media_type": "video",
            "stream_index": 0,
            "key_frame": 1,
            "pts": 693,
            "pts_time": "23.123123",
            "pkt_dts": 693,
            "pkt_dts_time": "23.123123",
            "best_effort_timestamp": 693,
            "best_effort_timestamp_time": "23.123123",
            "duration": 1,
            "duration_time": "0.033367",
            "pkt_pos": "87567540",
            "pkt_size": "120000",
            "width": 720,
            "height": 480,
            "crop_top": 0,
            "crop_bottom": 0,
            "crop_left": 0,
            "crop_right": 0,
            "pix_fmt": "yuv411p",
            "sample_aspect_ratio": "8:9",
            "pict_type": "I",
            "interlaced_frame": 1,
            "top_field_first": 0,
            "repeat_pict": 0,
            "chroma_location": "topleft"
        },
        {
            "media_type": "video",
            "stream_index": 0,
            "key_frame": 1,
            "pts": 694,
            "pts_time": "23.156490",
            "pkt_dts": 694,
            "pkt_dts_time": "23.156490",
            "best_effort_timestamp": 694,
            "best_effort_timestamp_time": "23.156490",
            "duration": 1,
            "duration_time": "0.033367",
            "pkt_pos": "87687548",
            "pkt_size": "120000",
            "width": 720,
            "height": 480,
            "crop_top": 0,
            "crop_bottom": 0,
            "crop_left": 0,
            "crop_right": 0,
            "pix_fmt": "yuv411p",
            "sample_aspect_ratio": "8:9",
            "pict_type": "I",
            "interlaced_frame": 1,
            "top_field_first": 0,
            "repeat_pict": 0,
            "chroma_location": "topleft"
        },
        {
            "media_type": "video",
            "stream_index": 0,
            "key_frame": 1,
            "pts": 695,
            "pts_time": "23.189856",
            "pkt_dts": 695,
            "pkt_dts_time": "23.189856",
            "best_effort_timestamp": 695,
            "best_effort_timestamp_time": "23.189856",
            "duration": 1,
            "duration_time": "0.033367",
            "pkt_pos": "87807556",
            "pkt_size": "120000",
            "width": 720,
            "height": 480,
            "crop_top": 0,
            "crop_bottom": 0,
            "crop_left": 0,
            "crop_right": 0,
            "pix_fmt": "yuv411p",
            "sample_aspect_ratio": "8:9",
            "pict_type": "I",
            "interlaced_frame": 1,
            "top_field_first": 0,
            "repeat_pict": 0,
            "chroma_location": "topleft"
        },
        {
            "media_type": "video",
            "stream_index": 0,
            "key_frame": 1,
            "pts": 696,
            "pts_time": "23.223223",
            "pkt_dts": 696,
            "pkt_dts_time": "23.223223",
            "best_effort_timestamp": 696,
            "best_effort_timestamp_time": "23.223223",
            "duration": 1,
            "duration_time": "0.033367",
            "pkt_pos": "88113356",
            "pkt_size": "120000",
            "width": 720,
            "height": 480,
            "crop_top": 0,
            "crop_bottom": 0,
            "crop_left": 0,
            "crop_right": 0,
            "pix_fmt": "yuv411p",
            "sample_aspect_ratio": "8:9",
            "pict_type": "I",
            "interlaced_frame": 1,
            "top_field_first": 0,
            "repeat_pict": 0,
            "chroma_location": "topleft"
        },
        {
            "media_type": "video",
            "stream_index": 0,
            "key_frame": 1,
            "pts": 697,
            "pts_time": "23.256590",
            "pkt_dts": 697,
            "pkt_dts_time": "23.256590",
            "best_effort_timestamp": 697,
            "best_effort_timestamp_time": "23.256590",
            "duration": 1,
            "duration_time": "0.033367",
            "pkt_pos": "88233364",
            "pkt_size": "120000",
            "width": 720,
            "height": 480,
            "crop_top": 0,
            "crop_bottom": 0,
            "crop_left": 0,
            "crop_right": 0,
            "pix_fmt": "yuv411p",
            "sample_aspect_ratio": "8:9",
            "pict_type": "I",
            "interlaced_frame": 1,
            "top_field_first": 0,
            "repeat_pict": 0,
            "chroma_location": "topleft"
        },
        {
            "media_type": "video",
            "stream_index": 0,
            "key_frame": 1,
            "pts": 698,
            "pts_time": "23.289957",
            "pkt_dts": 698,
            "pkt_dts_time": "23.289957",
            "best_effort_timestamp": 698,
            "best_effort_timestamp_time": "23.289957",
            "duration": 1,
            "duration_time": "0.033367",
            "pkt_pos": "88353372",
            "pkt_size": "120000",
            "width": 720,
            "height": 480,
            "crop_top": 0,
            "crop_bottom": 0,
            "crop_left": 0,
            "crop_right": 0,
            "pix_fmt": "yuv411p",
            "sample_aspect_ratio": "8:9",
            "pict_type": "I",
            "interlaced_frame": 1,
            "top_field_first": 0,
            "repeat_pict": 0,
            "chroma_location": "topleft"
        },
        {
            "media_type": "video",
            "stream_index": 0,
            "key_frame": 1,
            "pts": 699,
            "pts_time": "23.323323",
            "pkt_dts": 699,
            "pkt_dts_time": "23.323323",
            "best_effort_timestamp": 699,
            "best_effort_timestamp_time": "23.323323",
            "duration": 1,
            "duration_time": "0.033367",
            "pkt_pos": "88473380",
            "pkt_size": "120000",
            "width": 720,
            "height": 480,
            "crop_top": 0,
            "crop_bottom": 0,
            "crop_left": 0,
            "crop_right": 0,
            "pix_fmt": "yuv411p",
            "sample_aspect_ratio": "8:9",
            "pict_type": "I",
            "interlaced_frame": 1,
            "top_field_first": 0,
            "repeat_pict": 0,
            "chroma_location": "topleft"
        },
        {
            "media_type": "video",
            "stream_index": 0,
            "key_frame": 1,
            "pts": 700,
            "pts_time": "23.356690",
            "pkt_dts": 700,
            "pkt_dts_time": "23.356690",
            "best_effort_timestamp": 700,
            "best_effort_timestamp_time": "23.356690",
            "duration": 1,
            "duration_time": "0.033367",
            "pkt_pos": "88593388",
            "pkt_size": "120000",
            "width": 720,
            "height": 480,
            "crop_top": 0,
            "crop_bottom": 0,
            "crop_left": 0,
            "crop_right": 0,
            "pix_fmt": "yuv411p",
            "sample_aspect_ratio": "8:9",
            "pict_type": "I",
            "interlaced_frame": 1,
            "top_field_first": 0,
            "repeat_pict": 0,
            "chroma_location": "topleft"
        },
        {
            "media_type": "video",
            "stream_index": 0,
            "key_frame": 1,
            "pts": 701,
            "pts_time": "23.390057",
            "pkt_dts": 701,
            "pkt_dts_time": "23.390057",
            "best_effort_timestamp": 701,
            "best_effort_timestamp_time": "23.390057",
            "duration": 1,
            "duration_time": "0.033367",
            "pkt_pos": "88713396",
            "pkt_size": "120000",
            "width": 720,
            "height": 480,
            "crop_top": 0,
            "crop_bottom": 0,
            "crop_left": 0,
            "crop_right": 0,
            "pix_fmt": "yuv411p",
            "sample_aspect_ratio": "8:9",
            "pict_type": "I",
            "interlaced_frame": 1,
            "top_field_first": 0,
            "repeat_pict": 0,
            "chroma_location": "topleft"
        },
        {
            "media_type": "video",
            "stream_index": 0,
            "key_frame": 1,
            "pts": 702,
            "pts_time": "23.423423",
            "pkt_dts": 702,
            "pkt_dts_time": "23.423423",
            "best_effort_timestamp": 702,
            "best_effort_timestamp_time": "23.423423",
            "duration": 1,
            "duration_time": "0.033367",
            "pkt_pos": "88833404",
            "pkt_size": "120000",
            "width": 720,
            "height": 480,
            "crop_top": 0,
            "crop_bottom": 0,
            "crop_left": 0,
            "crop_right": 0,
            "pix_fmt": "yuv411p",
            "sample_aspect_ratio": "8:9",
            "pict_type": "I",
            "interlaced_frame": 1,
            "top_field_first": 0,
            "repeat_pict": 0,
            "chroma_location": "topleft"
        },
        {
            "media_type": "video",
            "stream_index": 0,
            "key_frame": 1,
            "pts": 703,
            "pts_time": "23.456790",
            "pkt_dts": 703,
            "pkt_dts_time": "23.456790",
            "best_effort_timestamp": 703,
            "best_effort_timestamp_time": "23.456790",
            "duration": 1,
            "duration_time": "0.033367",
            "pkt_pos": "88953412",
            "pkt_size": "120000",
            "width": 720,
            "height": 480,
            "crop_top": 0,
            "crop_bottom": 0,
            "crop_left": 0,
            "crop_right": 0,
            "pix_fmt": "yuv411p",
            "sample_aspect_ratio": "8:9",
            "pict_type": "I",
            "interlaced_frame": 1,
            "top_field_first": 0,
            "repeat_pict": 0,
            "chroma_location": "topleft"
        },
        {
            "media_type": "video",
            "stream_index": 0,
            "key_frame": 1,
            "pts": 704,
            "pts_time": "23.490157",
            "pkt_dts": 704,
            "pkt_dts_time": "23.490157",
            "best_effort_timestamp": 704,
            "best_effort_timestamp_time": "23.490157",
            "duration": 1,
            "duration_time": "0.033367",
            "pkt_pos": "89073420",
            "pkt_size": "120000",
            "width": 720,
            "height": 480,
            "crop_top": 0,
            "crop_bottom": 0,
            "crop_left": 0,
            "crop_right": 0,
            "pix_fmt": "yuv411p",
            "sample_aspect_ratio": "8:9",
            "pict_type": "I",
            "interlaced_frame": 1,
            "top_field_first": 0,
            "repeat_pict": 0,
            "chroma_location": "topleft"
        },
        {
            "media_type": "video",
            "stream_index": 0,
            "key_frame": 1,
            "pts": 705,
            "pts_time": "23.523523",
            "pkt_dts": 705,
            "pkt_dts_time": "23.523523",
            "best_effort_timestamp": 705,
            "best_effort_timestamp_time": "23.523523",
            "duration": 1,
            "duration_time": "0.033367",
            "pkt_pos": "89193428",
            "pkt_size": "120000",
            "width": 720,
            "height": 480,
            "crop_top": 0,
            "crop_bottom": 0,
            "crop_left": 0,
            "crop_right": 0,
            "pix_fmt": "yuv411p",
            "sample_aspect_ratio": "8:9",
            "pict_type": "I",
            "interlaced_frame": 1,
            "top_field_first": 0,
            "repeat_pict": 0,
            "chroma_location": "topleft"
        },
        {
            "media_type": "video",
            "stream_index": 0,
            "key_frame": 1,
            "pts": 706,
            "pts_time": "23.556890",
            "pkt_dts": 706,
            "pkt_dts_time": "23.556890",
            "best_effort_timestamp": 706,
            "best_effort_timestamp_time": "23.556890",
            "duration": 1,
            "duration_time": "0.033367",
            "pkt_pos": "89313436",
            "pkt_size": "120000",
            "width": 720,
            "height": 480,
            "crop_top": 0,
            "crop_bottom": 0,
            "crop_left": 0,
            "crop_right": 0,
            "pix_fmt": "yuv411p",
            "sample_aspect_ratio": "8:9",
            "pict_type": "I",
            "interlaced_frame": 1,
            "top_field_first": 0,
            "repeat_pict": 0,
            "chroma_location": "topleft"
        },
        {
            "media_type": "video",
            "stream_index": 0,
            "key_frame": 1,
            "pts": 707,
            "pts_time": "23.590257",
            "pkt_dts": 707,
            "pkt_dts_time": "23.590257",
            "best_effort_timestamp": 707,
            "best_effort_timestamp_time": "23.590257",
            "duration": 1,
            "duration_time": "0.033367",
            "pkt_pos": "89433444",
            "pkt_size": "120000",
            "width": 720,
            "height": 480,
            "crop_top": 0,
            "crop_bottom": 0,
            "crop_left": 0,
            "crop_right": 0,
            "pix_fmt": "yuv411p",
            "sample_aspect_ratio": "8:9",
            "pict_type": "I",
            "interlaced_frame": 1,
            "top_field_first": 0,
            "repeat_pict": 0,
            "chroma_location": "topleft"
        },
        {
            "media_type": "video",
            "stream_index": 0,
            "key_frame": 1,
            "pts": 708,
            "pts_time": "23.623624",
            "pkt_dts": 708,
            "pkt_dts_time": "23.623624",
            "best_effort_timestamp": 708,
            "best_effort_timestamp_time": "23.623624",
            "duration": 1,
            "duration_time": "0.033367",
            "pkt_pos": "89553452",
            "pkt_size": "120000",
            "width": 720,
            "height": 480,
            "crop_top": 0,
            "crop_bottom": 0,
            "crop_left": 0,
            "crop_right": 0,
            "pix_fmt": "yuv411p",
            "sample_aspect_ratio": "8:9",
            "pict_type": "I",
            "interlaced_frame": 1,
            "top_field_first": 0,
            "repeat_pict": 0,
            "chroma_location": "topleft"
        },
        {
            "media_type": "video",
            "stream_index": 0,
            "key_frame": 1,
            "pts": 709,
            "pts_time": "23.656990",
            "pkt_dts": 709,
            "pkt_dts_time": "23.656990",
            "best_effort_timestamp": 709,
            "best_effort_timestamp_time": "23.656990",
            "duration": 1,
            "duration_time": "0.033367",
            "pkt_pos": "89673460",
            "pkt_size": "120000",
            "width": 720,
            "height": 480,
            "crop_top": 0,
            "crop_bottom": 0,
            "crop_left": 0,
            "crop_right": 0,
            "pix_fmt": "yuv411p",
            "sample_aspect_ratio": "8:9",
            "pict_type": "I",
            "interlaced_frame": 1,
            "top_field_first": 0,
            "repeat_pict": 0,
            "chroma_location": "topleft"
        },
        {
            "media_type": "video",
            "stream_index": 0,
            "key_frame": 1,
            "pts": 710,
            "pts_time": "23.690357",
            "pkt_dts": 710,
            "pkt_dts_time": "23.690357",
            "best_effort_timestamp": 710,
            "best_effort_timestamp_time": "23.690357",
            "duration": 1,
            "duration_time": "0.033367",
            "pkt_pos": "89793468",
            "pkt_size": "120000",
            "width": 720,
            "height": 480,
            "crop_top": 0,
            "crop_bottom": 0,
            "crop_left": 0,
            "crop_right": 0,
            "pix_fmt": "yuv411p",
            "sample_aspect_ratio": "8:9",
            "pict_type": "I",
            "interlaced_frame": 1,
            "top_field_first": 0,
            "repeat_pict": 0,
            "chroma_location": "topleft"
        },
        {
            "media_type": "video",
            "stream_index": 0,
            "key_frame": 1,
            "pts": 711,
            "pts_time": "23.723724",
            "pkt_dts": 711,
            "pkt_dts_time": "23.723724",
            "best_effort_timestamp": 711,
            "best_effort_timestamp_time": "23.723724",
            "duration": 1,
            "duration_time": "0.033367",
            "pkt_pos": "89913476",
            "pkt_size": "120000",
            "width": 720,
            "height": 480,
            "crop_top": 0,
            "crop_bottom": 0,
            "crop_left": 0,
            "crop_right": 0,
            "pix_fmt": "yuv411p",
            "sample_aspect_ratio": "8:9",
            "pict_type": "I",
            "interlaced_frame": 1,
            "top_field_first": 0,
            "repeat_pict": 0,
            "chroma_location": "topleft"
        },
        {
            "media_type": "video",
            "stream_index": 0,
            "key_frame": 1,
            "pts": 712,
            "pts_time": "23.757090",
            "pkt_dts": 712,
            "pkt_dts_time": "23.757090",
            "best_effort_timestamp": 712,
            "best_effort_timestamp_time": "23.757090",
            "duration": 1,
            "duration_time": "0.033367",
            "pkt_pos": "90033484",
            "pkt_size": "120000",
            "width": 720,
            "height": 480,
            "crop_top": 0,
            "crop_bottom": 0,
            "crop_left": 0,
            "crop_right": 0,
            "pix_fmt": "yuv411p",
            "sample_aspect_ratio": "8:9",
            "pict_type": "I",
            "interlaced_frame": 1,
            "top_field_first": 0,
            "repeat_pict": 0,
            "chroma_location": "topleft"
        },
        {
            "media_type": "video",
            "stream_index": 0,
            "key_frame": 1,
            "pts": 713,
            "pts_time": "23.790457",
            "pkt_dts": 713,
            "pkt_dts_time": "23.790457",
            "best_effort_timestamp": 713,
            "best_effort_timestamp_time": "23.790457",
            "duration": 1,
            "duration_time": "0.033367",
            "pkt_pos": "90153492",
            "pkt_size": "120000",
            "width": 720,
            "height": 480,
            "crop_top": 0,
            "crop_bottom": 0,
            "crop_left": 0,
            "crop_right": 0,
            "pix_fmt": "yuv411p",
            "sample_aspect_ratio": "8:9",
            "pict_type": "I",
            "interlaced_frame": 1,
            "top_field_first": 0,
            "repeat_pict": 0,
            "chroma_location": "topleft"
        },
        {
            "media_type": "video",
            "stream_index": 0,
            "key_frame": 1,
            "pts": 714,
            "pts_time": "23.823824",
            "pkt_dts": 714,
            "pkt_dts_time": "23.823824",
            "best_effort_timestamp": 714,
            "best_effort_timestamp_time": "23.823824",
            "duration": 1,
            "duration_time": "0.033367",
            "pkt_pos": "90273500",
            "pkt_size": "120000",
            "width": 720,
            "height": 480,
            "crop_top": 0,
            "crop_bottom": 0,
            "crop_left": 0,
            "crop_right": 0,
            "pix_fmt": "yuv411p",
            "sample_aspect_ratio": "8:9",
            "pict_type": "I",
            "interlaced_frame": 1,
            "top_field_first": 0,
            "repeat_pict": 0,
            "chroma_location": "topleft"
        },
        {
            "media_type": "video",
            "stream_index": 0,
            "key_frame": 1,
            "pts": 715,
            "pts_time": "23.857190",
            "pkt_dts": 715,
            "pkt_dts_time": "23.857190",
            "best_effort_timestamp": 715,
            "best_effort_timestamp_time": "23.857190",
            "duration": 1,
            "duration_time": "0.033367",
            "pkt_pos": "90393508",
            "pkt_size": "120000",
            "width": 720,
            "height": 480,
            "crop_top": 0,
            "crop_bottom": 0,
            "crop_left": 0,
            "crop_right": 0,
            "pix_fmt": "yuv411p",
            "sample_aspect_ratio": "8:9",
            "pict_type": "I",
            "interlaced_frame": 1,
            "top_field_first": 0,
            "repeat_pict": 0,
            "chroma_location": "topleft"
        },
        {
            "media_type": "video",
            "stream_index": 0,
            "key_frame": 1,
            "pts": 716,
            "pts_time": "23.890557",
            "pkt_dts": 716,
            "pkt_dts_time": "23.890557",
            "best_effort_timestamp": 716,
            "best_effort_timestamp_time": "23.890557",
            "duration": 1,
            "duration_time": "0.033367",
            "pkt_pos": "90513516",
            "pkt_size": "120000",
            "width": 720,
            "height": 480,
            "crop_top": 0,
            "crop_bottom": 0,
            "crop_left": 0,
            "crop_right": 0,
            "pix_fmt": "yuv411p",
            "sample_aspect_ratio": "8:9",
            "pict_type": "I",
            "interlaced_frame": 1,
            "top_field_first": 0,
            "repeat_pict": 0,
            "chroma_location": "topleft"
        },
        {
            "media_type": "video",
            "stream_index": 0,
            "key_frame": 1,
            "pts": 717,
            "pts_time": "23.923924",
            "pkt_dts": 717,
            "pkt_dts_time": "23.923924",
            "best_effort_timestamp": 717,
            "best_effort_timestamp_time": "23.923924",
            "duration": 1,
            "duration_time": "0.033367",
            "pkt_pos": "90633524",
            "pkt_size": "120000",
            "width": 720,
            "height": 480,
            "crop_top": 0,
            "crop_bottom": 0,
            "crop_left": 0,
            "crop_right": 0,
            "pix_fmt": "yuv411p",
            "sample_aspect_ratio": "8:9",
            "pict_type": "I",
            "interlaced_frame": 1,
            "top_field_first": 0,
            "repeat_pict": 0,
            "chroma_location": "topleft"
        },
        {
            "media_type": "video",
            "stream_index": 0,
            "key_frame": 1,
            "pts": 718,
            "pts_time": "23.957291",
            "pkt_dts": 718,
            "pkt_dts_time": "23.957291",
            "best_effort_timestamp": 718,
            "best_effort_timestamp_time": "23.957291",
            "duration": 1,
            "duration_time": "0.033367",
            "pkt_pos": "90753532",
            "pkt_size": "120000",
            "width": 720,
            "height": 480,
            "crop_top": 0,
            "crop_bottom": 0,
            "crop_left": 0,
            "crop_right": 0,
            "pix_fmt": "yuv411p",
            "sample_aspect_ratio": "8:9",
            "pict_type": "I",
            "interlaced_frame": 1,
            "top_field_first": 0,
            "repeat_pict": 0,
            "chroma_location": "topleft"
        },
        {
            "media_type": "video",
            "stream_index": 0,
            "key_frame": 1,
            "pts": 719,
            "pts_time": "23.990657",
            "pkt_dts": 719,
            "pkt_dts_time": "23.990657",
            "best_effort_timestamp": 719,
            "best_effort_timestamp_time": "23.990657",
            "duration": 1,
            "duration_time": "0.033367",
            "pkt_pos": "90873540",
            "pkt_size": "120000",
            "width": 720,
            "height": 480,
            "crop_top": 0,
            "crop_bottom": 0,
            "crop_left": 0,
            "crop_right": 0,
            "pix_fmt": "yuv411p",
            "sample_aspect_ratio": "8:9",
            "pict_type": "I",
            "interlaced_frame": 1,
            "top_field_first": 0,
            "repeat_pict": 0,
            "chroma_location": "topleft"
        },
        {
            "media_type": "video",
            "stream_index": 0,
            "key_frame": 1,
            "pts": 720,
            "pts_time": "24.024024",
            "pkt_dts": 720,
            "pkt_dts_time": "24.024024",
            "best_effort_timestamp": 720,
            "best_effort_timestamp_time": "24.024024",
            "duration": 1,
            "duration_time": "0.033367",
            "pkt_pos": "90993548",
            "pkt_size": "120000",
            "width": 720,
            "height": 480,
            "crop_top": 0,
            "crop_bottom": 0,
            "crop_left": 0,
            "crop_right": 0,
            "pix_fmt": "yuv411p",
            "sample_aspect_ratio": "8:9",
            "pict_type": "I",
            "interlaced_frame": 1,
            "top_field_first": 0,
            "repeat_pict": 0,
            "chroma_location": "topleft"
        },
        {
            "media_type": "video",
            "stream_index": 0,
            "key_frame": 1,
            "pts": 721,
            "pts_time": "24.057391",
            "pkt_dts": 721,
            "pkt_dts_time": "24.057391",
            "best_effort_timestamp": 721,
            "best_effort_timestamp_time": "24.057391",
            "duration": 1,
            "duration_time": "0.033367",
            "pkt_pos": "91113556",
            "pkt_size": "120000",
            "width": 720,
            "height": 480,
            "crop_top": 0,
            "crop_bottom": 0,
            "crop_left": 0,
            "crop_right": 0,
            "pix_fmt": "yuv411p",
            "sample_aspect_ratio": "8:9",
            "pict_type": "I",
            "interlaced_frame": 1,
            "top_field_first": 0,
            "repeat_pict": 0,
            "chroma_location": "topleft"
        },
        {
            "media_type": "video",
            "stream_index": 0,
            "key_frame": 1,
            "pts": 722,
            "pts_time": "24.090757",
            "pkt_dts": 722,
            "pkt_dts_time": "24.090757",
            "best_effort_timestamp": 722,
            "best_effort_timestamp_time": "24.090757",
            "duration": 1,
            "duration_time": "0.033367",
            "pkt_pos": "91233564",
            "pkt_size": "120000",
            "width": 720,
            "height": 480,
            "crop_top": 0,
            "crop_bottom": 0,
            "crop_left": 0,
            "crop_right": 0,
            "pix_fmt": "yuv411p",
            "sample_aspect_ratio": "8:9",
            "pict_type": "I",
            "interlaced_frame": 1,
            "top_field_first": 0,
            "repeat_pict": 0,
            "chroma_location": "topleft"
        },
        {
            "media_type": "video",
            "stream_index": 0,
            "key_frame": 1,
            "pts": 723,
            "pts_time": "24.124124",
            "pkt_dts": 723,
            "pkt_dts_time": "24.124124",
            "best_effort_timestamp": 723,
            "best_effort_timestamp_time": "24.124124",
            "duration": 1,
            "duration_time": "0.033367",
            "pkt_pos": "91353572",
            "pkt_size": "120000",
            "width": 720,
            "height": 480,
            "crop_top": 0,
            "crop_bottom": 0,
            "crop_left": 0,
            "crop_right": 0,
            "pix_fmt": "yuv411p",
            "sample_aspect_ratio": "8:9",
            "pict_type": "I",
            "interlaced_frame": 1,
            "top_field_first": 0,
            "repeat_pict": 0,
            "chroma_location": "topleft"
        },
        {
            "media_type": "video",
            "stream_index": 0,
            "key_frame": 1,
            "pts": 724,
            "pts_time": "24.157491",
            "pkt_dts": 724,
            "pkt_dts_time": "24.157491",
            "best_effort_timestamp": 724,
            "best_effort_timestamp_time": "24.157491",
            "duration": 1,
            "duration_time": "0.033367",
            "pkt_pos": "91473580",
            "pkt_size": "120000",
            "width": 720,
            "height": 480,
            "crop_top": 0,
            "crop_bottom": 0,
            "crop_left": 0,
            "crop_right": 0,
            "pix_fmt": "yuv411p",
            "sample_aspect_ratio": "8:9",
            "pict_type": "I",
            "interlaced_frame": 1,
            "top_field_first": 0,
            "repeat_pict": 0,
            "chroma_location": "topleft"
        },
        {
            "media_type": "video",
            "stream_index": 0,
            "key_frame": 1,
            "pts": 725,
            "pts_time": "24.190857",
            "pkt_dts": 725,
            "pkt_dts_time": "24.190857",
            "best_effort_timestamp": 725,
            "best_effort_timestamp_time": "24.190857",
            "duration": 1,
            "duration_time": "0.033367",
            "pkt_pos": "91779384",
            "pkt_size": "120000",
            "width": 720,
            "height": 480,
            "crop_top": 0,
            "crop_bottom": 0,
            "crop_left": 0,
            "crop_right": 0,
            "pix_fmt": "yuv411p",
            "sample_aspect_ratio": "8:9",
            "pict_type": "I",
            "interlaced_frame": 1,
            "top_field_first": 0,
            "repeat_pict": 0,
            "chroma_location": "topleft"
        },
        {
            "media_type": "video",
            "stream_index": 0,
            "key_frame": 1,
            "pts": 726,
            "pts_time": "24.224224",
            "pkt_dts": 726,
            "pkt_dts_time": "24.224224",
            "best_effort_timestamp": 726,
            "best_effort_timestamp_time": "24.224224",
            "duration": 1,
            "duration_time": "0.033367",
            "pkt_pos": "91899392",
            "pkt_size": "120000",
            "width": 720,
            "height": 480,
            "crop_top": 0,
            "crop_bottom": 0,
            "crop_left": 0,
            "crop_right": 0,
            "pix_fmt": "yuv411p",
            "sample_aspect_ratio": "8:9",
            "pict_type": "I",
            "interlaced_frame": 1,
            "top_field_first": 0,
            "repeat_pict": 0,
            "chroma_location": "topleft"
        },
        {
            "media_type": "video",
            "stream_index": 0,
            "key_frame": 1,
            "pts": 727,
            "pts_time": "24.257591",
            "pkt_dts": 727,
            "pkt_dts_time": "24.257591",
            "best_effort_timestamp": 727,
            "best_effort_timestamp_time": "24.257591",
            "duration": 1,
            "duration_time": "0.033367",
            "pkt_pos": "92019400",
            "pkt_size": "120000",
            "width": 720,
            "height": 480,
            "crop_top": 0,
            "crop_bottom": 0,
            "crop_left": 0,
            "crop_right": 0,
            "pix_fmt": "yuv411p",
            "sample_aspect_ratio": "8:9",
            "pict_type": "I",
            "interlaced_frame": 1,
            "top_field_first": 0,
            "repeat_pict": 0,
            "chroma_location": "topleft"
        },
        {
            "media_type": "video",
            "stream_index": 0,
            "key_frame": 1,
            "pts": 728,
            "pts_time": "24.290958",
            "pkt_dts": 728,
            "pkt_dts_time": "24.290958",
            "best_effort_timestamp": 728,
            "best_effort_timestamp_time": "24.290958",
            "duration": 1,
            "duration_time": "0.033367",
            "pkt_pos": "92139408",
            "pkt_size": "120000",
            "width": 720,
            "height": 480,
            "crop_top": 0,
            "crop_bottom": 0,
            "crop_left": 0,
            "crop_right": 0,
            "pix_fmt": "yuv411p",
            "sample_aspect_ratio": "8:9",
            "pict_type": "I",
            "interlaced_frame": 1,
            "top_field_first": 0,
            "repeat_pict": 0,
            "chroma_location": "topleft"
        },
        {
            "media_type": "video",
            "stream_index": 0,
            "key_frame": 1,
            "pts": 729,
            "pts_time": "24.324324",
            "pkt_dts": 729,
            "pkt_dts_time": "24.324324",
            "best_effort_timestamp": 729,
            "best_effort_timestamp_time": "24.324324",
            "duration": 1,
            "duration_time": "0.033367",
            "pkt_pos": "92259416",
            "pkt_size": "120000",
            "width": 720,
            "height": 480,
            "crop_top": 0,
            "crop_bottom": 0,
            "crop_left": 0,
            "crop_right": 0,
            "pix_fmt": "yuv411p",
            "sample_aspect_ratio": "8:9",
            "pict_type": "I",
            "interlaced_frame": 1,
            "top_field_first": 0,
            "repeat_pict": 0,
            "chroma_location": "topleft"
        },
        {
            "media_type": "video",
            "stream_index": 0,
            "key_frame": 1,
            "pts": 730,
            "pts_time": "24.357691",
            "pkt_dts": 730,
            "pkt_dts_time": "24.357691",
            "best_effort_timestamp": 730,
            "best_effort_timestamp_time": "24.357691",
            "duration": 1,
            "duration_time": "0.033367",
            "pkt_pos": "92379424",
            "pkt_size": "120000",
            "width": 720,
            "height": 480,
            "crop_top": 0,
            "crop_bottom": 0,
            "crop_left": 0,
            "crop_right": 0,
            "pix_fmt": "yuv411p",
            "sample_aspect_ratio": "8:9",
            "pict_type": "I",
            "interlaced_frame": 1,
            "top_field_first": 0,
            "repeat_pict": 0,
            "chroma_location": "topleft"
        },
        {
            "media_type": "video",
            "stream_index": 0,
            "key_frame": 1,
            "pts": 731,
            "pts_time": "24.391058",
            "pkt_dts": 731,
            "pkt_dts_time": "24.391058",
            "best_effort_timestamp": 731,
            "best_effort_timestamp_time": "24.391058",
            "duration": 1,
            "duration_time": "0.033367",
            "pkt_pos": "92499432",
            "pkt_size": "120000",
            "width": 720,
            "height": 480,
            "crop_top": 0,
            "crop_bottom": 0,
            "crop_left": 0,
            "crop_right": 0,
            "pix_fmt": "yuv411p",
            "sample_aspect_ratio": "8:9",
            "pict_type": "I",
            "interlaced_frame": 1,
            "top_field_first": 0,
            "repeat_pict": 0,
            "chroma_location": "topleft"
        },
        {
            "media_type": "video",
            "stream_index": 0,
            "key_frame": 1,
            "pts": 732,
            "pts_time": "24.424424",
            "pkt_dts": 732,
            "pkt_dts_time": "24.424424",
            "best_effort_timestamp": 732,
            "best_effort_timestamp_time": "24.424424",
            "duration": 1,
            "duration_time": "0.033367",
            "pkt_pos": "92619440",
            "pkt_size": "120000",
            "width": 720,
            "height": 480,
            "crop_top": 0,
            "crop_bottom": 0,
            "crop_left": 0,
            "crop_right": 0,
            "pix_fmt": "yuv411p",
            "sample_aspect_ratio": "8:9",
            "pict_type": "I",
            "interlaced_frame": 1,
            "top_field_first": 0,
            "repeat_pict": 0,
            "chroma_location": "topleft"
        },
        {
            "media_type": "video",
            "stream_index": 0,
            "key_frame": 1,
            "pts": 733,
            "pts_time": "24.457791",
            "pkt_dts": 733,
            "pkt_dts_time": "24.457791",
            "best_effort_timestamp": 733,
            "best_effort_timestamp_time": "24.457791",
            "duration": 1,
            "duration_time": "0.033367",
            "pkt_pos": "92739448",
            "pkt_size": "120000",
            "width": 720,
            "height": 480,
            "crop_top": 0,
            "crop_bottom": 0,
            "crop_left": 0,
            "crop_right": 0,
            "pix_fmt": "yuv411p",
            "sample_aspect_ratio": "8:9",
            "pict_type": "I",
            "interlaced_frame": 1,
            "top_field_first": 0,
            "repeat_pict": 0,
            "chroma_location": "topleft"
        },
        {
            "media_type": "video",
            "stream_index": 0,
            "key_frame": 1,
            "pts": 734,
            "pts_time": "24.491158",
            "pkt_dts": 734,
            "pkt_dts_time": "24.491158",
            "best_effort_timestamp": 734,
            "best_effort_timestamp_time": "24.491158",
            "duration": 1,
            "duration_time": "0.033367",
            "pkt_pos": "92859456",
            "pkt_size": "120000",
            "width": 720,
            "height": 480,
            "crop_top": 0,
            "crop_bottom": 0,
            "crop_left": 0,
            "crop_right": 0,
            "pix_fmt": "yuv411p",
            "sample_aspect_ratio": "8:9",
            "pict_type": "I",
            "interlaced_frame": 1,
            "top_field_first": 0,
            "repeat_pict": 0,
            "chroma_location": "topleft"
        },
        {
            "media_type": "video",
            "stream_index": 0,
            "key_frame": 1,
            "pts": 735,
            "pts_time": "24.524524",
            "pkt_dts": 735,
            "pkt_dts_time": "24.524524",
            "best_effort_timestamp": 735,
            "best_effort_timestamp_time": "24.524524",
            "duration": 1,
            "duration_time": "0.033367",
            "pkt_pos": "92979464",
            "pkt_size": "120000",
            "width": 720,
            "height": 480,
            "crop_top": 0,
            "crop_bottom": 0,
            "crop_left": 0,
            "crop_right": 0,
            "pix_fmt": "yuv411p",
            "sample_aspect_ratio": "8:9",
            "pict_type": "I",
            "interlaced_frame": 1,
            "top_field_first": 0,
            "repeat_pict": 0,
            "chroma_location": "topleft"
        },
        {
            "media_type": "video",
            "stream_index": 0,
            "key_frame": 1,
            "pts": 736,
            "pts_time": "24.557891",
            "pkt_dts": 736,
            "pkt_dts_time": "24.557891",
            "best_effort_timestamp": 736,
            "best_effort_timestamp_time": "24.557891",
            "duration": 1,
            "duration_time": "0.033367",
            "pkt_pos": "93099472",
            "pkt_size": "120000",
            "width": 720,
            "height": 480,
            "crop_top": 0,
            "crop_bottom": 0,
            "crop_left": 0,
            "crop_right": 0,
            "pix_fmt": "yuv411p",
            "sample_aspect_ratio": "8:9",
            "pict_type": "I",
            "interlaced_frame": 1,
            "top_field_first": 0,
            "repeat_pict": 0,
            "chroma_location": "topleft"
        },
        {
            "media_type": "video",
            "stream_index": 0,
            "key_frame": 1,
            "pts": 737,
            "pts_time": "24.591258",
            "pkt_dts": 737,
            "pkt_dts_time": "24.591258",
            "best_effort_timestamp": 737,
            "best_effort_timestamp_time": "24.591258",
            "duration": 1,
            "duration_time": "0.033367",
            "pkt_pos": "93219480",
            "pkt_size": "120000",
            "width": 720,
            "height": 480,
            "crop_top": 0,
            "crop_bottom": 0,
            "crop_left": 0,
            "crop_right": 0,
            "pix_fmt": "yuv411p",
            "sample_aspect_ratio": "8:9",
            "pict_type": "I",
            "interlaced_frame": 1,
            "top_field_first": 0,
            "repeat_pict": 0,
            "chroma_location": "topleft"
        },
        {
            "media_type": "video",
            "stream_index": 0,
            "key_frame": 1,
            "pts": 738,
            "pts_time": "24.624625",
            "pkt_dts": 738,
            "pkt_dts_time": "24.624625",
            "best_effort_timestamp": 738,
            "best_effort_timestamp_time": "24.624625",
            "duration": 1,
            "duration_time": "0.033367",
            "pkt_pos": "93339488",
            "pkt_size": "120000",
            "width": 720,
            "height": 480,
            "crop_top": 0,
            "crop_bottom": 0,
            "crop_left": 0,
            "crop_right": 0,
            "pix_fmt": "yuv411p",
            "sample_aspect_ratio": "8:9",
            "pict_type": "I",
            "interlaced_frame": 1,
            "top_field_first": 0,
            "repeat_pict": 0,
            "chroma_location": "topleft"
        },
        {
            "media_type": "video",
            "stream_index": 0,
            "key_frame": 1,
            "pts": 739,
            "pts_time": "24.657991",
            "pkt_dts": 739,
            "pkt_dts_time": "24.657991",
            "best_effort_timestamp": 739,
            "best_effort_timestamp_time": "24.657991",
            "duration": 1,
            "duration_time": "0.033367",
            "pkt_pos": "93459496",
            "pkt_size": "120000",
            "width": 720,
            "height": 480,
            "crop_top": 0,
            "crop_bottom": 0,
            "crop_left": 0,
            "crop_right": 0,
            "pix_fmt": "yuv411p",
            "sample_aspect_ratio": "8:9",
            "pict_type": "I",
            "interlaced_frame": 1,
            "top_field_first": 0,
            "repeat_pict": 0,
            "chroma_location": "topleft"
        },
        {
            "media_type": "video",
            "stream_index": 0,
            "key_frame": 1,
            "pts": 740,
            "pts_time": "24.691358",
            "pkt_dts": 740,
            "pkt_dts_time": "24.691358",
            "best_effort_timestamp": 740,
            "best_effort_timestamp_time": "24.691358",
            "duration": 1,
            "duration_time": "0.033367",
            "pkt_pos": "93579504",
            "pkt_size": "120000",
            "width": 720,
            "height": 480,
            "crop_top": 0,
            "crop_bottom": 0,
            "crop_left": 0,
            "crop_right": 0,
            "pix_fmt": "yuv411p",
            "sample_aspect_ratio": "8:9",
            "pict_type": "I",
            "interlaced_frame": 1,
            "top_field_first": 0,
            "repeat_pict": 0,
            "chroma_location": "topleft"
        },
        {
            "media_type": "video",
            "stream_index": 0,
            "key_frame": 1,
            "pts": 741,
            "pts_time": "24.724725",
            "pkt_dts": 741,
            "pkt_dts_time": "24.724725",
            "best_effort_timestamp": 741,
            "best_effort_timestamp_time": "24.724725",
            "duration": 1,
            "duration_time": "0.033367",
            "pkt_pos": "93699512",
            "pkt_size": "120000",
            "width": 720,
            "height": 480,
            "crop_top": 0,
            "crop_bottom": 0,
            "crop_left": 0,
            "crop_right": 0,
            "pix_fmt": "yuv411p",
            "sample_aspect_ratio": "8:9",
            "pict_type": "I",
            "interlaced_frame": 1,
            "top_field_first": 0,
            "repeat_pict": 0,
            "chroma_location": "topleft"
        },
        {
            "media_type": "video",
            "stream_index": 0,
            "key_frame": 1,
            "pts": 742,
            "pts_time": "24.758091",
            "pkt_dts": 742,
            "pkt_dts_time": "24.758091",
            "best_effort_timestamp": 742,
            "best_effort_timestamp_time": "24.758091",
            "duration": 1,
            "duration_time": "0.033367",
            "pkt_pos": "93819520",
            "pkt_size": "120000",
            "width": 720,
            "height": 480,
            "crop_top": 0,
            "crop_bottom": 0,
            "crop_left": 0,
            "crop_right": 0,
            "pix_fmt": "yuv411p",
            "sample_aspect_ratio": "8:9",
            "pict_type": "I",
            "interlaced_frame": 1,
            "top_field_first": 0,
            "repeat_pict": 0,
            "chroma_location": "topleft"
        },
        {
            "media_type": "video",
            "stream_index": 0,
            "key_frame": 1,
            "pts": 743,
            "pts_time": "24.791458",
            "pkt_dts": 743,
            "pkt_dts_time": "24.791458",
            "best_effort_timestamp": 743,
            "best_effort_timestamp_time": "24.791458",
            "duration": 1,
            "duration_time": "0.033367",
            "pkt_pos": "93939528",
            "pkt_size": "120000",
            "width": 720,
            "height": 480,
            "crop_top": 0,
            "crop_bottom": 0,
            "crop_left": 0,
            "crop_right": 0,
            "pix_fmt": "yuv411p",
            "sample_aspect_ratio": "8:9",
            "pict_type": "I",
            "interlaced_frame": 1,
            "top_field_first": 0,
            "repeat_pict": 0,
            "chroma_location": "topleft"
        },
        {
            "media_type": "video",
            "stream_index": 0,
            "key_frame": 1,
            "pts": 744,
            "pts_time": "24.824825",
            "pkt_dts": 744,
            "pkt_dts_time": "24.824825",
            "best_effort_timestamp": 744,
            "best_effort_timestamp_time": "24.824825",
            "duration": 1,
            "duration_time": "0.033367",
            "pkt_pos": "94059536",
            "pkt_size": "120000",
            "width": 720,
            "height": 480,
            "crop_top": 0,
            "crop_bottom": 0,
            "crop_left": 0,
            "crop_right": 0,
            "pix_fmt": "yuv411p",
            "sample_aspect_ratio": "8:9",
            "pict_type": "I",
            "interlaced_frame": 1,
            "top_field_first": 0,
            "repeat_pict": 0,
            "chroma_location": "topleft"
        },
        {
            "media_type": "video",
            "stream_index": 0,
            "key_frame": 1,
            "pts": 745,
            "pts_time": "24.858192",
            "pkt_dts": 745,
            "pkt_dts_time": "24.858192",
            "best_effort_timestamp": 745,
            "best_effort_timestamp_time": "24.858192",
            "duration": 1,
            "duration_time": "0.033367",
            "pkt_pos": "94179544",
            "pkt_size": "120000",
            "width": 720,
            "height": 480,
            "crop_top": 0,
            "crop_bottom": 0,
            "crop_left": 0,
            "crop_right": 0,
            "pix_fmt": "yuv411p",
            "sample_aspect_ratio": "8:9",
            "pict_type": "I",
            "interlaced_frame": 1,
            "top_field_first": 0,
            "repeat_pict": 0,
            "chroma_location": "topleft"
        },
        {
            "media_type": "video",
            "stream_index": 0,
            "key_frame": 1,
            "pts": 746,
            "pts_time": "24.891558",
            "pkt_dts": 746,
            "pkt_dts_time": "24.891558",
            "best_effort_timestamp": 746,
            "best_effort_timestamp_time": "24.891558",
            "duration": 1,
            "duration_time": "0.033367",
            "pkt_pos": "94299552",
            "pkt_size": "120000",
            "width": 720,
            "height": 480,
            "crop_top": 0,
            "crop_bottom": 0,
            "crop_left": 0,
            "crop_right": 0,
            "pix_fmt": "yuv411p",
            "sample_aspect_ratio": "8:9",
            "pict_type": "I",
            "interlaced_frame": 1,
            "top_field_first": 0,
            "repeat_pict": 0,
            "chroma_location": "topleft"
        },
        {
            "media_type": "video",
            "stream_index": 0,
            "key_frame": 1,
            "pts": 747,
            "pts_time": "24.924925",
            "pkt_dts": 747,
            "pkt_dts_time": "24.924925",
            "best_effort_timestamp": 747,
            "best_effort_timestamp_time": "24.924925",
            "duration": 1,
            "duration_time": "0.033367",
            "pkt_pos": "94419560",
            "pkt_size": "120000",
            "width": 720,
            "height": 480,
            "crop_top": 0,
            "crop_bottom": 0,
            "crop_left": 0,
            "crop_right": 0,
            "pix_fmt": "yuv411p",
            "sample_aspect_ratio": "8:9",
            "pict_type": "I",
            "interlaced_frame": 1,
            "top_field_first": 0,
            "repeat_pict": 0,
            "chroma_location": "topleft"
        },
        {
            "media_type": "video",
            "stream_index": 0,
            "key_frame": 1,
            "pts": 748,
            "pts_time": "24.958292",
            "pkt_dts": 748,
            "pkt_dts_time": "24.958292",
            "best_effort_timestamp": 748,
            "best_effort_timestamp_time": "24.958292",
            "duration": 1,
            "duration_time": "0.033367",
            "pkt_pos": "94539568",
            "pkt_size": "120000",
            "width": 720,
            "height": 480,
            "crop_top": 0,
            "crop_bottom": 0,
            "crop_left": 0,
            "crop_right": 0,
            "pix_fmt": "yuv411p",
            "sample_aspect_ratio": "8:9",
            "pict_type": "I",
            "interlaced_frame": 1,
            "top_field_first": 0,
            "repeat_pict": 0,
            "chroma_location": "topleft"
        },
        {
            "media_type": "video",
            "stream_index": 0,
            "key_frame": 1,
            "pts": 749,
            "pts_time": "24.991658",
            "pkt_dts": 749,
            "pkt_dts_time": "24.991658",
            "best_effort_timestamp": 749,
            "best_effort_timestamp_time": "24.991658",
            "duration": 1,
            "duration_time": "0.033367",
            "pkt_pos": "94659576",
            "pkt_size": "120000",
            "width": 720,
            "height": 480,
            "crop_top": 0,
            "crop_bottom": 0,
            "crop_left": 0,
            "crop_right": 0,
            "pix_fmt": "yuv411p",
            "sample_aspect_ratio": "8:9",
            "pict_type": "I",
            "interlaced_frame": 1,
            "top_field_first": 0,
            "repeat_pict": 0,
            "chroma_location": "topleft"
        },
        {
            "media_type": "video",
            "stream_index": 0,
            "key_frame": 1,
            "pts": 750,
            "pts_time": "25.025025",
            "pkt_dts": 750,
            "pkt_dts_time": "25.025025",
            "best_effort_timestamp": 750,
            "best_effort_timestamp_time": "25.025025",
            "duration": 1,
            "duration_time": "0.033367",
            "pkt_pos": "94779584",
            "pkt_size": "120000",
            "width": 720,
            "height": 480,
            "crop_top": 0,
            "crop_bottom": 0,
            "crop_left": 0,
            "crop_right": 0,
            "pix_fmt": "yuv411p",
            "sample_aspect_ratio": "8:9",
            "pict_type": "I",
            "interlaced_frame": 1,
            "top_field_first": 0,
            "repeat_pict": 0,
            "chroma_location": "topleft"
        },
        {
            "media_type": "video",
            "stream_index": 0,
            "key_frame": 1,
            "pts": 751,
            "pts_time": "25.058392",
            "pkt_dts": 751,
            "pkt_dts_time": "25.058392",
            "best_effort_timestamp": 751,
            "best_effort_timestamp_time": "25.058392",
            "duration": 1,
            "duration_time": "0.033367",
            "pkt_pos": "94899592",
            "pkt_size": "120000",
            "width": 720,
            "height": 480,
            "crop_top": 0,
            "crop_bottom": 0,
            "crop_left": 0,
            "crop_right": 0,
            "pix_fmt": "yuv411p",
            "sample_aspect_ratio": "8:9",
            "pict_type": "I",
            "interlaced_frame": 1,
            "top_field_first": 0,
            "repeat_pict": 0,
            "chroma_location": "topleft"
        },
        {
            "media_type": "video",
            "stream_index": 0,
            "key_frame": 1,
            "pts": 752,
            "pts_time": "25.091758",
            "pkt_dts": 752,
            "pkt_dts_time": "25.091758",
            "best_effort_timestamp": 752,
            "best_effort_timestamp_time": "25.091758",
            "duration": 1,
            "duration_time": "0.033367",
            "pkt_pos": "95019600",
            "pkt_size": "120000",
            "width": 720,
            "height": 480,
            "crop_top": 0,
            "crop_bottom": 0,
            "crop_left": 0,
            "crop_right": 0,
            "pix_fmt": "yuv411p",
            "sample_aspect_ratio": "8:9",
            "pict_type": "I",
            "interlaced_frame": 1,
            "top_field_first": 0,
            "repeat_pict": 0,
            "chroma_location": "topleft"
        },
        {
            "media_type": "video",
            "stream_index": 0,
            "key_frame": 1,
            "pts": 753,
            "pts_time": "25.125125",
            "pkt_dts": 753,
            "pkt_dts_time": "25.125125",
            "best_effort_timestamp": 753,
            "best_effort_timestamp_time": "25.125125",
            "duration": 1,
            "duration_time": "0.033367",
            "pkt_pos": "95139608",
            "pkt_size": "120000",
            "width": 720,
            "height": 480,
            "crop_top": 0,
            "crop_bottom": 0,
            "crop_left": 0,
            "crop_right": 0,
            "pix_fmt": "yuv411p",
            "sample_aspect_ratio": "8:9",
            "pict_type": "I",
            "interlaced_frame": 1,
            "top_field_first": 0,
            "repeat_pict": 0,
            "chroma_location": "topleft"
        },
        {
            "media_type": "video",
            "stream_index": 0,
            "key_frame": 1,
            "pts": 754,
            "pts_time": "25.158492",
            "pkt_dts": 754,
            "pkt_dts_time": "25.158492",
            "best_effort_timestamp": 754,
            "best_effort_timestamp_time": "25.158492",
            "duration": 1,
            "duration_time": "0.033367",
            "pkt_pos": "95445408",
            "pkt_size": "120000",
            "width": 720,
            "height": 480,
            "crop_top": 0,
            "crop_bottom": 0,
            "crop_left": 0,
            "crop_right": 0,
            "pix_fmt": "yuv411p",
            "sample_aspect_ratio": "8:9",
            "pict_type": "I",
            "interlaced_frame": 1,
            "top_field_first": 0,
            "repeat_pict": 0,
            "chroma_location": "topleft"
        },
        {
            "media_type": "video",
            "stream_index": 0,
            "key_frame": 1,
            "pts": 755,
            "pts_time": "25.191858",
            "pkt_dts": 755,
            "pkt_dts_time": "25.191858",
            "best_effort_timestamp": 755,
            "best_effort_timestamp_time": "25.191858",
            "duration": 1,
            "duration_time": "0.033367",
            "pkt_pos": "95565416",
            "pkt_size": "120000",
            "width": 720,
            "height": 480,
            "crop_top": 0,
            "crop_bottom": 0,
            "crop_left": 0,
            "crop_right": 0,
            "pix_fmt": "yuv411p",
            "sample_aspect_ratio": "8:9",
            "pict_type": "I",
            "interlaced_frame": 1,
            "top_field_first": 0,
            "repeat_pict": 0,
            "chroma_location": "topleft"
        },
        {
            "media_type": "video",
            "stream_index": 0,
            "key_frame": 1,
            "pts": 756,
            "pts_time": "25.225225",
            "pkt_dts": 756,
            "pkt_dts_time": "25.225225",
            "best_effort_timestamp": 756,
            "best_effort_timestamp_time": "25.225225",
            "duration": 1,
            "duration_time": "0.033367",
            "pkt_pos": "95685424",
            "pkt_size": "120000",
            "width": 720,
            "height": 480,
            "crop_top": 0,
            "crop_bottom": 0,
            "crop_left": 0,
            "crop_right": 0,
            "pix_fmt": "yuv411p",
            "sample_aspect_ratio": "8:9",
            "pict_type": "I",
            "interlaced_frame": 1,
            "top_field_first": 0,
            "repeat_pict": 0,
            "chroma_location": "topleft"
        },
        {
            "media_type": "video",
            "stream_index": 0,
            "key_frame": 1,
            "pts": 757,
            "pts_time": "25.258592",
            "pkt_dts": 757,
            "pkt_dts_time": "25.258592",
            "best_effort_timestamp": 757,
            "best_effort_timestamp_time": "25.258592",
            "duration": 1,
            "duration_time": "0.033367",
            "pkt_pos": "95805432",
            "pkt_size": "120000",
            "width": 720,
            "height": 480,
            "crop_top": 0,
            "crop_bottom": 0,
            "crop_left": 0,
            "crop_right": 0,
            "pix_fmt": "yuv411p",
            "sample_aspect_ratio": "8:9",
            "pict_type": "I",
            "interlaced_frame": 1,
            "top_field_first": 0,
            "repeat_pict": 0,
            "chroma_location": "topleft"
        },
        {
            "media_type": "video",
            "stream_index": 0,
            "key_frame": 1,
            "pts": 758,
            "pts_time": "25.291959",
            "pkt_dts": 758,
            "pkt_dts_time": "25.291959",
            "best_effort_timestamp": 758,
            "best_effort_timestamp_time": "25.291959",
            "duration": 1,
            "duration_time": "0.033367",
            "pkt_pos": "95925440",
            "pkt_size": "120000",
            "width": 720,
            "height": 480,
            "crop_top": 0,
            "crop_bottom": 0,
            "crop_left": 0,
            "crop_right": 0,
            "pix_fmt": "yuv411p",
            "sample_aspect_ratio": "8:9",
            "pict_type": "I",
            "interlaced_frame": 1,
            "top_field_first": 0,
            "repeat_pict": 0,
            "chroma_location": "topleft"
        },
        {
            "media_type": "video",
            "stream_index": 0,
            "key_frame": 1,
            "pts": 759,
            "pts_time": "25.325325",
            "pkt_dts": 759,
            "pkt_dts_time": "25.325325",
            "best_effort_timestamp": 759,
            "best_effort_timestamp_time": "25.325325",
            "duration": 1,
            "duration_time": "0.033367",
            "pkt_pos": "96045448",
            "pkt_size": "120000",
            "width": 720,
            "height": 480,
            "crop_top": 0,
            "crop_bottom": 0,
            "crop_left": 0,
            "crop_right": 0,
            "pix_fmt": "yuv411p",
            "sample_aspect_ratio": "8:9",
            "pict_type": "I",
            "interlaced_frame": 1,
            "top_field_first": 0,
            "repeat_pict": 0,
            "chroma_location": "topleft"
        },
        {
            "media_type": "video",
            "stream_index": 0,
            "key_frame": 1,
            "pts": 760,
            "pts_time": "25.358692",
            "pkt_dts": 760,
            "pkt_dts_time": "25.358692",
            "best_effort_timestamp": 760,
            "best_effort_timestamp_time": "25.358692",
            "duration": 1,
            "duration_time": "0.033367",
            "pkt_pos": "96165456",
            "pkt_size": "120000",
            "width": 720,
            "height": 480,
            "crop_top": 0,
            "crop_bottom": 0,
            "crop_left": 0,
            "crop_right": 0,
            "pix_fmt": "yuv411p",
            "sample_aspect_ratio": "8:9",
            "pict_type": "I",
            "interlaced_frame": 1,
            "top_field_first": 0,
            "repeat_pict": 0,
            "chroma_location": "topleft"
        },
        {
            "media_type": "video",
            "stream_index": 0,
            "key_frame": 1,
            "pts": 761,
            "pts_time": "25.392059",
            "pkt_dts": 761,
            "pkt_dts_time": "25.392059",
            "best_effort_timestamp": 761,
            "best_effort_timestamp_time": "25.392059",
            "duration": 1,
            "duration_time": "0.033367",
            "pkt_pos": "96285464",
            "pkt_size": "120000",
            "width": 720,
            "height": 480,
            "crop_top": 0,
            "crop_bottom": 0,
            "crop_left": 0,
            "crop_right": 0,
            "pix_fmt": "yuv411p",
            "sample_aspect_ratio": "8:9",
            "pict_type": "I",
            "interlaced_frame": 1,
            "top_field_first": 0,
            "repeat_pict": 0,
            "chroma_location": "topleft"
        },
        {
            "media_type": "video",
            "stream_index": 0,
            "key_frame": 1,
            "pts": 762,
            "pts_time": "25.425425",
            "pkt_dts": 762,
            "pkt_dts_time": "25.425425",
            "best_effort_timestamp": 762,
            "best_effort_timestamp_time": "25.425425",
            "duration": 1,
            "duration_time": "0.033367",
            "pkt_pos": "96405472",
            "pkt_size": "120000",
            "width": 720,
            "height": 480,
            "crop_top": 0,
            "crop_bottom": 0,
            "crop_left": 0,
            "crop_right": 0,
            "pix_fmt": "yuv411p",
            "sample_aspect_ratio": "8:9",
            "pict_type": "I",
            "interlaced_frame": 1,
            "top_field_first": 0,
            "repeat_pict": 0,
            "chroma_location": "topleft"
        },
        {
            "media_type": "video",
            "stream_index": 0,
            "key_frame": 1,
            "pts": 763,
            "pts_time": "25.458792",
            "pkt_dts": 763,
            "pkt_dts_time": "25.458792",
            "best_effort_timestamp": 763,
            "best_effort_timestamp_time": "25.458792",
            "duration": 1,
            "duration_time": "0.033367",
            "pkt_pos": "96525480",
            "pkt_size": "120000",
            "width": 720,
            "height": 480,
            "crop_top": 0,
            "crop_bottom": 0,
            "crop_left": 0,
            "crop_right": 0,
            "pix_fmt": "yuv411p",
            "sample_aspect_ratio": "8:9",
            "pict_type": "I",
            "interlaced_frame": 1,
            "top_field_first": 0,
            "repeat_pict": 0,
            "chroma_location": "topleft"
        },
        {
            "media_type": "video",
            "stream_index": 0,
            "key_frame": 1,
            "pts": 764,
            "pts_time": "25.492159",
            "pkt_dts": 764,
            "pkt_dts_time": "25.492159",
            "best_effort_timestamp": 764,
            "best_effort_timestamp_time": "25.492159",
            "duration": 1,
            "duration_time": "0.033367",
            "pkt_pos": "96645488",
            "pkt_size": "120000",
            "width": 720,
            "height": 480,
            "crop_top": 0,
            "crop_bottom": 0,
            "crop_left": 0,
            "crop_right": 0,
            "pix_fmt": "yuv411p",
            "sample_aspect_ratio": "8:9",
            "pict_type": "I",
            "interlaced_frame": 1,
            "top_field_first": 0,
            "repeat_pict": 0,
            "chroma_location": "topleft"
        },
        {
            "media_type": "video",
            "stream_index": 0,
            "key_frame": 1,
            "pts": 765,
            "pts_time": "25.525526",
            "pkt_dts": 765,
            "pkt_dts_time": "25.525526",
            "best_effort_timestamp": 765,
            "best_effort_timestamp_time": "25.525526",
            "duration": 1,
            "duration_time": "0.033367",
            "pkt_pos": "96765496",
            "pkt_size": "120000",
            "width": 720,
            "height": 480,
            "crop_top": 0,
            "crop_bottom": 0,
            "crop_left": 0,
            "crop_right": 0,
            "pix_fmt": "yuv411p",
            "sample_aspect_ratio": "8:9",
            "pict_type": "I",
            "interlaced_frame": 1,
            "top_field_first": 0,
            "repeat_pict": 0,
            "chroma_location": "topleft"
        },
        {
            "media_type": "video",
            "stream_index": 0,
            "key_frame": 1,
            "pts": 766,
            "pts_time": "25.558892",
            "pkt_dts": 766,
            "pkt_dts_time": "25.558892",
            "best_effort_timestamp": 766,
            "best_effort_timestamp_time": "25.558892",
            "duration": 1,
            "duration_time": "0.033367",
            "pkt_pos": "96885504",
            "pkt_size": "120000",
            "width": 720,
            "height": 480,
            "crop_top": 0,
            "crop_bottom": 0,
            "crop_left": 0,
            "crop_right": 0,
            "pix_fmt": "yuv411p",
            "sample_aspect_ratio": "8:9",
            "pict_type": "I",
            "interlaced_frame": 1,
            "top_field_first": 0,
            "repeat_pict": 0,
            "chroma_location": "topleft"
        },
        {
            "media_type": "video",
            "stream_index": 0,
            "key_frame": 1,
            "pts": 767,
            "pts_time": "25.592259",
            "pkt_dts": 767,
            "pkt_dts_time": "25.592259",
            "best_effort_timestamp": 767,
            "best_effort_timestamp_time": "25.592259",
            "duration": 1,
            "duration_time": "0.033367",
            "pkt_pos": "97005512",
            "pkt_size": "120000",
            "width": 720,
            "height": 480,
            "crop_top": 0,
            "crop_bottom": 0,
            "crop_left": 0,
            "crop_right": 0,
            "pix_fmt": "yuv411p",
            "sample_aspect_ratio": "8:9",
            "pict_type": "I",
            "interlaced_frame": 1,
            "top_field_first": 0,
            "repeat_pict": 0,
            "chroma_location": "topleft"
        },
        {
            "media_type": "video",
            "stream_index": 0,
            "key_frame": 1,
            "pts": 768,
            "pts_time": "25.625626",
            "pkt_dts": 768,
            "pkt_dts_time": "25.625626",
            "best_effort_timestamp": 768,
            "best_effort_timestamp_time": "25.625626",
            "duration": 1,
            "duration_time": "0.033367",
            "pkt_pos": "97125520",
            "pkt_size": "120000",
            "width": 720,
            "height": 480,
            "crop_top": 0,
            "crop_bottom": 0,
            "crop_left": 0,
            "crop_right": 0,
            "pix_fmt": "yuv411p",
            "sample_aspect_ratio": "8:9",
            "pict_type": "I",
            "interlaced_frame": 1,
            "top_field_first": 0,
            "repeat_pict": 0,
            "chroma_location": "topleft"
        },
        {
            "media_type": "video",
            "stream_index": 0,
            "key_frame": 1,
            "pts": 769,
            "pts_time": "25.658992",
            "pkt_dts": 769,
            "pkt_dts_time": "25.658992",
            "best_effort_timestamp": 769,
            "best_effort_timestamp_time": "25.658992",
            "duration": 1,
            "duration_time": "0.033367",
            "pkt_pos": "97245528",
            "pkt_size": "120000",
            "width": 720,
            "height": 480,
            "crop_top": 0,
            "crop_bottom": 0,
            "crop_left": 0,
            "crop_right": 0,
            "pix_fmt": "yuv411p",
            "sample_aspect_ratio": "8:9",
            "pict_type": "I",
            "interlaced_frame": 1,
            "top_field_first": 0,
            "repeat_pict": 0,
            "chroma_location": "topleft"
        },
        {
            "media_type": "video",
            "stream_index": 0,
            "key_frame": 1,
            "pts": 770,
            "pts_time": "25.692359",
            "pkt_dts": 770,
            "pkt_dts_time": "25.692359",
            "best_effort_timestamp": 770,
            "best_effort_timestamp_time": "25.692359",
            "duration": 1,
            "duration_time": "0.033367",
            "pkt_pos": "97365536",
            "pkt_size": "120000",
            "width": 720,
            "height": 480,
            "crop_top": 0,
            "crop_bottom": 0,
            "crop_left": 0,
            "crop_right": 0,
            "pix_fmt": "yuv411p",
            "sample_aspect_ratio": "8:9",
            "pict_type": "I",
            "interlaced_frame": 1,
            "top_field_first": 0,
            "repeat_pict": 0,
            "chroma_location": "topleft"
        },
        {
            "media_type": "video",
            "stream_index": 0,
            "key_frame": 1,
            "pts": 771,
            "pts_time": "25.725726",
            "pkt_dts": 771,
            "pkt_dts_time": "25.725726",
            "best_effort_timestamp": 771,
            "best_effort_timestamp_time": "25.725726",
            "duration": 1,
            "duration_time": "0.033367",
            "pkt_pos": "97485544",
            "pkt_size": "120000",
            "width": 720,
            "height": 480,
            "crop_top": 0,
            "crop_bottom": 0,
            "crop_left": 0,
            "crop_right": 0,
            "pix_fmt": "yuv411p",
            "sample_aspect_ratio": "8:9",
            "pict_type": "I",
            "interlaced_frame": 1,
            "top_field_first": 0,
            "repeat_pict": 0,
            "chroma_location": "topleft"
        },
        {
            "media_type": "video",
            "stream_index": 0,
            "key_frame": 1,
            "pts": 772,
            "pts_time": "25.759092",
            "pkt_dts": 772,
            "pkt_dts_time": "25.759092",
            "best_effort_timestamp": 772,
            "best_effort_timestamp_time": "25.759092",
            "duration": 1,
            "duration_time": "0.033367",
            "pkt_pos": "97605552",
            "pkt_size": "120000",
            "width": 720,
            "height": 480,
            "crop_top": 0,
            "crop_bottom": 0,
            "crop_left": 0,
            "crop_right": 0,
            "pix_fmt": "yuv411p",
            "sample_aspect_ratio": "8:9",
            "pict_type": "I",
            "interlaced_frame": 1,
            "top_field_first": 0,
            "repeat_pict": 0,
            "chroma_location": "topleft"
        },
        {
            "media_type": "video",
            "stream_index": 0,
            "key_frame": 1,
            "pts": 773,
            "pts_time": "25.792459",
            "pkt_dts": 773,
            "pkt_dts_time": "25.792459",
            "best_effort_timestamp": 773,
            "best_effort_timestamp_time": "25.792459",
            "duration": 1,
            "duration_time": "0.033367",
            "pkt_pos": "97725560",
            "pkt_size": "120000",
            "width": 720,
            "height": 480,
            "crop_top": 0,
            "crop_bottom": 0,
            "crop_left": 0,
            "crop_right": 0,
            "pix_fmt": "yuv411p",
            "sample_aspect_ratio": "8:9",
            "pict_type": "I",
            "interlaced_frame": 1,
            "top_field_first": 0,
            "repeat_pict": 0,
            "chroma_location": "topleft"
        },
        {
            "media_type": "video",
            "stream_index": 0,
            "key_frame": 1,
            "pts": 774,
            "pts_time": "25.825826",
            "pkt_dts": 774,
            "pkt_dts_time": "25.825826",
            "best_effort_timestamp": 774,
            "best_effort_timestamp_time": "25.825826",
            "duration": 1,
            "duration_time": "0.033367",
            "pkt_pos": "97845568",
            "pkt_size": "120000",
            "width": 720,
            "height": 480,
            "crop_top": 0,
            "crop_bottom": 0,
            "crop_left": 0,
            "crop_right": 0,
            "pix_fmt": "yuv411p",
            "sample_aspect_ratio": "8:9",
            "pict_type": "I",
            "interlaced_frame": 1,
            "top_field_first": 0,
            "repeat_pict": 0,
            "chroma_location": "topleft"
        },
        {
            "media_type": "video",
            "stream_index": 0,
            "key_frame": 1,
            "pts": 775,
            "pts_time": "25.859192",
            "pkt_dts": 775,
            "pkt_dts_time": "25.859192",
            "best_effort_timestamp": 775,
            "best_effort_timestamp_time": "25.859192",
            "duration": 1,
            "duration_time": "0.033367",
            "pkt_pos": "97965576",
            "pkt_size": "120000",
            "width": 720,
            "height": 480,
            "crop_top": 0,
            "crop_bottom": 0,
            "crop_left": 0,
            "crop_right": 0,
            "pix_fmt": "yuv411p",
            "sample_aspect_ratio": "8:9",
            "pict_type": "I",
            "interlaced_frame": 1,
            "top_field_first": 0,
            "repeat_pict": 0,
            "chroma_location": "topleft"
        },
        {
            "media_type": "video",
            "stream_index": 0,
            "key_frame": 1,
            "pts": 776,
            "pts_time": "25.892559",
            "pkt_dts": 776,
            "pkt_dts_time": "25.892559",
            "best_effort_timestamp": 776,
            "best_effort_timestamp_time": "25.892559",
            "duration": 1,
            "duration_time": "0.033367",
            "pkt_pos": "98085584",
            "pkt_size": "120000",
            "width": 720,
            "height": 480,
            "crop_top": 0,
            "crop_bottom": 0,
            "crop_left": 0,
            "crop_right": 0,
            "pix_fmt": "yuv411p",
            "sample_aspect_ratio": "8:9",
            "pict_type": "I",
            "interlaced_frame": 1,
            "top_field_first": 0,
            "repeat_pict": 0,
            "chroma_location": "topleft"
        },
        {
            "media_type": "video",
            "stream_index": 0,
            "key_frame": 1,
            "pts": 777,
            "pts_time": "25.925926",
            "pkt_dts": 777,
            "pkt_dts_time": "25.925926",
            "best_effort_timestamp": 777,
            "best_effort_timestamp_time": "25.925926",
            "duration": 1,
            "duration_time": "0.033367",
            "pkt_pos": "98205592",
            "pkt_size": "120000",
            "width": 720,
            "height": 480,
            "crop_top": 0,
            "crop_bottom": 0,
            "crop_left": 0,
            "crop_right": 0,
            "pix_fmt": "yuv411p",
            "sample_aspect_ratio": "8:9",
            "pict_type": "I",
            "interlaced_frame": 1,
            "top_field_first": 0,
            "repeat_pict": 0,
            "chroma_location": "topleft"
        },
        {
            "media_type": "video",
            "stream_index": 0,
            "key_frame": 1,
            "pts": 778,
            "pts_time": "25.959293",
            "pkt_dts": 778,
            "pkt_dts_time": "25.959293",
            "best_effort_timestamp": 778,
            "best_effort_timestamp_time": "25.959293",
            "duration": 1,
            "duration_time": "0.033367",
            "pkt_pos": "98325600",
            "pkt_size": "120000",
            "width": 720,
            "height": 480,
            "crop_top": 0,
            "crop_bottom": 0,
            "crop_left": 0,
            "crop_right": 0,
            "pix_fmt": "yuv411p",
            "sample_aspect_ratio": "8:9",
            "pict_type": "I",
            "interlaced_frame": 1,
            "top_field_first": 0,
            "repeat_pict": 0,
            "chroma_location": "topleft"
        },
        {
            "media_type": "video",
            "stream_index": 0,
            "key_frame": 1,
            "pts": 779,
            "pts_time": "25.992659",
            "pkt_dts": 779,
            "pkt_dts_time": "25.992659",
            "best_effort_timestamp": 779,
            "best_effort_timestamp_time": "25.992659",
            "duration": 1,
            "duration_time": "0.033367",
            "pkt_pos": "98445608",
            "pkt_size": "120000",
            "width": 720,
            "height": 480,
            "crop_top": 0,
            "crop_bottom": 0,
            "crop_left": 0,
            "crop_right": 0,
            "pix_fmt": "yuv411p",
            "sample_aspect_ratio": "8:9",
            "pict_type": "I",
            "interlaced_frame": 1,
            "top_field_first": 0,
            "repeat_pict": 0,
            "chroma_location": "topleft"
        },
        {
            "media_type": "video",
            "stream_index": 0,
            "key_frame": 1,
            "pts": 780,
            "pts_time": "26.026026",
            "pkt_dts": 780,
            "pkt_dts_time": "26.026026",
            "best_effort_timestamp": 780,
            "best_effort_timestamp_time": "26.026026",
            "duration": 1,
            "duration_time": "0.033367",
            "pkt_pos": "98565616",
            "pkt_size": "120000",
            "width": 720,
            "height": 480,
            "crop_top": 0,
            "crop_bottom": 0,
            "crop_left": 0,
            "crop_right": 0,
            "pix_fmt": "yuv411p",
            "sample_aspect_ratio": "8:9",
            "pict_type": "I",
            "interlaced_frame": 1,
            "top_field_first": 0,
            "repeat_pict": 0,
            "chroma_location": "topleft"
        },
        {
            "media_type": "video",
            "stream_index": 0,
            "key_frame": 1,
            "pts": 781,
            "pts_time": "26.059393",
            "pkt_dts": 781,
            "pkt_dts_time": "26.059393",
            "best_effort_timestamp": 781,
            "best_effort_timestamp_time": "26.059393",
            "duration": 1,
            "duration_time": "0.033367",
            "pkt_pos": "98685624",
            "pkt_size": "120000",
            "width": 720,
            "height": 480,
            "crop_top": 0,
            "crop_bottom": 0,
            "crop_left": 0,
            "crop_right": 0,
            "pix_fmt": "yuv411p",
            "sample_aspect_ratio": "8:9",
            "pict_type": "I",
            "interlaced_frame": 1,
            "top_field_first": 0,
            "repeat_pict": 0,
            "chroma_location": "topleft"
        },
        {
            "media_type": "video",
            "stream_index": 0,
            "key_frame": 1,
            "pts": 782,
            "pts_time": "26.092759",
            "pkt_dts": 782,
            "pkt_dts_time": "26.092759",
            "best_effort_timestamp": 782,
            "best_effort_timestamp_time": "26.092759",
            "duration": 1,
            "duration_time": "0.033367",
            "pkt_pos": "98805632",
            "pkt_size": "120000",
            "width": 720,
            "height": 480,
            "crop_top": 0,
            "crop_bottom": 0,
            "crop_left": 0,
            "crop_right": 0,
            "pix_fmt": "yuv411p",
            "sample_aspect_ratio": "8:9",
            "pict_type": "I",
            "interlaced_frame": 1,
            "top_field_first": 0,
            "repeat_pict": 0,
            "chroma_location": "topleft"
        },
        {
            "media_type": "video",
            "stream_index": 0,
            "key_frame": 1,
            "pts": 783,
            "pts_time": "26.126126",
            "pkt_dts": 783,
            "pkt_dts_time": "26.126126",
            "best_effort_timestamp": 783,
            "best_effort_timestamp_time": "26.126126",
            "duration": 1,
            "duration_time": "0.033367",
            "pkt_pos": "99111436",
            "pkt_size": "120000",
            "width": 720,
            "height": 480,
            "crop_top": 0,
            "crop_bottom": 0,
            "crop_left": 0,
            "crop_right": 0,
            "pix_fmt": "yuv411p",
            "sample_aspect_ratio": "8:9",
            "pict_type": "I",
            "interlaced_frame": 1,
            "top_field_first": 0,
            "repeat_pict": 0,
            "chroma_location": "topleft"
        },
        {
            "media_type": "video",
            "stream_index": 0,
            "key_frame": 1,
            "pts": 784,
            "pts_time": "26.159493",
            "pkt_dts": 784,
            "pkt_dts_time": "26.159493",
            "best_effort_timestamp": 784,
            "best_effort_timestamp_time": "26.159493",
            "duration": 1,
            "duration_time": "0.033367",
            "pkt_pos": "99231444",
            "pkt_size": "120000",
            "width": 720,
            "height": 480,
            "crop_top": 0,
            "crop_bottom": 0,
            "crop_left": 0,
            "crop_right": 0,
            "pix_fmt": "yuv411p",
            "sample_aspect_ratio": "8:9",
            "pict_type": "I",
            "interlaced_frame": 1,
            "top_field_first": 0,
            "repeat_pict": 0,
            "chroma_location": "topleft"
        },
        {
            "media_type": "video",
            "stream_index": 0,
            "key_frame": 1,
            "pts": 785,
            "pts_time": "26.192860",
            "pkt_dts": 785,
            "pkt_dts_time": "26.192860",
            "best_effort_timestamp": 785,
            "best_effort_timestamp_time": "26.192860",
            "duration": 1,
            "duration_time": "0.033367",
            "pkt_pos": "99351452",
            "pkt_size": "120000",
            "width": 720,
            "height": 480,
            "crop_top": 0,
            "crop_bottom": 0,
            "crop_left": 0,
            "crop_right": 0,
            "pix_fmt": "yuv411p",
            "sample_aspect_ratio": "8:9",
            "pict_type": "I",
            "interlaced_frame": 1,
            "top_field_first": 0,
            "repeat_pict": 0,
            "chroma_location": "topleft"
        },
        {
            "media_type": "video",
            "stream_index": 0,
            "key_frame": 1,
            "pts": 786,
            "pts_time": "26.226226",
            "pkt_dts": 786,
            "pkt_dts_time": "26.226226",
            "best_effort_timestamp": 786,
            "best_effort_timestamp_time": "26.226226",
            "duration": 1,
            "duration_time": "0.033367",
            "pkt_pos": "99471460",
            "pkt_size": "120000",
            "width": 720,
            "height": 480,
            "crop_top": 0,
            "crop_bottom": 0,
            "crop_left": 0,
            "crop_right": 0,
            "pix_fmt": "yuv411p",
            "sample_aspect_ratio": "8:9",
            "pict_type": "I",
            "interlaced_frame": 1,
            "top_field_first": 0,
            "repeat_pict": 0,
            "chroma_location": "topleft"
        },
        {
            "media_type": "video",
            "stream_index": 0,
            "key_frame": 1,
            "pts": 787,
            "pts_time": "26.259593",
            "pkt_dts": 787,
            "pkt_dts_time": "26.259593",
            "best_effort_timestamp": 787,
            "best_effort_timestamp_time": "26.259593",
            "duration": 1,
            "duration_time": "0.033367",
            "pkt_pos": "99591468",
            "pkt_size": "120000",
            "width": 720,
            "height": 480,
            "crop_top": 0,
            "crop_bottom": 0,
            "crop_left": 0,
            "crop_right": 0,
            "pix_fmt": "yuv411p",
            "sample_aspect_ratio": "8:9",
            "pict_type": "I",
            "interlaced_frame": 1,
            "top_field_first": 0,
            "repeat_pict": 0,
            "chroma_location": "topleft"
        },
        {
            "media_type": "video",
            "stream_index": 0,
            "key_frame": 1,
            "pts": 788,
            "pts_time": "26.292960",
            "pkt_dts": 788,
            "pkt_dts_time": "26.292960",
            "best_effort_timestamp": 788,
            "best_effort_timestamp_time": "26.292960",
            "duration": 1,
            "duration_time": "0.033367",
            "pkt_pos": "99711476",
            "pkt_size": "120000",
            "width": 720,
            "height": 480,
            "crop_top": 0,
            "crop_bottom": 0,
            "crop_left": 0,
            "crop_right": 0,
            "pix_fmt": "yuv411p",
            "sample_aspect_ratio": "8:9",
            "pict_type": "I",
            "interlaced_frame": 1,
            "top_field_first": 0,
            "repeat_pict": 0,
            "chroma_location": "topleft"
        },
        {
            "media_type": "video",
            "stream_index": 0,
            "key_frame": 1,
            "pts": 789,
            "pts_time": "26.326326",
            "pkt_dts": 789,
            "pkt_dts_time": "26.326326",
            "best_effort_timestamp": 789,
            "best_effort_timestamp_time": "26.326326",
            "duration": 1,
            "duration_time": "0.033367",
            "pkt_pos": "99831484",
            "pkt_size": "120000",
            "width": 720,
            "height": 480,
            "crop_top": 0,
            "crop_bottom": 0,
            "crop_left": 0,
            "crop_right": 0,
            "pix_fmt": "yuv411p",
            "sample_aspect_ratio": "8:9",
            "pict_type": "I",
            "interlaced_frame": 1,
            "top_field_first": 0,
            "repeat_pict": 0,
            "chroma_location": "topleft"
        },
        {
            "media_type": "video",
            "stream_index": 0,
            "key_frame": 1,
            "pts": 790,
            "pts_time": "26.359693",
            "pkt_dts": 790,
            "pkt_dts_time": "26.359693",
            "best_effort_timestamp": 790,
            "best_effort_timestamp_time": "26.359693",
            "duration": 1,
            "duration_time": "0.033367",
            "pkt_pos": "99951492",
            "pkt_size": "120000",
            "width": 720,
            "height": 480,
            "crop_top": 0,
            "crop_bottom": 0,
            "crop_left": 0,
            "crop_right": 0,
            "pix_fmt": "yuv411p",
            "sample_aspect_ratio": "8:9",
            "pict_type": "I",
            "interlaced_frame": 1,
            "top_field_first": 0,
            "repeat_pict": 0,
            "chroma_location": "topleft"
        },
        {
            "media_type": "video",
            "stream_index": 0,
            "key_frame": 1,
            "pts": 791,
            "pts_time": "26.393060",
            "pkt_dts": 791,
            "pkt_dts_time": "26.393060",
            "best_effort_timestamp": 791,
            "best_effort_timestamp_time": "26.393060",
            "duration": 1,
            "duration_time": "0.033367",
            "pkt_pos": "100071500",
            "pkt_size": "120000",
            "width": 720,
            "height": 480,
            "crop_top": 0,
            "crop_bottom": 0,
            "crop_left": 0,
            "crop_right": 0,
            "pix_fmt": "yuv411p",
            "sample_aspect_ratio": "8:9",
            "pict_type": "I",
            "interlaced_frame": 1,
            "top_field_first": 0,
            "repeat_pict": 0,
            "chroma_location": "topleft"
        },
        {
            "media_type": "video",
            "stream_index": 0,
            "key_frame": 1,
            "pts": 792,
            "pts_time": "26.426426",
            "pkt_dts": 792,
            "pkt_dts_time": "26.426426",
            "best_effort_timestamp": 792,
            "best_effort_timestamp_time": "26.426426",
            "duration": 1,
            "duration_time": "0.033367",
            "pkt_pos": "100191508",
            "pkt_size": "120000",
            "width": 720,
            "height": 480,
            "crop_top": 0,
            "crop_bottom": 0,
            "crop_left": 0,
            "crop_right": 0,
            "pix_fmt": "yuv411p",
            "sample_aspect_ratio": "8:9",
            "pict_type": "I",
            "interlaced_frame": 1,
            "top_field_first": 0,
            "repeat_pict": 0,
            "chroma_location": "topleft"
        },
        {
            "media_type": "video",
            "stream_index": 0,
            "key_frame": 1,
            "pts": 793,
            "pts_time": "26.459793",
            "pkt_dts": 793,
            "pkt_dts_time": "26.459793",
            "best_effort_timestamp": 793,
            "best_effort_timestamp_time": "26.459793",
            "duration": 1,
            "duration_time": "0.033367",
            "pkt_pos": "100311516",
            "pkt_size": "120000",
            "width": 720,
            "height": 480,
            "crop_top": 0,
            "crop_bottom": 0,
            "crop_left": 0,
            "crop_right": 0,
            "pix_fmt": "yuv411p",
            "sample_aspect_ratio": "8:9",
            "pict_type": "I",
            "interlaced_frame": 1,
            "top_field_first": 0,
            "repeat_pict": 0,
            "chroma_location": "topleft"
        },
        {
            "media_type": "video",
            "stream_index": 0,
            "key_frame": 1,
            "pts": 794,
            "pts_time": "26.493160",
            "pkt_dts": 794,
            "pkt_dts_time": "26.493160",
            "best_effort_timestamp": 794,
            "best_effort_timestamp_time": "26.493160",
            "duration": 1,
            "duration_time": "0.033367",
            "pkt_pos": "100431524",
            "pkt_size": "120000",
            "width": 720,
            "height": 480,
            "crop_top": 0,
            "crop_bottom": 0,
            "crop_left": 0,
            "crop_right": 0,
            "pix_fmt": "yuv411p",
            "sample_aspect_ratio": "8:9",
            "pict_type": "I",
            "interlaced_frame": 1,
            "top_field_first": 0,
            "repeat_pict": 0,
            "chroma_location": "topleft"
        },
        {
            "media_type": "video",
            "stream_index": 0,
            "key_frame": 1,
            "pts": 795,
            "pts_time": "26.526526",
            "pkt_dts": 795,
            "pkt_dts_time": "26.526526",
            "best_effort_timestamp": 795,
            "best_effort_timestamp_time": "26.526526",
            "duration": 1,
            "duration_time": "0.033367",
            "pkt_pos": "100551532",
            "pkt_size": "120000",
            "width": 720,
            "height": 480,
            "crop_top": 0,
            "crop_bottom": 0,
            "crop_left": 0,
            "crop_right": 0,
            "pix_fmt": "yuv411p",
            "sample_aspect_ratio": "8:9",
            "pict_type": "I",
            "interlaced_frame": 1,
            "top_field_first": 0,
            "repeat_pict": 0,
            "chroma_location": "topleft"
        },
        {
            "media_type": "video",
            "stream_index": 0,
            "key_frame": 1,
            "pts": 796,
            "pts_time": "26.559893",
            "pkt_dts": 796,
            "pkt_dts_time": "26.559893",
            "best_effort_timestamp": 796,
            "best_effort_timestamp_time": "26.559893",
            "duration": 1,
            "duration_time": "0.033367",
            "pkt_pos": "100671540",
            "pkt_size": "120000",
            "width": 720,
            "height": 480,
            "crop_top": 0,
            "crop_bottom": 0,
            "crop_left": 0,
            "crop_right": 0,
            "pix_fmt": "yuv411p",
            "sample_aspect_ratio": "8:9",
            "pict_type": "I",
            "interlaced_frame": 1,
            "top_field_first": 0,
            "repeat_pict": 0,
            "chroma_location": "topleft"
        },
        {
            "media_type": "video",
            "stream_index": 0,
            "key_frame": 1,
            "pts": 797,
            "pts_time": "26.593260",
            "pkt_dts": 797,
            "pkt_dts_time": "26.593260",
            "best_effort_timestamp": 797,
            "best_effort_timestamp_time": "26.593260",
            "duration": 1,
            "duration_time": "0.033367",
            "pkt_pos": "100791548",
            "pkt_size": "120000",
            "width": 720,
            "height": 480,
            "crop_top": 0,
            "crop_bottom": 0,
            "crop_left": 0,
            "crop_right": 0,
            "pix_fmt": "yuv411p",
            "sample_aspect_ratio": "8:9",
            "pict_type": "I",
            "interlaced_frame": 1,
            "top_field_first": 0,
            "repeat_pict": 0,
            "chroma_location": "topleft"
        },
        {
            "media_type": "video",
            "stream_index": 0,
            "key_frame": 1,
            "pts": 798,
            "pts_time": "26.626627",
            "pkt_dts": 798,
            "pkt_dts_time": "26.626627",
            "best_effort_timestamp": 798,
            "best_effort_timestamp_time": "26.626627",
            "duration": 1,
            "duration_time": "0.033367",
            "pkt_pos": "100911556",
            "pkt_size": "120000",
            "width": 720,
            "height": 480,
            "crop_top": 0,
            "crop_bottom": 0,
            "crop_left": 0,
            "crop_right": 0,
            "pix_fmt": "yuv411p",
            "sample_aspect_ratio": "8:9",
            "pict_type": "I",
            "interlaced_frame": 1,
            "top_field_first": 0,
            "repeat_pict": 0,
            "chroma_location": "topleft"
        },
        {
            "media_type": "video",
            "stream_index": 0,
            "key_frame": 1,
            "pts": 799,
            "pts_time": "26.659993",
            "pkt_dts": 799,
            "pkt_dts_time": "26.659993",
            "best_effort_timestamp": 799,
            "best_effort_timestamp_time": "26.659993",
            "duration": 1,
            "duration_time": "0.033367",
            "pkt_pos": "101031564",
            "pkt_size": "120000",
            "width": 720,
            "height": 480,
            "crop_top": 0,
            "crop_bottom": 0,
            "crop_left": 0,
            "crop_right": 0,
            "pix_fmt": "yuv411p",
            "sample_aspect_ratio": "8:9",
            "pict_type": "I",
            "interlaced_frame": 1,
            "top_field_first": 0,
            "repeat_pict": 0,
            "chroma_location": "topleft"
        },
        {
            "media_type": "video",
            "stream_index": 0,
            "key_frame": 1,
            "pts": 800,
            "pts_time": "26.693360",
            "pkt_dts": 800,
            "pkt_dts_time": "26.693360",
            "best_effort_timestamp": 800,
            "best_effort_timestamp_time": "26.693360",
            "duration": 1,
            "duration_time": "0.033367",
            "pkt_pos": "101151572",
            "pkt_size": "120000",
            "width": 720,
            "height": 480,
            "crop_top": 0,
            "crop_bottom": 0,
            "crop_left": 0,
            "crop_right": 0,
            "pix_fmt": "yuv411p",
            "sample_aspect_ratio": "8:9",
            "pict_type": "I",
            "interlaced_frame": 1,
            "top_field_first": 0,
            "repeat_pict": 0,
            "chroma_location": "topleft"
        },
        {
            "media_type": "video",
            "stream_index": 0,
            "key_frame": 1,
            "pts": 801,
            "pts_time": "26.726727",
            "pkt_dts": 801,
            "pkt_dts_time": "26.726727",
            "best_effort_timestamp": 801,
            "best_effort_timestamp_time": "26.726727",
            "duration": 1,
            "duration_time": "0.033367",
            "pkt_pos": "101271580",
            "pkt_size": "120000",
            "width": 720,
            "height": 480,
            "crop_top": 0,
            "crop_bottom": 0,
            "crop_left": 0,
            "crop_right": 0,
            "pix_fmt": "yuv411p",
            "sample_aspect_ratio": "8:9",
            "pict_type": "I",
            "interlaced_frame": 1,
            "top_field_first": 0,
            "repeat_pict": 0,
            "chroma_location": "topleft"
        },
        {
            "media_type": "video",
            "stream_index": 0,
            "key_frame": 1,
            "pts": 802,
            "pts_time": "26.760093",
            "pkt_dts": 802,
            "pkt_dts_time": "26.760093",
            "best_effort_timestamp": 802,
            "best_effort_timestamp_time": "26.760093",
            "duration": 1,
            "duration_time": "0.033367",
            "pkt_pos": "101391588",
            "pkt_size": "120000",
            "width": 720,
            "height": 480,
            "crop_top": 0,
            "crop_bottom": 0,
            "crop_left": 0,
            "crop_right": 0,
            "pix_fmt": "yuv411p",
            "sample_aspect_ratio": "8:9",
            "pict_type": "I",
            "interlaced_frame": 1,
            "top_field_first": 0,
            "repeat_pict": 0,
            "chroma_location": "topleft"
        },
        {
            "media_type": "video",
            "stream_index": 0,
            "key_frame": 1,
            "pts": 803,
            "pts_time": "26.793460",
            "pkt_dts": 803,
            "pkt_dts_time": "26.793460",
            "best_effort_timestamp": 803,
            "best_effort_timestamp_time": "26.793460",
            "duration": 1,
            "duration_time": "0.033367",
            "pkt_pos": "101511596",
            "pkt_size": "120000",
            "width": 720,
            "height": 480,
            "crop_top": 0,
            "crop_bottom": 0,
            "crop_left": 0,
            "crop_right": 0,
            "pix_fmt": "yuv411p",
            "sample_aspect_ratio": "8:9",
            "pict_type": "I",
            "interlaced_frame": 1,
            "top_field_first": 0,
            "repeat_pict": 0,
            "chroma_location": "topleft"
        },
        {
            "media_type": "video",
            "stream_index": 0,
            "key_frame": 1,
            "pts": 804,
            "pts_time": "26.826827",
            "pkt_dts": 804,
            "pkt_dts_time": "26.826827",
            "best_effort_timestamp": 804,
            "best_effort_timestamp_time": "26.826827",
            "duration": 1,
            "duration_time": "0.033367",
            "pkt_pos": "101631604",
            "pkt_size": "120000",
            "width": 720,
            "height": 480,
            "crop_top": 0,
            "crop_bottom": 0,
            "crop_left": 0,
            "crop_right": 0,
            "pix_fmt": "yuv411p",
            "sample_aspect_ratio": "8:9",
            "pict_type": "I",
            "interlaced_frame": 1,
            "top_field_first": 0,
            "repeat_pict": 0,
            "chroma_location": "topleft"
        },
        {
            "media_type": "video",
            "stream_index": 0,
            "key_frame": 1,
            "pts": 805,
            "pts_time": "26.860193",
            "pkt_dts": 805,
            "pkt_dts_time": "26.860193",
            "best_effort_timestamp": 805,
            "best_effort_timestamp_time": "26.860193",
            "duration": 1,
            "duration_time": "0.033367",
            "pkt_pos": "101751612",
            "pkt_size": "120000",
            "width": 720,
            "height": 480,
            "crop_top": 0,
            "crop_bottom": 0,
            "crop_left": 0,
            "crop_right": 0,
            "pix_fmt": "yuv411p",
            "sample_aspect_ratio": "8:9",
            "pict_type": "I",
            "interlaced_frame": 1,
            "top_field_first": 0,
            "repeat_pict": 0,
            "chroma_location": "topleft"
        },
        {
            "media_type": "video",
            "stream_index": 0,
            "key_frame": 1,
            "pts": 806,
            "pts_time": "26.893560",
            "pkt_dts": 806,
            "pkt_dts_time": "26.893560",
            "best_effort_timestamp": 806,
            "best_effort_timestamp_time": "26.893560",
            "duration": 1,
            "duration_time": "0.033367",
            "pkt_pos": "101871620",
            "pkt_size": "120000",
            "width": 720,
            "height": 480,
            "crop_top": 0,
            "crop_bottom": 0,
            "crop_left": 0,
            "crop_right": 0,
            "pix_fmt": "yuv411p",
            "sample_aspect_ratio": "8:9",
            "pict_type": "I",
            "interlaced_frame": 1,
            "top_field_first": 0,
            "repeat_pict": 0,
            "chroma_location": "topleft"
        },
        {
            "media_type": "video",
            "stream_index": 0,
            "key_frame": 1,
            "pts": 807,
            "pts_time": "26.926927",
            "pkt_dts": 807,
            "pkt_dts_time": "26.926927",
            "best_effort_timestamp": 807,
            "best_effort_timestamp_time": "26.926927",
            "duration": 1,
            "duration_time": "0.033367",
            "pkt_pos": "101991628",
            "pkt_size": "120000",
            "width": 720,
            "height": 480,
            "crop_top": 0,
            "crop_bottom": 0,
            "crop_left": 0,
            "crop_right": 0,
            "pix_fmt": "yuv411p",
            "sample_aspect_ratio": "8:9",
            "pict_type": "I",
            "interlaced_frame": 1,
            "top_field_first": 0,
            "repeat_pict": 0,
            "chroma_location": "topleft"
        },
        {
            "media_type": "video",
            "stream_index": 0,
            "key_frame": 1,
            "pts": 808,
            "pts_time": "26.960294",
            "pkt_dts": 808,
            "pkt_dts_time": "26.960294",
            "best_effort_timestamp": 808,
            "best_effort_timestamp_time": "26.960294",
            "duration": 1,
            "duration_time": "0.033367",
            "pkt_pos": "102111636",
            "pkt_size": "120000",
            "width": 720,
            "height": 480,
            "crop_top": 0,
            "crop_bottom": 0,
            "crop_left": 0,
            "crop_right": 0,
            "pix_fmt": "yuv411p",
            "sample_aspect_ratio": "8:9",
            "pict_type": "I",
            "interlaced_frame": 1,
            "top_field_first": 0,
            "repeat_pict": 0,
            "chroma_location": "topleft"
        },
        {
            "media_type": "video",
            "stream_index": 0,
            "key_frame": 1,
            "pts": 809,
            "pts_time": "26.993660",
            "pkt_dts": 809,
            "pkt_dts_time": "26.993660",
            "best_effort_timestamp": 809,
            "best_effort_timestamp_time": "26.993660",
            "duration": 1,
            "duration_time": "0.033367",
            "pkt_pos": "102231644",
            "pkt_size": "120000",
            "width": 720,
            "height": 480,
            "crop_top": 0,
            "crop_bottom": 0,
            "crop_left": 0,
            "crop_right": 0,
            "pix_fmt": "yuv411p",
            "sample_aspect_ratio": "8:9",
            "pict_type": "I",
            "interlaced_frame": 1,
            "top_field_first": 0,
            "repeat_pict": 0,
            "chroma_location": "topleft"
        },
        {
            "media_type": "video",
            "stream_index": 0,
            "key_frame": 1,
            "pts": 810,
            "pts_time": "27.027027",
            "pkt_dts": 810,
            "pkt_dts_time": "27.027027",
            "best_effort_timestamp": 810,
            "best_effort_timestamp_time": "27.027027",
            "duration": 1,
            "duration_time": "0.033367",
            "pkt_pos": "102351652",
            "pkt_size": "120000",
            "width": 720,
            "height": 480,
            "crop_top": 0,
            "crop_bottom": 0,
            "crop_left": 0,
            "crop_right": 0,
            "pix_fmt": "yuv411p",
            "sample_aspect_ratio": "8:9",
            "pict_type": "I",
            "interlaced_frame": 1,
            "top_field_first": 0,
            "repeat_pict": 0,
            "chroma_location": "topleft"
        },
        {
            "media_type": "video",
            "stream_index": 0,
            "key_frame": 1,
            "pts": 811,
            "pts_time": "27.060394",
            "pkt_dts": 811,
            "pkt_dts_time": "27.060394",
            "best_effort_timestamp": 811,
            "best_effort_timestamp_time": "27.060394",
            "duration": 1,
            "duration_time": "0.033367",
            "pkt_pos": "102471660",
            "pkt_size": "120000",
            "width": 720,
            "height": 480,
            "crop_top": 0,
            "crop_bottom": 0,
            "crop_left": 0,
            "crop_right": 0,
            "pix_fmt": "yuv411p",
            "sample_aspect_ratio": "8:9",
            "pict_type": "I",
            "interlaced_frame": 1,
            "top_field_first": 0,
            "repeat_pict": 0,
            "chroma_location": "topleft"
        },
        {
            "media_type": "video",
            "stream_index": 0,
            "key_frame": 1,
            "pts": 812,
            "pts_time": "27.093760",
            "pkt_dts": 812,
            "pkt_dts_time": "27.093760",
            "best_effort_timestamp": 812,
            "best_effort_timestamp_time": "27.093760",
            "duration": 1,
            "duration_time": "0.033367",
            "pkt_pos": "102777460",
            "pkt_size": "120000",
            "width": 720,
            "height": 480,
            "crop_top": 0,
            "crop_bottom": 0,
            "crop_left": 0,
            "crop_right": 0,
            "pix_fmt": "yuv411p",
            "sample_aspect_ratio": "8:9",
            "pict_type": "I",
            "interlaced_frame": 1,
            "top_field_first": 0,
            "repeat_pict": 0,
            "chroma_location": "topleft"
        },
        {
            "media_type": "video",
            "stream_index": 0,
            "key_frame": 1,
            "pts": 813,
            "pts_time": "27.127127",
            "pkt_dts": 813,
            "pkt_dts_time": "27.127127",
            "best_effort_timestamp": 813,
            "best_effort_timestamp_time": "27.127127",
            "duration": 1,
            "duration_time": "0.033367",
            "pkt_pos": "102897468",
            "pkt_size": "120000",
            "width": 720,
            "height": 480,
            "crop_top": 0,
            "crop_bottom": 0,
            "crop_left": 0,
            "crop_right": 0,
            "pix_fmt": "yuv411p",
            "sample_aspect_ratio": "8:9",
            "pict_type": "I",
            "interlaced_frame": 1,
            "top_field_first": 0,
            "repeat_pict": 0,
            "chroma_location": "topleft"
        },
        {
            "media_type": "video",
            "stream_index": 0,
            "key_frame": 1,
            "pts": 814,
            "pts_time": "27.160494",
            "pkt_dts": 814,
            "pkt_dts_time": "27.160494",
            "best_effort_timestamp": 814,
            "best_effort_timestamp_time": "27.160494",
            "duration": 1,
            "duration_time": "0.033367",
            "pkt_pos": "103017476",
            "pkt_size": "120000",
            "width": 720,
            "height": 480,
            "crop_top": 0,
            "crop_bottom": 0,
            "crop_left": 0,
            "crop_right": 0,
            "pix_fmt": "yuv411p",
            "sample_aspect_ratio": "8:9",
            "pict_type": "I",
            "interlaced_frame": 1,
            "top_field_first": 0,
            "repeat_pict": 0,
            "chroma_location": "topleft"
        },
        {
            "media_type": "video",
            "stream_index": 0,
            "key_frame": 1,
            "pts": 815,
            "pts_time": "27.193860",
            "pkt_dts": 815,
            "pkt_dts_time": "27.193860",
            "best_effort_timestamp": 815,
            "best_effort_timestamp_time": "27.193860",
            "duration": 1,
            "duration_time": "0.033367",
            "pkt_pos": "103137484",
            "pkt_size": "120000",
            "width": 720,
            "height": 480,
            "crop_top": 0,
            "crop_bottom": 0,
            "crop_left": 0,
            "crop_right": 0,
            "pix_fmt": "yuv411p",
            "sample_aspect_ratio": "8:9",
            "pict_type": "I",
            "interlaced_frame": 1,
            "top_field_first": 0,
            "repeat_pict": 0,
            "chroma_location": "topleft"
        },
        {
            "media_type": "video",
            "stream_index": 0,
            "key_frame": 1,
            "pts": 816,
            "pts_time": "27.227227",
            "pkt_dts": 816,
            "pkt_dts_time": "27.227227",
            "best_effort_timestamp": 816,
            "best_effort_timestamp_time": "27.227227",
            "duration": 1,
            "duration_time": "0.033367",
            "pkt_pos": "103257492",
            "pkt_size": "120000",
            "width": 720,
            "height": 480,
            "crop_top": 0,
            "crop_bottom": 0,
            "crop_left": 0,
            "crop_right": 0,
            "pix_fmt": "yuv411p",
            "sample_aspect_ratio": "8:9",
            "pict_type": "I",
            "interlaced_frame": 1,
            "top_field_first": 0,
            "repeat_pict": 0,
            "chroma_location": "topleft"
        },
        {
            "media_type": "video",
            "stream_index": 0,
            "key_frame": 1,
            "pts": 817,
            "pts_time": "27.260594",
            "pkt_dts": 817,
            "pkt_dts_time": "27.260594",
            "best_effort_timestamp": 817,
            "best_effort_timestamp_time": "27.260594",
            "duration": 1,
            "duration_time": "0.033367",
            "pkt_pos": "103377500",
            "pkt_size": "120000",
            "width": 720,
            "height": 480,
            "crop_top": 0,
            "crop_bottom": 0,
            "crop_left": 0,
            "crop_right": 0,
            "pix_fmt": "yuv411p",
            "sample_aspect_ratio": "8:9",
            "pict_type": "I",
            "interlaced_frame": 1,
            "top_field_first": 0,
            "repeat_pict": 0,
            "chroma_location": "topleft"
        },
        {
            "media_type": "video",
            "stream_index": 0,
            "key_frame": 1,
            "pts": 818,
            "pts_time": "27.293961",
            "pkt_dts": 818,
            "pkt_dts_time": "27.293961",
            "best_effort_timestamp": 818,
            "best_effort_timestamp_time": "27.293961",
            "duration": 1,
            "duration_time": "0.033367",
            "pkt_pos": "103497508",
            "pkt_size": "120000",
            "width": 720,
            "height": 480,
            "crop_top": 0,
            "crop_bottom": 0,
            "crop_left": 0,
            "crop_right": 0,
            "pix_fmt": "yuv411p",
            "sample_aspect_ratio": "8:9",
            "pict_type": "I",
            "interlaced_frame": 1,
            "top_field_first": 0,
            "repeat_pict": 0,
            "chroma_location": "topleft"
        },
        {
            "media_type": "video",
            "stream_index": 0,
            "key_frame": 1,
            "pts": 819,
            "pts_time": "27.327327",
            "pkt_dts": 819,
            "pkt_dts_time": "27.327327",
            "best_effort_timestamp": 819,
            "best_effort_timestamp_time": "27.327327",
            "duration": 1,
            "duration_time": "0.033367",
            "pkt_pos": "103617516",
            "pkt_size": "120000",
            "width": 720,
            "height": 480,
            "crop_top": 0,
            "crop_bottom": 0,
            "crop_left": 0,
            "crop_right": 0,
            "pix_fmt": "yuv411p",
            "sample_aspect_ratio": "8:9",
            "pict_type": "I",
            "interlaced_frame": 1,
            "top_field_first": 0,
            "repeat_pict": 0,
            "chroma_location": "topleft"
        },
        {
            "media_type": "video",
            "stream_index": 0,
            "key_frame": 1,
            "pts": 820,
            "pts_time": "27.360694",
            "pkt_dts": 820,
            "pkt_dts_time": "27.360694",
            "best_effort_timestamp": 820,
            "best_effort_timestamp_time": "27.360694",
            "duration": 1,
            "duration_time": "0.033367",
            "pkt_pos": "103737524",
            "pkt_size": "120000",
            "width": 720,
            "height": 480,
            "crop_top": 0,
            "crop_bottom": 0,
            "crop_left": 0,
            "crop_right": 0,
            "pix_fmt": "yuv411p",
            "sample_aspect_ratio": "8:9",
            "pict_type": "I",
            "interlaced_frame": 1,
            "top_field_first": 0,
            "repeat_pict": 0,
            "chroma_location": "topleft"
        },
        {
            "media_type": "video",
            "stream_index": 0,
            "key_frame": 1,
            "pts": 821,
            "pts_time": "27.394061",
            "pkt_dts": 821,
            "pkt_dts_time": "27.394061",
            "best_effort_timestamp": 821,
            "best_effort_timestamp_time": "27.394061",
            "duration": 1,
            "duration_time": "0.033367",
            "pkt_pos": "103857532",
            "pkt_size": "120000",
            "width": 720,
            "height": 480,
            "crop_top": 0,
            "crop_bottom": 0,
            "crop_left": 0,
            "crop_right": 0,
            "pix_fmt": "yuv411p",
            "sample_aspect_ratio": "8:9",
            "pict_type": "I",
            "interlaced_frame": 1,
            "top_field_first": 0,
            "repeat_pict": 0,
            "chroma_location": "topleft"
        },
        {
            "media_type": "video",
            "stream_index": 0,
            "key_frame": 1,
            "pts": 822,
            "pts_time": "27.427427",
            "pkt_dts": 822,
            "pkt_dts_time": "27.427427",
            "best_effort_timestamp": 822,
            "best_effort_timestamp_time": "27.427427",
            "duration": 1,
            "duration_time": "0.033367",
            "pkt_pos": "103977540",
            "pkt_size": "120000",
            "width": 720,
            "height": 480,
            "crop_top": 0,
            "crop_bottom": 0,
            "crop_left": 0,
            "crop_right": 0,
            "pix_fmt": "yuv411p",
            "sample_aspect_ratio": "8:9",
            "pict_type": "I",
            "interlaced_frame": 1,
            "top_field_first": 0,
            "repeat_pict": 0,
            "chroma_location": "topleft"
        },
        {
            "media_type": "video",
            "stream_index": 0,
            "key_frame": 1,
            "pts": 823,
            "pts_time": "27.460794",
            "pkt_dts": 823,
            "pkt_dts_time": "27.460794",
            "best_effort_timestamp": 823,
            "best_effort_timestamp_time": "27.460794",
            "duration": 1,
            "duration_time": "0.033367",
            "pkt_pos": "104097548",
            "pkt_size": "120000",
            "width": 720,
            "height": 480,
            "crop_top": 0,
            "crop_bottom": 0,
            "crop_left": 0,
            "crop_right": 0,
            "pix_fmt": "yuv411p",
            "sample_aspect_ratio": "8:9",
            "pict_type": "I",
            "interlaced_frame": 1,
            "top_field_first": 0,
            "repeat_pict": 0,
            "chroma_location": "topleft"
        }
    ],
    "streams": [
        {
            "index": 0,
            "codec_name": "dvvideo",
            "codec_long_name": "DV (Digital Video)",
            "codec_type": "video",
            "codec_tag_string": "dvsd",
            "codec_tag": "0x64737664",
            "width": 720,
            "height": 480,
            "coded_width": 720,
            "coded_height": 480,
            "closed_captions": 0,
            "film_grain": 0,
            "has_b_frames": 0,
            "sample_aspect_ratio": "8:9",
            "display_aspect_ratio": "4:3",
            "pix_fmt": "yuv411p",
            "level": -99,
            "chroma_location": "topleft",
            "refs": 1,
            "r_frame_rate": "10000000/333667",
            "avg_frame_rate": "10000000/333667",
            "time_base": "333667/10000000",
            "start_pts": 0,
            "start_time": "0.000000",
            "duration_ts": 824,
            "duration": "27.494161",
            "bit_rate": "28771229",
            "nb_frames": "824",
            "nb_read_frames": "824",
            "disposition": {
                "default": 0,
                "dub": 0,
                "original": 0,
                "comment": 0,
                "lyrics": 0,
                "karaoke": 0,
                "forced": 0,
                "hearing_impaired": 0,
                "visual_impaired": 0,
                "clean_effects": 0,
                "attached_pic": 0,
                "timed_thumbnails": 0,
                "non_diegetic": 0,
                "captions": 0,
                "descriptions": 0,
                "metadata": 0,
                "dependent": 0,
                "still_image": 0,
                "multilayer": 0
            }
        }
    ],
    "format": {
        "filename": "/Users/admin/docs/911-worktrees/sherlock-wtc7-investigation/research/sherlock-wtc7-investigation/late-fire-catalog-join/sources/cbs-net-dub6-44.avi",
        "nb_streams": 2,
        "nb_programs": 0,
        "nb_stream_groups": 0,
        "format_name": "avi",
        "format_long_name": "AVI (Audio Video Interleaved)",
        "start_time": "0.000000",
        "duration": "27.494161",
        "size": "104308572",
        "bit_rate": "30350756",
        "probe_score": 100
    }
}
