{
    "frames": [
        {
            "media_type": "video",
            "stream_index": 0,
            "key_frame": 1,
            "pts": 0,
            "pts_time": "0.000000",
            "pkt_dts": 0,
            "pkt_dts_time": "0.000000",
            "best_effort_timestamp": 0,
            "best_effort_timestamp_time": "0.000000",
            "duration": 1,
            "duration_time": "0.033367",
            "pkt_pos": "128740",
            "pkt_size": "120000",
            "width": 720,
            "height": 480,
            "crop_top": 0,
            "crop_bottom": 0,
            "crop_left": 0,
            "crop_right": 0,
            "pix_fmt": "yuv411p",
            "sample_aspect_ratio": "8:9",
            "pict_type": "I",
            "interlaced_frame": 1,
            "top_field_first": 0,
            "repeat_pict": 0,
            "chroma_location": "topleft"
        },
        {
            "media_type": "video",
            "stream_index": 0,
            "key_frame": 1,
            "pts": 1,
            "pts_time": "0.033367",
            "pkt_dts": 1,
            "pkt_dts_time": "0.033367",
            "best_effort_timestamp": 1,
            "best_effort_timestamp_time": "0.033367",
            "duration": 1,
            "duration_time": "0.033367",
            "pkt_pos": "248748",
            "pkt_size": "120000",
            "width": 720,
            "height": 480,
            "crop_top": 0,
            "crop_bottom": 0,
            "crop_left": 0,
            "crop_right": 0,
            "pix_fmt": "yuv411p",
            "sample_aspect_ratio": "8:9",
            "pict_type": "I",
            "interlaced_frame": 1,
            "top_field_first": 0,
            "repeat_pict": 0,
            "chroma_location": "topleft"
        },
        {
            "media_type": "video",
            "stream_index": 0,
            "key_frame": 1,
            "pts": 2,
            "pts_time": "0.066734",
            "pkt_dts": 2,
            "pkt_dts_time": "0.066734",
            "best_effort_timestamp": 2,
            "best_effort_timestamp_time": "0.066734",
            "duration": 1,
            "duration_time": "0.033367",
            "pkt_pos": "368756",
            "pkt_size": "120000",
            "width": 720,
            "height": 480,
            "crop_top": 0,
            "crop_bottom": 0,
            "crop_left": 0,
            "crop_right": 0,
            "pix_fmt": "yuv411p",
            "sample_aspect_ratio": "8:9",
            "pict_type": "I",
            "interlaced_frame": 1,
            "top_field_first": 0,
            "repeat_pict": 0,
            "chroma_location": "topleft"
        },
        {
            "media_type": "video",
            "stream_index": 0,
            "key_frame": 1,
            "pts": 3,
            "pts_time": "0.100102",
            "pkt_dts": 3,
            "pkt_dts_time": "0.100102",
            "best_effort_timestamp": 3,
            "best_effort_timestamp_time": "0.100102",
            "duration": 1,
            "duration_time": "0.033367",
            "pkt_pos": "488764",
            "pkt_size": "120000",
            "width": 720,
            "height": 480,
            "crop_top": 0,
            "crop_bottom": 0,
            "crop_left": 0,
            "crop_right": 0,
            "pix_fmt": "yuv411p",
            "sample_aspect_ratio": "8:9",
            "pict_type": "I",
            "interlaced_frame": 1,
            "top_field_first": 0,
            "repeat_pict": 0,
            "chroma_location": "topleft"
        },
        {
            "media_type": "video",
            "stream_index": 0,
            "key_frame": 1,
            "pts": 4,
            "pts_time": "0.133469",
            "pkt_dts": 4,
            "pkt_dts_time": "0.133469",
            "best_effort_timestamp": 4,
            "best_effort_timestamp_time": "0.133469",
            "duration": 1,
            "duration_time": "0.033367",
            "pkt_pos": "608772",
            "pkt_size": "120000",
            "width": 720,
            "height": 480,
            "crop_top": 0,
            "crop_bottom": 0,
            "crop_left": 0,
            "crop_right": 0,
            "pix_fmt": "yuv411p",
            "sample_aspect_ratio": "8:9",
            "pict_type": "I",
            "interlaced_frame": 1,
            "top_field_first": 0,
            "repeat_pict": 0,
            "chroma_location": "topleft"
        },
        {
            "media_type": "video",
            "stream_index": 0,
            "key_frame": 1,
            "pts": 5,
            "pts_time": "0.166836",
            "pkt_dts": 5,
            "pkt_dts_time": "0.166836",
            "best_effort_timestamp": 5,
            "best_effort_timestamp_time": "0.166836",
            "duration": 1,
            "duration_time": "0.033367",
            "pkt_pos": "728780",
            "pkt_size": "120000",
            "width": 720,
            "height": 480,
            "crop_top": 0,
            "crop_bottom": 0,
            "crop_left": 0,
            "crop_right": 0,
            "pix_fmt": "yuv411p",
            "sample_aspect_ratio": "8:9",
            "pict_type": "I",
            "interlaced_frame": 1,
            "top_field_first": 0,
            "repeat_pict": 0,
            "chroma_location": "topleft"
        },
        {
            "media_type": "video",
            "stream_index": 0,
            "key_frame": 1,
            "pts": 6,
            "pts_time": "0.200203",
            "pkt_dts": 6,
            "pkt_dts_time": "0.200203",
            "best_effort_timestamp": 6,
            "best_effort_timestamp_time": "0.200203",
            "duration": 1,
            "duration_time": "0.033367",
            "pkt_pos": "848788",
            "pkt_size": "120000",
            "width": 720,
            "height": 480,
            "crop_top": 0,
            "crop_bottom": 0,
            "crop_left": 0,
            "crop_right": 0,
            "pix_fmt": "yuv411p",
            "sample_aspect_ratio": "8:9",
            "pict_type": "I",
            "interlaced_frame": 1,
            "top_field_first": 0,
            "repeat_pict": 0,
            "chroma_location": "topleft"
        },
        {
            "media_type": "video",
            "stream_index": 0,
            "key_frame": 1,
            "pts": 7,
            "pts_time": "0.233570",
            "pkt_dts": 7,
            "pkt_dts_time": "0.233570",
            "best_effort_timestamp": 7,
            "best_effort_timestamp_time": "0.233570",
            "duration": 1,
            "duration_time": "0.033367",
            "pkt_pos": "968796",
            "pkt_size": "120000",
            "width": 720,
            "height": 480,
            "crop_top": 0,
            "crop_bottom": 0,
            "crop_left": 0,
            "crop_right": 0,
            "pix_fmt": "yuv411p",
            "sample_aspect_ratio": "8:9",
            "pict_type": "I",
            "interlaced_frame": 1,
            "top_field_first": 0,
            "repeat_pict": 0,
            "chroma_location": "topleft"
        },
        {
            "media_type": "video",
            "stream_index": 0,
            "key_frame": 1,
            "pts": 8,
            "pts_time": "0.266938",
            "pkt_dts": 8,
            "pkt_dts_time": "0.266938",
            "best_effort_timestamp": 8,
            "best_effort_timestamp_time": "0.266938",
            "duration": 1,
            "duration_time": "0.033367",
            "pkt_pos": "1088804",
            "pkt_size": "120000",
            "width": 720,
            "height": 480,
            "crop_top": 0,
            "crop_bottom": 0,
            "crop_left": 0,
            "crop_right": 0,
            "pix_fmt": "yuv411p",
            "sample_aspect_ratio": "8:9",
            "pict_type": "I",
            "interlaced_frame": 1,
            "top_field_first": 0,
            "repeat_pict": 0,
            "chroma_location": "topleft"
        },
        {
            "media_type": "video",
            "stream_index": 0,
            "key_frame": 1,
            "pts": 9,
            "pts_time": "0.300305",
            "pkt_dts": 9,
            "pkt_dts_time": "0.300305",
            "best_effort_timestamp": 9,
            "best_effort_timestamp_time": "0.300305",
            "duration": 1,
            "duration_time": "0.033367",
            "pkt_pos": "1208812",
            "pkt_size": "120000",
            "width": 720,
            "height": 480,
            "crop_top": 0,
            "crop_bottom": 0,
            "crop_left": 0,
            "crop_right": 0,
            "pix_fmt": "yuv411p",
            "sample_aspect_ratio": "8:9",
            "pict_type": "I",
            "interlaced_frame": 1,
            "top_field_first": 0,
            "repeat_pict": 0,
            "chroma_location": "topleft"
        },
        {
            "media_type": "video",
            "stream_index": 0,
            "key_frame": 1,
            "pts": 10,
            "pts_time": "0.333672",
            "pkt_dts": 10,
            "pkt_dts_time": "0.333672",
            "best_effort_timestamp": 10,
            "best_effort_timestamp_time": "0.333672",
            "duration": 1,
            "duration_time": "0.033367",
            "pkt_pos": "1328820",
            "pkt_size": "120000",
            "width": 720,
            "height": 480,
            "crop_top": 0,
            "crop_bottom": 0,
            "crop_left": 0,
            "crop_right": 0,
            "pix_fmt": "yuv411p",
            "sample_aspect_ratio": "8:9",
            "pict_type": "I",
            "interlaced_frame": 1,
            "top_field_first": 0,
            "repeat_pict": 0,
            "chroma_location": "topleft"
        },
        {
            "media_type": "video",
            "stream_index": 0,
            "key_frame": 1,
            "pts": 11,
            "pts_time": "0.367039",
            "pkt_dts": 11,
            "pkt_dts_time": "0.367039",
            "best_effort_timestamp": 11,
            "best_effort_timestamp_time": "0.367039",
            "duration": 1,
            "duration_time": "0.033367",
            "pkt_pos": "1448828",
            "pkt_size": "120000",
            "width": 720,
            "height": 480,
            "crop_top": 0,
            "crop_bottom": 0,
            "crop_left": 0,
            "crop_right": 0,
            "pix_fmt": "yuv411p",
            "sample_aspect_ratio": "8:9",
            "pict_type": "I",
            "interlaced_frame": 1,
            "top_field_first": 0,
            "repeat_pict": 0,
            "chroma_location": "topleft"
        },
        {
            "media_type": "video",
            "stream_index": 0,
            "key_frame": 1,
            "pts": 12,
            "pts_time": "0.400406",
            "pkt_dts": 12,
            "pkt_dts_time": "0.400406",
            "best_effort_timestamp": 12,
            "best_effort_timestamp_time": "0.400406",
            "duration": 1,
            "duration_time": "0.033367",
            "pkt_pos": "1568836",
            "pkt_size": "120000",
            "width": 720,
            "height": 480,
            "crop_top": 0,
            "crop_bottom": 0,
            "crop_left": 0,
            "crop_right": 0,
            "pix_fmt": "yuv411p",
            "sample_aspect_ratio": "8:9",
            "pict_type": "I",
            "interlaced_frame": 1,
            "top_field_first": 0,
            "repeat_pict": 0,
            "chroma_location": "topleft"
        },
        {
            "media_type": "video",
            "stream_index": 0,
            "key_frame": 1,
            "pts": 13,
            "pts_time": "0.433774",
            "pkt_dts": 13,
            "pkt_dts_time": "0.433774",
            "best_effort_timestamp": 13,
            "best_effort_timestamp_time": "0.433774",
            "duration": 1,
            "duration_time": "0.033367",
            "pkt_pos": "1688844",
            "pkt_size": "120000",
            "width": 720,
            "height": 480,
            "crop_top": 0,
            "crop_bottom": 0,
            "crop_left": 0,
            "crop_right": 0,
            "pix_fmt": "yuv411p",
            "sample_aspect_ratio": "8:9",
            "pict_type": "I",
            "interlaced_frame": 1,
            "top_field_first": 0,
            "repeat_pict": 0,
            "chroma_location": "topleft"
        },
        {
            "media_type": "video",
            "stream_index": 0,
            "key_frame": 1,
            "pts": 14,
            "pts_time": "0.467141",
            "pkt_dts": 14,
            "pkt_dts_time": "0.467141",
            "best_effort_timestamp": 14,
            "best_effort_timestamp_time": "0.467141",
            "duration": 1,
            "duration_time": "0.033367",
            "pkt_pos": "1808852",
            "pkt_size": "120000",
            "width": 720,
            "height": 480,
            "crop_top": 0,
            "crop_bottom": 0,
            "crop_left": 0,
            "crop_right": 0,
            "pix_fmt": "yuv411p",
            "sample_aspect_ratio": "8:9",
            "pict_type": "I",
            "interlaced_frame": 1,
            "top_field_first": 0,
            "repeat_pict": 0,
            "chroma_location": "topleft"
        },
        {
            "media_type": "video",
            "stream_index": 0,
            "key_frame": 1,
            "pts": 15,
            "pts_time": "0.500508",
            "pkt_dts": 15,
            "pkt_dts_time": "0.500508",
            "best_effort_timestamp": 15,
            "best_effort_timestamp_time": "0.500508",
            "duration": 1,
            "duration_time": "0.033367",
            "pkt_pos": "1928860",
            "pkt_size": "120000",
            "width": 720,
            "height": 480,
            "crop_top": 0,
            "crop_bottom": 0,
            "crop_left": 0,
            "crop_right": 0,
            "pix_fmt": "yuv411p",
            "sample_aspect_ratio": "8:9",
            "pict_type": "I",
            "interlaced_frame": 1,
            "top_field_first": 0,
            "repeat_pict": 0,
            "chroma_location": "topleft"
        },
        {
            "media_type": "video",
            "stream_index": 0,
            "key_frame": 1,
            "pts": 16,
            "pts_time": "0.533875",
            "pkt_dts": 16,
            "pkt_dts_time": "0.533875",
            "best_effort_timestamp": 16,
            "best_effort_timestamp_time": "0.533875",
            "duration": 1,
            "duration_time": "0.033367",
            "pkt_pos": "2048868",
            "pkt_size": "120000",
            "width": 720,
            "height": 480,
            "crop_top": 0,
            "crop_bottom": 0,
            "crop_left": 0,
            "crop_right": 0,
            "pix_fmt": "yuv411p",
            "sample_aspect_ratio": "8:9",
            "pict_type": "I",
            "interlaced_frame": 1,
            "top_field_first": 0,
            "repeat_pict": 0,
            "chroma_location": "topleft"
        },
        {
            "media_type": "video",
            "stream_index": 0,
            "key_frame": 1,
            "pts": 17,
            "pts_time": "0.567242",
            "pkt_dts": 17,
            "pkt_dts_time": "0.567242",
            "best_effort_timestamp": 17,
            "best_effort_timestamp_time": "0.567242",
            "duration": 1,
            "duration_time": "0.033367",
            "pkt_pos": "2168876",
            "pkt_size": "120000",
            "width": 720,
            "height": 480,
            "crop_top": 0,
            "crop_bottom": 0,
            "crop_left": 0,
            "crop_right": 0,
            "pix_fmt": "yuv411p",
            "sample_aspect_ratio": "8:9",
            "pict_type": "I",
            "interlaced_frame": 1,
            "top_field_first": 0,
            "repeat_pict": 0,
            "chroma_location": "topleft"
        },
        {
            "media_type": "video",
            "stream_index": 0,
            "key_frame": 1,
            "pts": 18,
            "pts_time": "0.600610",
            "pkt_dts": 18,
            "pkt_dts_time": "0.600610",
            "best_effort_timestamp": 18,
            "best_effort_timestamp_time": "0.600610",
            "duration": 1,
            "duration_time": "0.033367",
            "pkt_pos": "2288884",
            "pkt_size": "120000",
            "width": 720,
            "height": 480,
            "crop_top": 0,
            "crop_bottom": 0,
            "crop_left": 0,
            "crop_right": 0,
            "pix_fmt": "yuv411p",
            "sample_aspect_ratio": "8:9",
            "pict_type": "I",
            "interlaced_frame": 1,
            "top_field_first": 0,
            "repeat_pict": 0,
            "chroma_location": "topleft"
        },
        {
            "media_type": "video",
            "stream_index": 0,
            "key_frame": 1,
            "pts": 19,
            "pts_time": "0.633977",
            "pkt_dts": 19,
            "pkt_dts_time": "0.633977",
            "best_effort_timestamp": 19,
            "best_effort_timestamp_time": "0.633977",
            "duration": 1,
            "duration_time": "0.033367",
            "pkt_pos": "2408892",
            "pkt_size": "120000",
            "width": 720,
            "height": 480,
            "crop_top": 0,
            "crop_bottom": 0,
            "crop_left": 0,
            "crop_right": 0,
            "pix_fmt": "yuv411p",
            "sample_aspect_ratio": "8:9",
            "pict_type": "I",
            "interlaced_frame": 1,
            "top_field_first": 0,
            "repeat_pict": 0,
            "chroma_location": "topleft"
        },
        {
            "media_type": "video",
            "stream_index": 0,
            "key_frame": 1,
            "pts": 20,
            "pts_time": "0.667344",
            "pkt_dts": 20,
            "pkt_dts_time": "0.667344",
            "best_effort_timestamp": 20,
            "best_effort_timestamp_time": "0.667344",
            "duration": 1,
            "duration_time": "0.033367",
            "pkt_pos": "2528900",
            "pkt_size": "120000",
            "width": 720,
            "height": 480,
            "crop_top": 0,
            "crop_bottom": 0,
            "crop_left": 0,
            "crop_right": 0,
            "pix_fmt": "yuv411p",
            "sample_aspect_ratio": "8:9",
            "pict_type": "I",
            "interlaced_frame": 1,
            "top_field_first": 0,
            "repeat_pict": 0,
            "chroma_location": "topleft"
        },
        {
            "media_type": "video",
            "stream_index": 0,
            "key_frame": 1,
            "pts": 21,
            "pts_time": "0.700711",
            "pkt_dts": 21,
            "pkt_dts_time": "0.700711",
            "best_effort_timestamp": 21,
            "best_effort_timestamp_time": "0.700711",
            "duration": 1,
            "duration_time": "0.033367",
            "pkt_pos": "2648908",
            "pkt_size": "120000",
            "width": 720,
            "height": 480,
            "crop_top": 0,
            "crop_bottom": 0,
            "crop_left": 0,
            "crop_right": 0,
            "pix_fmt": "yuv411p",
            "sample_aspect_ratio": "8:9",
            "pict_type": "I",
            "interlaced_frame": 1,
            "top_field_first": 0,
            "repeat_pict": 0,
            "chroma_location": "topleft"
        },
        {
            "media_type": "video",
            "stream_index": 0,
            "key_frame": 1,
            "pts": 22,
            "pts_time": "0.734078",
            "pkt_dts": 22,
            "pkt_dts_time": "0.734078",
            "best_effort_timestamp": 22,
            "best_effort_timestamp_time": "0.734078",
            "duration": 1,
            "duration_time": "0.033367",
            "pkt_pos": "2768916",
            "pkt_size": "120000",
            "width": 720,
            "height": 480,
            "crop_top": 0,
            "crop_bottom": 0,
            "crop_left": 0,
            "crop_right": 0,
            "pix_fmt": "yuv411p",
            "sample_aspect_ratio": "8:9",
            "pict_type": "I",
            "interlaced_frame": 1,
            "top_field_first": 0,
            "repeat_pict": 0,
            "chroma_location": "topleft"
        },
        {
            "media_type": "video",
            "stream_index": 0,
            "key_frame": 1,
            "pts": 23,
            "pts_time": "0.767446",
            "pkt_dts": 23,
            "pkt_dts_time": "0.767446",
            "best_effort_timestamp": 23,
            "best_effort_timestamp_time": "0.767446",
            "duration": 1,
            "duration_time": "0.033367",
            "pkt_pos": "2888924",
            "pkt_size": "120000",
            "width": 720,
            "height": 480,
            "crop_top": 0,
            "crop_bottom": 0,
            "crop_left": 0,
            "crop_right": 0,
            "pix_fmt": "yuv411p",
            "sample_aspect_ratio": "8:9",
            "pict_type": "I",
            "interlaced_frame": 1,
            "top_field_first": 0,
            "repeat_pict": 0,
            "chroma_location": "topleft"
        },
        {
            "media_type": "video",
            "stream_index": 0,
            "key_frame": 1,
            "pts": 24,
            "pts_time": "0.800813",
            "pkt_dts": 24,
            "pkt_dts_time": "0.800813",
            "best_effort_timestamp": 24,
            "best_effort_timestamp_time": "0.800813",
            "duration": 1,
            "duration_time": "0.033367",
            "pkt_pos": "3008932",
            "pkt_size": "120000",
            "width": 720,
            "height": 480,
            "crop_top": 0,
            "crop_bottom": 0,
            "crop_left": 0,
            "crop_right": 0,
            "pix_fmt": "yuv411p",
            "sample_aspect_ratio": "8:9",
            "pict_type": "I",
            "interlaced_frame": 1,
            "top_field_first": 0,
            "repeat_pict": 0,
            "chroma_location": "topleft"
        },
        {
            "media_type": "video",
            "stream_index": 0,
            "key_frame": 1,
            "pts": 25,
            "pts_time": "0.834180",
            "pkt_dts": 25,
            "pkt_dts_time": "0.834180",
            "best_effort_timestamp": 25,
            "best_effort_timestamp_time": "0.834180",
            "duration": 1,
            "duration_time": "0.033367",
            "pkt_pos": "3128940",
            "pkt_size": "120000",
            "width": 720,
            "height": 480,
            "crop_top": 0,
            "crop_bottom": 0,
            "crop_left": 0,
            "crop_right": 0,
            "pix_fmt": "yuv411p",
            "sample_aspect_ratio": "8:9",
            "pict_type": "I",
            "interlaced_frame": 1,
            "top_field_first": 0,
            "repeat_pict": 0,
            "chroma_location": "topleft"
        },
        {
            "media_type": "video",
            "stream_index": 0,
            "key_frame": 1,
            "pts": 26,
            "pts_time": "0.867547",
            "pkt_dts": 26,
            "pkt_dts_time": "0.867547",
            "best_effort_timestamp": 26,
            "best_effort_timestamp_time": "0.867547",
            "duration": 1,
            "duration_time": "0.033367",
            "pkt_pos": "3248948",
            "pkt_size": "120000",
            "width": 720,
            "height": 480,
            "crop_top": 0,
            "crop_bottom": 0,
            "crop_left": 0,
            "crop_right": 0,
            "pix_fmt": "yuv411p",
            "sample_aspect_ratio": "8:9",
            "pict_type": "I",
            "interlaced_frame": 1,
            "top_field_first": 0,
            "repeat_pict": 0,
            "chroma_location": "topleft"
        },
        {
            "media_type": "video",
            "stream_index": 0,
            "key_frame": 1,
            "pts": 27,
            "pts_time": "0.900914",
            "pkt_dts": 27,
            "pkt_dts_time": "0.900914",
            "best_effort_timestamp": 27,
            "best_effort_timestamp_time": "0.900914",
            "duration": 1,
            "duration_time": "0.033367",
            "pkt_pos": "3368956",
            "pkt_size": "120000",
            "width": 720,
            "height": 480,
            "crop_top": 0,
            "crop_bottom": 0,
            "crop_left": 0,
            "crop_right": 0,
            "pix_fmt": "yuv411p",
            "sample_aspect_ratio": "8:9",
            "pict_type": "I",
            "interlaced_frame": 1,
            "top_field_first": 0,
            "repeat_pict": 0,
            "chroma_location": "topleft"
        },
        {
            "media_type": "video",
            "stream_index": 0,
            "key_frame": 1,
            "pts": 28,
            "pts_time": "0.934282",
            "pkt_dts": 28,
            "pkt_dts_time": "0.934282",
            "best_effort_timestamp": 28,
            "best_effort_timestamp_time": "0.934282",
            "duration": 1,
            "duration_time": "0.033367",
            "pkt_pos": "3488964",
            "pkt_size": "120000",
            "width": 720,
            "height": 480,
            "crop_top": 0,
            "crop_bottom": 0,
            "crop_left": 0,
            "crop_right": 0,
            "pix_fmt": "yuv411p",
            "sample_aspect_ratio": "8:9",
            "pict_type": "I",
            "interlaced_frame": 1,
            "top_field_first": 0,
            "repeat_pict": 0,
            "chroma_location": "topleft"
        },
        {
            "media_type": "video",
            "stream_index": 0,
            "key_frame": 1,
            "pts": 29,
            "pts_time": "0.967649",
            "pkt_dts": 29,
            "pkt_dts_time": "0.967649",
            "best_effort_timestamp": 29,
            "best_effort_timestamp_time": "0.967649",
            "duration": 1,
            "duration_time": "0.033367",
            "pkt_pos": "3732836",
            "pkt_size": "120000",
            "width": 720,
            "height": 480,
            "crop_top": 0,
            "crop_bottom": 0,
            "crop_left": 0,
            "crop_right": 0,
            "pix_fmt": "yuv411p",
            "sample_aspect_ratio": "8:9",
            "pict_type": "I",
            "interlaced_frame": 1,
            "top_field_first": 0,
            "repeat_pict": 0,
            "chroma_location": "topleft"
        },
        {
            "media_type": "video",
            "stream_index": 0,
            "key_frame": 1,
            "pts": 30,
            "pts_time": "1.001016",
            "pkt_dts": 30,
            "pkt_dts_time": "1.001016",
            "best_effort_timestamp": 30,
            "best_effort_timestamp_time": "1.001016",
            "duration": 1,
            "duration_time": "0.033367",
            "pkt_pos": "3852844",
            "pkt_size": "120000",
            "width": 720,
            "height": 480,
            "crop_top": 0,
            "crop_bottom": 0,
            "crop_left": 0,
            "crop_right": 0,
            "pix_fmt": "yuv411p",
            "sample_aspect_ratio": "8:9",
            "pict_type": "I",
            "interlaced_frame": 1,
            "top_field_first": 0,
            "repeat_pict": 0,
            "chroma_location": "topleft"
        },
        {
            "media_type": "video",
            "stream_index": 0,
            "key_frame": 1,
            "pts": 31,
            "pts_time": "1.034383",
            "pkt_dts": 31,
            "pkt_dts_time": "1.034383",
            "best_effort_timestamp": 31,
            "best_effort_timestamp_time": "1.034383",
            "duration": 1,
            "duration_time": "0.033367",
            "pkt_pos": "3972852",
            "pkt_size": "120000",
            "width": 720,
            "height": 480,
            "crop_top": 0,
            "crop_bottom": 0,
            "crop_left": 0,
            "crop_right": 0,
            "pix_fmt": "yuv411p",
            "sample_aspect_ratio": "8:9",
            "pict_type": "I",
            "interlaced_frame": 1,
            "top_field_first": 0,
            "repeat_pict": 0,
            "chroma_location": "topleft"
        },
        {
            "media_type": "video",
            "stream_index": 0,
            "key_frame": 1,
            "pts": 32,
            "pts_time": "1.067750",
            "pkt_dts": 32,
            "pkt_dts_time": "1.067750",
            "best_effort_timestamp": 32,
            "best_effort_timestamp_time": "1.067750",
            "duration": 1,
            "duration_time": "0.033367",
            "pkt_pos": "4092860",
            "pkt_size": "120000",
            "width": 720,
            "height": 480,
            "crop_top": 0,
            "crop_bottom": 0,
            "crop_left": 0,
            "crop_right": 0,
            "pix_fmt": "yuv411p",
            "sample_aspect_ratio": "8:9",
            "pict_type": "I",
            "interlaced_frame": 1,
            "top_field_first": 0,
            "repeat_pict": 0,
            "chroma_location": "topleft"
        },
        {
            "media_type": "video",
            "stream_index": 0,
            "key_frame": 1,
            "pts": 33,
            "pts_time": "1.101118",
            "pkt_dts": 33,
            "pkt_dts_time": "1.101118",
            "best_effort_timestamp": 33,
            "best_effort_timestamp_time": "1.101118",
            "duration": 1,
            "duration_time": "0.033367",
            "pkt_pos": "4212868",
            "pkt_size": "120000",
            "width": 720,
            "height": 480,
            "crop_top": 0,
            "crop_bottom": 0,
            "crop_left": 0,
            "crop_right": 0,
            "pix_fmt": "yuv411p",
            "sample_aspect_ratio": "8:9",
            "pict_type": "I",
            "interlaced_frame": 1,
            "top_field_first": 0,
            "repeat_pict": 0,
            "chroma_location": "topleft"
        },
        {
            "media_type": "video",
            "stream_index": 0,
            "key_frame": 1,
            "pts": 34,
            "pts_time": "1.134485",
            "pkt_dts": 34,
            "pkt_dts_time": "1.134485",
            "best_effort_timestamp": 34,
            "best_effort_timestamp_time": "1.134485",
            "duration": 1,
            "duration_time": "0.033367",
            "pkt_pos": "4332876",
            "pkt_size": "120000",
            "width": 720,
            "height": 480,
            "crop_top": 0,
            "crop_bottom": 0,
            "crop_left": 0,
            "crop_right": 0,
            "pix_fmt": "yuv411p",
            "sample_aspect_ratio": "8:9",
            "pict_type": "I",
            "interlaced_frame": 1,
            "top_field_first": 0,
            "repeat_pict": 0,
            "chroma_location": "topleft"
        },
        {
            "media_type": "video",
            "stream_index": 0,
            "key_frame": 1,
            "pts": 35,
            "pts_time": "1.167852",
            "pkt_dts": 35,
            "pkt_dts_time": "1.167852",
            "best_effort_timestamp": 35,
            "best_effort_timestamp_time": "1.167852",
            "duration": 1,
            "duration_time": "0.033367",
            "pkt_pos": "4452884",
            "pkt_size": "120000",
            "width": 720,
            "height": 480,
            "crop_top": 0,
            "crop_bottom": 0,
            "crop_left": 0,
            "crop_right": 0,
            "pix_fmt": "yuv411p",
            "sample_aspect_ratio": "8:9",
            "pict_type": "I",
            "interlaced_frame": 1,
            "top_field_first": 0,
            "repeat_pict": 0,
            "chroma_location": "topleft"
        },
        {
            "media_type": "video",
            "stream_index": 0,
            "key_frame": 1,
            "pts": 36,
            "pts_time": "1.201219",
            "pkt_dts": 36,
            "pkt_dts_time": "1.201219",
            "best_effort_timestamp": 36,
            "best_effort_timestamp_time": "1.201219",
            "duration": 1,
            "duration_time": "0.033367",
            "pkt_pos": "4572892",
            "pkt_size": "120000",
            "width": 720,
            "height": 480,
            "crop_top": 0,
            "crop_bottom": 0,
            "crop_left": 0,
            "crop_right": 0,
            "pix_fmt": "yuv411p",
            "sample_aspect_ratio": "8:9",
            "pict_type": "I",
            "interlaced_frame": 1,
            "top_field_first": 0,
            "repeat_pict": 0,
            "chroma_location": "topleft"
        },
        {
            "media_type": "video",
            "stream_index": 0,
            "key_frame": 1,
            "pts": 37,
            "pts_time": "1.234586",
            "pkt_dts": 37,
            "pkt_dts_time": "1.234586",
            "best_effort_timestamp": 37,
            "best_effort_timestamp_time": "1.234586",
            "duration": 1,
            "duration_time": "0.033367",
            "pkt_pos": "4692900",
            "pkt_size": "120000",
            "width": 720,
            "height": 480,
            "crop_top": 0,
            "crop_bottom": 0,
            "crop_left": 0,
            "crop_right": 0,
            "pix_fmt": "yuv411p",
            "sample_aspect_ratio": "8:9",
            "pict_type": "I",
            "interlaced_frame": 1,
            "top_field_first": 0,
            "repeat_pict": 0,
            "chroma_location": "topleft"
        },
        {
            "media_type": "video",
            "stream_index": 0,
            "key_frame": 1,
            "pts": 38,
            "pts_time": "1.267954",
            "pkt_dts": 38,
            "pkt_dts_time": "1.267954",
            "best_effort_timestamp": 38,
            "best_effort_timestamp_time": "1.267954",
            "duration": 1,
            "duration_time": "0.033367",
            "pkt_pos": "4812908",
            "pkt_size": "120000",
            "width": 720,
            "height": 480,
            "crop_top": 0,
            "crop_bottom": 0,
            "crop_left": 0,
            "crop_right": 0,
            "pix_fmt": "yuv411p",
            "sample_aspect_ratio": "8:9",
            "pict_type": "I",
            "interlaced_frame": 1,
            "top_field_first": 0,
            "repeat_pict": 0,
            "chroma_location": "topleft"
        },
        {
            "media_type": "video",
            "stream_index": 0,
            "key_frame": 1,
            "pts": 39,
            "pts_time": "1.301321",
            "pkt_dts": 39,
            "pkt_dts_time": "1.301321",
            "best_effort_timestamp": 39,
            "best_effort_timestamp_time": "1.301321",
            "duration": 1,
            "duration_time": "0.033367",
            "pkt_pos": "4932916",
            "pkt_size": "120000",
            "width": 720,
            "height": 480,
            "crop_top": 0,
            "crop_bottom": 0,
            "crop_left": 0,
            "crop_right": 0,
            "pix_fmt": "yuv411p",
            "sample_aspect_ratio": "8:9",
            "pict_type": "I",
            "interlaced_frame": 1,
            "top_field_first": 0,
            "repeat_pict": 0,
            "chroma_location": "topleft"
        },
        {
            "media_type": "video",
            "stream_index": 0,
            "key_frame": 1,
            "pts": 40,
            "pts_time": "1.334688",
            "pkt_dts": 40,
            "pkt_dts_time": "1.334688",
            "best_effort_timestamp": 40,
            "best_effort_timestamp_time": "1.334688",
            "duration": 1,
            "duration_time": "0.033367",
            "pkt_pos": "5052924",
            "pkt_size": "120000",
            "width": 720,
            "height": 480,
            "crop_top": 0,
            "crop_bottom": 0,
            "crop_left": 0,
            "crop_right": 0,
            "pix_fmt": "yuv411p",
            "sample_aspect_ratio": "8:9",
            "pict_type": "I",
            "interlaced_frame": 1,
            "top_field_first": 0,
            "repeat_pict": 0,
            "chroma_location": "topleft"
        },
        {
            "media_type": "video",
            "stream_index": 0,
            "key_frame": 1,
            "pts": 41,
            "pts_time": "1.368055",
            "pkt_dts": 41,
            "pkt_dts_time": "1.368055",
            "best_effort_timestamp": 41,
            "best_effort_timestamp_time": "1.368055",
            "duration": 1,
            "duration_time": "0.033367",
            "pkt_pos": "5172932",
            "pkt_size": "120000",
            "width": 720,
            "height": 480,
            "crop_top": 0,
            "crop_bottom": 0,
            "crop_left": 0,
            "crop_right": 0,
            "pix_fmt": "yuv411p",
            "sample_aspect_ratio": "8:9",
            "pict_type": "I",
            "interlaced_frame": 1,
            "top_field_first": 0,
            "repeat_pict": 0,
            "chroma_location": "topleft"
        },
        {
            "media_type": "video",
            "stream_index": 0,
            "key_frame": 1,
            "pts": 42,
            "pts_time": "1.401422",
            "pkt_dts": 42,
            "pkt_dts_time": "1.401422",
            "best_effort_timestamp": 42,
            "best_effort_timestamp_time": "1.401422",
            "duration": 1,
            "duration_time": "0.033367",
            "pkt_pos": "5292940",
            "pkt_size": "120000",
            "width": 720,
            "height": 480,
            "crop_top": 0,
            "crop_bottom": 0,
            "crop_left": 0,
            "crop_right": 0,
            "pix_fmt": "yuv411p",
            "sample_aspect_ratio": "8:9",
            "pict_type": "I",
            "interlaced_frame": 1,
            "top_field_first": 0,
            "repeat_pict": 0,
            "chroma_location": "topleft"
        },
        {
            "media_type": "video",
            "stream_index": 0,
            "key_frame": 1,
            "pts": 43,
            "pts_time": "1.434790",
            "pkt_dts": 43,
            "pkt_dts_time": "1.434790",
            "best_effort_timestamp": 43,
            "best_effort_timestamp_time": "1.434790",
            "duration": 1,
            "duration_time": "0.033367",
            "pkt_pos": "5412948",
            "pkt_size": "120000",
            "width": 720,
            "height": 480,
            "crop_top": 0,
            "crop_bottom": 0,
            "crop_left": 0,
            "crop_right": 0,
            "pix_fmt": "yuv411p",
            "sample_aspect_ratio": "8:9",
            "pict_type": "I",
            "interlaced_frame": 1,
            "top_field_first": 0,
            "repeat_pict": 0,
            "chroma_location": "topleft"
        },
        {
            "media_type": "video",
            "stream_index": 0,
            "key_frame": 1,
            "pts": 44,
            "pts_time": "1.468157",
            "pkt_dts": 44,
            "pkt_dts_time": "1.468157",
            "best_effort_timestamp": 44,
            "best_effort_timestamp_time": "1.468157",
            "duration": 1,
            "duration_time": "0.033367",
            "pkt_pos": "5532956",
            "pkt_size": "120000",
            "width": 720,
            "height": 480,
            "crop_top": 0,
            "crop_bottom": 0,
            "crop_left": 0,
            "crop_right": 0,
            "pix_fmt": "yuv411p",
            "sample_aspect_ratio": "8:9",
            "pict_type": "I",
            "interlaced_frame": 1,
            "top_field_first": 0,
            "repeat_pict": 0,
            "chroma_location": "topleft"
        },
        {
            "media_type": "video",
            "stream_index": 0,
            "key_frame": 1,
            "pts": 45,
            "pts_time": "1.501524",
            "pkt_dts": 45,
            "pkt_dts_time": "1.501524",
            "best_effort_timestamp": 45,
            "best_effort_timestamp_time": "1.501524",
            "duration": 1,
            "duration_time": "0.033367",
            "pkt_pos": "5652964",
            "pkt_size": "120000",
            "width": 720,
            "height": 480,
            "crop_top": 0,
            "crop_bottom": 0,
            "crop_left": 0,
            "crop_right": 0,
            "pix_fmt": "yuv411p",
            "sample_aspect_ratio": "8:9",
            "pict_type": "I",
            "interlaced_frame": 1,
            "top_field_first": 0,
            "repeat_pict": 0,
            "chroma_location": "topleft"
        },
        {
            "media_type": "video",
            "stream_index": 0,
            "key_frame": 1,
            "pts": 46,
            "pts_time": "1.534891",
            "pkt_dts": 46,
            "pkt_dts_time": "1.534891",
            "best_effort_timestamp": 46,
            "best_effort_timestamp_time": "1.534891",
            "duration": 1,
            "duration_time": "0.033367",
            "pkt_pos": "5772972",
            "pkt_size": "120000",
            "width": 720,
            "height": 480,
            "crop_top": 0,
            "crop_bottom": 0,
            "crop_left": 0,
            "crop_right": 0,
            "pix_fmt": "yuv411p",
            "sample_aspect_ratio": "8:9",
            "pict_type": "I",
            "interlaced_frame": 1,
            "top_field_first": 0,
            "repeat_pict": 0,
            "chroma_location": "topleft"
        },
        {
            "media_type": "video",
            "stream_index": 0,
            "key_frame": 1,
            "pts": 47,
            "pts_time": "1.568258",
            "pkt_dts": 47,
            "pkt_dts_time": "1.568258",
            "best_effort_timestamp": 47,
            "best_effort_timestamp_time": "1.568258",
            "duration": 1,
            "duration_time": "0.033367",
            "pkt_pos": "5892980",
            "pkt_size": "120000",
            "width": 720,
            "height": 480,
            "crop_top": 0,
            "crop_bottom": 0,
            "crop_left": 0,
            "crop_right": 0,
            "pix_fmt": "yuv411p",
            "sample_aspect_ratio": "8:9",
            "pict_type": "I",
            "interlaced_frame": 1,
            "top_field_first": 0,
            "repeat_pict": 0,
            "chroma_location": "topleft"
        },
        {
            "media_type": "video",
            "stream_index": 0,
            "key_frame": 1,
            "pts": 48,
            "pts_time": "1.601626",
            "pkt_dts": 48,
            "pkt_dts_time": "1.601626",
            "best_effort_timestamp": 48,
            "best_effort_timestamp_time": "1.601626",
            "duration": 1,
            "duration_time": "0.033367",
            "pkt_pos": "6012988",
            "pkt_size": "120000",
            "width": 720,
            "height": 480,
            "crop_top": 0,
            "crop_bottom": 0,
            "crop_left": 0,
            "crop_right": 0,
            "pix_fmt": "yuv411p",
            "sample_aspect_ratio": "8:9",
            "pict_type": "I",
            "interlaced_frame": 1,
            "top_field_first": 0,
            "repeat_pict": 0,
            "chroma_location": "topleft"
        },
        {
            "media_type": "video",
            "stream_index": 0,
            "key_frame": 1,
            "pts": 49,
            "pts_time": "1.634993",
            "pkt_dts": 49,
            "pkt_dts_time": "1.634993",
            "best_effort_timestamp": 49,
            "best_effort_timestamp_time": "1.634993",
            "duration": 1,
            "duration_time": "0.033367",
            "pkt_pos": "6132996",
            "pkt_size": "120000",
            "width": 720,
            "height": 480,
            "crop_top": 0,
            "crop_bottom": 0,
            "crop_left": 0,
            "crop_right": 0,
            "pix_fmt": "yuv411p",
            "sample_aspect_ratio": "8:9",
            "pict_type": "I",
            "interlaced_frame": 1,
            "top_field_first": 0,
            "repeat_pict": 0,
            "chroma_location": "topleft"
        },
        {
            "media_type": "video",
            "stream_index": 0,
            "key_frame": 1,
            "pts": 50,
            "pts_time": "1.668360",
            "pkt_dts": 50,
            "pkt_dts_time": "1.668360",
            "best_effort_timestamp": 50,
            "best_effort_timestamp_time": "1.668360",
            "duration": 1,
            "duration_time": "0.033367",
            "pkt_pos": "6253004",
            "pkt_size": "120000",
            "width": 720,
            "height": 480,
            "crop_top": 0,
            "crop_bottom": 0,
            "crop_left": 0,
            "crop_right": 0,
            "pix_fmt": "yuv411p",
            "sample_aspect_ratio": "8:9",
            "pict_type": "I",
            "interlaced_frame": 1,
            "top_field_first": 0,
            "repeat_pict": 0,
            "chroma_location": "topleft"
        },
        {
            "media_type": "video",
            "stream_index": 0,
            "key_frame": 1,
            "pts": 51,
            "pts_time": "1.701727",
            "pkt_dts": 51,
            "pkt_dts_time": "1.701727",
            "best_effort_timestamp": 51,
            "best_effort_timestamp_time": "1.701727",
            "duration": 1,
            "duration_time": "0.033367",
            "pkt_pos": "6373012",
            "pkt_size": "120000",
            "width": 720,
            "height": 480,
            "crop_top": 0,
            "crop_bottom": 0,
            "crop_left": 0,
            "crop_right": 0,
            "pix_fmt": "yuv411p",
            "sample_aspect_ratio": "8:9",
            "pict_type": "I",
            "interlaced_frame": 1,
            "top_field_first": 0,
            "repeat_pict": 0,
            "chroma_location": "topleft"
        },
        {
            "media_type": "video",
            "stream_index": 0,
            "key_frame": 1,
            "pts": 52,
            "pts_time": "1.735094",
            "pkt_dts": 52,
            "pkt_dts_time": "1.735094",
            "best_effort_timestamp": 52,
            "best_effort_timestamp_time": "1.735094",
            "duration": 1,
            "duration_time": "0.033367",
            "pkt_pos": "6493020",
            "pkt_size": "120000",
            "width": 720,
            "height": 480,
            "crop_top": 0,
            "crop_bottom": 0,
            "crop_left": 0,
            "crop_right": 0,
            "pix_fmt": "yuv411p",
            "sample_aspect_ratio": "8:9",
            "pict_type": "I",
            "interlaced_frame": 1,
            "top_field_first": 0,
            "repeat_pict": 0,
            "chroma_location": "topleft"
        },
        {
            "media_type": "video",
            "stream_index": 0,
            "key_frame": 1,
            "pts": 53,
            "pts_time": "1.768462",
            "pkt_dts": 53,
            "pkt_dts_time": "1.768462",
            "best_effort_timestamp": 53,
            "best_effort_timestamp_time": "1.768462",
            "duration": 1,
            "duration_time": "0.033367",
            "pkt_pos": "6613028",
            "pkt_size": "120000",
            "width": 720,
            "height": 480,
            "crop_top": 0,
            "crop_bottom": 0,
            "crop_left": 0,
            "crop_right": 0,
            "pix_fmt": "yuv411p",
            "sample_aspect_ratio": "8:9",
            "pict_type": "I",
            "interlaced_frame": 1,
            "top_field_first": 0,
            "repeat_pict": 0,
            "chroma_location": "topleft"
        },
        {
            "media_type": "video",
            "stream_index": 0,
            "key_frame": 1,
            "pts": 54,
            "pts_time": "1.801829",
            "pkt_dts": 54,
            "pkt_dts_time": "1.801829",
            "best_effort_timestamp": 54,
            "best_effort_timestamp_time": "1.801829",
            "duration": 1,
            "duration_time": "0.033367",
            "pkt_pos": "6733036",
            "pkt_size": "120000",
            "width": 720,
            "height": 480,
            "crop_top": 0,
            "crop_bottom": 0,
            "crop_left": 0,
            "crop_right": 0,
            "pix_fmt": "yuv411p",
            "sample_aspect_ratio": "8:9",
            "pict_type": "I",
            "interlaced_frame": 1,
            "top_field_first": 0,
            "repeat_pict": 0,
            "chroma_location": "topleft"
        },
        {
            "media_type": "video",
            "stream_index": 0,
            "key_frame": 1,
            "pts": 55,
            "pts_time": "1.835196",
            "pkt_dts": 55,
            "pkt_dts_time": "1.835196",
            "best_effort_timestamp": 55,
            "best_effort_timestamp_time": "1.835196",
            "duration": 1,
            "duration_time": "0.033367",
            "pkt_pos": "6853044",
            "pkt_size": "120000",
            "width": 720,
            "height": 480,
            "crop_top": 0,
            "crop_bottom": 0,
            "crop_left": 0,
            "crop_right": 0,
            "pix_fmt": "yuv411p",
            "sample_aspect_ratio": "8:9",
            "pict_type": "I",
            "interlaced_frame": 1,
            "top_field_first": 0,
            "repeat_pict": 0,
            "chroma_location": "topleft"
        },
        {
            "media_type": "video",
            "stream_index": 0,
            "key_frame": 1,
            "pts": 56,
            "pts_time": "1.868563",
            "pkt_dts": 56,
            "pkt_dts_time": "1.868563",
            "best_effort_timestamp": 56,
            "best_effort_timestamp_time": "1.868563",
            "duration": 1,
            "duration_time": "0.033367",
            "pkt_pos": "6973052",
            "pkt_size": "120000",
            "width": 720,
            "height": 480,
            "crop_top": 0,
            "crop_bottom": 0,
            "crop_left": 0,
            "crop_right": 0,
            "pix_fmt": "yuv411p",
            "sample_aspect_ratio": "8:9",
            "pict_type": "I",
            "interlaced_frame": 1,
            "top_field_first": 0,
            "repeat_pict": 0,
            "chroma_location": "topleft"
        },
        {
            "media_type": "video",
            "stream_index": 0,
            "key_frame": 1,
            "pts": 57,
            "pts_time": "1.901930",
            "pkt_dts": 57,
            "pkt_dts_time": "1.901930",
            "best_effort_timestamp": 57,
            "best_effort_timestamp_time": "1.901930",
            "duration": 1,
            "duration_time": "0.033367",
            "pkt_pos": "7093060",
            "pkt_size": "120000",
            "width": 720,
            "height": 480,
            "crop_top": 0,
            "crop_bottom": 0,
            "crop_left": 0,
            "crop_right": 0,
            "pix_fmt": "yuv411p",
            "sample_aspect_ratio": "8:9",
            "pict_type": "I",
            "interlaced_frame": 1,
            "top_field_first": 0,
            "repeat_pict": 0,
            "chroma_location": "topleft"
        },
        {
            "media_type": "video",
            "stream_index": 0,
            "key_frame": 1,
            "pts": 58,
            "pts_time": "1.935298",
            "pkt_dts": 58,
            "pkt_dts_time": "1.935298",
            "best_effort_timestamp": 58,
            "best_effort_timestamp_time": "1.935298",
            "duration": 1,
            "duration_time": "0.033367",
            "pkt_pos": "7336932",
            "pkt_size": "120000",
            "width": 720,
            "height": 480,
            "crop_top": 0,
            "crop_bottom": 0,
            "crop_left": 0,
            "crop_right": 0,
            "pix_fmt": "yuv411p",
            "sample_aspect_ratio": "8:9",
            "pict_type": "I",
            "interlaced_frame": 1,
            "top_field_first": 0,
            "repeat_pict": 0,
            "chroma_location": "topleft"
        },
        {
            "media_type": "video",
            "stream_index": 0,
            "key_frame": 1,
            "pts": 59,
            "pts_time": "1.968665",
            "pkt_dts": 59,
            "pkt_dts_time": "1.968665",
            "best_effort_timestamp": 59,
            "best_effort_timestamp_time": "1.968665",
            "duration": 1,
            "duration_time": "0.033367",
            "pkt_pos": "7456940",
            "pkt_size": "120000",
            "width": 720,
            "height": 480,
            "crop_top": 0,
            "crop_bottom": 0,
            "crop_left": 0,
            "crop_right": 0,
            "pix_fmt": "yuv411p",
            "sample_aspect_ratio": "8:9",
            "pict_type": "I",
            "interlaced_frame": 1,
            "top_field_first": 0,
            "repeat_pict": 0,
            "chroma_location": "topleft"
        },
        {
            "media_type": "video",
            "stream_index": 0,
            "key_frame": 1,
            "pts": 60,
            "pts_time": "2.002032",
            "pkt_dts": 60,
            "pkt_dts_time": "2.002032",
            "best_effort_timestamp": 60,
            "best_effort_timestamp_time": "2.002032",
            "duration": 1,
            "duration_time": "0.033367",
            "pkt_pos": "7576948",
            "pkt_size": "120000",
            "width": 720,
            "height": 480,
            "crop_top": 0,
            "crop_bottom": 0,
            "crop_left": 0,
            "crop_right": 0,
            "pix_fmt": "yuv411p",
            "sample_aspect_ratio": "8:9",
            "pict_type": "I",
            "interlaced_frame": 1,
            "top_field_first": 0,
            "repeat_pict": 0,
            "chroma_location": "topleft"
        },
        {
            "media_type": "video",
            "stream_index": 0,
            "key_frame": 1,
            "pts": 61,
            "pts_time": "2.035399",
            "pkt_dts": 61,
            "pkt_dts_time": "2.035399",
            "best_effort_timestamp": 61,
            "best_effort_timestamp_time": "2.035399",
            "duration": 1,
            "duration_time": "0.033367",
            "pkt_pos": "7696956",
            "pkt_size": "120000",
            "width": 720,
            "height": 480,
            "crop_top": 0,
            "crop_bottom": 0,
            "crop_left": 0,
            "crop_right": 0,
            "pix_fmt": "yuv411p",
            "sample_aspect_ratio": "8:9",
            "pict_type": "I",
            "interlaced_frame": 1,
            "top_field_first": 0,
            "repeat_pict": 0,
            "chroma_location": "topleft"
        },
        {
            "media_type": "video",
            "stream_index": 0,
            "key_frame": 1,
            "pts": 62,
            "pts_time": "2.068766",
            "pkt_dts": 62,
            "pkt_dts_time": "2.068766",
            "best_effort_timestamp": 62,
            "best_effort_timestamp_time": "2.068766",
            "duration": 1,
            "duration_time": "0.033367",
            "pkt_pos": "7816964",
            "pkt_size": "120000",
            "width": 720,
            "height": 480,
            "crop_top": 0,
            "crop_bottom": 0,
            "crop_left": 0,
            "crop_right": 0,
            "pix_fmt": "yuv411p",
            "sample_aspect_ratio": "8:9",
            "pict_type": "I",
            "interlaced_frame": 1,
            "top_field_first": 0,
            "repeat_pict": 0,
            "chroma_location": "topleft"
        },
        {
            "media_type": "video",
            "stream_index": 0,
            "key_frame": 1,
            "pts": 63,
            "pts_time": "2.102134",
            "pkt_dts": 63,
            "pkt_dts_time": "2.102134",
            "best_effort_timestamp": 63,
            "best_effort_timestamp_time": "2.102134",
            "duration": 1,
            "duration_time": "0.033367",
            "pkt_pos": "7936972",
            "pkt_size": "120000",
            "width": 720,
            "height": 480,
            "crop_top": 0,
            "crop_bottom": 0,
            "crop_left": 0,
            "crop_right": 0,
            "pix_fmt": "yuv411p",
            "sample_aspect_ratio": "8:9",
            "pict_type": "I",
            "interlaced_frame": 1,
            "top_field_first": 0,
            "repeat_pict": 0,
            "chroma_location": "topleft"
        },
        {
            "media_type": "video",
            "stream_index": 0,
            "key_frame": 1,
            "pts": 64,
            "pts_time": "2.135501",
            "pkt_dts": 64,
            "pkt_dts_time": "2.135501",
            "best_effort_timestamp": 64,
            "best_effort_timestamp_time": "2.135501",
            "duration": 1,
            "duration_time": "0.033367",
            "pkt_pos": "8056980",
            "pkt_size": "120000",
            "width": 720,
            "height": 480,
            "crop_top": 0,
            "crop_bottom": 0,
            "crop_left": 0,
            "crop_right": 0,
            "pix_fmt": "yuv411p",
            "sample_aspect_ratio": "8:9",
            "pict_type": "I",
            "interlaced_frame": 1,
            "top_field_first": 0,
            "repeat_pict": 0,
            "chroma_location": "topleft"
        },
        {
            "media_type": "video",
            "stream_index": 0,
            "key_frame": 1,
            "pts": 65,
            "pts_time": "2.168868",
            "pkt_dts": 65,
            "pkt_dts_time": "2.168868",
            "best_effort_timestamp": 65,
            "best_effort_timestamp_time": "2.168868",
            "duration": 1,
            "duration_time": "0.033367",
            "pkt_pos": "8176988",
            "pkt_size": "120000",
            "width": 720,
            "height": 480,
            "crop_top": 0,
            "crop_bottom": 0,
            "crop_left": 0,
            "crop_right": 0,
            "pix_fmt": "yuv411p",
            "sample_aspect_ratio": "8:9",
            "pict_type": "I",
            "interlaced_frame": 1,
            "top_field_first": 0,
            "repeat_pict": 0,
            "chroma_location": "topleft"
        },
        {
            "media_type": "video",
            "stream_index": 0,
            "key_frame": 1,
            "pts": 66,
            "pts_time": "2.202235",
            "pkt_dts": 66,
            "pkt_dts_time": "2.202235",
            "best_effort_timestamp": 66,
            "best_effort_timestamp_time": "2.202235",
            "duration": 1,
            "duration_time": "0.033367",
            "pkt_pos": "8296996",
            "pkt_size": "120000",
            "width": 720,
            "height": 480,
            "crop_top": 0,
            "crop_bottom": 0,
            "crop_left": 0,
            "crop_right": 0,
            "pix_fmt": "yuv411p",
            "sample_aspect_ratio": "8:9",
            "pict_type": "I",
            "interlaced_frame": 1,
            "top_field_first": 0,
            "repeat_pict": 0,
            "chroma_location": "topleft"
        },
        {
            "media_type": "video",
            "stream_index": 0,
            "key_frame": 1,
            "pts": 67,
            "pts_time": "2.235602",
            "pkt_dts": 67,
            "pkt_dts_time": "2.235602",
            "best_effort_timestamp": 67,
            "best_effort_timestamp_time": "2.235602",
            "duration": 1,
            "duration_time": "0.033367",
            "pkt_pos": "8417004",
            "pkt_size": "120000",
            "width": 720,
            "height": 480,
            "crop_top": 0,
            "crop_bottom": 0,
            "crop_left": 0,
            "crop_right": 0,
            "pix_fmt": "yuv411p",
            "sample_aspect_ratio": "8:9",
            "pict_type": "I",
            "interlaced_frame": 1,
            "top_field_first": 0,
            "repeat_pict": 0,
            "chroma_location": "topleft"
        },
        {
            "media_type": "video",
            "stream_index": 0,
            "key_frame": 1,
            "pts": 68,
            "pts_time": "2.268970",
            "pkt_dts": 68,
            "pkt_dts_time": "2.268970",
            "best_effort_timestamp": 68,
            "best_effort_timestamp_time": "2.268970",
            "duration": 1,
            "duration_time": "0.033367",
            "pkt_pos": "8537012",
            "pkt_size": "120000",
            "width": 720,
            "height": 480,
            "crop_top": 0,
            "crop_bottom": 0,
            "crop_left": 0,
            "crop_right": 0,
            "pix_fmt": "yuv411p",
            "sample_aspect_ratio": "8:9",
            "pict_type": "I",
            "interlaced_frame": 1,
            "top_field_first": 0,
            "repeat_pict": 0,
            "chroma_location": "topleft"
        },
        {
            "media_type": "video",
            "stream_index": 0,
            "key_frame": 1,
            "pts": 69,
            "pts_time": "2.302337",
            "pkt_dts": 69,
            "pkt_dts_time": "2.302337",
            "best_effort_timestamp": 69,
            "best_effort_timestamp_time": "2.302337",
            "duration": 1,
            "duration_time": "0.033367",
            "pkt_pos": "8657020",
            "pkt_size": "120000",
            "width": 720,
            "height": 480,
            "crop_top": 0,
            "crop_bottom": 0,
            "crop_left": 0,
            "crop_right": 0,
            "pix_fmt": "yuv411p",
            "sample_aspect_ratio": "8:9",
            "pict_type": "I",
            "interlaced_frame": 1,
            "top_field_first": 0,
            "repeat_pict": 0,
            "chroma_location": "topleft"
        },
        {
            "media_type": "video",
            "stream_index": 0,
            "key_frame": 1,
            "pts": 70,
            "pts_time": "2.335704",
            "pkt_dts": 70,
            "pkt_dts_time": "2.335704",
            "best_effort_timestamp": 70,
            "best_effort_timestamp_time": "2.335704",
            "duration": 1,
            "duration_time": "0.033367",
            "pkt_pos": "8777028",
            "pkt_size": "120000",
            "width": 720,
            "height": 480,
            "crop_top": 0,
            "crop_bottom": 0,
            "crop_left": 0,
            "crop_right": 0,
            "pix_fmt": "yuv411p",
            "sample_aspect_ratio": "8:9",
            "pict_type": "I",
            "interlaced_frame": 1,
            "top_field_first": 0,
            "repeat_pict": 0,
            "chroma_location": "topleft"
        },
        {
            "media_type": "video",
            "stream_index": 0,
            "key_frame": 1,
            "pts": 71,
            "pts_time": "2.369071",
            "pkt_dts": 71,
            "pkt_dts_time": "2.369071",
            "best_effort_timestamp": 71,
            "best_effort_timestamp_time": "2.369071",
            "duration": 1,
            "duration_time": "0.033367",
            "pkt_pos": "8897036",
            "pkt_size": "120000",
            "width": 720,
            "height": 480,
            "crop_top": 0,
            "crop_bottom": 0,
            "crop_left": 0,
            "crop_right": 0,
            "pix_fmt": "yuv411p",
            "sample_aspect_ratio": "8:9",
            "pict_type": "I",
            "interlaced_frame": 1,
            "top_field_first": 0,
            "repeat_pict": 0,
            "chroma_location": "topleft"
        },
        {
            "media_type": "video",
            "stream_index": 0,
            "key_frame": 1,
            "pts": 72,
            "pts_time": "2.402438",
            "pkt_dts": 72,
            "pkt_dts_time": "2.402438",
            "best_effort_timestamp": 72,
            "best_effort_timestamp_time": "2.402438",
            "duration": 1,
            "duration_time": "0.033367",
            "pkt_pos": "9017044",
            "pkt_size": "120000",
            "width": 720,
            "height": 480,
            "crop_top": 0,
            "crop_bottom": 0,
            "crop_left": 0,
            "crop_right": 0,
            "pix_fmt": "yuv411p",
            "sample_aspect_ratio": "8:9",
            "pict_type": "I",
            "interlaced_frame": 1,
            "top_field_first": 0,
            "repeat_pict": 0,
            "chroma_location": "topleft"
        },
        {
            "media_type": "video",
            "stream_index": 0,
            "key_frame": 1,
            "pts": 73,
            "pts_time": "2.435806",
            "pkt_dts": 73,
            "pkt_dts_time": "2.435806",
            "best_effort_timestamp": 73,
            "best_effort_timestamp_time": "2.435806",
            "duration": 1,
            "duration_time": "0.033367",
            "pkt_pos": "9137052",
            "pkt_size": "120000",
            "width": 720,
            "height": 480,
            "crop_top": 0,
            "crop_bottom": 0,
            "crop_left": 0,
            "crop_right": 0,
            "pix_fmt": "yuv411p",
            "sample_aspect_ratio": "8:9",
            "pict_type": "I",
            "interlaced_frame": 1,
            "top_field_first": 0,
            "repeat_pict": 0,
            "chroma_location": "topleft"
        },
        {
            "media_type": "video",
            "stream_index": 0,
            "key_frame": 1,
            "pts": 74,
            "pts_time": "2.469173",
            "pkt_dts": 74,
            "pkt_dts_time": "2.469173",
            "best_effort_timestamp": 74,
            "best_effort_timestamp_time": "2.469173",
            "duration": 1,
            "duration_time": "0.033367",
            "pkt_pos": "9257060",
            "pkt_size": "120000",
            "width": 720,
            "height": 480,
            "crop_top": 0,
            "crop_bottom": 0,
            "crop_left": 0,
            "crop_right": 0,
            "pix_fmt": "yuv411p",
            "sample_aspect_ratio": "8:9",
            "pict_type": "I",
            "interlaced_frame": 1,
            "top_field_first": 0,
            "repeat_pict": 0,
            "chroma_location": "topleft"
        },
        {
            "media_type": "video",
            "stream_index": 0,
            "key_frame": 1,
            "pts": 75,
            "pts_time": "2.502540",
            "pkt_dts": 75,
            "pkt_dts_time": "2.502540",
            "best_effort_timestamp": 75,
            "best_effort_timestamp_time": "2.502540",
            "duration": 1,
            "duration_time": "0.033367",
            "pkt_pos": "9377068",
            "pkt_size": "120000",
            "width": 720,
            "height": 480,
            "crop_top": 0,
            "crop_bottom": 0,
            "crop_left": 0,
            "crop_right": 0,
            "pix_fmt": "yuv411p",
            "sample_aspect_ratio": "8:9",
            "pict_type": "I",
            "interlaced_frame": 1,
            "top_field_first": 0,
            "repeat_pict": 0,
            "chroma_location": "topleft"
        },
        {
            "media_type": "video",
            "stream_index": 0,
            "key_frame": 1,
            "pts": 76,
            "pts_time": "2.535907",
            "pkt_dts": 76,
            "pkt_dts_time": "2.535907",
            "best_effort_timestamp": 76,
            "best_effort_timestamp_time": "2.535907",
            "duration": 1,
            "duration_time": "0.033367",
            "pkt_pos": "9497076",
            "pkt_size": "120000",
            "width": 720,
            "height": 480,
            "crop_top": 0,
            "crop_bottom": 0,
            "crop_left": 0,
            "crop_right": 0,
            "pix_fmt": "yuv411p",
            "sample_aspect_ratio": "8:9",
            "pict_type": "I",
            "interlaced_frame": 1,
            "top_field_first": 0,
            "repeat_pict": 0,
            "chroma_location": "topleft"
        },
        {
            "media_type": "video",
            "stream_index": 0,
            "key_frame": 1,
            "pts": 77,
            "pts_time": "2.569274",
            "pkt_dts": 77,
            "pkt_dts_time": "2.569274",
            "best_effort_timestamp": 77,
            "best_effort_timestamp_time": "2.569274",
            "duration": 1,
            "duration_time": "0.033367",
            "pkt_pos": "9617084",
            "pkt_size": "120000",
            "width": 720,
            "height": 480,
            "crop_top": 0,
            "crop_bottom": 0,
            "crop_left": 0,
            "crop_right": 0,
            "pix_fmt": "yuv411p",
            "sample_aspect_ratio": "8:9",
            "pict_type": "I",
            "interlaced_frame": 1,
            "top_field_first": 0,
            "repeat_pict": 0,
            "chroma_location": "topleft"
        },
        {
            "media_type": "video",
            "stream_index": 0,
            "key_frame": 1,
            "pts": 78,
            "pts_time": "2.602642",
            "pkt_dts": 78,
            "pkt_dts_time": "2.602642",
            "best_effort_timestamp": 78,
            "best_effort_timestamp_time": "2.602642",
            "duration": 1,
            "duration_time": "0.033367",
            "pkt_pos": "9737092",
            "pkt_size": "120000",
            "width": 720,
            "height": 480,
            "crop_top": 0,
            "crop_bottom": 0,
            "crop_left": 0,
            "crop_right": 0,
            "pix_fmt": "yuv411p",
            "sample_aspect_ratio": "8:9",
            "pict_type": "I",
            "interlaced_frame": 1,
            "top_field_first": 0,
            "repeat_pict": 0,
            "chroma_location": "topleft"
        },
        {
            "media_type": "video",
            "stream_index": 0,
            "key_frame": 1,
            "pts": 79,
            "pts_time": "2.636009",
            "pkt_dts": 79,
            "pkt_dts_time": "2.636009",
            "best_effort_timestamp": 79,
            "best_effort_timestamp_time": "2.636009",
            "duration": 1,
            "duration_time": "0.033367",
            "pkt_pos": "9857100",
            "pkt_size": "120000",
            "width": 720,
            "height": 480,
            "crop_top": 0,
            "crop_bottom": 0,
            "crop_left": 0,
            "crop_right": 0,
            "pix_fmt": "yuv411p",
            "sample_aspect_ratio": "8:9",
            "pict_type": "I",
            "interlaced_frame": 1,
            "top_field_first": 0,
            "repeat_pict": 0,
            "chroma_location": "topleft"
        },
        {
            "media_type": "video",
            "stream_index": 0,
            "key_frame": 1,
            "pts": 80,
            "pts_time": "2.669376",
            "pkt_dts": 80,
            "pkt_dts_time": "2.669376",
            "best_effort_timestamp": 80,
            "best_effort_timestamp_time": "2.669376",
            "duration": 1,
            "duration_time": "0.033367",
            "pkt_pos": "9977108",
            "pkt_size": "120000",
            "width": 720,
            "height": 480,
            "crop_top": 0,
            "crop_bottom": 0,
            "crop_left": 0,
            "crop_right": 0,
            "pix_fmt": "yuv411p",
            "sample_aspect_ratio": "8:9",
            "pict_type": "I",
            "interlaced_frame": 1,
            "top_field_first": 0,
            "repeat_pict": 0,
            "chroma_location": "topleft"
        },
        {
            "media_type": "video",
            "stream_index": 0,
            "key_frame": 1,
            "pts": 81,
            "pts_time": "2.702743",
            "pkt_dts": 81,
            "pkt_dts_time": "2.702743",
            "best_effort_timestamp": 81,
            "best_effort_timestamp_time": "2.702743",
            "duration": 1,
            "duration_time": "0.033367",
            "pkt_pos": "10097116",
            "pkt_size": "120000",
            "width": 720,
            "height": 480,
            "crop_top": 0,
            "crop_bottom": 0,
            "crop_left": 0,
            "crop_right": 0,
            "pix_fmt": "yuv411p",
            "sample_aspect_ratio": "8:9",
            "pict_type": "I",
            "interlaced_frame": 1,
            "top_field_first": 0,
            "repeat_pict": 0,
            "chroma_location": "topleft"
        },
        {
            "media_type": "video",
            "stream_index": 0,
            "key_frame": 1,
            "pts": 82,
            "pts_time": "2.736110",
            "pkt_dts": 82,
            "pkt_dts_time": "2.736110",
            "best_effort_timestamp": 82,
            "best_effort_timestamp_time": "2.736110",
            "duration": 1,
            "duration_time": "0.033367",
            "pkt_pos": "10217124",
            "pkt_size": "120000",
            "width": 720,
            "height": 480,
            "crop_top": 0,
            "crop_bottom": 0,
            "crop_left": 0,
            "crop_right": 0,
            "pix_fmt": "yuv411p",
            "sample_aspect_ratio": "8:9",
            "pict_type": "I",
            "interlaced_frame": 1,
            "top_field_first": 0,
            "repeat_pict": 0,
            "chroma_location": "topleft"
        },
        {
            "media_type": "video",
            "stream_index": 0,
            "key_frame": 1,
            "pts": 83,
            "pts_time": "2.769478",
            "pkt_dts": 83,
            "pkt_dts_time": "2.769478",
            "best_effort_timestamp": 83,
            "best_effort_timestamp_time": "2.769478",
            "duration": 1,
            "duration_time": "0.033367",
            "pkt_pos": "10337132",
            "pkt_size": "120000",
            "width": 720,
            "height": 480,
            "crop_top": 0,
            "crop_bottom": 0,
            "crop_left": 0,
            "crop_right": 0,
            "pix_fmt": "yuv411p",
            "sample_aspect_ratio": "8:9",
            "pict_type": "I",
            "interlaced_frame": 1,
            "top_field_first": 0,
            "repeat_pict": 0,
            "chroma_location": "topleft"
        },
        {
            "media_type": "video",
            "stream_index": 0,
            "key_frame": 1,
            "pts": 84,
            "pts_time": "2.802845",
            "pkt_dts": 84,
            "pkt_dts_time": "2.802845",
            "best_effort_timestamp": 84,
            "best_effort_timestamp_time": "2.802845",
            "duration": 1,
            "duration_time": "0.033367",
            "pkt_pos": "10457140",
            "pkt_size": "120000",
            "width": 720,
            "height": 480,
            "crop_top": 0,
            "crop_bottom": 0,
            "crop_left": 0,
            "crop_right": 0,
            "pix_fmt": "yuv411p",
            "sample_aspect_ratio": "8:9",
            "pict_type": "I",
            "interlaced_frame": 1,
            "top_field_first": 0,
            "repeat_pict": 0,
            "chroma_location": "topleft"
        },
        {
            "media_type": "video",
            "stream_index": 0,
            "key_frame": 1,
            "pts": 85,
            "pts_time": "2.836212",
            "pkt_dts": 85,
            "pkt_dts_time": "2.836212",
            "best_effort_timestamp": 85,
            "best_effort_timestamp_time": "2.836212",
            "duration": 1,
            "duration_time": "0.033367",
            "pkt_pos": "10577148",
            "pkt_size": "120000",
            "width": 720,
            "height": 480,
            "crop_top": 0,
            "crop_bottom": 0,
            "crop_left": 0,
            "crop_right": 0,
            "pix_fmt": "yuv411p",
            "sample_aspect_ratio": "8:9",
            "pict_type": "I",
            "interlaced_frame": 1,
            "top_field_first": 0,
            "repeat_pict": 0,
            "chroma_location": "topleft"
        },
        {
            "media_type": "video",
            "stream_index": 0,
            "key_frame": 1,
            "pts": 86,
            "pts_time": "2.869579",
            "pkt_dts": 86,
            "pkt_dts_time": "2.869579",
            "best_effort_timestamp": 86,
            "best_effort_timestamp_time": "2.869579",
            "duration": 1,
            "duration_time": "0.033367",
            "pkt_pos": "10697156",
            "pkt_size": "120000",
            "width": 720,
            "height": 480,
            "crop_top": 0,
            "crop_bottom": 0,
            "crop_left": 0,
            "crop_right": 0,
            "pix_fmt": "yuv411p",
            "sample_aspect_ratio": "8:9",
            "pict_type": "I",
            "interlaced_frame": 1,
            "top_field_first": 0,
            "repeat_pict": 0,
            "chroma_location": "topleft"
        },
        {
            "media_type": "video",
            "stream_index": 0,
            "key_frame": 1,
            "pts": 87,
            "pts_time": "2.902946",
            "pkt_dts": 87,
            "pkt_dts_time": "2.902946",
            "best_effort_timestamp": 87,
            "best_effort_timestamp_time": "2.902946",
            "duration": 1,
            "duration_time": "0.033367",
            "pkt_pos": "10941028",
            "pkt_size": "120000",
            "width": 720,
            "height": 480,
            "crop_top": 0,
            "crop_bottom": 0,
            "crop_left": 0,
            "crop_right": 0,
            "pix_fmt": "yuv411p",
            "sample_aspect_ratio": "8:9",
            "pict_type": "I",
            "interlaced_frame": 1,
            "top_field_first": 0,
            "repeat_pict": 0,
            "chroma_location": "topleft"
        },
        {
            "media_type": "video",
            "stream_index": 0,
            "key_frame": 1,
            "pts": 88,
            "pts_time": "2.936314",
            "pkt_dts": 88,
            "pkt_dts_time": "2.936314",
            "best_effort_timestamp": 88,
            "best_effort_timestamp_time": "2.936314",
            "duration": 1,
            "duration_time": "0.033367",
            "pkt_pos": "11061036",
            "pkt_size": "120000",
            "width": 720,
            "height": 480,
            "crop_top": 0,
            "crop_bottom": 0,
            "crop_left": 0,
            "crop_right": 0,
            "pix_fmt": "yuv411p",
            "sample_aspect_ratio": "8:9",
            "pict_type": "I",
            "interlaced_frame": 1,
            "top_field_first": 0,
            "repeat_pict": 0,
            "chroma_location": "topleft"
        },
        {
            "media_type": "video",
            "stream_index": 0,
            "key_frame": 1,
            "pts": 89,
            "pts_time": "2.969681",
            "pkt_dts": 89,
            "pkt_dts_time": "2.969681",
            "best_effort_timestamp": 89,
            "best_effort_timestamp_time": "2.969681",
            "duration": 1,
            "duration_time": "0.033367",
            "pkt_pos": "11181044",
            "pkt_size": "120000",
            "width": 720,
            "height": 480,
            "crop_top": 0,
            "crop_bottom": 0,
            "crop_left": 0,
            "crop_right": 0,
            "pix_fmt": "yuv411p",
            "sample_aspect_ratio": "8:9",
            "pict_type": "I",
            "interlaced_frame": 1,
            "top_field_first": 0,
            "repeat_pict": 0,
            "chroma_location": "topleft"
        },
        {
            "media_type": "video",
            "stream_index": 0,
            "key_frame": 1,
            "pts": 90,
            "pts_time": "3.003048",
            "pkt_dts": 90,
            "pkt_dts_time": "3.003048",
            "best_effort_timestamp": 90,
            "best_effort_timestamp_time": "3.003048",
            "duration": 1,
            "duration_time": "0.033367",
            "pkt_pos": "11301052",
            "pkt_size": "120000",
            "width": 720,
            "height": 480,
            "crop_top": 0,
            "crop_bottom": 0,
            "crop_left": 0,
            "crop_right": 0,
            "pix_fmt": "yuv411p",
            "sample_aspect_ratio": "8:9",
            "pict_type": "I",
            "interlaced_frame": 1,
            "top_field_first": 0,
            "repeat_pict": 0,
            "chroma_location": "topleft"
        },
        {
            "media_type": "video",
            "stream_index": 0,
            "key_frame": 1,
            "pts": 91,
            "pts_time": "3.036415",
            "pkt_dts": 91,
            "pkt_dts_time": "3.036415",
            "best_effort_timestamp": 91,
            "best_effort_timestamp_time": "3.036415",
            "duration": 1,
            "duration_time": "0.033367",
            "pkt_pos": "11421060",
            "pkt_size": "120000",
            "width": 720,
            "height": 480,
            "crop_top": 0,
            "crop_bottom": 0,
            "crop_left": 0,
            "crop_right": 0,
            "pix_fmt": "yuv411p",
            "sample_aspect_ratio": "8:9",
            "pict_type": "I",
            "interlaced_frame": 1,
            "top_field_first": 0,
            "repeat_pict": 0,
            "chroma_location": "topleft"
        },
        {
            "media_type": "video",
            "stream_index": 0,
            "key_frame": 1,
            "pts": 92,
            "pts_time": "3.069782",
            "pkt_dts": 92,
            "pkt_dts_time": "3.069782",
            "best_effort_timestamp": 92,
            "best_effort_timestamp_time": "3.069782",
            "duration": 1,
            "duration_time": "0.033367",
            "pkt_pos": "11541068",
            "pkt_size": "120000",
            "width": 720,
            "height": 480,
            "crop_top": 0,
            "crop_bottom": 0,
            "crop_left": 0,
            "crop_right": 0,
            "pix_fmt": "yuv411p",
            "sample_aspect_ratio": "8:9",
            "pict_type": "I",
            "interlaced_frame": 1,
            "top_field_first": 0,
            "repeat_pict": 0,
            "chroma_location": "topleft"
        },
        {
            "media_type": "video",
            "stream_index": 0,
            "key_frame": 1,
            "pts": 93,
            "pts_time": "3.103150",
            "pkt_dts": 93,
            "pkt_dts_time": "3.103150",
            "best_effort_timestamp": 93,
            "best_effort_timestamp_time": "3.103150",
            "duration": 1,
            "duration_time": "0.033367",
            "pkt_pos": "11661076",
            "pkt_size": "120000",
            "width": 720,
            "height": 480,
            "crop_top": 0,
            "crop_bottom": 0,
            "crop_left": 0,
            "crop_right": 0,
            "pix_fmt": "yuv411p",
            "sample_aspect_ratio": "8:9",
            "pict_type": "I",
            "interlaced_frame": 1,
            "top_field_first": 0,
            "repeat_pict": 0,
            "chroma_location": "topleft"
        },
        {
            "media_type": "video",
            "stream_index": 0,
            "key_frame": 1,
            "pts": 94,
            "pts_time": "3.136517",
            "pkt_dts": 94,
            "pkt_dts_time": "3.136517",
            "best_effort_timestamp": 94,
            "best_effort_timestamp_time": "3.136517",
            "duration": 1,
            "duration_time": "0.033367",
            "pkt_pos": "11781084",
            "pkt_size": "120000",
            "width": 720,
            "height": 480,
            "crop_top": 0,
            "crop_bottom": 0,
            "crop_left": 0,
            "crop_right": 0,
            "pix_fmt": "yuv411p",
            "sample_aspect_ratio": "8:9",
            "pict_type": "I",
            "interlaced_frame": 1,
            "top_field_first": 0,
            "repeat_pict": 0,
            "chroma_location": "topleft"
        },
        {
            "media_type": "video",
            "stream_index": 0,
            "key_frame": 1,
            "pts": 95,
            "pts_time": "3.169884",
            "pkt_dts": 95,
            "pkt_dts_time": "3.169884",
            "best_effort_timestamp": 95,
            "best_effort_timestamp_time": "3.169884",
            "duration": 1,
            "duration_time": "0.033367",
            "pkt_pos": "11901092",
            "pkt_size": "120000",
            "width": 720,
            "height": 480,
            "crop_top": 0,
            "crop_bottom": 0,
            "crop_left": 0,
            "crop_right": 0,
            "pix_fmt": "yuv411p",
            "sample_aspect_ratio": "8:9",
            "pict_type": "I",
            "interlaced_frame": 1,
            "top_field_first": 0,
            "repeat_pict": 0,
            "chroma_location": "topleft"
        },
        {
            "media_type": "video",
            "stream_index": 0,
            "key_frame": 1,
            "pts": 96,
            "pts_time": "3.203251",
            "pkt_dts": 96,
            "pkt_dts_time": "3.203251",
            "best_effort_timestamp": 96,
            "best_effort_timestamp_time": "3.203251",
            "duration": 1,
            "duration_time": "0.033367",
            "pkt_pos": "12021100",
            "pkt_size": "120000",
            "width": 720,
            "height": 480,
            "crop_top": 0,
            "crop_bottom": 0,
            "crop_left": 0,
            "crop_right": 0,
            "pix_fmt": "yuv411p",
            "sample_aspect_ratio": "8:9",
            "pict_type": "I",
            "interlaced_frame": 1,
            "top_field_first": 0,
            "repeat_pict": 0,
            "chroma_location": "topleft"
        },
        {
            "media_type": "video",
            "stream_index": 0,
            "key_frame": 1,
            "pts": 97,
            "pts_time": "3.236618",
            "pkt_dts": 97,
            "pkt_dts_time": "3.236618",
            "best_effort_timestamp": 97,
            "best_effort_timestamp_time": "3.236618",
            "duration": 1,
            "duration_time": "0.033367",
            "pkt_pos": "12141108",
            "pkt_size": "120000",
            "width": 720,
            "height": 480,
            "crop_top": 0,
            "crop_bottom": 0,
            "crop_left": 0,
            "crop_right": 0,
            "pix_fmt": "yuv411p",
            "sample_aspect_ratio": "8:9",
            "pict_type": "I",
            "interlaced_frame": 1,
            "top_field_first": 0,
            "repeat_pict": 0,
            "chroma_location": "topleft"
        },
        {
            "media_type": "video",
            "stream_index": 0,
            "key_frame": 1,
            "pts": 98,
            "pts_time": "3.269986",
            "pkt_dts": 98,
            "pkt_dts_time": "3.269986",
            "best_effort_timestamp": 98,
            "best_effort_timestamp_time": "3.269986",
            "duration": 1,
            "duration_time": "0.033367",
            "pkt_pos": "12261116",
            "pkt_size": "120000",
            "width": 720,
            "height": 480,
            "crop_top": 0,
            "crop_bottom": 0,
            "crop_left": 0,
            "crop_right": 0,
            "pix_fmt": "yuv411p",
            "sample_aspect_ratio": "8:9",
            "pict_type": "I",
            "interlaced_frame": 1,
            "top_field_first": 0,
            "repeat_pict": 0,
            "chroma_location": "topleft"
        },
        {
            "media_type": "video",
            "stream_index": 0,
            "key_frame": 1,
            "pts": 99,
            "pts_time": "3.303353",
            "pkt_dts": 99,
            "pkt_dts_time": "3.303353",
            "best_effort_timestamp": 99,
            "best_effort_timestamp_time": "3.303353",
            "duration": 1,
            "duration_time": "0.033367",
            "pkt_pos": "12381124",
            "pkt_size": "120000",
            "width": 720,
            "height": 480,
            "crop_top": 0,
            "crop_bottom": 0,
            "crop_left": 0,
            "crop_right": 0,
            "pix_fmt": "yuv411p",
            "sample_aspect_ratio": "8:9",
            "pict_type": "I",
            "interlaced_frame": 1,
            "top_field_first": 0,
            "repeat_pict": 0,
            "chroma_location": "topleft"
        },
        {
            "media_type": "video",
            "stream_index": 0,
            "key_frame": 1,
            "pts": 100,
            "pts_time": "3.336720",
            "pkt_dts": 100,
            "pkt_dts_time": "3.336720",
            "best_effort_timestamp": 100,
            "best_effort_timestamp_time": "3.336720",
            "duration": 1,
            "duration_time": "0.033367",
            "pkt_pos": "12501132",
            "pkt_size": "120000",
            "width": 720,
            "height": 480,
            "crop_top": 0,
            "crop_bottom": 0,
            "crop_left": 0,
            "crop_right": 0,
            "pix_fmt": "yuv411p",
            "sample_aspect_ratio": "8:9",
            "pict_type": "I",
            "interlaced_frame": 1,
            "top_field_first": 0,
            "repeat_pict": 0,
            "chroma_location": "topleft"
        },
        {
            "media_type": "video",
            "stream_index": 0,
            "key_frame": 1,
            "pts": 101,
            "pts_time": "3.370087",
            "pkt_dts": 101,
            "pkt_dts_time": "3.370087",
            "best_effort_timestamp": 101,
            "best_effort_timestamp_time": "3.370087",
            "duration": 1,
            "duration_time": "0.033367",
            "pkt_pos": "12621140",
            "pkt_size": "120000",
            "width": 720,
            "height": 480,
            "crop_top": 0,
            "crop_bottom": 0,
            "crop_left": 0,
            "crop_right": 0,
            "pix_fmt": "yuv411p",
            "sample_aspect_ratio": "8:9",
            "pict_type": "I",
            "interlaced_frame": 1,
            "top_field_first": 0,
            "repeat_pict": 0,
            "chroma_location": "topleft"
        },
        {
            "media_type": "video",
            "stream_index": 0,
            "key_frame": 1,
            "pts": 102,
            "pts_time": "3.403454",
            "pkt_dts": 102,
            "pkt_dts_time": "3.403454",
            "best_effort_timestamp": 102,
            "best_effort_timestamp_time": "3.403454",
            "duration": 1,
            "duration_time": "0.033367",
            "pkt_pos": "12741148",
            "pkt_size": "120000",
            "width": 720,
            "height": 480,
            "crop_top": 0,
            "crop_bottom": 0,
            "crop_left": 0,
            "crop_right": 0,
            "pix_fmt": "yuv411p",
            "sample_aspect_ratio": "8:9",
            "pict_type": "I",
            "interlaced_frame": 1,
            "top_field_first": 0,
            "repeat_pict": 0,
            "chroma_location": "topleft"
        },
        {
            "media_type": "video",
            "stream_index": 0,
            "key_frame": 1,
            "pts": 103,
            "pts_time": "3.436822",
            "pkt_dts": 103,
            "pkt_dts_time": "3.436822",
            "best_effort_timestamp": 103,
            "best_effort_timestamp_time": "3.436822",
            "duration": 1,
            "duration_time": "0.033367",
            "pkt_pos": "12861156",
            "pkt_size": "120000",
            "width": 720,
            "height": 480,
            "crop_top": 0,
            "crop_bottom": 0,
            "crop_left": 0,
            "crop_right": 0,
            "pix_fmt": "yuv411p",
            "sample_aspect_ratio": "8:9",
            "pict_type": "I",
            "interlaced_frame": 1,
            "top_field_first": 0,
            "repeat_pict": 0,
            "chroma_location": "topleft"
        },
        {
            "media_type": "video",
            "stream_index": 0,
            "key_frame": 1,
            "pts": 104,
            "pts_time": "3.470189",
            "pkt_dts": 104,
            "pkt_dts_time": "3.470189",
            "best_effort_timestamp": 104,
            "best_effort_timestamp_time": "3.470189",
            "duration": 1,
            "duration_time": "0.033367",
            "pkt_pos": "12981164",
            "pkt_size": "120000",
            "width": 720,
            "height": 480,
            "crop_top": 0,
            "crop_bottom": 0,
            "crop_left": 0,
            "crop_right": 0,
            "pix_fmt": "yuv411p",
            "sample_aspect_ratio": "8:9",
            "pict_type": "I",
            "interlaced_frame": 1,
            "top_field_first": 0,
            "repeat_pict": 0,
            "chroma_location": "topleft"
        },
        {
            "media_type": "video",
            "stream_index": 0,
            "key_frame": 1,
            "pts": 105,
            "pts_time": "3.503556",
            "pkt_dts": 105,
            "pkt_dts_time": "3.503556",
            "best_effort_timestamp": 105,
            "best_effort_timestamp_time": "3.503556",
            "duration": 1,
            "duration_time": "0.033367",
            "pkt_pos": "13101172",
            "pkt_size": "120000",
            "width": 720,
            "height": 480,
            "crop_top": 0,
            "crop_bottom": 0,
            "crop_left": 0,
            "crop_right": 0,
            "pix_fmt": "yuv411p",
            "sample_aspect_ratio": "8:9",
            "pict_type": "I",
            "interlaced_frame": 1,
            "top_field_first": 0,
            "repeat_pict": 0,
            "chroma_location": "topleft"
        },
        {
            "media_type": "video",
            "stream_index": 0,
            "key_frame": 1,
            "pts": 106,
            "pts_time": "3.536923",
            "pkt_dts": 106,
            "pkt_dts_time": "3.536923",
            "best_effort_timestamp": 106,
            "best_effort_timestamp_time": "3.536923",
            "duration": 1,
            "duration_time": "0.033367",
            "pkt_pos": "13221180",
            "pkt_size": "120000",
            "width": 720,
            "height": 480,
            "crop_top": 0,
            "crop_bottom": 0,
            "crop_left": 0,
            "crop_right": 0,
            "pix_fmt": "yuv411p",
            "sample_aspect_ratio": "8:9",
            "pict_type": "I",
            "interlaced_frame": 1,
            "top_field_first": 0,
            "repeat_pict": 0,
            "chroma_location": "topleft"
        },
        {
            "media_type": "video",
            "stream_index": 0,
            "key_frame": 1,
            "pts": 107,
            "pts_time": "3.570290",
            "pkt_dts": 107,
            "pkt_dts_time": "3.570290",
            "best_effort_timestamp": 107,
            "best_effort_timestamp_time": "3.570290",
            "duration": 1,
            "duration_time": "0.033367",
            "pkt_pos": "13341188",
            "pkt_size": "120000",
            "width": 720,
            "height": 480,
            "crop_top": 0,
            "crop_bottom": 0,
            "crop_left": 0,
            "crop_right": 0,
            "pix_fmt": "yuv411p",
            "sample_aspect_ratio": "8:9",
            "pict_type": "I",
            "interlaced_frame": 1,
            "top_field_first": 0,
            "repeat_pict": 0,
            "chroma_location": "topleft"
        },
        {
            "media_type": "video",
            "stream_index": 0,
            "key_frame": 1,
            "pts": 108,
            "pts_time": "3.603658",
            "pkt_dts": 108,
            "pkt_dts_time": "3.603658",
            "best_effort_timestamp": 108,
            "best_effort_timestamp_time": "3.603658",
            "duration": 1,
            "duration_time": "0.033367",
            "pkt_pos": "13461196",
            "pkt_size": "120000",
            "width": 720,
            "height": 480,
            "crop_top": 0,
            "crop_bottom": 0,
            "crop_left": 0,
            "crop_right": 0,
            "pix_fmt": "yuv411p",
            "sample_aspect_ratio": "8:9",
            "pict_type": "I",
            "interlaced_frame": 1,
            "top_field_first": 0,
            "repeat_pict": 0,
            "chroma_location": "topleft"
        },
        {
            "media_type": "video",
            "stream_index": 0,
            "key_frame": 1,
            "pts": 109,
            "pts_time": "3.637025",
            "pkt_dts": 109,
            "pkt_dts_time": "3.637025",
            "best_effort_timestamp": 109,
            "best_effort_timestamp_time": "3.637025",
            "duration": 1,
            "duration_time": "0.033367",
            "pkt_pos": "13581204",
            "pkt_size": "120000",
            "width": 720,
            "height": 480,
            "crop_top": 0,
            "crop_bottom": 0,
            "crop_left": 0,
            "crop_right": 0,
            "pix_fmt": "yuv411p",
            "sample_aspect_ratio": "8:9",
            "pict_type": "I",
            "interlaced_frame": 1,
            "top_field_first": 0,
            "repeat_pict": 0,
            "chroma_location": "topleft"
        },
        {
            "media_type": "video",
            "stream_index": 0,
            "key_frame": 1,
            "pts": 110,
            "pts_time": "3.670392",
            "pkt_dts": 110,
            "pkt_dts_time": "3.670392",
            "best_effort_timestamp": 110,
            "best_effort_timestamp_time": "3.670392",
            "duration": 1,
            "duration_time": "0.033367",
            "pkt_pos": "13701212",
            "pkt_size": "120000",
            "width": 720,
            "height": 480,
            "crop_top": 0,
            "crop_bottom": 0,
            "crop_left": 0,
            "crop_right": 0,
            "pix_fmt": "yuv411p",
            "sample_aspect_ratio": "8:9",
            "pict_type": "I",
            "interlaced_frame": 1,
            "top_field_first": 0,
            "repeat_pict": 0,
            "chroma_location": "topleft"
        },
        {
            "media_type": "video",
            "stream_index": 0,
            "key_frame": 1,
            "pts": 111,
            "pts_time": "3.703759",
            "pkt_dts": 111,
            "pkt_dts_time": "3.703759",
            "best_effort_timestamp": 111,
            "best_effort_timestamp_time": "3.703759",
            "duration": 1,
            "duration_time": "0.033367",
            "pkt_pos": "13821220",
            "pkt_size": "120000",
            "width": 720,
            "height": 480,
            "crop_top": 0,
            "crop_bottom": 0,
            "crop_left": 0,
            "crop_right": 0,
            "pix_fmt": "yuv411p",
            "sample_aspect_ratio": "8:9",
            "pict_type": "I",
            "interlaced_frame": 1,
            "top_field_first": 0,
            "repeat_pict": 0,
            "chroma_location": "topleft"
        },
        {
            "media_type": "video",
            "stream_index": 0,
            "key_frame": 1,
            "pts": 112,
            "pts_time": "3.737126",
            "pkt_dts": 112,
            "pkt_dts_time": "3.737126",
            "best_effort_timestamp": 112,
            "best_effort_timestamp_time": "3.737126",
            "duration": 1,
            "duration_time": "0.033367",
            "pkt_pos": "13941228",
            "pkt_size": "120000",
            "width": 720,
            "height": 480,
            "crop_top": 0,
            "crop_bottom": 0,
            "crop_left": 0,
            "crop_right": 0,
            "pix_fmt": "yuv411p",
            "sample_aspect_ratio": "8:9",
            "pict_type": "I",
            "interlaced_frame": 1,
            "top_field_first": 0,
            "repeat_pict": 0,
            "chroma_location": "topleft"
        },
        {
            "media_type": "video",
            "stream_index": 0,
            "key_frame": 1,
            "pts": 113,
            "pts_time": "3.770494",
            "pkt_dts": 113,
            "pkt_dts_time": "3.770494",
            "best_effort_timestamp": 113,
            "best_effort_timestamp_time": "3.770494",
            "duration": 1,
            "duration_time": "0.033367",
            "pkt_pos": "14061236",
            "pkt_size": "120000",
            "width": 720,
            "height": 480,
            "crop_top": 0,
            "crop_bottom": 0,
            "crop_left": 0,
            "crop_right": 0,
            "pix_fmt": "yuv411p",
            "sample_aspect_ratio": "8:9",
            "pict_type": "I",
            "interlaced_frame": 1,
            "top_field_first": 0,
            "repeat_pict": 0,
            "chroma_location": "topleft"
        },
        {
            "media_type": "video",
            "stream_index": 0,
            "key_frame": 1,
            "pts": 114,
            "pts_time": "3.803861",
            "pkt_dts": 114,
            "pkt_dts_time": "3.803861",
            "best_effort_timestamp": 114,
            "best_effort_timestamp_time": "3.803861",
            "duration": 1,
            "duration_time": "0.033367",
            "pkt_pos": "14181244",
            "pkt_size": "120000",
            "width": 720,
            "height": 480,
            "crop_top": 0,
            "crop_bottom": 0,
            "crop_left": 0,
            "crop_right": 0,
            "pix_fmt": "yuv411p",
            "sample_aspect_ratio": "8:9",
            "pict_type": "I",
            "interlaced_frame": 1,
            "top_field_first": 0,
            "repeat_pict": 0,
            "chroma_location": "topleft"
        },
        {
            "media_type": "video",
            "stream_index": 0,
            "key_frame": 1,
            "pts": 115,
            "pts_time": "3.837228",
            "pkt_dts": 115,
            "pkt_dts_time": "3.837228",
            "best_effort_timestamp": 115,
            "best_effort_timestamp_time": "3.837228",
            "duration": 1,
            "duration_time": "0.033367",
            "pkt_pos": "14301252",
            "pkt_size": "120000",
            "width": 720,
            "height": 480,
            "crop_top": 0,
            "crop_bottom": 0,
            "crop_left": 0,
            "crop_right": 0,
            "pix_fmt": "yuv411p",
            "sample_aspect_ratio": "8:9",
            "pict_type": "I",
            "interlaced_frame": 1,
            "top_field_first": 0,
            "repeat_pict": 0,
            "chroma_location": "topleft"
        },
        {
            "media_type": "video",
            "stream_index": 0,
            "key_frame": 1,
            "pts": 116,
            "pts_time": "3.870595",
            "pkt_dts": 116,
            "pkt_dts_time": "3.870595",
            "best_effort_timestamp": 116,
            "best_effort_timestamp_time": "3.870595",
            "duration": 1,
            "duration_time": "0.033367",
            "pkt_pos": "14545128",
            "pkt_size": "120000",
            "width": 720,
            "height": 480,
            "crop_top": 0,
            "crop_bottom": 0,
            "crop_left": 0,
            "crop_right": 0,
            "pix_fmt": "yuv411p",
            "sample_aspect_ratio": "8:9",
            "pict_type": "I",
            "interlaced_frame": 1,
            "top_field_first": 0,
            "repeat_pict": 0,
            "chroma_location": "topleft"
        },
        {
            "media_type": "video",
            "stream_index": 0,
            "key_frame": 1,
            "pts": 117,
            "pts_time": "3.903962",
            "pkt_dts": 117,
            "pkt_dts_time": "3.903962",
            "best_effort_timestamp": 117,
            "best_effort_timestamp_time": "3.903962",
            "duration": 1,
            "duration_time": "0.033367",
            "pkt_pos": "14665136",
            "pkt_size": "120000",
            "width": 720,
            "height": 480,
            "crop_top": 0,
            "crop_bottom": 0,
            "crop_left": 0,
            "crop_right": 0,
            "pix_fmt": "yuv411p",
            "sample_aspect_ratio": "8:9",
            "pict_type": "I",
            "interlaced_frame": 1,
            "top_field_first": 0,
            "repeat_pict": 0,
            "chroma_location": "topleft"
        },
        {
            "media_type": "video",
            "stream_index": 0,
            "key_frame": 1,
            "pts": 118,
            "pts_time": "3.937330",
            "pkt_dts": 118,
            "pkt_dts_time": "3.937330",
            "best_effort_timestamp": 118,
            "best_effort_timestamp_time": "3.937330",
            "duration": 1,
            "duration_time": "0.033367",
            "pkt_pos": "14785144",
            "pkt_size": "120000",
            "width": 720,
            "height": 480,
            "crop_top": 0,
            "crop_bottom": 0,
            "crop_left": 0,
            "crop_right": 0,
            "pix_fmt": "yuv411p",
            "sample_aspect_ratio": "8:9",
            "pict_type": "I",
            "interlaced_frame": 1,
            "top_field_first": 0,
            "repeat_pict": 0,
            "chroma_location": "topleft"
        },
        {
            "media_type": "video",
            "stream_index": 0,
            "key_frame": 1,
            "pts": 119,
            "pts_time": "3.970697",
            "pkt_dts": 119,
            "pkt_dts_time": "3.970697",
            "best_effort_timestamp": 119,
            "best_effort_timestamp_time": "3.970697",
            "duration": 1,
            "duration_time": "0.033367",
            "pkt_pos": "14905152",
            "pkt_size": "120000",
            "width": 720,
            "height": 480,
            "crop_top": 0,
            "crop_bottom": 0,
            "crop_left": 0,
            "crop_right": 0,
            "pix_fmt": "yuv411p",
            "sample_aspect_ratio": "8:9",
            "pict_type": "I",
            "interlaced_frame": 1,
            "top_field_first": 0,
            "repeat_pict": 0,
            "chroma_location": "topleft"
        },
        {
            "media_type": "video",
            "stream_index": 0,
            "key_frame": 1,
            "pts": 120,
            "pts_time": "4.004064",
            "pkt_dts": 120,
            "pkt_dts_time": "4.004064",
            "best_effort_timestamp": 120,
            "best_effort_timestamp_time": "4.004064",
            "duration": 1,
            "duration_time": "0.033367",
            "pkt_pos": "15025160",
            "pkt_size": "120000",
            "width": 720,
            "height": 480,
            "crop_top": 0,
            "crop_bottom": 0,
            "crop_left": 0,
            "crop_right": 0,
            "pix_fmt": "yuv411p",
            "sample_aspect_ratio": "8:9",
            "pict_type": "I",
            "interlaced_frame": 1,
            "top_field_first": 0,
            "repeat_pict": 0,
            "chroma_location": "topleft"
        },
        {
            "media_type": "video",
            "stream_index": 0,
            "key_frame": 1,
            "pts": 121,
            "pts_time": "4.037431",
            "pkt_dts": 121,
            "pkt_dts_time": "4.037431",
            "best_effort_timestamp": 121,
            "best_effort_timestamp_time": "4.037431",
            "duration": 1,
            "duration_time": "0.033367",
            "pkt_pos": "15145168",
            "pkt_size": "120000",
            "width": 720,
            "height": 480,
            "crop_top": 0,
            "crop_bottom": 0,
            "crop_left": 0,
            "crop_right": 0,
            "pix_fmt": "yuv411p",
            "sample_aspect_ratio": "8:9",
            "pict_type": "I",
            "interlaced_frame": 1,
            "top_field_first": 0,
            "repeat_pict": 0,
            "chroma_location": "topleft"
        },
        {
            "media_type": "video",
            "stream_index": 0,
            "key_frame": 1,
            "pts": 122,
            "pts_time": "4.070798",
            "pkt_dts": 122,
            "pkt_dts_time": "4.070798",
            "best_effort_timestamp": 122,
            "best_effort_timestamp_time": "4.070798",
            "duration": 1,
            "duration_time": "0.033367",
            "pkt_pos": "15265176",
            "pkt_size": "120000",
            "width": 720,
            "height": 480,
            "crop_top": 0,
            "crop_bottom": 0,
            "crop_left": 0,
            "crop_right": 0,
            "pix_fmt": "yuv411p",
            "sample_aspect_ratio": "8:9",
            "pict_type": "I",
            "interlaced_frame": 1,
            "top_field_first": 0,
            "repeat_pict": 0,
            "chroma_location": "topleft"
        },
        {
            "media_type": "video",
            "stream_index": 0,
            "key_frame": 1,
            "pts": 123,
            "pts_time": "4.104166",
            "pkt_dts": 123,
            "pkt_dts_time": "4.104166",
            "best_effort_timestamp": 123,
            "best_effort_timestamp_time": "4.104166",
            "duration": 1,
            "duration_time": "0.033367",
            "pkt_pos": "15385184",
            "pkt_size": "120000",
            "width": 720,
            "height": 480,
            "crop_top": 0,
            "crop_bottom": 0,
            "crop_left": 0,
            "crop_right": 0,
            "pix_fmt": "yuv411p",
            "sample_aspect_ratio": "8:9",
            "pict_type": "I",
            "interlaced_frame": 1,
            "top_field_first": 0,
            "repeat_pict": 0,
            "chroma_location": "topleft"
        },
        {
            "media_type": "video",
            "stream_index": 0,
            "key_frame": 1,
            "pts": 124,
            "pts_time": "4.137533",
            "pkt_dts": 124,
            "pkt_dts_time": "4.137533",
            "best_effort_timestamp": 124,
            "best_effort_timestamp_time": "4.137533",
            "duration": 1,
            "duration_time": "0.033367",
            "pkt_pos": "15505192",
            "pkt_size": "120000",
            "width": 720,
            "height": 480,
            "crop_top": 0,
            "crop_bottom": 0,
            "crop_left": 0,
            "crop_right": 0,
            "pix_fmt": "yuv411p",
            "sample_aspect_ratio": "8:9",
            "pict_type": "I",
            "interlaced_frame": 1,
            "top_field_first": 0,
            "repeat_pict": 0,
            "chroma_location": "topleft"
        },
        {
            "media_type": "video",
            "stream_index": 0,
            "key_frame": 1,
            "pts": 125,
            "pts_time": "4.170900",
            "pkt_dts": 125,
            "pkt_dts_time": "4.170900",
            "best_effort_timestamp": 125,
            "best_effort_timestamp_time": "4.170900",
            "duration": 1,
            "duration_time": "0.033367",
            "pkt_pos": "15625200",
            "pkt_size": "120000",
            "width": 720,
            "height": 480,
            "crop_top": 0,
            "crop_bottom": 0,
            "crop_left": 0,
            "crop_right": 0,
            "pix_fmt": "yuv411p",
            "sample_aspect_ratio": "8:9",
            "pict_type": "I",
            "interlaced_frame": 1,
            "top_field_first": 0,
            "repeat_pict": 0,
            "chroma_location": "topleft"
        },
        {
            "media_type": "video",
            "stream_index": 0,
            "key_frame": 1,
            "pts": 126,
            "pts_time": "4.204267",
            "pkt_dts": 126,
            "pkt_dts_time": "4.204267",
            "best_effort_timestamp": 126,
            "best_effort_timestamp_time": "4.204267",
            "duration": 1,
            "duration_time": "0.033367",
            "pkt_pos": "15745208",
            "pkt_size": "120000",
            "width": 720,
            "height": 480,
            "crop_top": 0,
            "crop_bottom": 0,
            "crop_left": 0,
            "crop_right": 0,
            "pix_fmt": "yuv411p",
            "sample_aspect_ratio": "8:9",
            "pict_type": "I",
            "interlaced_frame": 1,
            "top_field_first": 0,
            "repeat_pict": 0,
            "chroma_location": "topleft"
        },
        {
            "media_type": "video",
            "stream_index": 0,
            "key_frame": 1,
            "pts": 127,
            "pts_time": "4.237634",
            "pkt_dts": 127,
            "pkt_dts_time": "4.237634",
            "best_effort_timestamp": 127,
            "best_effort_timestamp_time": "4.237634",
            "duration": 1,
            "duration_time": "0.033367",
            "pkt_pos": "15865216",
            "pkt_size": "120000",
            "width": 720,
            "height": 480,
            "crop_top": 0,
            "crop_bottom": 0,
            "crop_left": 0,
            "crop_right": 0,
            "pix_fmt": "yuv411p",
            "sample_aspect_ratio": "8:9",
            "pict_type": "I",
            "interlaced_frame": 1,
            "top_field_first": 0,
            "repeat_pict": 0,
            "chroma_location": "topleft"
        },
        {
            "media_type": "video",
            "stream_index": 0,
            "key_frame": 1,
            "pts": 128,
            "pts_time": "4.271002",
            "pkt_dts": 128,
            "pkt_dts_time": "4.271002",
            "best_effort_timestamp": 128,
            "best_effort_timestamp_time": "4.271002",
            "duration": 1,
            "duration_time": "0.033367",
            "pkt_pos": "15985224",
            "pkt_size": "120000",
            "width": 720,
            "height": 480,
            "crop_top": 0,
            "crop_bottom": 0,
            "crop_left": 0,
            "crop_right": 0,
            "pix_fmt": "yuv411p",
            "sample_aspect_ratio": "8:9",
            "pict_type": "I",
            "interlaced_frame": 1,
            "top_field_first": 0,
            "repeat_pict": 0,
            "chroma_location": "topleft"
        },
        {
            "media_type": "video",
            "stream_index": 0,
            "key_frame": 1,
            "pts": 129,
            "pts_time": "4.304369",
            "pkt_dts": 129,
            "pkt_dts_time": "4.304369",
            "best_effort_timestamp": 129,
            "best_effort_timestamp_time": "4.304369",
            "duration": 1,
            "duration_time": "0.033367",
            "pkt_pos": "16105232",
            "pkt_size": "120000",
            "width": 720,
            "height": 480,
            "crop_top": 0,
            "crop_bottom": 0,
            "crop_left": 0,
            "crop_right": 0,
            "pix_fmt": "yuv411p",
            "sample_aspect_ratio": "8:9",
            "pict_type": "I",
            "interlaced_frame": 1,
            "top_field_first": 0,
            "repeat_pict": 0,
            "chroma_location": "topleft"
        },
        {
            "media_type": "video",
            "stream_index": 0,
            "key_frame": 1,
            "pts": 130,
            "pts_time": "4.337736",
            "pkt_dts": 130,
            "pkt_dts_time": "4.337736",
            "best_effort_timestamp": 130,
            "best_effort_timestamp_time": "4.337736",
            "duration": 1,
            "duration_time": "0.033367",
            "pkt_pos": "16225240",
            "pkt_size": "120000",
            "width": 720,
            "height": 480,
            "crop_top": 0,
            "crop_bottom": 0,
            "crop_left": 0,
            "crop_right": 0,
            "pix_fmt": "yuv411p",
            "sample_aspect_ratio": "8:9",
            "pict_type": "I",
            "interlaced_frame": 1,
            "top_field_first": 0,
            "repeat_pict": 0,
            "chroma_location": "topleft"
        },
        {
            "media_type": "video",
            "stream_index": 0,
            "key_frame": 1,
            "pts": 131,
            "pts_time": "4.371103",
            "pkt_dts": 131,
            "pkt_dts_time": "4.371103",
            "best_effort_timestamp": 131,
            "best_effort_timestamp_time": "4.371103",
            "duration": 1,
            "duration_time": "0.033367",
            "pkt_pos": "16345248",
            "pkt_size": "120000",
            "width": 720,
            "height": 480,
            "crop_top": 0,
            "crop_bottom": 0,
            "crop_left": 0,
            "crop_right": 0,
            "pix_fmt": "yuv411p",
            "sample_aspect_ratio": "8:9",
            "pict_type": "I",
            "interlaced_frame": 1,
            "top_field_first": 0,
            "repeat_pict": 0,
            "chroma_location": "topleft"
        },
        {
            "media_type": "video",
            "stream_index": 0,
            "key_frame": 1,
            "pts": 132,
            "pts_time": "4.404470",
            "pkt_dts": 132,
            "pkt_dts_time": "4.404470",
            "best_effort_timestamp": 132,
            "best_effort_timestamp_time": "4.404470",
            "duration": 1,
            "duration_time": "0.033367",
            "pkt_pos": "16465256",
            "pkt_size": "120000",
            "width": 720,
            "height": 480,
            "crop_top": 0,
            "crop_bottom": 0,
            "crop_left": 0,
            "crop_right": 0,
            "pix_fmt": "yuv411p",
            "sample_aspect_ratio": "8:9",
            "pict_type": "I",
            "interlaced_frame": 1,
            "top_field_first": 0,
            "repeat_pict": 0,
            "chroma_location": "topleft"
        },
        {
            "media_type": "video",
            "stream_index": 0,
            "key_frame": 1,
            "pts": 133,
            "pts_time": "4.437838",
            "pkt_dts": 133,
            "pkt_dts_time": "4.437838",
            "best_effort_timestamp": 133,
            "best_effort_timestamp_time": "4.437838",
            "duration": 1,
            "duration_time": "0.033367",
            "pkt_pos": "16585264",
            "pkt_size": "120000",
            "width": 720,
            "height": 480,
            "crop_top": 0,
            "crop_bottom": 0,
            "crop_left": 0,
            "crop_right": 0,
            "pix_fmt": "yuv411p",
            "sample_aspect_ratio": "8:9",
            "pict_type": "I",
            "interlaced_frame": 1,
            "top_field_first": 0,
            "repeat_pict": 0,
            "chroma_location": "topleft"
        },
        {
            "media_type": "video",
            "stream_index": 0,
            "key_frame": 1,
            "pts": 134,
            "pts_time": "4.471205",
            "pkt_dts": 134,
            "pkt_dts_time": "4.471205",
            "best_effort_timestamp": 134,
            "best_effort_timestamp_time": "4.471205",
            "duration": 1,
            "duration_time": "0.033367",
            "pkt_pos": "16705272",
            "pkt_size": "120000",
            "width": 720,
            "height": 480,
            "crop_top": 0,
            "crop_bottom": 0,
            "crop_left": 0,
            "crop_right": 0,
            "pix_fmt": "yuv411p",
            "sample_aspect_ratio": "8:9",
            "pict_type": "I",
            "interlaced_frame": 1,
            "top_field_first": 0,
            "repeat_pict": 0,
            "chroma_location": "topleft"
        },
        {
            "media_type": "video",
            "stream_index": 0,
            "key_frame": 1,
            "pts": 135,
            "pts_time": "4.504572",
            "pkt_dts": 135,
            "pkt_dts_time": "4.504572",
            "best_effort_timestamp": 135,
            "best_effort_timestamp_time": "4.504572",
            "duration": 1,
            "duration_time": "0.033367",
            "pkt_pos": "16825280",
            "pkt_size": "120000",
            "width": 720,
            "height": 480,
            "crop_top": 0,
            "crop_bottom": 0,
            "crop_left": 0,
            "crop_right": 0,
            "pix_fmt": "yuv411p",
            "sample_aspect_ratio": "8:9",
            "pict_type": "I",
            "interlaced_frame": 1,
            "top_field_first": 0,
            "repeat_pict": 0,
            "chroma_location": "topleft"
        },
        {
            "media_type": "video",
            "stream_index": 0,
            "key_frame": 1,
            "pts": 136,
            "pts_time": "4.537939",
            "pkt_dts": 136,
            "pkt_dts_time": "4.537939",
            "best_effort_timestamp": 136,
            "best_effort_timestamp_time": "4.537939",
            "duration": 1,
            "duration_time": "0.033367",
            "pkt_pos": "16945288",
            "pkt_size": "120000",
            "width": 720,
            "height": 480,
            "crop_top": 0,
            "crop_bottom": 0,
            "crop_left": 0,
            "crop_right": 0,
            "pix_fmt": "yuv411p",
            "sample_aspect_ratio": "8:9",
            "pict_type": "I",
            "interlaced_frame": 1,
            "top_field_first": 0,
            "repeat_pict": 0,
            "chroma_location": "topleft"
        },
        {
            "media_type": "video",
            "stream_index": 0,
            "key_frame": 1,
            "pts": 137,
            "pts_time": "4.571306",
            "pkt_dts": 137,
            "pkt_dts_time": "4.571306",
            "best_effort_timestamp": 137,
            "best_effort_timestamp_time": "4.571306",
            "duration": 1,
            "duration_time": "0.033367",
            "pkt_pos": "17065296",
            "pkt_size": "120000",
            "width": 720,
            "height": 480,
            "crop_top": 0,
            "crop_bottom": 0,
            "crop_left": 0,
            "crop_right": 0,
            "pix_fmt": "yuv411p",
            "sample_aspect_ratio": "8:9",
            "pict_type": "I",
            "interlaced_frame": 1,
            "top_field_first": 0,
            "repeat_pict": 0,
            "chroma_location": "topleft"
        },
        {
            "media_type": "video",
            "stream_index": 0,
            "key_frame": 1,
            "pts": 138,
            "pts_time": "4.604674",
            "pkt_dts": 138,
            "pkt_dts_time": "4.604674",
            "best_effort_timestamp": 138,
            "best_effort_timestamp_time": "4.604674",
            "duration": 1,
            "duration_time": "0.033367",
            "pkt_pos": "17185304",
            "pkt_size": "120000",
            "width": 720,
            "height": 480,
            "crop_top": 0,
            "crop_bottom": 0,
            "crop_left": 0,
            "crop_right": 0,
            "pix_fmt": "yuv411p",
            "sample_aspect_ratio": "8:9",
            "pict_type": "I",
            "interlaced_frame": 1,
            "top_field_first": 0,
            "repeat_pict": 0,
            "chroma_location": "topleft"
        },
        {
            "media_type": "video",
            "stream_index": 0,
            "key_frame": 1,
            "pts": 139,
            "pts_time": "4.638041",
            "pkt_dts": 139,
            "pkt_dts_time": "4.638041",
            "best_effort_timestamp": 139,
            "best_effort_timestamp_time": "4.638041",
            "duration": 1,
            "duration_time": "0.033367",
            "pkt_pos": "17305312",
            "pkt_size": "120000",
            "width": 720,
            "height": 480,
            "crop_top": 0,
            "crop_bottom": 0,
            "crop_left": 0,
            "crop_right": 0,
            "pix_fmt": "yuv411p",
            "sample_aspect_ratio": "8:9",
            "pict_type": "I",
            "interlaced_frame": 1,
            "top_field_first": 0,
            "repeat_pict": 0,
            "chroma_location": "topleft"
        },
        {
            "media_type": "video",
            "stream_index": 0,
            "key_frame": 1,
            "pts": 140,
            "pts_time": "4.671408",
            "pkt_dts": 140,
            "pkt_dts_time": "4.671408",
            "best_effort_timestamp": 140,
            "best_effort_timestamp_time": "4.671408",
            "duration": 1,
            "duration_time": "0.033367",
            "pkt_pos": "17425320",
            "pkt_size": "120000",
            "width": 720,
            "height": 480,
            "crop_top": 0,
            "crop_bottom": 0,
            "crop_left": 0,
            "crop_right": 0,
            "pix_fmt": "yuv411p",
            "sample_aspect_ratio": "8:9",
            "pict_type": "I",
            "interlaced_frame": 1,
            "top_field_first": 0,
            "repeat_pict": 0,
            "chroma_location": "topleft"
        },
        {
            "media_type": "video",
            "stream_index": 0,
            "key_frame": 1,
            "pts": 141,
            "pts_time": "4.704775",
            "pkt_dts": 141,
            "pkt_dts_time": "4.704775",
            "best_effort_timestamp": 141,
            "best_effort_timestamp_time": "4.704775",
            "duration": 1,
            "duration_time": "0.033367",
            "pkt_pos": "17545328",
            "pkt_size": "120000",
            "width": 720,
            "height": 480,
            "crop_top": 0,
            "crop_bottom": 0,
            "crop_left": 0,
            "crop_right": 0,
            "pix_fmt": "yuv411p",
            "sample_aspect_ratio": "8:9",
            "pict_type": "I",
            "interlaced_frame": 1,
            "top_field_first": 0,
            "repeat_pict": 0,
            "chroma_location": "topleft"
        },
        {
            "media_type": "video",
            "stream_index": 0,
            "key_frame": 1,
            "pts": 142,
            "pts_time": "4.738142",
            "pkt_dts": 142,
            "pkt_dts_time": "4.738142",
            "best_effort_timestamp": 142,
            "best_effort_timestamp_time": "4.738142",
            "duration": 1,
            "duration_time": "0.033367",
            "pkt_pos": "17665336",
            "pkt_size": "120000",
            "width": 720,
            "height": 480,
            "crop_top": 0,
            "crop_bottom": 0,
            "crop_left": 0,
            "crop_right": 0,
            "pix_fmt": "yuv411p",
            "sample_aspect_ratio": "8:9",
            "pict_type": "I",
            "interlaced_frame": 1,
            "top_field_first": 0,
            "repeat_pict": 0,
            "chroma_location": "topleft"
        },
        {
            "media_type": "video",
            "stream_index": 0,
            "key_frame": 1,
            "pts": 143,
            "pts_time": "4.771510",
            "pkt_dts": 143,
            "pkt_dts_time": "4.771510",
            "best_effort_timestamp": 143,
            "best_effort_timestamp_time": "4.771510",
            "duration": 1,
            "duration_time": "0.033367",
            "pkt_pos": "17785344",
            "pkt_size": "120000",
            "width": 720,
            "height": 480,
            "crop_top": 0,
            "crop_bottom": 0,
            "crop_left": 0,
            "crop_right": 0,
            "pix_fmt": "yuv411p",
            "sample_aspect_ratio": "8:9",
            "pict_type": "I",
            "interlaced_frame": 1,
            "top_field_first": 0,
            "repeat_pict": 0,
            "chroma_location": "topleft"
        },
        {
            "media_type": "video",
            "stream_index": 0,
            "key_frame": 1,
            "pts": 144,
            "pts_time": "4.804877",
            "pkt_dts": 144,
            "pkt_dts_time": "4.804877",
            "best_effort_timestamp": 144,
            "best_effort_timestamp_time": "4.804877",
            "duration": 1,
            "duration_time": "0.033367",
            "pkt_pos": "17905352",
            "pkt_size": "120000",
            "width": 720,
            "height": 480,
            "crop_top": 0,
            "crop_bottom": 0,
            "crop_left": 0,
            "crop_right": 0,
            "pix_fmt": "yuv411p",
            "sample_aspect_ratio": "8:9",
            "pict_type": "I",
            "interlaced_frame": 1,
            "top_field_first": 0,
            "repeat_pict": 0,
            "chroma_location": "topleft"
        },
        {
            "media_type": "video",
            "stream_index": 0,
            "key_frame": 1,
            "pts": 145,
            "pts_time": "4.838244",
            "pkt_dts": 145,
            "pkt_dts_time": "4.838244",
            "best_effort_timestamp": 145,
            "best_effort_timestamp_time": "4.838244",
            "duration": 1,
            "duration_time": "0.033367",
            "pkt_pos": "18149224",
            "pkt_size": "120000",
            "width": 720,
            "height": 480,
            "crop_top": 0,
            "crop_bottom": 0,
            "crop_left": 0,
            "crop_right": 0,
            "pix_fmt": "yuv411p",
            "sample_aspect_ratio": "8:9",
            "pict_type": "I",
            "interlaced_frame": 1,
            "top_field_first": 0,
            "repeat_pict": 0,
            "chroma_location": "topleft"
        },
        {
            "media_type": "video",
            "stream_index": 0,
            "key_frame": 1,
            "pts": 146,
            "pts_time": "4.871611",
            "pkt_dts": 146,
            "pkt_dts_time": "4.871611",
            "best_effort_timestamp": 146,
            "best_effort_timestamp_time": "4.871611",
            "duration": 1,
            "duration_time": "0.033367",
            "pkt_pos": "18269232",
            "pkt_size": "120000",
            "width": 720,
            "height": 480,
            "crop_top": 0,
            "crop_bottom": 0,
            "crop_left": 0,
            "crop_right": 0,
            "pix_fmt": "yuv411p",
            "sample_aspect_ratio": "8:9",
            "pict_type": "I",
            "interlaced_frame": 1,
            "top_field_first": 0,
            "repeat_pict": 0,
            "chroma_location": "topleft"
        },
        {
            "media_type": "video",
            "stream_index": 0,
            "key_frame": 1,
            "pts": 147,
            "pts_time": "4.904978",
            "pkt_dts": 147,
            "pkt_dts_time": "4.904978",
            "best_effort_timestamp": 147,
            "best_effort_timestamp_time": "4.904978",
            "duration": 1,
            "duration_time": "0.033367",
            "pkt_pos": "18389240",
            "pkt_size": "120000",
            "width": 720,
            "height": 480,
            "crop_top": 0,
            "crop_bottom": 0,
            "crop_left": 0,
            "crop_right": 0,
            "pix_fmt": "yuv411p",
            "sample_aspect_ratio": "8:9",
            "pict_type": "I",
            "interlaced_frame": 1,
            "top_field_first": 0,
            "repeat_pict": 0,
            "chroma_location": "topleft"
        },
        {
            "media_type": "video",
            "stream_index": 0,
            "key_frame": 1,
            "pts": 148,
            "pts_time": "4.938346",
            "pkt_dts": 148,
            "pkt_dts_time": "4.938346",
            "best_effort_timestamp": 148,
            "best_effort_timestamp_time": "4.938346",
            "duration": 1,
            "duration_time": "0.033367",
            "pkt_pos": "18509248",
            "pkt_size": "120000",
            "width": 720,
            "height": 480,
            "crop_top": 0,
            "crop_bottom": 0,
            "crop_left": 0,
            "crop_right": 0,
            "pix_fmt": "yuv411p",
            "sample_aspect_ratio": "8:9",
            "pict_type": "I",
            "interlaced_frame": 1,
            "top_field_first": 0,
            "repeat_pict": 0,
            "chroma_location": "topleft"
        },
        {
            "media_type": "video",
            "stream_index": 0,
            "key_frame": 1,
            "pts": 149,
            "pts_time": "4.971713",
            "pkt_dts": 149,
            "pkt_dts_time": "4.971713",
            "best_effort_timestamp": 149,
            "best_effort_timestamp_time": "4.971713",
            "duration": 1,
            "duration_time": "0.033367",
            "pkt_pos": "18629256",
            "pkt_size": "120000",
            "width": 720,
            "height": 480,
            "crop_top": 0,
            "crop_bottom": 0,
            "crop_left": 0,
            "crop_right": 0,
            "pix_fmt": "yuv411p",
            "sample_aspect_ratio": "8:9",
            "pict_type": "I",
            "interlaced_frame": 1,
            "top_field_first": 0,
            "repeat_pict": 0,
            "chroma_location": "topleft"
        },
        {
            "media_type": "video",
            "stream_index": 0,
            "key_frame": 1,
            "pts": 150,
            "pts_time": "5.005080",
            "pkt_dts": 150,
            "pkt_dts_time": "5.005080",
            "best_effort_timestamp": 150,
            "best_effort_timestamp_time": "5.005080",
            "duration": 1,
            "duration_time": "0.033367",
            "pkt_pos": "18749264",
            "pkt_size": "120000",
            "width": 720,
            "height": 480,
            "crop_top": 0,
            "crop_bottom": 0,
            "crop_left": 0,
            "crop_right": 0,
            "pix_fmt": "yuv411p",
            "sample_aspect_ratio": "8:9",
            "pict_type": "I",
            "interlaced_frame": 1,
            "top_field_first": 0,
            "repeat_pict": 0,
            "chroma_location": "topleft"
        },
        {
            "media_type": "video",
            "stream_index": 0,
            "key_frame": 1,
            "pts": 151,
            "pts_time": "5.038447",
            "pkt_dts": 151,
            "pkt_dts_time": "5.038447",
            "best_effort_timestamp": 151,
            "best_effort_timestamp_time": "5.038447",
            "duration": 1,
            "duration_time": "0.033367",
            "pkt_pos": "18869272",
            "pkt_size": "120000",
            "width": 720,
            "height": 480,
            "crop_top": 0,
            "crop_bottom": 0,
            "crop_left": 0,
            "crop_right": 0,
            "pix_fmt": "yuv411p",
            "sample_aspect_ratio": "8:9",
            "pict_type": "I",
            "interlaced_frame": 1,
            "top_field_first": 0,
            "repeat_pict": 0,
            "chroma_location": "topleft"
        },
        {
            "media_type": "video",
            "stream_index": 0,
            "key_frame": 1,
            "pts": 152,
            "pts_time": "5.071814",
            "pkt_dts": 152,
            "pkt_dts_time": "5.071814",
            "best_effort_timestamp": 152,
            "best_effort_timestamp_time": "5.071814",
            "duration": 1,
            "duration_time": "0.033367",
            "pkt_pos": "18989280",
            "pkt_size": "120000",
            "width": 720,
            "height": 480,
            "crop_top": 0,
            "crop_bottom": 0,
            "crop_left": 0,
            "crop_right": 0,
            "pix_fmt": "yuv411p",
            "sample_aspect_ratio": "8:9",
            "pict_type": "I",
            "interlaced_frame": 1,
            "top_field_first": 0,
            "repeat_pict": 0,
            "chroma_location": "topleft"
        },
        {
            "media_type": "video",
            "stream_index": 0,
            "key_frame": 1,
            "pts": 153,
            "pts_time": "5.105182",
            "pkt_dts": 153,
            "pkt_dts_time": "5.105182",
            "best_effort_timestamp": 153,
            "best_effort_timestamp_time": "5.105182",
            "duration": 1,
            "duration_time": "0.033367",
            "pkt_pos": "19109288",
            "pkt_size": "120000",
            "width": 720,
            "height": 480,
            "crop_top": 0,
            "crop_bottom": 0,
            "crop_left": 0,
            "crop_right": 0,
            "pix_fmt": "yuv411p",
            "sample_aspect_ratio": "8:9",
            "pict_type": "I",
            "interlaced_frame": 1,
            "top_field_first": 0,
            "repeat_pict": 0,
            "chroma_location": "topleft"
        },
        {
            "media_type": "video",
            "stream_index": 0,
            "key_frame": 1,
            "pts": 154,
            "pts_time": "5.138549",
            "pkt_dts": 154,
            "pkt_dts_time": "5.138549",
            "best_effort_timestamp": 154,
            "best_effort_timestamp_time": "5.138549",
            "duration": 1,
            "duration_time": "0.033367",
            "pkt_pos": "19229296",
            "pkt_size": "120000",
            "width": 720,
            "height": 480,
            "crop_top": 0,
            "crop_bottom": 0,
            "crop_left": 0,
            "crop_right": 0,
            "pix_fmt": "yuv411p",
            "sample_aspect_ratio": "8:9",
            "pict_type": "I",
            "interlaced_frame": 1,
            "top_field_first": 0,
            "repeat_pict": 0,
            "chroma_location": "topleft"
        },
        {
            "media_type": "video",
            "stream_index": 0,
            "key_frame": 1,
            "pts": 155,
            "pts_time": "5.171916",
            "pkt_dts": 155,
            "pkt_dts_time": "5.171916",
            "best_effort_timestamp": 155,
            "best_effort_timestamp_time": "5.171916",
            "duration": 1,
            "duration_time": "0.033367",
            "pkt_pos": "19349304",
            "pkt_size": "120000",
            "width": 720,
            "height": 480,
            "crop_top": 0,
            "crop_bottom": 0,
            "crop_left": 0,
            "crop_right": 0,
            "pix_fmt": "yuv411p",
            "sample_aspect_ratio": "8:9",
            "pict_type": "I",
            "interlaced_frame": 1,
            "top_field_first": 0,
            "repeat_pict": 0,
            "chroma_location": "topleft"
        },
        {
            "media_type": "video",
            "stream_index": 0,
            "key_frame": 1,
            "pts": 156,
            "pts_time": "5.205283",
            "pkt_dts": 156,
            "pkt_dts_time": "5.205283",
            "best_effort_timestamp": 156,
            "best_effort_timestamp_time": "5.205283",
            "duration": 1,
            "duration_time": "0.033367",
            "pkt_pos": "19469312",
            "pkt_size": "120000",
            "width": 720,
            "height": 480,
            "crop_top": 0,
            "crop_bottom": 0,
            "crop_left": 0,
            "crop_right": 0,
            "pix_fmt": "yuv411p",
            "sample_aspect_ratio": "8:9",
            "pict_type": "I",
            "interlaced_frame": 1,
            "top_field_first": 0,
            "repeat_pict": 0,
            "chroma_location": "topleft"
        },
        {
            "media_type": "video",
            "stream_index": 0,
            "key_frame": 1,
            "pts": 157,
            "pts_time": "5.238650",
            "pkt_dts": 157,
            "pkt_dts_time": "5.238650",
            "best_effort_timestamp": 157,
            "best_effort_timestamp_time": "5.238650",
            "duration": 1,
            "duration_time": "0.033367",
            "pkt_pos": "19589320",
            "pkt_size": "120000",
            "width": 720,
            "height": 480,
            "crop_top": 0,
            "crop_bottom": 0,
            "crop_left": 0,
            "crop_right": 0,
            "pix_fmt": "yuv411p",
            "sample_aspect_ratio": "8:9",
            "pict_type": "I",
            "interlaced_frame": 1,
            "top_field_first": 0,
            "repeat_pict": 0,
            "chroma_location": "topleft"
        },
        {
            "media_type": "video",
            "stream_index": 0,
            "key_frame": 1,
            "pts": 158,
            "pts_time": "5.272018",
            "pkt_dts": 158,
            "pkt_dts_time": "5.272018",
            "best_effort_timestamp": 158,
            "best_effort_timestamp_time": "5.272018",
            "duration": 1,
            "duration_time": "0.033367",
            "pkt_pos": "19709328",
            "pkt_size": "120000",
            "width": 720,
            "height": 480,
            "crop_top": 0,
            "crop_bottom": 0,
            "crop_left": 0,
            "crop_right": 0,
            "pix_fmt": "yuv411p",
            "sample_aspect_ratio": "8:9",
            "pict_type": "I",
            "interlaced_frame": 1,
            "top_field_first": 0,
            "repeat_pict": 0,
            "chroma_location": "topleft"
        },
        {
            "media_type": "video",
            "stream_index": 0,
            "key_frame": 1,
            "pts": 159,
            "pts_time": "5.305385",
            "pkt_dts": 159,
            "pkt_dts_time": "5.305385",
            "best_effort_timestamp": 159,
            "best_effort_timestamp_time": "5.305385",
            "duration": 1,
            "duration_time": "0.033367",
            "pkt_pos": "19829336",
            "pkt_size": "120000",
            "width": 720,
            "height": 480,
            "crop_top": 0,
            "crop_bottom": 0,
            "crop_left": 0,
            "crop_right": 0,
            "pix_fmt": "yuv411p",
            "sample_aspect_ratio": "8:9",
            "pict_type": "I",
            "interlaced_frame": 1,
            "top_field_first": 0,
            "repeat_pict": 0,
            "chroma_location": "topleft"
        },
        {
            "media_type": "video",
            "stream_index": 0,
            "key_frame": 1,
            "pts": 160,
            "pts_time": "5.338752",
            "pkt_dts": 160,
            "pkt_dts_time": "5.338752",
            "best_effort_timestamp": 160,
            "best_effort_timestamp_time": "5.338752",
            "duration": 1,
            "duration_time": "0.033367",
            "pkt_pos": "19949344",
            "pkt_size": "120000",
            "width": 720,
            "height": 480,
            "crop_top": 0,
            "crop_bottom": 0,
            "crop_left": 0,
            "crop_right": 0,
            "pix_fmt": "yuv411p",
            "sample_aspect_ratio": "8:9",
            "pict_type": "I",
            "interlaced_frame": 1,
            "top_field_first": 0,
            "repeat_pict": 0,
            "chroma_location": "topleft"
        },
        {
            "media_type": "video",
            "stream_index": 0,
            "key_frame": 1,
            "pts": 161,
            "pts_time": "5.372119",
            "pkt_dts": 161,
            "pkt_dts_time": "5.372119",
            "best_effort_timestamp": 161,
            "best_effort_timestamp_time": "5.372119",
            "duration": 1,
            "duration_time": "0.033367",
            "pkt_pos": "20069352",
            "pkt_size": "120000",
            "width": 720,
            "height": 480,
            "crop_top": 0,
            "crop_bottom": 0,
            "crop_left": 0,
            "crop_right": 0,
            "pix_fmt": "yuv411p",
            "sample_aspect_ratio": "8:9",
            "pict_type": "I",
            "interlaced_frame": 1,
            "top_field_first": 0,
            "repeat_pict": 0,
            "chroma_location": "topleft"
        },
        {
            "media_type": "video",
            "stream_index": 0,
            "key_frame": 1,
            "pts": 162,
            "pts_time": "5.405486",
            "pkt_dts": 162,
            "pkt_dts_time": "5.405486",
            "best_effort_timestamp": 162,
            "best_effort_timestamp_time": "5.405486",
            "duration": 1,
            "duration_time": "0.033367",
            "pkt_pos": "20189360",
            "pkt_size": "120000",
            "width": 720,
            "height": 480,
            "crop_top": 0,
            "crop_bottom": 0,
            "crop_left": 0,
            "crop_right": 0,
            "pix_fmt": "yuv411p",
            "sample_aspect_ratio": "8:9",
            "pict_type": "I",
            "interlaced_frame": 1,
            "top_field_first": 0,
            "repeat_pict": 0,
            "chroma_location": "topleft"
        },
        {
            "media_type": "video",
            "stream_index": 0,
            "key_frame": 1,
            "pts": 163,
            "pts_time": "5.438854",
            "pkt_dts": 163,
            "pkt_dts_time": "5.438854",
            "best_effort_timestamp": 163,
            "best_effort_timestamp_time": "5.438854",
            "duration": 1,
            "duration_time": "0.033367",
            "pkt_pos": "20309368",
            "pkt_size": "120000",
            "width": 720,
            "height": 480,
            "crop_top": 0,
            "crop_bottom": 0,
            "crop_left": 0,
            "crop_right": 0,
            "pix_fmt": "yuv411p",
            "sample_aspect_ratio": "8:9",
            "pict_type": "I",
            "interlaced_frame": 1,
            "top_field_first": 0,
            "repeat_pict": 0,
            "chroma_location": "topleft"
        },
        {
            "media_type": "video",
            "stream_index": 0,
            "key_frame": 1,
            "pts": 164,
            "pts_time": "5.472221",
            "pkt_dts": 164,
            "pkt_dts_time": "5.472221",
            "best_effort_timestamp": 164,
            "best_effort_timestamp_time": "5.472221",
            "duration": 1,
            "duration_time": "0.033367",
            "pkt_pos": "20429376",
            "pkt_size": "120000",
            "width": 720,
            "height": 480,
            "crop_top": 0,
            "crop_bottom": 0,
            "crop_left": 0,
            "crop_right": 0,
            "pix_fmt": "yuv411p",
            "sample_aspect_ratio": "8:9",
            "pict_type": "I",
            "interlaced_frame": 1,
            "top_field_first": 0,
            "repeat_pict": 0,
            "chroma_location": "topleft"
        },
        {
            "media_type": "video",
            "stream_index": 0,
            "key_frame": 1,
            "pts": 165,
            "pts_time": "5.505588",
            "pkt_dts": 165,
            "pkt_dts_time": "5.505588",
            "best_effort_timestamp": 165,
            "best_effort_timestamp_time": "5.505588",
            "duration": 1,
            "duration_time": "0.033367",
            "pkt_pos": "20549384",
            "pkt_size": "120000",
            "width": 720,
            "height": 480,
            "crop_top": 0,
            "crop_bottom": 0,
            "crop_left": 0,
            "crop_right": 0,
            "pix_fmt": "yuv411p",
            "sample_aspect_ratio": "8:9",
            "pict_type": "I",
            "interlaced_frame": 1,
            "top_field_first": 0,
            "repeat_pict": 0,
            "chroma_location": "topleft"
        },
        {
            "media_type": "video",
            "stream_index": 0,
            "key_frame": 1,
            "pts": 166,
            "pts_time": "5.538955",
            "pkt_dts": 166,
            "pkt_dts_time": "5.538955",
            "best_effort_timestamp": 166,
            "best_effort_timestamp_time": "5.538955",
            "duration": 1,
            "duration_time": "0.033367",
            "pkt_pos": "20669392",
            "pkt_size": "120000",
            "width": 720,
            "height": 480,
            "crop_top": 0,
            "crop_bottom": 0,
            "crop_left": 0,
            "crop_right": 0,
            "pix_fmt": "yuv411p",
            "sample_aspect_ratio": "8:9",
            "pict_type": "I",
            "interlaced_frame": 1,
            "top_field_first": 0,
            "repeat_pict": 0,
            "chroma_location": "topleft"
        },
        {
            "media_type": "video",
            "stream_index": 0,
            "key_frame": 1,
            "pts": 167,
            "pts_time": "5.572322",
            "pkt_dts": 167,
            "pkt_dts_time": "5.572322",
            "best_effort_timestamp": 167,
            "best_effort_timestamp_time": "5.572322",
            "duration": 1,
            "duration_time": "0.033367",
            "pkt_pos": "20789400",
            "pkt_size": "120000",
            "width": 720,
            "height": 480,
            "crop_top": 0,
            "crop_bottom": 0,
            "crop_left": 0,
            "crop_right": 0,
            "pix_fmt": "yuv411p",
            "sample_aspect_ratio": "8:9",
            "pict_type": "I",
            "interlaced_frame": 1,
            "top_field_first": 0,
            "repeat_pict": 0,
            "chroma_location": "topleft"
        },
        {
            "media_type": "video",
            "stream_index": 0,
            "key_frame": 1,
            "pts": 168,
            "pts_time": "5.605690",
            "pkt_dts": 168,
            "pkt_dts_time": "5.605690",
            "best_effort_timestamp": 168,
            "best_effort_timestamp_time": "5.605690",
            "duration": 1,
            "duration_time": "0.033367",
            "pkt_pos": "20909408",
            "pkt_size": "120000",
            "width": 720,
            "height": 480,
            "crop_top": 0,
            "crop_bottom": 0,
            "crop_left": 0,
            "crop_right": 0,
            "pix_fmt": "yuv411p",
            "sample_aspect_ratio": "8:9",
            "pict_type": "I",
            "interlaced_frame": 1,
            "top_field_first": 0,
            "repeat_pict": 0,
            "chroma_location": "topleft"
        },
        {
            "media_type": "video",
            "stream_index": 0,
            "key_frame": 1,
            "pts": 169,
            "pts_time": "5.639057",
            "pkt_dts": 169,
            "pkt_dts_time": "5.639057",
            "best_effort_timestamp": 169,
            "best_effort_timestamp_time": "5.639057",
            "duration": 1,
            "duration_time": "0.033367",
            "pkt_pos": "21029416",
            "pkt_size": "120000",
            "width": 720,
            "height": 480,
            "crop_top": 0,
            "crop_bottom": 0,
            "crop_left": 0,
            "crop_right": 0,
            "pix_fmt": "yuv411p",
            "sample_aspect_ratio": "8:9",
            "pict_type": "I",
            "interlaced_frame": 1,
            "top_field_first": 0,
            "repeat_pict": 0,
            "chroma_location": "topleft"
        },
        {
            "media_type": "video",
            "stream_index": 0,
            "key_frame": 1,
            "pts": 170,
            "pts_time": "5.672424",
            "pkt_dts": 170,
            "pkt_dts_time": "5.672424",
            "best_effort_timestamp": 170,
            "best_effort_timestamp_time": "5.672424",
            "duration": 1,
            "duration_time": "0.033367",
            "pkt_pos": "21149424",
            "pkt_size": "120000",
            "width": 720,
            "height": 480,
            "crop_top": 0,
            "crop_bottom": 0,
            "crop_left": 0,
            "crop_right": 0,
            "pix_fmt": "yuv411p",
            "sample_aspect_ratio": "8:9",
            "pict_type": "I",
            "interlaced_frame": 1,
            "top_field_first": 0,
            "repeat_pict": 0,
            "chroma_location": "topleft"
        },
        {
            "media_type": "video",
            "stream_index": 0,
            "key_frame": 1,
            "pts": 171,
            "pts_time": "5.705791",
            "pkt_dts": 171,
            "pkt_dts_time": "5.705791",
            "best_effort_timestamp": 171,
            "best_effort_timestamp_time": "5.705791",
            "duration": 1,
            "duration_time": "0.033367",
            "pkt_pos": "21269432",
            "pkt_size": "120000",
            "width": 720,
            "height": 480,
            "crop_top": 0,
            "crop_bottom": 0,
            "crop_left": 0,
            "crop_right": 0,
            "pix_fmt": "yuv411p",
            "sample_aspect_ratio": "8:9",
            "pict_type": "I",
            "interlaced_frame": 1,
            "top_field_first": 0,
            "repeat_pict": 0,
            "chroma_location": "topleft"
        },
        {
            "media_type": "video",
            "stream_index": 0,
            "key_frame": 1,
            "pts": 172,
            "pts_time": "5.739158",
            "pkt_dts": 172,
            "pkt_dts_time": "5.739158",
            "best_effort_timestamp": 172,
            "best_effort_timestamp_time": "5.739158",
            "duration": 1,
            "duration_time": "0.033367",
            "pkt_pos": "21389440",
            "pkt_size": "120000",
            "width": 720,
            "height": 480,
            "crop_top": 0,
            "crop_bottom": 0,
            "crop_left": 0,
            "crop_right": 0,
            "pix_fmt": "yuv411p",
            "sample_aspect_ratio": "8:9",
            "pict_type": "I",
            "interlaced_frame": 1,
            "top_field_first": 0,
            "repeat_pict": 0,
            "chroma_location": "topleft"
        },
        {
            "media_type": "video",
            "stream_index": 0,
            "key_frame": 1,
            "pts": 173,
            "pts_time": "5.772526",
            "pkt_dts": 173,
            "pkt_dts_time": "5.772526",
            "best_effort_timestamp": 173,
            "best_effort_timestamp_time": "5.772526",
            "duration": 1,
            "duration_time": "0.033367",
            "pkt_pos": "21509448",
            "pkt_size": "120000",
            "width": 720,
            "height": 480,
            "crop_top": 0,
            "crop_bottom": 0,
            "crop_left": 0,
            "crop_right": 0,
            "pix_fmt": "yuv411p",
            "sample_aspect_ratio": "8:9",
            "pict_type": "I",
            "interlaced_frame": 1,
            "top_field_first": 0,
            "repeat_pict": 0,
            "chroma_location": "topleft"
        },
        {
            "media_type": "video",
            "stream_index": 0,
            "key_frame": 1,
            "pts": 174,
            "pts_time": "5.805893",
            "pkt_dts": 174,
            "pkt_dts_time": "5.805893",
            "best_effort_timestamp": 174,
            "best_effort_timestamp_time": "5.805893",
            "duration": 1,
            "duration_time": "0.033367",
            "pkt_pos": "21753320",
            "pkt_size": "120000",
            "width": 720,
            "height": 480,
            "crop_top": 0,
            "crop_bottom": 0,
            "crop_left": 0,
            "crop_right": 0,
            "pix_fmt": "yuv411p",
            "sample_aspect_ratio": "8:9",
            "pict_type": "I",
            "interlaced_frame": 1,
            "top_field_first": 0,
            "repeat_pict": 0,
            "chroma_location": "topleft"
        },
        {
            "media_type": "video",
            "stream_index": 0,
            "key_frame": 1,
            "pts": 175,
            "pts_time": "5.839260",
            "pkt_dts": 175,
            "pkt_dts_time": "5.839260",
            "best_effort_timestamp": 175,
            "best_effort_timestamp_time": "5.839260",
            "duration": 1,
            "duration_time": "0.033367",
            "pkt_pos": "21873328",
            "pkt_size": "120000",
            "width": 720,
            "height": 480,
            "crop_top": 0,
            "crop_bottom": 0,
            "crop_left": 0,
            "crop_right": 0,
            "pix_fmt": "yuv411p",
            "sample_aspect_ratio": "8:9",
            "pict_type": "I",
            "interlaced_frame": 1,
            "top_field_first": 0,
            "repeat_pict": 0,
            "chroma_location": "topleft"
        },
        {
            "media_type": "video",
            "stream_index": 0,
            "key_frame": 1,
            "pts": 176,
            "pts_time": "5.872627",
            "pkt_dts": 176,
            "pkt_dts_time": "5.872627",
            "best_effort_timestamp": 176,
            "best_effort_timestamp_time": "5.872627",
            "duration": 1,
            "duration_time": "0.033367",
            "pkt_pos": "21993336",
            "pkt_size": "120000",
            "width": 720,
            "height": 480,
            "crop_top": 0,
            "crop_bottom": 0,
            "crop_left": 0,
            "crop_right": 0,
            "pix_fmt": "yuv411p",
            "sample_aspect_ratio": "8:9",
            "pict_type": "I",
            "interlaced_frame": 1,
            "top_field_first": 0,
            "repeat_pict": 0,
            "chroma_location": "topleft"
        },
        {
            "media_type": "video",
            "stream_index": 0,
            "key_frame": 1,
            "pts": 177,
            "pts_time": "5.905994",
            "pkt_dts": 177,
            "pkt_dts_time": "5.905994",
            "best_effort_timestamp": 177,
            "best_effort_timestamp_time": "5.905994",
            "duration": 1,
            "duration_time": "0.033367",
            "pkt_pos": "22113344",
            "pkt_size": "120000",
            "width": 720,
            "height": 480,
            "crop_top": 0,
            "crop_bottom": 0,
            "crop_left": 0,
            "crop_right": 0,
            "pix_fmt": "yuv411p",
            "sample_aspect_ratio": "8:9",
            "pict_type": "I",
            "interlaced_frame": 1,
            "top_field_first": 0,
            "repeat_pict": 0,
            "chroma_location": "topleft"
        },
        {
            "media_type": "video",
            "stream_index": 0,
            "key_frame": 1,
            "pts": 178,
            "pts_time": "5.939362",
            "pkt_dts": 178,
            "pkt_dts_time": "5.939362",
            "best_effort_timestamp": 178,
            "best_effort_timestamp_time": "5.939362",
            "duration": 1,
            "duration_time": "0.033367",
            "pkt_pos": "22233352",
            "pkt_size": "120000",
            "width": 720,
            "height": 480,
            "crop_top": 0,
            "crop_bottom": 0,
            "crop_left": 0,
            "crop_right": 0,
            "pix_fmt": "yuv411p",
            "sample_aspect_ratio": "8:9",
            "pict_type": "I",
            "interlaced_frame": 1,
            "top_field_first": 0,
            "repeat_pict": 0,
            "chroma_location": "topleft"
        },
        {
            "media_type": "video",
            "stream_index": 0,
            "key_frame": 1,
            "pts": 179,
            "pts_time": "5.972729",
            "pkt_dts": 179,
            "pkt_dts_time": "5.972729",
            "best_effort_timestamp": 179,
            "best_effort_timestamp_time": "5.972729",
            "duration": 1,
            "duration_time": "0.033367",
            "pkt_pos": "22353360",
            "pkt_size": "120000",
            "width": 720,
            "height": 480,
            "crop_top": 0,
            "crop_bottom": 0,
            "crop_left": 0,
            "crop_right": 0,
            "pix_fmt": "yuv411p",
            "sample_aspect_ratio": "8:9",
            "pict_type": "I",
            "interlaced_frame": 1,
            "top_field_first": 0,
            "repeat_pict": 0,
            "chroma_location": "topleft"
        },
        {
            "media_type": "video",
            "stream_index": 0,
            "key_frame": 1,
            "pts": 180,
            "pts_time": "6.006096",
            "pkt_dts": 180,
            "pkt_dts_time": "6.006096",
            "best_effort_timestamp": 180,
            "best_effort_timestamp_time": "6.006096",
            "duration": 1,
            "duration_time": "0.033367",
            "pkt_pos": "22473368",
            "pkt_size": "120000",
            "width": 720,
            "height": 480,
            "crop_top": 0,
            "crop_bottom": 0,
            "crop_left": 0,
            "crop_right": 0,
            "pix_fmt": "yuv411p",
            "sample_aspect_ratio": "8:9",
            "pict_type": "I",
            "interlaced_frame": 1,
            "top_field_first": 0,
            "repeat_pict": 0,
            "chroma_location": "topleft"
        },
        {
            "media_type": "video",
            "stream_index": 0,
            "key_frame": 1,
            "pts": 181,
            "pts_time": "6.039463",
            "pkt_dts": 181,
            "pkt_dts_time": "6.039463",
            "best_effort_timestamp": 181,
            "best_effort_timestamp_time": "6.039463",
            "duration": 1,
            "duration_time": "0.033367",
            "pkt_pos": "22593376",
            "pkt_size": "120000",
            "width": 720,
            "height": 480,
            "crop_top": 0,
            "crop_bottom": 0,
            "crop_left": 0,
            "crop_right": 0,
            "pix_fmt": "yuv411p",
            "sample_aspect_ratio": "8:9",
            "pict_type": "I",
            "interlaced_frame": 1,
            "top_field_first": 0,
            "repeat_pict": 0,
            "chroma_location": "topleft"
        },
        {
            "media_type": "video",
            "stream_index": 0,
            "key_frame": 1,
            "pts": 182,
            "pts_time": "6.072830",
            "pkt_dts": 182,
            "pkt_dts_time": "6.072830",
            "best_effort_timestamp": 182,
            "best_effort_timestamp_time": "6.072830",
            "duration": 1,
            "duration_time": "0.033367",
            "pkt_pos": "22713384",
            "pkt_size": "120000",
            "width": 720,
            "height": 480,
            "crop_top": 0,
            "crop_bottom": 0,
            "crop_left": 0,
            "crop_right": 0,
            "pix_fmt": "yuv411p",
            "sample_aspect_ratio": "8:9",
            "pict_type": "I",
            "interlaced_frame": 1,
            "top_field_first": 0,
            "repeat_pict": 0,
            "chroma_location": "topleft"
        },
        {
            "media_type": "video",
            "stream_index": 0,
            "key_frame": 1,
            "pts": 183,
            "pts_time": "6.106198",
            "pkt_dts": 183,
            "pkt_dts_time": "6.106198",
            "best_effort_timestamp": 183,
            "best_effort_timestamp_time": "6.106198",
            "duration": 1,
            "duration_time": "0.033367",
            "pkt_pos": "22833392",
            "pkt_size": "120000",
            "width": 720,
            "height": 480,
            "crop_top": 0,
            "crop_bottom": 0,
            "crop_left": 0,
            "crop_right": 0,
            "pix_fmt": "yuv411p",
            "sample_aspect_ratio": "8:9",
            "pict_type": "I",
            "interlaced_frame": 1,
            "top_field_first": 0,
            "repeat_pict": 0,
            "chroma_location": "topleft"
        },
        {
            "media_type": "video",
            "stream_index": 0,
            "key_frame": 1,
            "pts": 184,
            "pts_time": "6.139565",
            "pkt_dts": 184,
            "pkt_dts_time": "6.139565",
            "best_effort_timestamp": 184,
            "best_effort_timestamp_time": "6.139565",
            "duration": 1,
            "duration_time": "0.033367",
            "pkt_pos": "22953400",
            "pkt_size": "120000",
            "width": 720,
            "height": 480,
            "crop_top": 0,
            "crop_bottom": 0,
            "crop_left": 0,
            "crop_right": 0,
            "pix_fmt": "yuv411p",
            "sample_aspect_ratio": "8:9",
            "pict_type": "I",
            "interlaced_frame": 1,
            "top_field_first": 0,
            "repeat_pict": 0,
            "chroma_location": "topleft"
        },
        {
            "media_type": "video",
            "stream_index": 0,
            "key_frame": 1,
            "pts": 185,
            "pts_time": "6.172932",
            "pkt_dts": 185,
            "pkt_dts_time": "6.172932",
            "best_effort_timestamp": 185,
            "best_effort_timestamp_time": "6.172932",
            "duration": 1,
            "duration_time": "0.033367",
            "pkt_pos": "23073408",
            "pkt_size": "120000",
            "width": 720,
            "height": 480,
            "crop_top": 0,
            "crop_bottom": 0,
            "crop_left": 0,
            "crop_right": 0,
            "pix_fmt": "yuv411p",
            "sample_aspect_ratio": "8:9",
            "pict_type": "I",
            "interlaced_frame": 1,
            "top_field_first": 0,
            "repeat_pict": 0,
            "chroma_location": "topleft"
        },
        {
            "media_type": "video",
            "stream_index": 0,
            "key_frame": 1,
            "pts": 186,
            "pts_time": "6.206299",
            "pkt_dts": 186,
            "pkt_dts_time": "6.206299",
            "best_effort_timestamp": 186,
            "best_effort_timestamp_time": "6.206299",
            "duration": 1,
            "duration_time": "0.033367",
            "pkt_pos": "23193416",
            "pkt_size": "120000",
            "width": 720,
            "height": 480,
            "crop_top": 0,
            "crop_bottom": 0,
            "crop_left": 0,
            "crop_right": 0,
            "pix_fmt": "yuv411p",
            "sample_aspect_ratio": "8:9",
            "pict_type": "I",
            "interlaced_frame": 1,
            "top_field_first": 0,
            "repeat_pict": 0,
            "chroma_location": "topleft"
        },
        {
            "media_type": "video",
            "stream_index": 0,
            "key_frame": 1,
            "pts": 187,
            "pts_time": "6.239666",
            "pkt_dts": 187,
            "pkt_dts_time": "6.239666",
            "best_effort_timestamp": 187,
            "best_effort_timestamp_time": "6.239666",
            "duration": 1,
            "duration_time": "0.033367",
            "pkt_pos": "23313424",
            "pkt_size": "120000",
            "width": 720,
            "height": 480,
            "crop_top": 0,
            "crop_bottom": 0,
            "crop_left": 0,
            "crop_right": 0,
            "pix_fmt": "yuv411p",
            "sample_aspect_ratio": "8:9",
            "pict_type": "I",
            "interlaced_frame": 1,
            "top_field_first": 0,
            "repeat_pict": 0,
            "chroma_location": "topleft"
        },
        {
            "media_type": "video",
            "stream_index": 0,
            "key_frame": 1,
            "pts": 188,
            "pts_time": "6.273034",
            "pkt_dts": 188,
            "pkt_dts_time": "6.273034",
            "best_effort_timestamp": 188,
            "best_effort_timestamp_time": "6.273034",
            "duration": 1,
            "duration_time": "0.033367",
            "pkt_pos": "23433432",
            "pkt_size": "120000",
            "width": 720,
            "height": 480,
            "crop_top": 0,
            "crop_bottom": 0,
            "crop_left": 0,
            "crop_right": 0,
            "pix_fmt": "yuv411p",
            "sample_aspect_ratio": "8:9",
            "pict_type": "I",
            "interlaced_frame": 1,
            "top_field_first": 0,
            "repeat_pict": 0,
            "chroma_location": "topleft"
        },
        {
            "media_type": "video",
            "stream_index": 0,
            "key_frame": 1,
            "pts": 189,
            "pts_time": "6.306401",
            "pkt_dts": 189,
            "pkt_dts_time": "6.306401",
            "best_effort_timestamp": 189,
            "best_effort_timestamp_time": "6.306401",
            "duration": 1,
            "duration_time": "0.033367",
            "pkt_pos": "23553440",
            "pkt_size": "120000",
            "width": 720,
            "height": 480,
            "crop_top": 0,
            "crop_bottom": 0,
            "crop_left": 0,
            "crop_right": 0,
            "pix_fmt": "yuv411p",
            "sample_aspect_ratio": "8:9",
            "pict_type": "I",
            "interlaced_frame": 1,
            "top_field_first": 0,
            "repeat_pict": 0,
            "chroma_location": "topleft"
        },
        {
            "media_type": "video",
            "stream_index": 0,
            "key_frame": 1,
            "pts": 190,
            "pts_time": "6.339768",
            "pkt_dts": 190,
            "pkt_dts_time": "6.339768",
            "best_effort_timestamp": 190,
            "best_effort_timestamp_time": "6.339768",
            "duration": 1,
            "duration_time": "0.033367",
            "pkt_pos": "23673448",
            "pkt_size": "120000",
            "width": 720,
            "height": 480,
            "crop_top": 0,
            "crop_bottom": 0,
            "crop_left": 0,
            "crop_right": 0,
            "pix_fmt": "yuv411p",
            "sample_aspect_ratio": "8:9",
            "pict_type": "I",
            "interlaced_frame": 1,
            "top_field_first": 0,
            "repeat_pict": 0,
            "chroma_location": "topleft"
        },
        {
            "media_type": "video",
            "stream_index": 0,
            "key_frame": 1,
            "pts": 191,
            "pts_time": "6.373135",
            "pkt_dts": 191,
            "pkt_dts_time": "6.373135",
            "best_effort_timestamp": 191,
            "best_effort_timestamp_time": "6.373135",
            "duration": 1,
            "duration_time": "0.033367",
            "pkt_pos": "23793456",
            "pkt_size": "120000",
            "width": 720,
            "height": 480,
            "crop_top": 0,
            "crop_bottom": 0,
            "crop_left": 0,
            "crop_right": 0,
            "pix_fmt": "yuv411p",
            "sample_aspect_ratio": "8:9",
            "pict_type": "I",
            "interlaced_frame": 1,
            "top_field_first": 0,
            "repeat_pict": 0,
            "chroma_location": "topleft"
        },
        {
            "media_type": "video",
            "stream_index": 0,
            "key_frame": 1,
            "pts": 192,
            "pts_time": "6.406502",
            "pkt_dts": 192,
            "pkt_dts_time": "6.406502",
            "best_effort_timestamp": 192,
            "best_effort_timestamp_time": "6.406502",
            "duration": 1,
            "duration_time": "0.033367",
            "pkt_pos": "23913464",
            "pkt_size": "120000",
            "width": 720,
            "height": 480,
            "crop_top": 0,
            "crop_bottom": 0,
            "crop_left": 0,
            "crop_right": 0,
            "pix_fmt": "yuv411p",
            "sample_aspect_ratio": "8:9",
            "pict_type": "I",
            "interlaced_frame": 1,
            "top_field_first": 0,
            "repeat_pict": 0,
            "chroma_location": "topleft"
        },
        {
            "media_type": "video",
            "stream_index": 0,
            "key_frame": 1,
            "pts": 193,
            "pts_time": "6.439870",
            "pkt_dts": 193,
            "pkt_dts_time": "6.439870",
            "best_effort_timestamp": 193,
            "best_effort_timestamp_time": "6.439870",
            "duration": 1,
            "duration_time": "0.033367",
            "pkt_pos": "24033472",
            "pkt_size": "120000",
            "width": 720,
            "height": 480,
            "crop_top": 0,
            "crop_bottom": 0,
            "crop_left": 0,
            "crop_right": 0,
            "pix_fmt": "yuv411p",
            "sample_aspect_ratio": "8:9",
            "pict_type": "I",
            "interlaced_frame": 1,
            "top_field_first": 0,
            "repeat_pict": 0,
            "chroma_location": "topleft"
        },
        {
            "media_type": "video",
            "stream_index": 0,
            "key_frame": 1,
            "pts": 194,
            "pts_time": "6.473237",
            "pkt_dts": 194,
            "pkt_dts_time": "6.473237",
            "best_effort_timestamp": 194,
            "best_effort_timestamp_time": "6.473237",
            "duration": 1,
            "duration_time": "0.033367",
            "pkt_pos": "24153480",
            "pkt_size": "120000",
            "width": 720,
            "height": 480,
            "crop_top": 0,
            "crop_bottom": 0,
            "crop_left": 0,
            "crop_right": 0,
            "pix_fmt": "yuv411p",
            "sample_aspect_ratio": "8:9",
            "pict_type": "I",
            "interlaced_frame": 1,
            "top_field_first": 0,
            "repeat_pict": 0,
            "chroma_location": "topleft"
        },
        {
            "media_type": "video",
            "stream_index": 0,
            "key_frame": 1,
            "pts": 195,
            "pts_time": "6.506604",
            "pkt_dts": 195,
            "pkt_dts_time": "6.506604",
            "best_effort_timestamp": 195,
            "best_effort_timestamp_time": "6.506604",
            "duration": 1,
            "duration_time": "0.033367",
            "pkt_pos": "24273488",
            "pkt_size": "120000",
            "width": 720,
            "height": 480,
            "crop_top": 0,
            "crop_bottom": 0,
            "crop_left": 0,
            "crop_right": 0,
            "pix_fmt": "yuv411p",
            "sample_aspect_ratio": "8:9",
            "pict_type": "I",
            "interlaced_frame": 1,
            "top_field_first": 0,
            "repeat_pict": 0,
            "chroma_location": "topleft"
        },
        {
            "media_type": "video",
            "stream_index": 0,
            "key_frame": 1,
            "pts": 196,
            "pts_time": "6.539971",
            "pkt_dts": 196,
            "pkt_dts_time": "6.539971",
            "best_effort_timestamp": 196,
            "best_effort_timestamp_time": "6.539971",
            "duration": 1,
            "duration_time": "0.033367",
            "pkt_pos": "24393496",
            "pkt_size": "120000",
            "width": 720,
            "height": 480,
            "crop_top": 0,
            "crop_bottom": 0,
            "crop_left": 0,
            "crop_right": 0,
            "pix_fmt": "yuv411p",
            "sample_aspect_ratio": "8:9",
            "pict_type": "I",
            "interlaced_frame": 1,
            "top_field_first": 0,
            "repeat_pict": 0,
            "chroma_location": "topleft"
        },
        {
            "media_type": "video",
            "stream_index": 0,
            "key_frame": 1,
            "pts": 197,
            "pts_time": "6.573338",
            "pkt_dts": 197,
            "pkt_dts_time": "6.573338",
            "best_effort_timestamp": 197,
            "best_effort_timestamp_time": "6.573338",
            "duration": 1,
            "duration_time": "0.033367",
            "pkt_pos": "24513504",
            "pkt_size": "120000",
            "width": 720,
            "height": 480,
            "crop_top": 0,
            "crop_bottom": 0,
            "crop_left": 0,
            "crop_right": 0,
            "pix_fmt": "yuv411p",
            "sample_aspect_ratio": "8:9",
            "pict_type": "I",
            "interlaced_frame": 1,
            "top_field_first": 0,
            "repeat_pict": 0,
            "chroma_location": "topleft"
        },
        {
            "media_type": "video",
            "stream_index": 0,
            "key_frame": 1,
            "pts": 198,
            "pts_time": "6.606706",
            "pkt_dts": 198,
            "pkt_dts_time": "6.606706",
            "best_effort_timestamp": 198,
            "best_effort_timestamp_time": "6.606706",
            "duration": 1,
            "duration_time": "0.033367",
            "pkt_pos": "24633512",
            "pkt_size": "120000",
            "width": 720,
            "height": 480,
            "crop_top": 0,
            "crop_bottom": 0,
            "crop_left": 0,
            "crop_right": 0,
            "pix_fmt": "yuv411p",
            "sample_aspect_ratio": "8:9",
            "pict_type": "I",
            "interlaced_frame": 1,
            "top_field_first": 0,
            "repeat_pict": 0,
            "chroma_location": "topleft"
        },
        {
            "media_type": "video",
            "stream_index": 0,
            "key_frame": 1,
            "pts": 199,
            "pts_time": "6.640073",
            "pkt_dts": 199,
            "pkt_dts_time": "6.640073",
            "best_effort_timestamp": 199,
            "best_effort_timestamp_time": "6.640073",
            "duration": 1,
            "duration_time": "0.033367",
            "pkt_pos": "24753520",
            "pkt_size": "120000",
            "width": 720,
            "height": 480,
            "crop_top": 0,
            "crop_bottom": 0,
            "crop_left": 0,
            "crop_right": 0,
            "pix_fmt": "yuv411p",
            "sample_aspect_ratio": "8:9",
            "pict_type": "I",
            "interlaced_frame": 1,
            "top_field_first": 0,
            "repeat_pict": 0,
            "chroma_location": "topleft"
        },
        {
            "media_type": "video",
            "stream_index": 0,
            "key_frame": 1,
            "pts": 200,
            "pts_time": "6.673440",
            "pkt_dts": 200,
            "pkt_dts_time": "6.673440",
            "best_effort_timestamp": 200,
            "best_effort_timestamp_time": "6.673440",
            "duration": 1,
            "duration_time": "0.033367",
            "pkt_pos": "24873528",
            "pkt_size": "120000",
            "width": 720,
            "height": 480,
            "crop_top": 0,
            "crop_bottom": 0,
            "crop_left": 0,
            "crop_right": 0,
            "pix_fmt": "yuv411p",
            "sample_aspect_ratio": "8:9",
            "pict_type": "I",
            "interlaced_frame": 1,
            "top_field_first": 0,
            "repeat_pict": 0,
            "chroma_location": "topleft"
        },
        {
            "media_type": "video",
            "stream_index": 0,
            "key_frame": 1,
            "pts": 201,
            "pts_time": "6.706807",
            "pkt_dts": 201,
            "pkt_dts_time": "6.706807",
            "best_effort_timestamp": 201,
            "best_effort_timestamp_time": "6.706807",
            "duration": 1,
            "duration_time": "0.033367",
            "pkt_pos": "24993536",
            "pkt_size": "120000",
            "width": 720,
            "height": 480,
            "crop_top": 0,
            "crop_bottom": 0,
            "crop_left": 0,
            "crop_right": 0,
            "pix_fmt": "yuv411p",
            "sample_aspect_ratio": "8:9",
            "pict_type": "I",
            "interlaced_frame": 1,
            "top_field_first": 0,
            "repeat_pict": 0,
            "chroma_location": "topleft"
        },
        {
            "media_type": "video",
            "stream_index": 0,
            "key_frame": 1,
            "pts": 202,
            "pts_time": "6.740174",
            "pkt_dts": 202,
            "pkt_dts_time": "6.740174",
            "best_effort_timestamp": 202,
            "best_effort_timestamp_time": "6.740174",
            "duration": 1,
            "duration_time": "0.033367",
            "pkt_pos": "25113544",
            "pkt_size": "120000",
            "width": 720,
            "height": 480,
            "crop_top": 0,
            "crop_bottom": 0,
            "crop_left": 0,
            "crop_right": 0,
            "pix_fmt": "yuv411p",
            "sample_aspect_ratio": "8:9",
            "pict_type": "I",
            "interlaced_frame": 1,
            "top_field_first": 0,
            "repeat_pict": 0,
            "chroma_location": "topleft"
        },
        {
            "media_type": "video",
            "stream_index": 0,
            "key_frame": 1,
            "pts": 203,
            "pts_time": "6.773542",
            "pkt_dts": 203,
            "pkt_dts_time": "6.773542",
            "best_effort_timestamp": 203,
            "best_effort_timestamp_time": "6.773542",
            "duration": 1,
            "duration_time": "0.033367",
            "pkt_pos": "25357420",
            "pkt_size": "120000",
            "width": 720,
            "height": 480,
            "crop_top": 0,
            "crop_bottom": 0,
            "crop_left": 0,
            "crop_right": 0,
            "pix_fmt": "yuv411p",
            "sample_aspect_ratio": "8:9",
            "pict_type": "I",
            "interlaced_frame": 1,
            "top_field_first": 0,
            "repeat_pict": 0,
            "chroma_location": "topleft"
        },
        {
            "media_type": "video",
            "stream_index": 0,
            "key_frame": 1,
            "pts": 204,
            "pts_time": "6.806909",
            "pkt_dts": 204,
            "pkt_dts_time": "6.806909",
            "best_effort_timestamp": 204,
            "best_effort_timestamp_time": "6.806909",
            "duration": 1,
            "duration_time": "0.033367",
            "pkt_pos": "25477428",
            "pkt_size": "120000",
            "width": 720,
            "height": 480,
            "crop_top": 0,
            "crop_bottom": 0,
            "crop_left": 0,
            "crop_right": 0,
            "pix_fmt": "yuv411p",
            "sample_aspect_ratio": "8:9",
            "pict_type": "I",
            "interlaced_frame": 1,
            "top_field_first": 0,
            "repeat_pict": 0,
            "chroma_location": "topleft"
        },
        {
            "media_type": "video",
            "stream_index": 0,
            "key_frame": 1,
            "pts": 205,
            "pts_time": "6.840276",
            "pkt_dts": 205,
            "pkt_dts_time": "6.840276",
            "best_effort_timestamp": 205,
            "best_effort_timestamp_time": "6.840276",
            "duration": 1,
            "duration_time": "0.033367",
            "pkt_pos": "25597436",
            "pkt_size": "120000",
            "width": 720,
            "height": 480,
            "crop_top": 0,
            "crop_bottom": 0,
            "crop_left": 0,
            "crop_right": 0,
            "pix_fmt": "yuv411p",
            "sample_aspect_ratio": "8:9",
            "pict_type": "I",
            "interlaced_frame": 1,
            "top_field_first": 0,
            "repeat_pict": 0,
            "chroma_location": "topleft"
        },
        {
            "media_type": "video",
            "stream_index": 0,
            "key_frame": 1,
            "pts": 206,
            "pts_time": "6.873643",
            "pkt_dts": 206,
            "pkt_dts_time": "6.873643",
            "best_effort_timestamp": 206,
            "best_effort_timestamp_time": "6.873643",
            "duration": 1,
            "duration_time": "0.033367",
            "pkt_pos": "25717444",
            "pkt_size": "120000",
            "width": 720,
            "height": 480,
            "crop_top": 0,
            "crop_bottom": 0,
            "crop_left": 0,
            "crop_right": 0,
            "pix_fmt": "yuv411p",
            "sample_aspect_ratio": "8:9",
            "pict_type": "I",
            "interlaced_frame": 1,
            "top_field_first": 0,
            "repeat_pict": 0,
            "chroma_location": "topleft"
        },
        {
            "media_type": "video",
            "stream_index": 0,
            "key_frame": 1,
            "pts": 207,
            "pts_time": "6.907010",
            "pkt_dts": 207,
            "pkt_dts_time": "6.907010",
            "best_effort_timestamp": 207,
            "best_effort_timestamp_time": "6.907010",
            "duration": 1,
            "duration_time": "0.033367",
            "pkt_pos": "25837452",
            "pkt_size": "120000",
            "width": 720,
            "height": 480,
            "crop_top": 0,
            "crop_bottom": 0,
            "crop_left": 0,
            "crop_right": 0,
            "pix_fmt": "yuv411p",
            "sample_aspect_ratio": "8:9",
            "pict_type": "I",
            "interlaced_frame": 1,
            "top_field_first": 0,
            "repeat_pict": 0,
            "chroma_location": "topleft"
        },
        {
            "media_type": "video",
            "stream_index": 0,
            "key_frame": 1,
            "pts": 208,
            "pts_time": "6.940378",
            "pkt_dts": 208,
            "pkt_dts_time": "6.940378",
            "best_effort_timestamp": 208,
            "best_effort_timestamp_time": "6.940378",
            "duration": 1,
            "duration_time": "0.033367",
            "pkt_pos": "25957460",
            "pkt_size": "120000",
            "width": 720,
            "height": 480,
            "crop_top": 0,
            "crop_bottom": 0,
            "crop_left": 0,
            "crop_right": 0,
            "pix_fmt": "yuv411p",
            "sample_aspect_ratio": "8:9",
            "pict_type": "I",
            "interlaced_frame": 1,
            "top_field_first": 0,
            "repeat_pict": 0,
            "chroma_location": "topleft"
        },
        {
            "media_type": "video",
            "stream_index": 0,
            "key_frame": 1,
            "pts": 209,
            "pts_time": "6.973745",
            "pkt_dts": 209,
            "pkt_dts_time": "6.973745",
            "best_effort_timestamp": 209,
            "best_effort_timestamp_time": "6.973745",
            "duration": 1,
            "duration_time": "0.033367",
            "pkt_pos": "26077468",
            "pkt_size": "120000",
            "width": 720,
            "height": 480,
            "crop_top": 0,
            "crop_bottom": 0,
            "crop_left": 0,
            "crop_right": 0,
            "pix_fmt": "yuv411p",
            "sample_aspect_ratio": "8:9",
            "pict_type": "I",
            "interlaced_frame": 1,
            "top_field_first": 0,
            "repeat_pict": 0,
            "chroma_location": "topleft"
        },
        {
            "media_type": "video",
            "stream_index": 0,
            "key_frame": 1,
            "pts": 210,
            "pts_time": "7.007112",
            "pkt_dts": 210,
            "pkt_dts_time": "7.007112",
            "best_effort_timestamp": 210,
            "best_effort_timestamp_time": "7.007112",
            "duration": 1,
            "duration_time": "0.033367",
            "pkt_pos": "26197476",
            "pkt_size": "120000",
            "width": 720,
            "height": 480,
            "crop_top": 0,
            "crop_bottom": 0,
            "crop_left": 0,
            "crop_right": 0,
            "pix_fmt": "yuv411p",
            "sample_aspect_ratio": "8:9",
            "pict_type": "I",
            "interlaced_frame": 1,
            "top_field_first": 0,
            "repeat_pict": 0,
            "chroma_location": "topleft"
        },
        {
            "media_type": "video",
            "stream_index": 0,
            "key_frame": 1,
            "pts": 211,
            "pts_time": "7.040479",
            "pkt_dts": 211,
            "pkt_dts_time": "7.040479",
            "best_effort_timestamp": 211,
            "best_effort_timestamp_time": "7.040479",
            "duration": 1,
            "duration_time": "0.033367",
            "pkt_pos": "26317484",
            "pkt_size": "120000",
            "width": 720,
            "height": 480,
            "crop_top": 0,
            "crop_bottom": 0,
            "crop_left": 0,
            "crop_right": 0,
            "pix_fmt": "yuv411p",
            "sample_aspect_ratio": "8:9",
            "pict_type": "I",
            "interlaced_frame": 1,
            "top_field_first": 0,
            "repeat_pict": 0,
            "chroma_location": "topleft"
        },
        {
            "media_type": "video",
            "stream_index": 0,
            "key_frame": 1,
            "pts": 212,
            "pts_time": "7.073846",
            "pkt_dts": 212,
            "pkt_dts_time": "7.073846",
            "best_effort_timestamp": 212,
            "best_effort_timestamp_time": "7.073846",
            "duration": 1,
            "duration_time": "0.033367",
            "pkt_pos": "26437492",
            "pkt_size": "120000",
            "width": 720,
            "height": 480,
            "crop_top": 0,
            "crop_bottom": 0,
            "crop_left": 0,
            "crop_right": 0,
            "pix_fmt": "yuv411p",
            "sample_aspect_ratio": "8:9",
            "pict_type": "I",
            "interlaced_frame": 1,
            "top_field_first": 0,
            "repeat_pict": 0,
            "chroma_location": "topleft"
        },
        {
            "media_type": "video",
            "stream_index": 0,
            "key_frame": 1,
            "pts": 213,
            "pts_time": "7.107214",
            "pkt_dts": 213,
            "pkt_dts_time": "7.107214",
            "best_effort_timestamp": 213,
            "best_effort_timestamp_time": "7.107214",
            "duration": 1,
            "duration_time": "0.033367",
            "pkt_pos": "26557500",
            "pkt_size": "120000",
            "width": 720,
            "height": 480,
            "crop_top": 0,
            "crop_bottom": 0,
            "crop_left": 0,
            "crop_right": 0,
            "pix_fmt": "yuv411p",
            "sample_aspect_ratio": "8:9",
            "pict_type": "I",
            "interlaced_frame": 1,
            "top_field_first": 0,
            "repeat_pict": 0,
            "chroma_location": "topleft"
        },
        {
            "media_type": "video",
            "stream_index": 0,
            "key_frame": 1,
            "pts": 214,
            "pts_time": "7.140581",
            "pkt_dts": 214,
            "pkt_dts_time": "7.140581",
            "best_effort_timestamp": 214,
            "best_effort_timestamp_time": "7.140581",
            "duration": 1,
            "duration_time": "0.033367",
            "pkt_pos": "26677508",
            "pkt_size": "120000",
            "width": 720,
            "height": 480,
            "crop_top": 0,
            "crop_bottom": 0,
            "crop_left": 0,
            "crop_right": 0,
            "pix_fmt": "yuv411p",
            "sample_aspect_ratio": "8:9",
            "pict_type": "I",
            "interlaced_frame": 1,
            "top_field_first": 0,
            "repeat_pict": 0,
            "chroma_location": "topleft"
        },
        {
            "media_type": "video",
            "stream_index": 0,
            "key_frame": 1,
            "pts": 215,
            "pts_time": "7.173948",
            "pkt_dts": 215,
            "pkt_dts_time": "7.173948",
            "best_effort_timestamp": 215,
            "best_effort_timestamp_time": "7.173948",
            "duration": 1,
            "duration_time": "0.033367",
            "pkt_pos": "26797516",
            "pkt_size": "120000",
            "width": 720,
            "height": 480,
            "crop_top": 0,
            "crop_bottom": 0,
            "crop_left": 0,
            "crop_right": 0,
            "pix_fmt": "yuv411p",
            "sample_aspect_ratio": "8:9",
            "pict_type": "I",
            "interlaced_frame": 1,
            "top_field_first": 0,
            "repeat_pict": 0,
            "chroma_location": "topleft"
        },
        {
            "media_type": "video",
            "stream_index": 0,
            "key_frame": 1,
            "pts": 216,
            "pts_time": "7.207315",
            "pkt_dts": 216,
            "pkt_dts_time": "7.207315",
            "best_effort_timestamp": 216,
            "best_effort_timestamp_time": "7.207315",
            "duration": 1,
            "duration_time": "0.033367",
            "pkt_pos": "26917524",
            "pkt_size": "120000",
            "width": 720,
            "height": 480,
            "crop_top": 0,
            "crop_bottom": 0,
            "crop_left": 0,
            "crop_right": 0,
            "pix_fmt": "yuv411p",
            "sample_aspect_ratio": "8:9",
            "pict_type": "I",
            "interlaced_frame": 1,
            "top_field_first": 0,
            "repeat_pict": 0,
            "chroma_location": "topleft"
        },
        {
            "media_type": "video",
            "stream_index": 0,
            "key_frame": 1,
            "pts": 217,
            "pts_time": "7.240682",
            "pkt_dts": 217,
            "pkt_dts_time": "7.240682",
            "best_effort_timestamp": 217,
            "best_effort_timestamp_time": "7.240682",
            "duration": 1,
            "duration_time": "0.033367",
            "pkt_pos": "27037532",
            "pkt_size": "120000",
            "width": 720,
            "height": 480,
            "crop_top": 0,
            "crop_bottom": 0,
            "crop_left": 0,
            "crop_right": 0,
            "pix_fmt": "yuv411p",
            "sample_aspect_ratio": "8:9",
            "pict_type": "I",
            "interlaced_frame": 1,
            "top_field_first": 0,
            "repeat_pict": 0,
            "chroma_location": "topleft"
        },
        {
            "media_type": "video",
            "stream_index": 0,
            "key_frame": 1,
            "pts": 218,
            "pts_time": "7.274050",
            "pkt_dts": 218,
            "pkt_dts_time": "7.274050",
            "best_effort_timestamp": 218,
            "best_effort_timestamp_time": "7.274050",
            "duration": 1,
            "duration_time": "0.033367",
            "pkt_pos": "27157540",
            "pkt_size": "120000",
            "width": 720,
            "height": 480,
            "crop_top": 0,
            "crop_bottom": 0,
            "crop_left": 0,
            "crop_right": 0,
            "pix_fmt": "yuv411p",
            "sample_aspect_ratio": "8:9",
            "pict_type": "I",
            "interlaced_frame": 1,
            "top_field_first": 0,
            "repeat_pict": 0,
            "chroma_location": "topleft"
        },
        {
            "media_type": "video",
            "stream_index": 0,
            "key_frame": 1,
            "pts": 219,
            "pts_time": "7.307417",
            "pkt_dts": 219,
            "pkt_dts_time": "7.307417",
            "best_effort_timestamp": 219,
            "best_effort_timestamp_time": "7.307417",
            "duration": 1,
            "duration_time": "0.033367",
            "pkt_pos": "27277548",
            "pkt_size": "120000",
            "width": 720,
            "height": 480,
            "crop_top": 0,
            "crop_bottom": 0,
            "crop_left": 0,
            "crop_right": 0,
            "pix_fmt": "yuv411p",
            "sample_aspect_ratio": "8:9",
            "pict_type": "I",
            "interlaced_frame": 1,
            "top_field_first": 0,
            "repeat_pict": 0,
            "chroma_location": "topleft"
        },
        {
            "media_type": "video",
            "stream_index": 0,
            "key_frame": 1,
            "pts": 220,
            "pts_time": "7.340784",
            "pkt_dts": 220,
            "pkt_dts_time": "7.340784",
            "best_effort_timestamp": 220,
            "best_effort_timestamp_time": "7.340784",
            "duration": 1,
            "duration_time": "0.033367",
            "pkt_pos": "27397556",
            "pkt_size": "120000",
            "width": 720,
            "height": 480,
            "crop_top": 0,
            "crop_bottom": 0,
            "crop_left": 0,
            "crop_right": 0,
            "pix_fmt": "yuv411p",
            "sample_aspect_ratio": "8:9",
            "pict_type": "I",
            "interlaced_frame": 1,
            "top_field_first": 0,
            "repeat_pict": 0,
            "chroma_location": "topleft"
        },
        {
            "media_type": "video",
            "stream_index": 0,
            "key_frame": 1,
            "pts": 221,
            "pts_time": "7.374151",
            "pkt_dts": 221,
            "pkt_dts_time": "7.374151",
            "best_effort_timestamp": 221,
            "best_effort_timestamp_time": "7.374151",
            "duration": 1,
            "duration_time": "0.033367",
            "pkt_pos": "27517564",
            "pkt_size": "120000",
            "width": 720,
            "height": 480,
            "crop_top": 0,
            "crop_bottom": 0,
            "crop_left": 0,
            "crop_right": 0,
            "pix_fmt": "yuv411p",
            "sample_aspect_ratio": "8:9",
            "pict_type": "I",
            "interlaced_frame": 1,
            "top_field_first": 0,
            "repeat_pict": 0,
            "chroma_location": "topleft"
        },
        {
            "media_type": "video",
            "stream_index": 0,
            "key_frame": 1,
            "pts": 222,
            "pts_time": "7.407518",
            "pkt_dts": 222,
            "pkt_dts_time": "7.407518",
            "best_effort_timestamp": 222,
            "best_effort_timestamp_time": "7.407518",
            "duration": 1,
            "duration_time": "0.033367",
            "pkt_pos": "27637572",
            "pkt_size": "120000",
            "width": 720,
            "height": 480,
            "crop_top": 0,
            "crop_bottom": 0,
            "crop_left": 0,
            "crop_right": 0,
            "pix_fmt": "yuv411p",
            "sample_aspect_ratio": "8:9",
            "pict_type": "I",
            "interlaced_frame": 1,
            "top_field_first": 0,
            "repeat_pict": 0,
            "chroma_location": "topleft"
        },
        {
            "media_type": "video",
            "stream_index": 0,
            "key_frame": 1,
            "pts": 223,
            "pts_time": "7.440886",
            "pkt_dts": 223,
            "pkt_dts_time": "7.440886",
            "best_effort_timestamp": 223,
            "best_effort_timestamp_time": "7.440886",
            "duration": 1,
            "duration_time": "0.033367",
            "pkt_pos": "27757580",
            "pkt_size": "120000",
            "width": 720,
            "height": 480,
            "crop_top": 0,
            "crop_bottom": 0,
            "crop_left": 0,
            "crop_right": 0,
            "pix_fmt": "yuv411p",
            "sample_aspect_ratio": "8:9",
            "pict_type": "I",
            "interlaced_frame": 1,
            "top_field_first": 0,
            "repeat_pict": 0,
            "chroma_location": "topleft"
        },
        {
            "media_type": "video",
            "stream_index": 0,
            "key_frame": 1,
            "pts": 224,
            "pts_time": "7.474253",
            "pkt_dts": 224,
            "pkt_dts_time": "7.474253",
            "best_effort_timestamp": 224,
            "best_effort_timestamp_time": "7.474253",
            "duration": 1,
            "duration_time": "0.033367",
            "pkt_pos": "27877588",
            "pkt_size": "120000",
            "width": 720,
            "height": 480,
            "crop_top": 0,
            "crop_bottom": 0,
            "crop_left": 0,
            "crop_right": 0,
            "pix_fmt": "yuv411p",
            "sample_aspect_ratio": "8:9",
            "pict_type": "I",
            "interlaced_frame": 1,
            "top_field_first": 0,
            "repeat_pict": 0,
            "chroma_location": "topleft"
        },
        {
            "media_type": "video",
            "stream_index": 0,
            "key_frame": 1,
            "pts": 225,
            "pts_time": "7.507620",
            "pkt_dts": 225,
            "pkt_dts_time": "7.507620",
            "best_effort_timestamp": 225,
            "best_effort_timestamp_time": "7.507620",
            "duration": 1,
            "duration_time": "0.033367",
            "pkt_pos": "27997596",
            "pkt_size": "120000",
            "width": 720,
            "height": 480,
            "crop_top": 0,
            "crop_bottom": 0,
            "crop_left": 0,
            "crop_right": 0,
            "pix_fmt": "yuv411p",
            "sample_aspect_ratio": "8:9",
            "pict_type": "I",
            "interlaced_frame": 1,
            "top_field_first": 0,
            "repeat_pict": 0,
            "chroma_location": "topleft"
        },
        {
            "media_type": "video",
            "stream_index": 0,
            "key_frame": 1,
            "pts": 226,
            "pts_time": "7.540987",
            "pkt_dts": 226,
            "pkt_dts_time": "7.540987",
            "best_effort_timestamp": 226,
            "best_effort_timestamp_time": "7.540987",
            "duration": 1,
            "duration_time": "0.033367",
            "pkt_pos": "28117604",
            "pkt_size": "120000",
            "width": 720,
            "height": 480,
            "crop_top": 0,
            "crop_bottom": 0,
            "crop_left": 0,
            "crop_right": 0,
            "pix_fmt": "yuv411p",
            "sample_aspect_ratio": "8:9",
            "pict_type": "I",
            "interlaced_frame": 1,
            "top_field_first": 0,
            "repeat_pict": 0,
            "chroma_location": "topleft"
        },
        {
            "media_type": "video",
            "stream_index": 0,
            "key_frame": 1,
            "pts": 227,
            "pts_time": "7.574354",
            "pkt_dts": 227,
            "pkt_dts_time": "7.574354",
            "best_effort_timestamp": 227,
            "best_effort_timestamp_time": "7.574354",
            "duration": 1,
            "duration_time": "0.033367",
            "pkt_pos": "28237612",
            "pkt_size": "120000",
            "width": 720,
            "height": 480,
            "crop_top": 0,
            "crop_bottom": 0,
            "crop_left": 0,
            "crop_right": 0,
            "pix_fmt": "yuv411p",
            "sample_aspect_ratio": "8:9",
            "pict_type": "I",
            "interlaced_frame": 1,
            "top_field_first": 0,
            "repeat_pict": 0,
            "chroma_location": "topleft"
        },
        {
            "media_type": "video",
            "stream_index": 0,
            "key_frame": 1,
            "pts": 228,
            "pts_time": "7.607722",
            "pkt_dts": 228,
            "pkt_dts_time": "7.607722",
            "best_effort_timestamp": 228,
            "best_effort_timestamp_time": "7.607722",
            "duration": 1,
            "duration_time": "0.033367",
            "pkt_pos": "28357620",
            "pkt_size": "120000",
            "width": 720,
            "height": 480,
            "crop_top": 0,
            "crop_bottom": 0,
            "crop_left": 0,
            "crop_right": 0,
            "pix_fmt": "yuv411p",
            "sample_aspect_ratio": "8:9",
            "pict_type": "I",
            "interlaced_frame": 1,
            "top_field_first": 0,
            "repeat_pict": 0,
            "chroma_location": "topleft"
        },
        {
            "media_type": "video",
            "stream_index": 0,
            "key_frame": 1,
            "pts": 229,
            "pts_time": "7.641089",
            "pkt_dts": 229,
            "pkt_dts_time": "7.641089",
            "best_effort_timestamp": 229,
            "best_effort_timestamp_time": "7.641089",
            "duration": 1,
            "duration_time": "0.033367",
            "pkt_pos": "28477628",
            "pkt_size": "120000",
            "width": 720,
            "height": 480,
            "crop_top": 0,
            "crop_bottom": 0,
            "crop_left": 0,
            "crop_right": 0,
            "pix_fmt": "yuv411p",
            "sample_aspect_ratio": "8:9",
            "pict_type": "I",
            "interlaced_frame": 1,
            "top_field_first": 0,
            "repeat_pict": 0,
            "chroma_location": "topleft"
        },
        {
            "media_type": "video",
            "stream_index": 0,
            "key_frame": 1,
            "pts": 230,
            "pts_time": "7.674456",
            "pkt_dts": 230,
            "pkt_dts_time": "7.674456",
            "best_effort_timestamp": 230,
            "best_effort_timestamp_time": "7.674456",
            "duration": 1,
            "duration_time": "0.033367",
            "pkt_pos": "28597636",
            "pkt_size": "120000",
            "width": 720,
            "height": 480,
            "crop_top": 0,
            "crop_bottom": 0,
            "crop_left": 0,
            "crop_right": 0,
            "pix_fmt": "yuv411p",
            "sample_aspect_ratio": "8:9",
            "pict_type": "I",
            "interlaced_frame": 1,
            "top_field_first": 0,
            "repeat_pict": 0,
            "chroma_location": "topleft"
        },
        {
            "media_type": "video",
            "stream_index": 0,
            "key_frame": 1,
            "pts": 231,
            "pts_time": "7.707823",
            "pkt_dts": 231,
            "pkt_dts_time": "7.707823",
            "best_effort_timestamp": 231,
            "best_effort_timestamp_time": "7.707823",
            "duration": 1,
            "duration_time": "0.033367",
            "pkt_pos": "28717644",
            "pkt_size": "120000",
            "width": 720,
            "height": 480,
            "crop_top": 0,
            "crop_bottom": 0,
            "crop_left": 0,
            "crop_right": 0,
            "pix_fmt": "yuv411p",
            "sample_aspect_ratio": "8:9",
            "pict_type": "I",
            "interlaced_frame": 1,
            "top_field_first": 0,
            "repeat_pict": 0,
            "chroma_location": "topleft"
        },
        {
            "media_type": "video",
            "stream_index": 0,
            "key_frame": 1,
            "pts": 232,
            "pts_time": "7.741190",
            "pkt_dts": 232,
            "pkt_dts_time": "7.741190",
            "best_effort_timestamp": 232,
            "best_effort_timestamp_time": "7.741190",
            "duration": 1,
            "duration_time": "0.033367",
            "pkt_pos": "28961516",
            "pkt_size": "120000",
            "width": 720,
            "height": 480,
            "crop_top": 0,
            "crop_bottom": 0,
            "crop_left": 0,
            "crop_right": 0,
            "pix_fmt": "yuv411p",
            "sample_aspect_ratio": "8:9",
            "pict_type": "I",
            "interlaced_frame": 1,
            "top_field_first": 0,
            "repeat_pict": 0,
            "chroma_location": "topleft"
        },
        {
            "media_type": "video",
            "stream_index": 0,
            "key_frame": 1,
            "pts": 233,
            "pts_time": "7.774558",
            "pkt_dts": 233,
            "pkt_dts_time": "7.774558",
            "best_effort_timestamp": 233,
            "best_effort_timestamp_time": "7.774558",
            "duration": 1,
            "duration_time": "0.033367",
            "pkt_pos": "29081524",
            "pkt_size": "120000",
            "width": 720,
            "height": 480,
            "crop_top": 0,
            "crop_bottom": 0,
            "crop_left": 0,
            "crop_right": 0,
            "pix_fmt": "yuv411p",
            "sample_aspect_ratio": "8:9",
            "pict_type": "I",
            "interlaced_frame": 1,
            "top_field_first": 0,
            "repeat_pict": 0,
            "chroma_location": "topleft"
        },
        {
            "media_type": "video",
            "stream_index": 0,
            "key_frame": 1,
            "pts": 234,
            "pts_time": "7.807925",
            "pkt_dts": 234,
            "pkt_dts_time": "7.807925",
            "best_effort_timestamp": 234,
            "best_effort_timestamp_time": "7.807925",
            "duration": 1,
            "duration_time": "0.033367",
            "pkt_pos": "29201532",
            "pkt_size": "120000",
            "width": 720,
            "height": 480,
            "crop_top": 0,
            "crop_bottom": 0,
            "crop_left": 0,
            "crop_right": 0,
            "pix_fmt": "yuv411p",
            "sample_aspect_ratio": "8:9",
            "pict_type": "I",
            "interlaced_frame": 1,
            "top_field_first": 0,
            "repeat_pict": 0,
            "chroma_location": "topleft"
        },
        {
            "media_type": "video",
            "stream_index": 0,
            "key_frame": 1,
            "pts": 235,
            "pts_time": "7.841292",
            "pkt_dts": 235,
            "pkt_dts_time": "7.841292",
            "best_effort_timestamp": 235,
            "best_effort_timestamp_time": "7.841292",
            "duration": 1,
            "duration_time": "0.033367",
            "pkt_pos": "29321540",
            "pkt_size": "120000",
            "width": 720,
            "height": 480,
            "crop_top": 0,
            "crop_bottom": 0,
            "crop_left": 0,
            "crop_right": 0,
            "pix_fmt": "yuv411p",
            "sample_aspect_ratio": "8:9",
            "pict_type": "I",
            "interlaced_frame": 1,
            "top_field_first": 0,
            "repeat_pict": 0,
            "chroma_location": "topleft"
        },
        {
            "media_type": "video",
            "stream_index": 0,
            "key_frame": 1,
            "pts": 236,
            "pts_time": "7.874659",
            "pkt_dts": 236,
            "pkt_dts_time": "7.874659",
            "best_effort_timestamp": 236,
            "best_effort_timestamp_time": "7.874659",
            "duration": 1,
            "duration_time": "0.033367",
            "pkt_pos": "29441548",
            "pkt_size": "120000",
            "width": 720,
            "height": 480,
            "crop_top": 0,
            "crop_bottom": 0,
            "crop_left": 0,
            "crop_right": 0,
            "pix_fmt": "yuv411p",
            "sample_aspect_ratio": "8:9",
            "pict_type": "I",
            "interlaced_frame": 1,
            "top_field_first": 0,
            "repeat_pict": 0,
            "chroma_location": "topleft"
        },
        {
            "media_type": "video",
            "stream_index": 0,
            "key_frame": 1,
            "pts": 237,
            "pts_time": "7.908026",
            "pkt_dts": 237,
            "pkt_dts_time": "7.908026",
            "best_effort_timestamp": 237,
            "best_effort_timestamp_time": "7.908026",
            "duration": 1,
            "duration_time": "0.033367",
            "pkt_pos": "29561556",
            "pkt_size": "120000",
            "width": 720,
            "height": 480,
            "crop_top": 0,
            "crop_bottom": 0,
            "crop_left": 0,
            "crop_right": 0,
            "pix_fmt": "yuv411p",
            "sample_aspect_ratio": "8:9",
            "pict_type": "I",
            "interlaced_frame": 1,
            "top_field_first": 0,
            "repeat_pict": 0,
            "chroma_location": "topleft"
        },
        {
            "media_type": "video",
            "stream_index": 0,
            "key_frame": 1,
            "pts": 238,
            "pts_time": "7.941394",
            "pkt_dts": 238,
            "pkt_dts_time": "7.941394",
            "best_effort_timestamp": 238,
            "best_effort_timestamp_time": "7.941394",
            "duration": 1,
            "duration_time": "0.033367",
            "pkt_pos": "29681564",
            "pkt_size": "120000",
            "width": 720,
            "height": 480,
            "crop_top": 0,
            "crop_bottom": 0,
            "crop_left": 0,
            "crop_right": 0,
            "pix_fmt": "yuv411p",
            "sample_aspect_ratio": "8:9",
            "pict_type": "I",
            "interlaced_frame": 1,
            "top_field_first": 0,
            "repeat_pict": 0,
            "chroma_location": "topleft"
        },
        {
            "media_type": "video",
            "stream_index": 0,
            "key_frame": 1,
            "pts": 239,
            "pts_time": "7.974761",
            "pkt_dts": 239,
            "pkt_dts_time": "7.974761",
            "best_effort_timestamp": 239,
            "best_effort_timestamp_time": "7.974761",
            "duration": 1,
            "duration_time": "0.033367",
            "pkt_pos": "29801572",
            "pkt_size": "120000",
            "width": 720,
            "height": 480,
            "crop_top": 0,
            "crop_bottom": 0,
            "crop_left": 0,
            "crop_right": 0,
            "pix_fmt": "yuv411p",
            "sample_aspect_ratio": "8:9",
            "pict_type": "I",
            "interlaced_frame": 1,
            "top_field_first": 0,
            "repeat_pict": 0,
            "chroma_location": "topleft"
        },
        {
            "media_type": "video",
            "stream_index": 0,
            "key_frame": 1,
            "pts": 240,
            "pts_time": "8.008128",
            "pkt_dts": 240,
            "pkt_dts_time": "8.008128",
            "best_effort_timestamp": 240,
            "best_effort_timestamp_time": "8.008128",
            "duration": 1,
            "duration_time": "0.033367",
            "pkt_pos": "29921580",
            "pkt_size": "120000",
            "width": 720,
            "height": 480,
            "crop_top": 0,
            "crop_bottom": 0,
            "crop_left": 0,
            "crop_right": 0,
            "pix_fmt": "yuv411p",
            "sample_aspect_ratio": "8:9",
            "pict_type": "I",
            "interlaced_frame": 1,
            "top_field_first": 0,
            "repeat_pict": 0,
            "chroma_location": "topleft"
        },
        {
            "media_type": "video",
            "stream_index": 0,
            "key_frame": 1,
            "pts": 241,
            "pts_time": "8.041495",
            "pkt_dts": 241,
            "pkt_dts_time": "8.041495",
            "best_effort_timestamp": 241,
            "best_effort_timestamp_time": "8.041495",
            "duration": 1,
            "duration_time": "0.033367",
            "pkt_pos": "30041588",
            "pkt_size": "120000",
            "width": 720,
            "height": 480,
            "crop_top": 0,
            "crop_bottom": 0,
            "crop_left": 0,
            "crop_right": 0,
            "pix_fmt": "yuv411p",
            "sample_aspect_ratio": "8:9",
            "pict_type": "I",
            "interlaced_frame": 1,
            "top_field_first": 0,
            "repeat_pict": 0,
            "chroma_location": "topleft"
        },
        {
            "media_type": "video",
            "stream_index": 0,
            "key_frame": 1,
            "pts": 242,
            "pts_time": "8.074862",
            "pkt_dts": 242,
            "pkt_dts_time": "8.074862",
            "best_effort_timestamp": 242,
            "best_effort_timestamp_time": "8.074862",
            "duration": 1,
            "duration_time": "0.033367",
            "pkt_pos": "30161596",
            "pkt_size": "120000",
            "width": 720,
            "height": 480,
            "crop_top": 0,
            "crop_bottom": 0,
            "crop_left": 0,
            "crop_right": 0,
            "pix_fmt": "yuv411p",
            "sample_aspect_ratio": "8:9",
            "pict_type": "I",
            "interlaced_frame": 1,
            "top_field_first": 0,
            "repeat_pict": 0,
            "chroma_location": "topleft"
        },
        {
            "media_type": "video",
            "stream_index": 0,
            "key_frame": 1,
            "pts": 243,
            "pts_time": "8.108230",
            "pkt_dts": 243,
            "pkt_dts_time": "8.108230",
            "best_effort_timestamp": 243,
            "best_effort_timestamp_time": "8.108230",
            "duration": 1,
            "duration_time": "0.033367",
            "pkt_pos": "30281604",
            "pkt_size": "120000",
            "width": 720,
            "height": 480,
            "crop_top": 0,
            "crop_bottom": 0,
            "crop_left": 0,
            "crop_right": 0,
            "pix_fmt": "yuv411p",
            "sample_aspect_ratio": "8:9",
            "pict_type": "I",
            "interlaced_frame": 1,
            "top_field_first": 0,
            "repeat_pict": 0,
            "chroma_location": "topleft"
        },
        {
            "media_type": "video",
            "stream_index": 0,
            "key_frame": 1,
            "pts": 244,
            "pts_time": "8.141597",
            "pkt_dts": 244,
            "pkt_dts_time": "8.141597",
            "best_effort_timestamp": 244,
            "best_effort_timestamp_time": "8.141597",
            "duration": 1,
            "duration_time": "0.033367",
            "pkt_pos": "30401612",
            "pkt_size": "120000",
            "width": 720,
            "height": 480,
            "crop_top": 0,
            "crop_bottom": 0,
            "crop_left": 0,
            "crop_right": 0,
            "pix_fmt": "yuv411p",
            "sample_aspect_ratio": "8:9",
            "pict_type": "I",
            "interlaced_frame": 1,
            "top_field_first": 0,
            "repeat_pict": 0,
            "chroma_location": "topleft"
        },
        {
            "media_type": "video",
            "stream_index": 0,
            "key_frame": 1,
            "pts": 245,
            "pts_time": "8.174964",
            "pkt_dts": 245,
            "pkt_dts_time": "8.174964",
            "best_effort_timestamp": 245,
            "best_effort_timestamp_time": "8.174964",
            "duration": 1,
            "duration_time": "0.033367",
            "pkt_pos": "30521620",
            "pkt_size": "120000",
            "width": 720,
            "height": 480,
            "crop_top": 0,
            "crop_bottom": 0,
            "crop_left": 0,
            "crop_right": 0,
            "pix_fmt": "yuv411p",
            "sample_aspect_ratio": "8:9",
            "pict_type": "I",
            "interlaced_frame": 1,
            "top_field_first": 0,
            "repeat_pict": 0,
            "chroma_location": "topleft"
        },
        {
            "media_type": "video",
            "stream_index": 0,
            "key_frame": 1,
            "pts": 246,
            "pts_time": "8.208331",
            "pkt_dts": 246,
            "pkt_dts_time": "8.208331",
            "best_effort_timestamp": 246,
            "best_effort_timestamp_time": "8.208331",
            "duration": 1,
            "duration_time": "0.033367",
            "pkt_pos": "30641628",
            "pkt_size": "120000",
            "width": 720,
            "height": 480,
            "crop_top": 0,
            "crop_bottom": 0,
            "crop_left": 0,
            "crop_right": 0,
            "pix_fmt": "yuv411p",
            "sample_aspect_ratio": "8:9",
            "pict_type": "I",
            "interlaced_frame": 1,
            "top_field_first": 0,
            "repeat_pict": 0,
            "chroma_location": "topleft"
        },
        {
            "media_type": "video",
            "stream_index": 0,
            "key_frame": 1,
            "pts": 247,
            "pts_time": "8.241698",
            "pkt_dts": 247,
            "pkt_dts_time": "8.241698",
            "best_effort_timestamp": 247,
            "best_effort_timestamp_time": "8.241698",
            "duration": 1,
            "duration_time": "0.033367",
            "pkt_pos": "30761636",
            "pkt_size": "120000",
            "width": 720,
            "height": 480,
            "crop_top": 0,
            "crop_bottom": 0,
            "crop_left": 0,
            "crop_right": 0,
            "pix_fmt": "yuv411p",
            "sample_aspect_ratio": "8:9",
            "pict_type": "I",
            "interlaced_frame": 1,
            "top_field_first": 0,
            "repeat_pict": 0,
            "chroma_location": "topleft"
        },
        {
            "media_type": "video",
            "stream_index": 0,
            "key_frame": 1,
            "pts": 248,
            "pts_time": "8.275066",
            "pkt_dts": 248,
            "pkt_dts_time": "8.275066",
            "best_effort_timestamp": 248,
            "best_effort_timestamp_time": "8.275066",
            "duration": 1,
            "duration_time": "0.033367",
            "pkt_pos": "30881644",
            "pkt_size": "120000",
            "width": 720,
            "height": 480,
            "crop_top": 0,
            "crop_bottom": 0,
            "crop_left": 0,
            "crop_right": 0,
            "pix_fmt": "yuv411p",
            "sample_aspect_ratio": "8:9",
            "pict_type": "I",
            "interlaced_frame": 1,
            "top_field_first": 0,
            "repeat_pict": 0,
            "chroma_location": "topleft"
        },
        {
            "media_type": "video",
            "stream_index": 0,
            "key_frame": 1,
            "pts": 249,
            "pts_time": "8.308433",
            "pkt_dts": 249,
            "pkt_dts_time": "8.308433",
            "best_effort_timestamp": 249,
            "best_effort_timestamp_time": "8.308433",
            "duration": 1,
            "duration_time": "0.033367",
            "pkt_pos": "31001652",
            "pkt_size": "120000",
            "width": 720,
            "height": 480,
            "crop_top": 0,
            "crop_bottom": 0,
            "crop_left": 0,
            "crop_right": 0,
            "pix_fmt": "yuv411p",
            "sample_aspect_ratio": "8:9",
            "pict_type": "I",
            "interlaced_frame": 1,
            "top_field_first": 0,
            "repeat_pict": 0,
            "chroma_location": "topleft"
        },
        {
            "media_type": "video",
            "stream_index": 0,
            "key_frame": 1,
            "pts": 250,
            "pts_time": "8.341800",
            "pkt_dts": 250,
            "pkt_dts_time": "8.341800",
            "best_effort_timestamp": 250,
            "best_effort_timestamp_time": "8.341800",
            "duration": 1,
            "duration_time": "0.033367",
            "pkt_pos": "31121660",
            "pkt_size": "120000",
            "width": 720,
            "height": 480,
            "crop_top": 0,
            "crop_bottom": 0,
            "crop_left": 0,
            "crop_right": 0,
            "pix_fmt": "yuv411p",
            "sample_aspect_ratio": "8:9",
            "pict_type": "I",
            "interlaced_frame": 1,
            "top_field_first": 0,
            "repeat_pict": 0,
            "chroma_location": "topleft"
        },
        {
            "media_type": "video",
            "stream_index": 0,
            "key_frame": 1,
            "pts": 251,
            "pts_time": "8.375167",
            "pkt_dts": 251,
            "pkt_dts_time": "8.375167",
            "best_effort_timestamp": 251,
            "best_effort_timestamp_time": "8.375167",
            "duration": 1,
            "duration_time": "0.033367",
            "pkt_pos": "31241668",
            "pkt_size": "120000",
            "width": 720,
            "height": 480,
            "crop_top": 0,
            "crop_bottom": 0,
            "crop_left": 0,
            "crop_right": 0,
            "pix_fmt": "yuv411p",
            "sample_aspect_ratio": "8:9",
            "pict_type": "I",
            "interlaced_frame": 1,
            "top_field_first": 0,
            "repeat_pict": 0,
            "chroma_location": "topleft"
        },
        {
            "media_type": "video",
            "stream_index": 0,
            "key_frame": 1,
            "pts": 252,
            "pts_time": "8.408534",
            "pkt_dts": 252,
            "pkt_dts_time": "8.408534",
            "best_effort_timestamp": 252,
            "best_effort_timestamp_time": "8.408534",
            "duration": 1,
            "duration_time": "0.033367",
            "pkt_pos": "31361676",
            "pkt_size": "120000",
            "width": 720,
            "height": 480,
            "crop_top": 0,
            "crop_bottom": 0,
            "crop_left": 0,
            "crop_right": 0,
            "pix_fmt": "yuv411p",
            "sample_aspect_ratio": "8:9",
            "pict_type": "I",
            "interlaced_frame": 1,
            "top_field_first": 0,
            "repeat_pict": 0,
            "chroma_location": "topleft"
        },
        {
            "media_type": "video",
            "stream_index": 0,
            "key_frame": 1,
            "pts": 253,
            "pts_time": "8.441902",
            "pkt_dts": 253,
            "pkt_dts_time": "8.441902",
            "best_effort_timestamp": 253,
            "best_effort_timestamp_time": "8.441902",
            "duration": 1,
            "duration_time": "0.033367",
            "pkt_pos": "31481684",
            "pkt_size": "120000",
            "width": 720,
            "height": 480,
            "crop_top": 0,
            "crop_bottom": 0,
            "crop_left": 0,
            "crop_right": 0,
            "pix_fmt": "yuv411p",
            "sample_aspect_ratio": "8:9",
            "pict_type": "I",
            "interlaced_frame": 1,
            "top_field_first": 0,
            "repeat_pict": 0,
            "chroma_location": "topleft"
        },
        {
            "media_type": "video",
            "stream_index": 0,
            "key_frame": 1,
            "pts": 254,
            "pts_time": "8.475269",
            "pkt_dts": 254,
            "pkt_dts_time": "8.475269",
            "best_effort_timestamp": 254,
            "best_effort_timestamp_time": "8.475269",
            "duration": 1,
            "duration_time": "0.033367",
            "pkt_pos": "31601692",
            "pkt_size": "120000",
            "width": 720,
            "height": 480,
            "crop_top": 0,
            "crop_bottom": 0,
            "crop_left": 0,
            "crop_right": 0,
            "pix_fmt": "yuv411p",
            "sample_aspect_ratio": "8:9",
            "pict_type": "I",
            "interlaced_frame": 1,
            "top_field_first": 0,
            "repeat_pict": 0,
            "chroma_location": "topleft"
        },
        {
            "media_type": "video",
            "stream_index": 0,
            "key_frame": 1,
            "pts": 255,
            "pts_time": "8.508636",
            "pkt_dts": 255,
            "pkt_dts_time": "8.508636",
            "best_effort_timestamp": 255,
            "best_effort_timestamp_time": "8.508636",
            "duration": 1,
            "duration_time": "0.033367",
            "pkt_pos": "31721700",
            "pkt_size": "120000",
            "width": 720,
            "height": 480,
            "crop_top": 0,
            "crop_bottom": 0,
            "crop_left": 0,
            "crop_right": 0,
            "pix_fmt": "yuv411p",
            "sample_aspect_ratio": "8:9",
            "pict_type": "I",
            "interlaced_frame": 1,
            "top_field_first": 0,
            "repeat_pict": 0,
            "chroma_location": "topleft"
        },
        {
            "media_type": "video",
            "stream_index": 0,
            "key_frame": 1,
            "pts": 256,
            "pts_time": "8.542003",
            "pkt_dts": 256,
            "pkt_dts_time": "8.542003",
            "best_effort_timestamp": 256,
            "best_effort_timestamp_time": "8.542003",
            "duration": 1,
            "duration_time": "0.033367",
            "pkt_pos": "31841708",
            "pkt_size": "120000",
            "width": 720,
            "height": 480,
            "crop_top": 0,
            "crop_bottom": 0,
            "crop_left": 0,
            "crop_right": 0,
            "pix_fmt": "yuv411p",
            "sample_aspect_ratio": "8:9",
            "pict_type": "I",
            "interlaced_frame": 1,
            "top_field_first": 0,
            "repeat_pict": 0,
            "chroma_location": "topleft"
        },
        {
            "media_type": "video",
            "stream_index": 0,
            "key_frame": 1,
            "pts": 257,
            "pts_time": "8.575370",
            "pkt_dts": 257,
            "pkt_dts_time": "8.575370",
            "best_effort_timestamp": 257,
            "best_effort_timestamp_time": "8.575370",
            "duration": 1,
            "duration_time": "0.033367",
            "pkt_pos": "31961716",
            "pkt_size": "120000",
            "width": 720,
            "height": 480,
            "crop_top": 0,
            "crop_bottom": 0,
            "crop_left": 0,
            "crop_right": 0,
            "pix_fmt": "yuv411p",
            "sample_aspect_ratio": "8:9",
            "pict_type": "I",
            "interlaced_frame": 1,
            "top_field_first": 0,
            "repeat_pict": 0,
            "chroma_location": "topleft"
        },
        {
            "media_type": "video",
            "stream_index": 0,
            "key_frame": 1,
            "pts": 258,
            "pts_time": "8.608738",
            "pkt_dts": 258,
            "pkt_dts_time": "8.608738",
            "best_effort_timestamp": 258,
            "best_effort_timestamp_time": "8.608738",
            "duration": 1,
            "duration_time": "0.033367",
            "pkt_pos": "32081724",
            "pkt_size": "120000",
            "width": 720,
            "height": 480,
            "crop_top": 0,
            "crop_bottom": 0,
            "crop_left": 0,
            "crop_right": 0,
            "pix_fmt": "yuv411p",
            "sample_aspect_ratio": "8:9",
            "pict_type": "I",
            "interlaced_frame": 1,
            "top_field_first": 0,
            "repeat_pict": 0,
            "chroma_location": "topleft"
        },
        {
            "media_type": "video",
            "stream_index": 0,
            "key_frame": 1,
            "pts": 259,
            "pts_time": "8.642105",
            "pkt_dts": 259,
            "pkt_dts_time": "8.642105",
            "best_effort_timestamp": 259,
            "best_effort_timestamp_time": "8.642105",
            "duration": 1,
            "duration_time": "0.033367",
            "pkt_pos": "32201732",
            "pkt_size": "120000",
            "width": 720,
            "height": 480,
            "crop_top": 0,
            "crop_bottom": 0,
            "crop_left": 0,
            "crop_right": 0,
            "pix_fmt": "yuv411p",
            "sample_aspect_ratio": "8:9",
            "pict_type": "I",
            "interlaced_frame": 1,
            "top_field_first": 0,
            "repeat_pict": 0,
            "chroma_location": "topleft"
        },
        {
            "media_type": "video",
            "stream_index": 0,
            "key_frame": 1,
            "pts": 260,
            "pts_time": "8.675472",
            "pkt_dts": 260,
            "pkt_dts_time": "8.675472",
            "best_effort_timestamp": 260,
            "best_effort_timestamp_time": "8.675472",
            "duration": 1,
            "duration_time": "0.033367",
            "pkt_pos": "32321740",
            "pkt_size": "120000",
            "width": 720,
            "height": 480,
            "crop_top": 0,
            "crop_bottom": 0,
            "crop_left": 0,
            "crop_right": 0,
            "pix_fmt": "yuv411p",
            "sample_aspect_ratio": "8:9",
            "pict_type": "I",
            "interlaced_frame": 1,
            "top_field_first": 0,
            "repeat_pict": 0,
            "chroma_location": "topleft"
        },
        {
            "media_type": "video",
            "stream_index": 0,
            "key_frame": 1,
            "pts": 261,
            "pts_time": "8.708839",
            "pkt_dts": 261,
            "pkt_dts_time": "8.708839",
            "best_effort_timestamp": 261,
            "best_effort_timestamp_time": "8.708839",
            "duration": 1,
            "duration_time": "0.033367",
            "pkt_pos": "32565612",
            "pkt_size": "120000",
            "width": 720,
            "height": 480,
            "crop_top": 0,
            "crop_bottom": 0,
            "crop_left": 0,
            "crop_right": 0,
            "pix_fmt": "yuv411p",
            "sample_aspect_ratio": "8:9",
            "pict_type": "I",
            "interlaced_frame": 1,
            "top_field_first": 0,
            "repeat_pict": 0,
            "chroma_location": "topleft"
        },
        {
            "media_type": "video",
            "stream_index": 0,
            "key_frame": 1,
            "pts": 262,
            "pts_time": "8.742206",
            "pkt_dts": 262,
            "pkt_dts_time": "8.742206",
            "best_effort_timestamp": 262,
            "best_effort_timestamp_time": "8.742206",
            "duration": 1,
            "duration_time": "0.033367",
            "pkt_pos": "32685620",
            "pkt_size": "120000",
            "width": 720,
            "height": 480,
            "crop_top": 0,
            "crop_bottom": 0,
            "crop_left": 0,
            "crop_right": 0,
            "pix_fmt": "yuv411p",
            "sample_aspect_ratio": "8:9",
            "pict_type": "I",
            "interlaced_frame": 1,
            "top_field_first": 0,
            "repeat_pict": 0,
            "chroma_location": "topleft"
        },
        {
            "media_type": "video",
            "stream_index": 0,
            "key_frame": 1,
            "pts": 263,
            "pts_time": "8.775574",
            "pkt_dts": 263,
            "pkt_dts_time": "8.775574",
            "best_effort_timestamp": 263,
            "best_effort_timestamp_time": "8.775574",
            "duration": 1,
            "duration_time": "0.033367",
            "pkt_pos": "32805628",
            "pkt_size": "120000",
            "width": 720,
            "height": 480,
            "crop_top": 0,
            "crop_bottom": 0,
            "crop_left": 0,
            "crop_right": 0,
            "pix_fmt": "yuv411p",
            "sample_aspect_ratio": "8:9",
            "pict_type": "I",
            "interlaced_frame": 1,
            "top_field_first": 0,
            "repeat_pict": 0,
            "chroma_location": "topleft"
        },
        {
            "media_type": "video",
            "stream_index": 0,
            "key_frame": 1,
            "pts": 264,
            "pts_time": "8.808941",
            "pkt_dts": 264,
            "pkt_dts_time": "8.808941",
            "best_effort_timestamp": 264,
            "best_effort_timestamp_time": "8.808941",
            "duration": 1,
            "duration_time": "0.033367",
            "pkt_pos": "32925636",
            "pkt_size": "120000",
            "width": 720,
            "height": 480,
            "crop_top": 0,
            "crop_bottom": 0,
            "crop_left": 0,
            "crop_right": 0,
            "pix_fmt": "yuv411p",
            "sample_aspect_ratio": "8:9",
            "pict_type": "I",
            "interlaced_frame": 1,
            "top_field_first": 0,
            "repeat_pict": 0,
            "chroma_location": "topleft"
        },
        {
            "media_type": "video",
            "stream_index": 0,
            "key_frame": 1,
            "pts": 265,
            "pts_time": "8.842308",
            "pkt_dts": 265,
            "pkt_dts_time": "8.842308",
            "best_effort_timestamp": 265,
            "best_effort_timestamp_time": "8.842308",
            "duration": 1,
            "duration_time": "0.033367",
            "pkt_pos": "33045644",
            "pkt_size": "120000",
            "width": 720,
            "height": 480,
            "crop_top": 0,
            "crop_bottom": 0,
            "crop_left": 0,
            "crop_right": 0,
            "pix_fmt": "yuv411p",
            "sample_aspect_ratio": "8:9",
            "pict_type": "I",
            "interlaced_frame": 1,
            "top_field_first": 0,
            "repeat_pict": 0,
            "chroma_location": "topleft"
        },
        {
            "media_type": "video",
            "stream_index": 0,
            "key_frame": 1,
            "pts": 266,
            "pts_time": "8.875675",
            "pkt_dts": 266,
            "pkt_dts_time": "8.875675",
            "best_effort_timestamp": 266,
            "best_effort_timestamp_time": "8.875675",
            "duration": 1,
            "duration_time": "0.033367",
            "pkt_pos": "33165652",
            "pkt_size": "120000",
            "width": 720,
            "height": 480,
            "crop_top": 0,
            "crop_bottom": 0,
            "crop_left": 0,
            "crop_right": 0,
            "pix_fmt": "yuv411p",
            "sample_aspect_ratio": "8:9",
            "pict_type": "I",
            "interlaced_frame": 1,
            "top_field_first": 0,
            "repeat_pict": 0,
            "chroma_location": "topleft"
        },
        {
            "media_type": "video",
            "stream_index": 0,
            "key_frame": 1,
            "pts": 267,
            "pts_time": "8.909042",
            "pkt_dts": 267,
            "pkt_dts_time": "8.909042",
            "best_effort_timestamp": 267,
            "best_effort_timestamp_time": "8.909042",
            "duration": 1,
            "duration_time": "0.033367",
            "pkt_pos": "33285660",
            "pkt_size": "120000",
            "width": 720,
            "height": 480,
            "crop_top": 0,
            "crop_bottom": 0,
            "crop_left": 0,
            "crop_right": 0,
            "pix_fmt": "yuv411p",
            "sample_aspect_ratio": "8:9",
            "pict_type": "I",
            "interlaced_frame": 1,
            "top_field_first": 0,
            "repeat_pict": 0,
            "chroma_location": "topleft"
        },
        {
            "media_type": "video",
            "stream_index": 0,
            "key_frame": 1,
            "pts": 268,
            "pts_time": "8.942410",
            "pkt_dts": 268,
            "pkt_dts_time": "8.942410",
            "best_effort_timestamp": 268,
            "best_effort_timestamp_time": "8.942410",
            "duration": 1,
            "duration_time": "0.033367",
            "pkt_pos": "33405668",
            "pkt_size": "120000",
            "width": 720,
            "height": 480,
            "crop_top": 0,
            "crop_bottom": 0,
            "crop_left": 0,
            "crop_right": 0,
            "pix_fmt": "yuv411p",
            "sample_aspect_ratio": "8:9",
            "pict_type": "I",
            "interlaced_frame": 1,
            "top_field_first": 0,
            "repeat_pict": 0,
            "chroma_location": "topleft"
        },
        {
            "media_type": "video",
            "stream_index": 0,
            "key_frame": 1,
            "pts": 269,
            "pts_time": "8.975777",
            "pkt_dts": 269,
            "pkt_dts_time": "8.975777",
            "best_effort_timestamp": 269,
            "best_effort_timestamp_time": "8.975777",
            "duration": 1,
            "duration_time": "0.033367",
            "pkt_pos": "33525676",
            "pkt_size": "120000",
            "width": 720,
            "height": 480,
            "crop_top": 0,
            "crop_bottom": 0,
            "crop_left": 0,
            "crop_right": 0,
            "pix_fmt": "yuv411p",
            "sample_aspect_ratio": "8:9",
            "pict_type": "I",
            "interlaced_frame": 1,
            "top_field_first": 0,
            "repeat_pict": 0,
            "chroma_location": "topleft"
        },
        {
            "media_type": "video",
            "stream_index": 0,
            "key_frame": 1,
            "pts": 270,
            "pts_time": "9.009144",
            "pkt_dts": 270,
            "pkt_dts_time": "9.009144",
            "best_effort_timestamp": 270,
            "best_effort_timestamp_time": "9.009144",
            "duration": 1,
            "duration_time": "0.033367",
            "pkt_pos": "33645684",
            "pkt_size": "120000",
            "width": 720,
            "height": 480,
            "crop_top": 0,
            "crop_bottom": 0,
            "crop_left": 0,
            "crop_right": 0,
            "pix_fmt": "yuv411p",
            "sample_aspect_ratio": "8:9",
            "pict_type": "I",
            "interlaced_frame": 1,
            "top_field_first": 0,
            "repeat_pict": 0,
            "chroma_location": "topleft"
        },
        {
            "media_type": "video",
            "stream_index": 0,
            "key_frame": 1,
            "pts": 271,
            "pts_time": "9.042511",
            "pkt_dts": 271,
            "pkt_dts_time": "9.042511",
            "best_effort_timestamp": 271,
            "best_effort_timestamp_time": "9.042511",
            "duration": 1,
            "duration_time": "0.033367",
            "pkt_pos": "33765692",
            "pkt_size": "120000",
            "width": 720,
            "height": 480,
            "crop_top": 0,
            "crop_bottom": 0,
            "crop_left": 0,
            "crop_right": 0,
            "pix_fmt": "yuv411p",
            "sample_aspect_ratio": "8:9",
            "pict_type": "I",
            "interlaced_frame": 1,
            "top_field_first": 0,
            "repeat_pict": 0,
            "chroma_location": "topleft"
        },
        {
            "media_type": "video",
            "stream_index": 0,
            "key_frame": 1,
            "pts": 272,
            "pts_time": "9.075878",
            "pkt_dts": 272,
            "pkt_dts_time": "9.075878",
            "best_effort_timestamp": 272,
            "best_effort_timestamp_time": "9.075878",
            "duration": 1,
            "duration_time": "0.033367",
            "pkt_pos": "33885700",
            "pkt_size": "120000",
            "width": 720,
            "height": 480,
            "crop_top": 0,
            "crop_bottom": 0,
            "crop_left": 0,
            "crop_right": 0,
            "pix_fmt": "yuv411p",
            "sample_aspect_ratio": "8:9",
            "pict_type": "I",
            "interlaced_frame": 1,
            "top_field_first": 0,
            "repeat_pict": 0,
            "chroma_location": "topleft"
        },
        {
            "media_type": "video",
            "stream_index": 0,
            "key_frame": 1,
            "pts": 273,
            "pts_time": "9.109246",
            "pkt_dts": 273,
            "pkt_dts_time": "9.109246",
            "best_effort_timestamp": 273,
            "best_effort_timestamp_time": "9.109246",
            "duration": 1,
            "duration_time": "0.033367",
            "pkt_pos": "34005708",
            "pkt_size": "120000",
            "width": 720,
            "height": 480,
            "crop_top": 0,
            "crop_bottom": 0,
            "crop_left": 0,
            "crop_right": 0,
            "pix_fmt": "yuv411p",
            "sample_aspect_ratio": "8:9",
            "pict_type": "I",
            "interlaced_frame": 1,
            "top_field_first": 0,
            "repeat_pict": 0,
            "chroma_location": "topleft"
        },
        {
            "media_type": "video",
            "stream_index": 0,
            "key_frame": 1,
            "pts": 274,
            "pts_time": "9.142613",
            "pkt_dts": 274,
            "pkt_dts_time": "9.142613",
            "best_effort_timestamp": 274,
            "best_effort_timestamp_time": "9.142613",
            "duration": 1,
            "duration_time": "0.033367",
            "pkt_pos": "34125716",
            "pkt_size": "120000",
            "width": 720,
            "height": 480,
            "crop_top": 0,
            "crop_bottom": 0,
            "crop_left": 0,
            "crop_right": 0,
            "pix_fmt": "yuv411p",
            "sample_aspect_ratio": "8:9",
            "pict_type": "I",
            "interlaced_frame": 1,
            "top_field_first": 0,
            "repeat_pict": 0,
            "chroma_location": "topleft"
        },
        {
            "media_type": "video",
            "stream_index": 0,
            "key_frame": 1,
            "pts": 275,
            "pts_time": "9.175980",
            "pkt_dts": 275,
            "pkt_dts_time": "9.175980",
            "best_effort_timestamp": 275,
            "best_effort_timestamp_time": "9.175980",
            "duration": 1,
            "duration_time": "0.033367",
            "pkt_pos": "34245724",
            "pkt_size": "120000",
            "width": 720,
            "height": 480,
            "crop_top": 0,
            "crop_bottom": 0,
            "crop_left": 0,
            "crop_right": 0,
            "pix_fmt": "yuv411p",
            "sample_aspect_ratio": "8:9",
            "pict_type": "I",
            "interlaced_frame": 1,
            "top_field_first": 0,
            "repeat_pict": 0,
            "chroma_location": "topleft"
        },
        {
            "media_type": "video",
            "stream_index": 0,
            "key_frame": 1,
            "pts": 276,
            "pts_time": "9.209347",
            "pkt_dts": 276,
            "pkt_dts_time": "9.209347",
            "best_effort_timestamp": 276,
            "best_effort_timestamp_time": "9.209347",
            "duration": 1,
            "duration_time": "0.033367",
            "pkt_pos": "34365732",
            "pkt_size": "120000",
            "width": 720,
            "height": 480,
            "crop_top": 0,
            "crop_bottom": 0,
            "crop_left": 0,
            "crop_right": 0,
            "pix_fmt": "yuv411p",
            "sample_aspect_ratio": "8:9",
            "pict_type": "I",
            "interlaced_frame": 1,
            "top_field_first": 0,
            "repeat_pict": 0,
            "chroma_location": "topleft"
        },
        {
            "media_type": "video",
            "stream_index": 0,
            "key_frame": 1,
            "pts": 277,
            "pts_time": "9.242714",
            "pkt_dts": 277,
            "pkt_dts_time": "9.242714",
            "best_effort_timestamp": 277,
            "best_effort_timestamp_time": "9.242714",
            "duration": 1,
            "duration_time": "0.033367",
            "pkt_pos": "34485740",
            "pkt_size": "120000",
            "width": 720,
            "height": 480,
            "crop_top": 0,
            "crop_bottom": 0,
            "crop_left": 0,
            "crop_right": 0,
            "pix_fmt": "yuv411p",
            "sample_aspect_ratio": "8:9",
            "pict_type": "I",
            "interlaced_frame": 1,
            "top_field_first": 0,
            "repeat_pict": 0,
            "chroma_location": "topleft"
        },
        {
            "media_type": "video",
            "stream_index": 0,
            "key_frame": 1,
            "pts": 278,
            "pts_time": "9.276082",
            "pkt_dts": 278,
            "pkt_dts_time": "9.276082",
            "best_effort_timestamp": 278,
            "best_effort_timestamp_time": "9.276082",
            "duration": 1,
            "duration_time": "0.033367",
            "pkt_pos": "34605748",
            "pkt_size": "120000",
            "width": 720,
            "height": 480,
            "crop_top": 0,
            "crop_bottom": 0,
            "crop_left": 0,
            "crop_right": 0,
            "pix_fmt": "yuv411p",
            "sample_aspect_ratio": "8:9",
            "pict_type": "I",
            "interlaced_frame": 1,
            "top_field_first": 0,
            "repeat_pict": 0,
            "chroma_location": "topleft"
        },
        {
            "media_type": "video",
            "stream_index": 0,
            "key_frame": 1,
            "pts": 279,
            "pts_time": "9.309449",
            "pkt_dts": 279,
            "pkt_dts_time": "9.309449",
            "best_effort_timestamp": 279,
            "best_effort_timestamp_time": "9.309449",
            "duration": 1,
            "duration_time": "0.033367",
            "pkt_pos": "34725756",
            "pkt_size": "120000",
            "width": 720,
            "height": 480,
            "crop_top": 0,
            "crop_bottom": 0,
            "crop_left": 0,
            "crop_right": 0,
            "pix_fmt": "yuv411p",
            "sample_aspect_ratio": "8:9",
            "pict_type": "I",
            "interlaced_frame": 1,
            "top_field_first": 0,
            "repeat_pict": 0,
            "chroma_location": "topleft"
        },
        {
            "media_type": "video",
            "stream_index": 0,
            "key_frame": 1,
            "pts": 280,
            "pts_time": "9.342816",
            "pkt_dts": 280,
            "pkt_dts_time": "9.342816",
            "best_effort_timestamp": 280,
            "best_effort_timestamp_time": "9.342816",
            "duration": 1,
            "duration_time": "0.033367",
            "pkt_pos": "34845764",
            "pkt_size": "120000",
            "width": 720,
            "height": 480,
            "crop_top": 0,
            "crop_bottom": 0,
            "crop_left": 0,
            "crop_right": 0,
            "pix_fmt": "yuv411p",
            "sample_aspect_ratio": "8:9",
            "pict_type": "I",
            "interlaced_frame": 1,
            "top_field_first": 0,
            "repeat_pict": 0,
            "chroma_location": "topleft"
        },
        {
            "media_type": "video",
            "stream_index": 0,
            "key_frame": 1,
            "pts": 281,
            "pts_time": "9.376183",
            "pkt_dts": 281,
            "pkt_dts_time": "9.376183",
            "best_effort_timestamp": 281,
            "best_effort_timestamp_time": "9.376183",
            "duration": 1,
            "duration_time": "0.033367",
            "pkt_pos": "34965772",
            "pkt_size": "120000",
            "width": 720,
            "height": 480,
            "crop_top": 0,
            "crop_bottom": 0,
            "crop_left": 0,
            "crop_right": 0,
            "pix_fmt": "yuv411p",
            "sample_aspect_ratio": "8:9",
            "pict_type": "I",
            "interlaced_frame": 1,
            "top_field_first": 0,
            "repeat_pict": 0,
            "chroma_location": "topleft"
        },
        {
            "media_type": "video",
            "stream_index": 0,
            "key_frame": 1,
            "pts": 282,
            "pts_time": "9.409550",
            "pkt_dts": 282,
            "pkt_dts_time": "9.409550",
            "best_effort_timestamp": 282,
            "best_effort_timestamp_time": "9.409550",
            "duration": 1,
            "duration_time": "0.033367",
            "pkt_pos": "35085780",
            "pkt_size": "120000",
            "width": 720,
            "height": 480,
            "crop_top": 0,
            "crop_bottom": 0,
            "crop_left": 0,
            "crop_right": 0,
            "pix_fmt": "yuv411p",
            "sample_aspect_ratio": "8:9",
            "pict_type": "I",
            "interlaced_frame": 1,
            "top_field_first": 0,
            "repeat_pict": 0,
            "chroma_location": "topleft"
        },
        {
            "media_type": "video",
            "stream_index": 0,
            "key_frame": 1,
            "pts": 283,
            "pts_time": "9.442918",
            "pkt_dts": 283,
            "pkt_dts_time": "9.442918",
            "best_effort_timestamp": 283,
            "best_effort_timestamp_time": "9.442918",
            "duration": 1,
            "duration_time": "0.033367",
            "pkt_pos": "35205788",
            "pkt_size": "120000",
            "width": 720,
            "height": 480,
            "crop_top": 0,
            "crop_bottom": 0,
            "crop_left": 0,
            "crop_right": 0,
            "pix_fmt": "yuv411p",
            "sample_aspect_ratio": "8:9",
            "pict_type": "I",
            "interlaced_frame": 1,
            "top_field_first": 0,
            "repeat_pict": 0,
            "chroma_location": "topleft"
        },
        {
            "media_type": "video",
            "stream_index": 0,
            "key_frame": 1,
            "pts": 284,
            "pts_time": "9.476285",
            "pkt_dts": 284,
            "pkt_dts_time": "9.476285",
            "best_effort_timestamp": 284,
            "best_effort_timestamp_time": "9.476285",
            "duration": 1,
            "duration_time": "0.033367",
            "pkt_pos": "35325796",
            "pkt_size": "120000",
            "width": 720,
            "height": 480,
            "crop_top": 0,
            "crop_bottom": 0,
            "crop_left": 0,
            "crop_right": 0,
            "pix_fmt": "yuv411p",
            "sample_aspect_ratio": "8:9",
            "pict_type": "I",
            "interlaced_frame": 1,
            "top_field_first": 0,
            "repeat_pict": 0,
            "chroma_location": "topleft"
        },
        {
            "media_type": "video",
            "stream_index": 0,
            "key_frame": 1,
            "pts": 285,
            "pts_time": "9.509652",
            "pkt_dts": 285,
            "pkt_dts_time": "9.509652",
            "best_effort_timestamp": 285,
            "best_effort_timestamp_time": "9.509652",
            "duration": 1,
            "duration_time": "0.033367",
            "pkt_pos": "35445804",
            "pkt_size": "120000",
            "width": 720,
            "height": 480,
            "crop_top": 0,
            "crop_bottom": 0,
            "crop_left": 0,
            "crop_right": 0,
            "pix_fmt": "yuv411p",
            "sample_aspect_ratio": "8:9",
            "pict_type": "I",
            "interlaced_frame": 1,
            "top_field_first": 0,
            "repeat_pict": 0,
            "chroma_location": "topleft"
        },
        {
            "media_type": "video",
            "stream_index": 0,
            "key_frame": 1,
            "pts": 286,
            "pts_time": "9.543019",
            "pkt_dts": 286,
            "pkt_dts_time": "9.543019",
            "best_effort_timestamp": 286,
            "best_effort_timestamp_time": "9.543019",
            "duration": 1,
            "duration_time": "0.033367",
            "pkt_pos": "35565812",
            "pkt_size": "120000",
            "width": 720,
            "height": 480,
            "crop_top": 0,
            "crop_bottom": 0,
            "crop_left": 0,
            "crop_right": 0,
            "pix_fmt": "yuv411p",
            "sample_aspect_ratio": "8:9",
            "pict_type": "I",
            "interlaced_frame": 1,
            "top_field_first": 0,
            "repeat_pict": 0,
            "chroma_location": "topleft"
        },
        {
            "media_type": "video",
            "stream_index": 0,
            "key_frame": 1,
            "pts": 287,
            "pts_time": "9.576386",
            "pkt_dts": 287,
            "pkt_dts_time": "9.576386",
            "best_effort_timestamp": 287,
            "best_effort_timestamp_time": "9.576386",
            "duration": 1,
            "duration_time": "0.033367",
            "pkt_pos": "35685820",
            "pkt_size": "120000",
            "width": 720,
            "height": 480,
            "crop_top": 0,
            "crop_bottom": 0,
            "crop_left": 0,
            "crop_right": 0,
            "pix_fmt": "yuv411p",
            "sample_aspect_ratio": "8:9",
            "pict_type": "I",
            "interlaced_frame": 1,
            "top_field_first": 0,
            "repeat_pict": 0,
            "chroma_location": "topleft"
        },
        {
            "media_type": "video",
            "stream_index": 0,
            "key_frame": 1,
            "pts": 288,
            "pts_time": "9.609754",
            "pkt_dts": 288,
            "pkt_dts_time": "9.609754",
            "best_effort_timestamp": 288,
            "best_effort_timestamp_time": "9.609754",
            "duration": 1,
            "duration_time": "0.033367",
            "pkt_pos": "35805828",
            "pkt_size": "120000",
            "width": 720,
            "height": 480,
            "crop_top": 0,
            "crop_bottom": 0,
            "crop_left": 0,
            "crop_right": 0,
            "pix_fmt": "yuv411p",
            "sample_aspect_ratio": "8:9",
            "pict_type": "I",
            "interlaced_frame": 1,
            "top_field_first": 0,
            "repeat_pict": 0,
            "chroma_location": "topleft"
        },
        {
            "media_type": "video",
            "stream_index": 0,
            "key_frame": 1,
            "pts": 289,
            "pts_time": "9.643121",
            "pkt_dts": 289,
            "pkt_dts_time": "9.643121",
            "best_effort_timestamp": 289,
            "best_effort_timestamp_time": "9.643121",
            "duration": 1,
            "duration_time": "0.033367",
            "pkt_pos": "35925836",
            "pkt_size": "120000",
            "width": 720,
            "height": 480,
            "crop_top": 0,
            "crop_bottom": 0,
            "crop_left": 0,
            "crop_right": 0,
            "pix_fmt": "yuv411p",
            "sample_aspect_ratio": "8:9",
            "pict_type": "I",
            "interlaced_frame": 1,
            "top_field_first": 0,
            "repeat_pict": 0,
            "chroma_location": "topleft"
        },
        {
            "media_type": "video",
            "stream_index": 0,
            "key_frame": 1,
            "pts": 290,
            "pts_time": "9.676488",
            "pkt_dts": 290,
            "pkt_dts_time": "9.676488",
            "best_effort_timestamp": 290,
            "best_effort_timestamp_time": "9.676488",
            "duration": 1,
            "duration_time": "0.033367",
            "pkt_pos": "36169708",
            "pkt_size": "120000",
            "width": 720,
            "height": 480,
            "crop_top": 0,
            "crop_bottom": 0,
            "crop_left": 0,
            "crop_right": 0,
            "pix_fmt": "yuv411p",
            "sample_aspect_ratio": "8:9",
            "pict_type": "I",
            "interlaced_frame": 1,
            "top_field_first": 0,
            "repeat_pict": 0,
            "chroma_location": "topleft"
        },
        {
            "media_type": "video",
            "stream_index": 0,
            "key_frame": 1,
            "pts": 291,
            "pts_time": "9.709855",
            "pkt_dts": 291,
            "pkt_dts_time": "9.709855",
            "best_effort_timestamp": 291,
            "best_effort_timestamp_time": "9.709855",
            "duration": 1,
            "duration_time": "0.033367",
            "pkt_pos": "36289716",
            "pkt_size": "120000",
            "width": 720,
            "height": 480,
            "crop_top": 0,
            "crop_bottom": 0,
            "crop_left": 0,
            "crop_right": 0,
            "pix_fmt": "yuv411p",
            "sample_aspect_ratio": "8:9",
            "pict_type": "I",
            "interlaced_frame": 1,
            "top_field_first": 0,
            "repeat_pict": 0,
            "chroma_location": "topleft"
        },
        {
            "media_type": "video",
            "stream_index": 0,
            "key_frame": 1,
            "pts": 292,
            "pts_time": "9.743222",
            "pkt_dts": 292,
            "pkt_dts_time": "9.743222",
            "best_effort_timestamp": 292,
            "best_effort_timestamp_time": "9.743222",
            "duration": 1,
            "duration_time": "0.033367",
            "pkt_pos": "36409724",
            "pkt_size": "120000",
            "width": 720,
            "height": 480,
            "crop_top": 0,
            "crop_bottom": 0,
            "crop_left": 0,
            "crop_right": 0,
            "pix_fmt": "yuv411p",
            "sample_aspect_ratio": "8:9",
            "pict_type": "I",
            "interlaced_frame": 1,
            "top_field_first": 0,
            "repeat_pict": 0,
            "chroma_location": "topleft"
        },
        {
            "media_type": "video",
            "stream_index": 0,
            "key_frame": 1,
            "pts": 293,
            "pts_time": "9.776590",
            "pkt_dts": 293,
            "pkt_dts_time": "9.776590",
            "best_effort_timestamp": 293,
            "best_effort_timestamp_time": "9.776590",
            "duration": 1,
            "duration_time": "0.033367",
            "pkt_pos": "36529732",
            "pkt_size": "120000",
            "width": 720,
            "height": 480,
            "crop_top": 0,
            "crop_bottom": 0,
            "crop_left": 0,
            "crop_right": 0,
            "pix_fmt": "yuv411p",
            "sample_aspect_ratio": "8:9",
            "pict_type": "I",
            "interlaced_frame": 1,
            "top_field_first": 0,
            "repeat_pict": 0,
            "chroma_location": "topleft"
        },
        {
            "media_type": "video",
            "stream_index": 0,
            "key_frame": 1,
            "pts": 294,
            "pts_time": "9.809957",
            "pkt_dts": 294,
            "pkt_dts_time": "9.809957",
            "best_effort_timestamp": 294,
            "best_effort_timestamp_time": "9.809957",
            "duration": 1,
            "duration_time": "0.033367",
            "pkt_pos": "36649740",
            "pkt_size": "120000",
            "width": 720,
            "height": 480,
            "crop_top": 0,
            "crop_bottom": 0,
            "crop_left": 0,
            "crop_right": 0,
            "pix_fmt": "yuv411p",
            "sample_aspect_ratio": "8:9",
            "pict_type": "I",
            "interlaced_frame": 1,
            "top_field_first": 0,
            "repeat_pict": 0,
            "chroma_location": "topleft"
        },
        {
            "media_type": "video",
            "stream_index": 0,
            "key_frame": 1,
            "pts": 295,
            "pts_time": "9.843324",
            "pkt_dts": 295,
            "pkt_dts_time": "9.843324",
            "best_effort_timestamp": 295,
            "best_effort_timestamp_time": "9.843324",
            "duration": 1,
            "duration_time": "0.033367",
            "pkt_pos": "36769748",
            "pkt_size": "120000",
            "width": 720,
            "height": 480,
            "crop_top": 0,
            "crop_bottom": 0,
            "crop_left": 0,
            "crop_right": 0,
            "pix_fmt": "yuv411p",
            "sample_aspect_ratio": "8:9",
            "pict_type": "I",
            "interlaced_frame": 1,
            "top_field_first": 0,
            "repeat_pict": 0,
            "chroma_location": "topleft"
        },
        {
            "media_type": "video",
            "stream_index": 0,
            "key_frame": 1,
            "pts": 296,
            "pts_time": "9.876691",
            "pkt_dts": 296,
            "pkt_dts_time": "9.876691",
            "best_effort_timestamp": 296,
            "best_effort_timestamp_time": "9.876691",
            "duration": 1,
            "duration_time": "0.033367",
            "pkt_pos": "36889756",
            "pkt_size": "120000",
            "width": 720,
            "height": 480,
            "crop_top": 0,
            "crop_bottom": 0,
            "crop_left": 0,
            "crop_right": 0,
            "pix_fmt": "yuv411p",
            "sample_aspect_ratio": "8:9",
            "pict_type": "I",
            "interlaced_frame": 1,
            "top_field_first": 0,
            "repeat_pict": 0,
            "chroma_location": "topleft"
        },
        {
            "media_type": "video",
            "stream_index": 0,
            "key_frame": 1,
            "pts": 297,
            "pts_time": "9.910058",
            "pkt_dts": 297,
            "pkt_dts_time": "9.910058",
            "best_effort_timestamp": 297,
            "best_effort_timestamp_time": "9.910058",
            "duration": 1,
            "duration_time": "0.033367",
            "pkt_pos": "37009764",
            "pkt_size": "120000",
            "width": 720,
            "height": 480,
            "crop_top": 0,
            "crop_bottom": 0,
            "crop_left": 0,
            "crop_right": 0,
            "pix_fmt": "yuv411p",
            "sample_aspect_ratio": "8:9",
            "pict_type": "I",
            "interlaced_frame": 1,
            "top_field_first": 0,
            "repeat_pict": 0,
            "chroma_location": "topleft"
        },
        {
            "media_type": "video",
            "stream_index": 0,
            "key_frame": 1,
            "pts": 298,
            "pts_time": "9.943426",
            "pkt_dts": 298,
            "pkt_dts_time": "9.943426",
            "best_effort_timestamp": 298,
            "best_effort_timestamp_time": "9.943426",
            "duration": 1,
            "duration_time": "0.033367",
            "pkt_pos": "37129772",
            "pkt_size": "120000",
            "width": 720,
            "height": 480,
            "crop_top": 0,
            "crop_bottom": 0,
            "crop_left": 0,
            "crop_right": 0,
            "pix_fmt": "yuv411p",
            "sample_aspect_ratio": "8:9",
            "pict_type": "I",
            "interlaced_frame": 1,
            "top_field_first": 0,
            "repeat_pict": 0,
            "chroma_location": "topleft"
        },
        {
            "media_type": "video",
            "stream_index": 0,
            "key_frame": 1,
            "pts": 299,
            "pts_time": "9.976793",
            "pkt_dts": 299,
            "pkt_dts_time": "9.976793",
            "best_effort_timestamp": 299,
            "best_effort_timestamp_time": "9.976793",
            "duration": 1,
            "duration_time": "0.033367",
            "pkt_pos": "37249780",
            "pkt_size": "120000",
            "width": 720,
            "height": 480,
            "crop_top": 0,
            "crop_bottom": 0,
            "crop_left": 0,
            "crop_right": 0,
            "pix_fmt": "yuv411p",
            "sample_aspect_ratio": "8:9",
            "pict_type": "I",
            "interlaced_frame": 1,
            "top_field_first": 0,
            "repeat_pict": 0,
            "chroma_location": "topleft"
        },
        {
            "media_type": "video",
            "stream_index": 0,
            "key_frame": 1,
            "pts": 300,
            "pts_time": "10.010160",
            "pkt_dts": 300,
            "pkt_dts_time": "10.010160",
            "best_effort_timestamp": 300,
            "best_effort_timestamp_time": "10.010160",
            "duration": 1,
            "duration_time": "0.033367",
            "pkt_pos": "37369788",
            "pkt_size": "120000",
            "width": 720,
            "height": 480,
            "crop_top": 0,
            "crop_bottom": 0,
            "crop_left": 0,
            "crop_right": 0,
            "pix_fmt": "yuv411p",
            "sample_aspect_ratio": "8:9",
            "pict_type": "I",
            "interlaced_frame": 1,
            "top_field_first": 0,
            "repeat_pict": 0,
            "chroma_location": "topleft"
        },
        {
            "media_type": "video",
            "stream_index": 0,
            "key_frame": 1,
            "pts": 301,
            "pts_time": "10.043527",
            "pkt_dts": 301,
            "pkt_dts_time": "10.043527",
            "best_effort_timestamp": 301,
            "best_effort_timestamp_time": "10.043527",
            "duration": 1,
            "duration_time": "0.033367",
            "pkt_pos": "37489796",
            "pkt_size": "120000",
            "width": 720,
            "height": 480,
            "crop_top": 0,
            "crop_bottom": 0,
            "crop_left": 0,
            "crop_right": 0,
            "pix_fmt": "yuv411p",
            "sample_aspect_ratio": "8:9",
            "pict_type": "I",
            "interlaced_frame": 1,
            "top_field_first": 0,
            "repeat_pict": 0,
            "chroma_location": "topleft"
        },
        {
            "media_type": "video",
            "stream_index": 0,
            "key_frame": 1,
            "pts": 302,
            "pts_time": "10.076894",
            "pkt_dts": 302,
            "pkt_dts_time": "10.076894",
            "best_effort_timestamp": 302,
            "best_effort_timestamp_time": "10.076894",
            "duration": 1,
            "duration_time": "0.033367",
            "pkt_pos": "37609804",
            "pkt_size": "120000",
            "width": 720,
            "height": 480,
            "crop_top": 0,
            "crop_bottom": 0,
            "crop_left": 0,
            "crop_right": 0,
            "pix_fmt": "yuv411p",
            "sample_aspect_ratio": "8:9",
            "pict_type": "I",
            "interlaced_frame": 1,
            "top_field_first": 0,
            "repeat_pict": 0,
            "chroma_location": "topleft"
        },
        {
            "media_type": "video",
            "stream_index": 0,
            "key_frame": 1,
            "pts": 303,
            "pts_time": "10.110262",
            "pkt_dts": 303,
            "pkt_dts_time": "10.110262",
            "best_effort_timestamp": 303,
            "best_effort_timestamp_time": "10.110262",
            "duration": 1,
            "duration_time": "0.033367",
            "pkt_pos": "37729812",
            "pkt_size": "120000",
            "width": 720,
            "height": 480,
            "crop_top": 0,
            "crop_bottom": 0,
            "crop_left": 0,
            "crop_right": 0,
            "pix_fmt": "yuv411p",
            "sample_aspect_ratio": "8:9",
            "pict_type": "I",
            "interlaced_frame": 1,
            "top_field_first": 0,
            "repeat_pict": 0,
            "chroma_location": "topleft"
        },
        {
            "media_type": "video",
            "stream_index": 0,
            "key_frame": 1,
            "pts": 304,
            "pts_time": "10.143629",
            "pkt_dts": 304,
            "pkt_dts_time": "10.143629",
            "best_effort_timestamp": 304,
            "best_effort_timestamp_time": "10.143629",
            "duration": 1,
            "duration_time": "0.033367",
            "pkt_pos": "37849820",
            "pkt_size": "120000",
            "width": 720,
            "height": 480,
            "crop_top": 0,
            "crop_bottom": 0,
            "crop_left": 0,
            "crop_right": 0,
            "pix_fmt": "yuv411p",
            "sample_aspect_ratio": "8:9",
            "pict_type": "I",
            "interlaced_frame": 1,
            "top_field_first": 0,
            "repeat_pict": 0,
            "chroma_location": "topleft"
        },
        {
            "media_type": "video",
            "stream_index": 0,
            "key_frame": 1,
            "pts": 305,
            "pts_time": "10.176996",
            "pkt_dts": 305,
            "pkt_dts_time": "10.176996",
            "best_effort_timestamp": 305,
            "best_effort_timestamp_time": "10.176996",
            "duration": 1,
            "duration_time": "0.033367",
            "pkt_pos": "37969828",
            "pkt_size": "120000",
            "width": 720,
            "height": 480,
            "crop_top": 0,
            "crop_bottom": 0,
            "crop_left": 0,
            "crop_right": 0,
            "pix_fmt": "yuv411p",
            "sample_aspect_ratio": "8:9",
            "pict_type": "I",
            "interlaced_frame": 1,
            "top_field_first": 0,
            "repeat_pict": 0,
            "chroma_location": "topleft"
        },
        {
            "media_type": "video",
            "stream_index": 0,
            "key_frame": 1,
            "pts": 306,
            "pts_time": "10.210363",
            "pkt_dts": 306,
            "pkt_dts_time": "10.210363",
            "best_effort_timestamp": 306,
            "best_effort_timestamp_time": "10.210363",
            "duration": 1,
            "duration_time": "0.033367",
            "pkt_pos": "38089836",
            "pkt_size": "120000",
            "width": 720,
            "height": 480,
            "crop_top": 0,
            "crop_bottom": 0,
            "crop_left": 0,
            "crop_right": 0,
            "pix_fmt": "yuv411p",
            "sample_aspect_ratio": "8:9",
            "pict_type": "I",
            "interlaced_frame": 1,
            "top_field_first": 0,
            "repeat_pict": 0,
            "chroma_location": "topleft"
        },
        {
            "media_type": "video",
            "stream_index": 0,
            "key_frame": 1,
            "pts": 307,
            "pts_time": "10.243730",
            "pkt_dts": 307,
            "pkt_dts_time": "10.243730",
            "best_effort_timestamp": 307,
            "best_effort_timestamp_time": "10.243730",
            "duration": 1,
            "duration_time": "0.033367",
            "pkt_pos": "38209844",
            "pkt_size": "120000",
            "width": 720,
            "height": 480,
            "crop_top": 0,
            "crop_bottom": 0,
            "crop_left": 0,
            "crop_right": 0,
            "pix_fmt": "yuv411p",
            "sample_aspect_ratio": "8:9",
            "pict_type": "I",
            "interlaced_frame": 1,
            "top_field_first": 0,
            "repeat_pict": 0,
            "chroma_location": "topleft"
        },
        {
            "media_type": "video",
            "stream_index": 0,
            "key_frame": 1,
            "pts": 308,
            "pts_time": "10.277098",
            "pkt_dts": 308,
            "pkt_dts_time": "10.277098",
            "best_effort_timestamp": 308,
            "best_effort_timestamp_time": "10.277098",
            "duration": 1,
            "duration_time": "0.033367",
            "pkt_pos": "38329852",
            "pkt_size": "120000",
            "width": 720,
            "height": 480,
            "crop_top": 0,
            "crop_bottom": 0,
            "crop_left": 0,
            "crop_right": 0,
            "pix_fmt": "yuv411p",
            "sample_aspect_ratio": "8:9",
            "pict_type": "I",
            "interlaced_frame": 1,
            "top_field_first": 0,
            "repeat_pict": 0,
            "chroma_location": "topleft"
        },
        {
            "media_type": "video",
            "stream_index": 0,
            "key_frame": 1,
            "pts": 309,
            "pts_time": "10.310465",
            "pkt_dts": 309,
            "pkt_dts_time": "10.310465",
            "best_effort_timestamp": 309,
            "best_effort_timestamp_time": "10.310465",
            "duration": 1,
            "duration_time": "0.033367",
            "pkt_pos": "38449860",
            "pkt_size": "120000",
            "width": 720,
            "height": 480,
            "crop_top": 0,
            "crop_bottom": 0,
            "crop_left": 0,
            "crop_right": 0,
            "pix_fmt": "yuv411p",
            "sample_aspect_ratio": "8:9",
            "pict_type": "I",
            "interlaced_frame": 1,
            "top_field_first": 0,
            "repeat_pict": 0,
            "chroma_location": "topleft"
        },
        {
            "media_type": "video",
            "stream_index": 0,
            "key_frame": 1,
            "pts": 310,
            "pts_time": "10.343832",
            "pkt_dts": 310,
            "pkt_dts_time": "10.343832",
            "best_effort_timestamp": 310,
            "best_effort_timestamp_time": "10.343832",
            "duration": 1,
            "duration_time": "0.033367",
            "pkt_pos": "38569868",
            "pkt_size": "120000",
            "width": 720,
            "height": 480,
            "crop_top": 0,
            "crop_bottom": 0,
            "crop_left": 0,
            "crop_right": 0,
            "pix_fmt": "yuv411p",
            "sample_aspect_ratio": "8:9",
            "pict_type": "I",
            "interlaced_frame": 1,
            "top_field_first": 0,
            "repeat_pict": 0,
            "chroma_location": "topleft"
        },
        {
            "media_type": "video",
            "stream_index": 0,
            "key_frame": 1,
            "pts": 311,
            "pts_time": "10.377199",
            "pkt_dts": 311,
            "pkt_dts_time": "10.377199",
            "best_effort_timestamp": 311,
            "best_effort_timestamp_time": "10.377199",
            "duration": 1,
            "duration_time": "0.033367",
            "pkt_pos": "38689876",
            "pkt_size": "120000",
            "width": 720,
            "height": 480,
            "crop_top": 0,
            "crop_bottom": 0,
            "crop_left": 0,
            "crop_right": 0,
            "pix_fmt": "yuv411p",
            "sample_aspect_ratio": "8:9",
            "pict_type": "I",
            "interlaced_frame": 1,
            "top_field_first": 0,
            "repeat_pict": 0,
            "chroma_location": "topleft"
        },
        {
            "media_type": "video",
            "stream_index": 0,
            "key_frame": 1,
            "pts": 312,
            "pts_time": "10.410566",
            "pkt_dts": 312,
            "pkt_dts_time": "10.410566",
            "best_effort_timestamp": 312,
            "best_effort_timestamp_time": "10.410566",
            "duration": 1,
            "duration_time": "0.033367",
            "pkt_pos": "38809884",
            "pkt_size": "120000",
            "width": 720,
            "height": 480,
            "crop_top": 0,
            "crop_bottom": 0,
            "crop_left": 0,
            "crop_right": 0,
            "pix_fmt": "yuv411p",
            "sample_aspect_ratio": "8:9",
            "pict_type": "I",
            "interlaced_frame": 1,
            "top_field_first": 0,
            "repeat_pict": 0,
            "chroma_location": "topleft"
        },
        {
            "media_type": "video",
            "stream_index": 0,
            "key_frame": 1,
            "pts": 313,
            "pts_time": "10.443934",
            "pkt_dts": 313,
            "pkt_dts_time": "10.443934",
            "best_effort_timestamp": 313,
            "best_effort_timestamp_time": "10.443934",
            "duration": 1,
            "duration_time": "0.033367",
            "pkt_pos": "38929892",
            "pkt_size": "120000",
            "width": 720,
            "height": 480,
            "crop_top": 0,
            "crop_bottom": 0,
            "crop_left": 0,
            "crop_right": 0,
            "pix_fmt": "yuv411p",
            "sample_aspect_ratio": "8:9",
            "pict_type": "I",
            "interlaced_frame": 1,
            "top_field_first": 0,
            "repeat_pict": 0,
            "chroma_location": "topleft"
        },
        {
            "media_type": "video",
            "stream_index": 0,
            "key_frame": 1,
            "pts": 314,
            "pts_time": "10.477301",
            "pkt_dts": 314,
            "pkt_dts_time": "10.477301",
            "best_effort_timestamp": 314,
            "best_effort_timestamp_time": "10.477301",
            "duration": 1,
            "duration_time": "0.033367",
            "pkt_pos": "39049900",
            "pkt_size": "120000",
            "width": 720,
            "height": 480,
            "crop_top": 0,
            "crop_bottom": 0,
            "crop_left": 0,
            "crop_right": 0,
            "pix_fmt": "yuv411p",
            "sample_aspect_ratio": "8:9",
            "pict_type": "I",
            "interlaced_frame": 1,
            "top_field_first": 0,
            "repeat_pict": 0,
            "chroma_location": "topleft"
        },
        {
            "media_type": "video",
            "stream_index": 0,
            "key_frame": 1,
            "pts": 315,
            "pts_time": "10.510668",
            "pkt_dts": 315,
            "pkt_dts_time": "10.510668",
            "best_effort_timestamp": 315,
            "best_effort_timestamp_time": "10.510668",
            "duration": 1,
            "duration_time": "0.033367",
            "pkt_pos": "39169908",
            "pkt_size": "120000",
            "width": 720,
            "height": 480,
            "crop_top": 0,
            "crop_bottom": 0,
            "crop_left": 0,
            "crop_right": 0,
            "pix_fmt": "yuv411p",
            "sample_aspect_ratio": "8:9",
            "pict_type": "I",
            "interlaced_frame": 1,
            "top_field_first": 0,
            "repeat_pict": 0,
            "chroma_location": "topleft"
        },
        {
            "media_type": "video",
            "stream_index": 0,
            "key_frame": 1,
            "pts": 316,
            "pts_time": "10.544035",
            "pkt_dts": 316,
            "pkt_dts_time": "10.544035",
            "best_effort_timestamp": 316,
            "best_effort_timestamp_time": "10.544035",
            "duration": 1,
            "duration_time": "0.033367",
            "pkt_pos": "39289916",
            "pkt_size": "120000",
            "width": 720,
            "height": 480,
            "crop_top": 0,
            "crop_bottom": 0,
            "crop_left": 0,
            "crop_right": 0,
            "pix_fmt": "yuv411p",
            "sample_aspect_ratio": "8:9",
            "pict_type": "I",
            "interlaced_frame": 1,
            "top_field_first": 0,
            "repeat_pict": 0,
            "chroma_location": "topleft"
        },
        {
            "media_type": "video",
            "stream_index": 0,
            "key_frame": 1,
            "pts": 317,
            "pts_time": "10.577402",
            "pkt_dts": 317,
            "pkt_dts_time": "10.577402",
            "best_effort_timestamp": 317,
            "best_effort_timestamp_time": "10.577402",
            "duration": 1,
            "duration_time": "0.033367",
            "pkt_pos": "39409924",
            "pkt_size": "120000",
            "width": 720,
            "height": 480,
            "crop_top": 0,
            "crop_bottom": 0,
            "crop_left": 0,
            "crop_right": 0,
            "pix_fmt": "yuv411p",
            "sample_aspect_ratio": "8:9",
            "pict_type": "I",
            "interlaced_frame": 1,
            "top_field_first": 0,
            "repeat_pict": 0,
            "chroma_location": "topleft"
        },
        {
            "media_type": "video",
            "stream_index": 0,
            "key_frame": 1,
            "pts": 318,
            "pts_time": "10.610770",
            "pkt_dts": 318,
            "pkt_dts_time": "10.610770",
            "best_effort_timestamp": 318,
            "best_effort_timestamp_time": "10.610770",
            "duration": 1,
            "duration_time": "0.033367",
            "pkt_pos": "39529932",
            "pkt_size": "120000",
            "width": 720,
            "height": 480,
            "crop_top": 0,
            "crop_bottom": 0,
            "crop_left": 0,
            "crop_right": 0,
            "pix_fmt": "yuv411p",
            "sample_aspect_ratio": "8:9",
            "pict_type": "I",
            "interlaced_frame": 1,
            "top_field_first": 0,
            "repeat_pict": 0,
            "chroma_location": "topleft"
        },
        {
            "media_type": "video",
            "stream_index": 0,
            "key_frame": 1,
            "pts": 319,
            "pts_time": "10.644137",
            "pkt_dts": 319,
            "pkt_dts_time": "10.644137",
            "best_effort_timestamp": 319,
            "best_effort_timestamp_time": "10.644137",
            "duration": 1,
            "duration_time": "0.033367",
            "pkt_pos": "39773808",
            "pkt_size": "120000",
            "width": 720,
            "height": 480,
            "crop_top": 0,
            "crop_bottom": 0,
            "crop_left": 0,
            "crop_right": 0,
            "pix_fmt": "yuv411p",
            "sample_aspect_ratio": "8:9",
            "pict_type": "I",
            "interlaced_frame": 1,
            "top_field_first": 0,
            "repeat_pict": 0,
            "chroma_location": "topleft"
        },
        {
            "media_type": "video",
            "stream_index": 0,
            "key_frame": 1,
            "pts": 320,
            "pts_time": "10.677504",
            "pkt_dts": 320,
            "pkt_dts_time": "10.677504",
            "best_effort_timestamp": 320,
            "best_effort_timestamp_time": "10.677504",
            "duration": 1,
            "duration_time": "0.033367",
            "pkt_pos": "39893816",
            "pkt_size": "120000",
            "width": 720,
            "height": 480,
            "crop_top": 0,
            "crop_bottom": 0,
            "crop_left": 0,
            "crop_right": 0,
            "pix_fmt": "yuv411p",
            "sample_aspect_ratio": "8:9",
            "pict_type": "I",
            "interlaced_frame": 1,
            "top_field_first": 0,
            "repeat_pict": 0,
            "chroma_location": "topleft"
        },
        {
            "media_type": "video",
            "stream_index": 0,
            "key_frame": 1,
            "pts": 321,
            "pts_time": "10.710871",
            "pkt_dts": 321,
            "pkt_dts_time": "10.710871",
            "best_effort_timestamp": 321,
            "best_effort_timestamp_time": "10.710871",
            "duration": 1,
            "duration_time": "0.033367",
            "pkt_pos": "40013824",
            "pkt_size": "120000",
            "width": 720,
            "height": 480,
            "crop_top": 0,
            "crop_bottom": 0,
            "crop_left": 0,
            "crop_right": 0,
            "pix_fmt": "yuv411p",
            "sample_aspect_ratio": "8:9",
            "pict_type": "I",
            "interlaced_frame": 1,
            "top_field_first": 0,
            "repeat_pict": 0,
            "chroma_location": "topleft"
        },
        {
            "media_type": "video",
            "stream_index": 0,
            "key_frame": 1,
            "pts": 322,
            "pts_time": "10.744238",
            "pkt_dts": 322,
            "pkt_dts_time": "10.744238",
            "best_effort_timestamp": 322,
            "best_effort_timestamp_time": "10.744238",
            "duration": 1,
            "duration_time": "0.033367",
            "pkt_pos": "40133832",
            "pkt_size": "120000",
            "width": 720,
            "height": 480,
            "crop_top": 0,
            "crop_bottom": 0,
            "crop_left": 0,
            "crop_right": 0,
            "pix_fmt": "yuv411p",
            "sample_aspect_ratio": "8:9",
            "pict_type": "I",
            "interlaced_frame": 1,
            "top_field_first": 0,
            "repeat_pict": 0,
            "chroma_location": "topleft"
        },
        {
            "media_type": "video",
            "stream_index": 0,
            "key_frame": 1,
            "pts": 323,
            "pts_time": "10.777606",
            "pkt_dts": 323,
            "pkt_dts_time": "10.777606",
            "best_effort_timestamp": 323,
            "best_effort_timestamp_time": "10.777606",
            "duration": 1,
            "duration_time": "0.033367",
            "pkt_pos": "40253840",
            "pkt_size": "120000",
            "width": 720,
            "height": 480,
            "crop_top": 0,
            "crop_bottom": 0,
            "crop_left": 0,
            "crop_right": 0,
            "pix_fmt": "yuv411p",
            "sample_aspect_ratio": "8:9",
            "pict_type": "I",
            "interlaced_frame": 1,
            "top_field_first": 0,
            "repeat_pict": 0,
            "chroma_location": "topleft"
        },
        {
            "media_type": "video",
            "stream_index": 0,
            "key_frame": 1,
            "pts": 324,
            "pts_time": "10.810973",
            "pkt_dts": 324,
            "pkt_dts_time": "10.810973",
            "best_effort_timestamp": 324,
            "best_effort_timestamp_time": "10.810973",
            "duration": 1,
            "duration_time": "0.033367",
            "pkt_pos": "40373848",
            "pkt_size": "120000",
            "width": 720,
            "height": 480,
            "crop_top": 0,
            "crop_bottom": 0,
            "crop_left": 0,
            "crop_right": 0,
            "pix_fmt": "yuv411p",
            "sample_aspect_ratio": "8:9",
            "pict_type": "I",
            "interlaced_frame": 1,
            "top_field_first": 0,
            "repeat_pict": 0,
            "chroma_location": "topleft"
        },
        {
            "media_type": "video",
            "stream_index": 0,
            "key_frame": 1,
            "pts": 325,
            "pts_time": "10.844340",
            "pkt_dts": 325,
            "pkt_dts_time": "10.844340",
            "best_effort_timestamp": 325,
            "best_effort_timestamp_time": "10.844340",
            "duration": 1,
            "duration_time": "0.033367",
            "pkt_pos": "40493856",
            "pkt_size": "120000",
            "width": 720,
            "height": 480,
            "crop_top": 0,
            "crop_bottom": 0,
            "crop_left": 0,
            "crop_right": 0,
            "pix_fmt": "yuv411p",
            "sample_aspect_ratio": "8:9",
            "pict_type": "I",
            "interlaced_frame": 1,
            "top_field_first": 0,
            "repeat_pict": 0,
            "chroma_location": "topleft"
        },
        {
            "media_type": "video",
            "stream_index": 0,
            "key_frame": 1,
            "pts": 326,
            "pts_time": "10.877707",
            "pkt_dts": 326,
            "pkt_dts_time": "10.877707",
            "best_effort_timestamp": 326,
            "best_effort_timestamp_time": "10.877707",
            "duration": 1,
            "duration_time": "0.033367",
            "pkt_pos": "40613864",
            "pkt_size": "120000",
            "width": 720,
            "height": 480,
            "crop_top": 0,
            "crop_bottom": 0,
            "crop_left": 0,
            "crop_right": 0,
            "pix_fmt": "yuv411p",
            "sample_aspect_ratio": "8:9",
            "pict_type": "I",
            "interlaced_frame": 1,
            "top_field_first": 0,
            "repeat_pict": 0,
            "chroma_location": "topleft"
        },
        {
            "media_type": "video",
            "stream_index": 0,
            "key_frame": 1,
            "pts": 327,
            "pts_time": "10.911074",
            "pkt_dts": 327,
            "pkt_dts_time": "10.911074",
            "best_effort_timestamp": 327,
            "best_effort_timestamp_time": "10.911074",
            "duration": 1,
            "duration_time": "0.033367",
            "pkt_pos": "40733872",
            "pkt_size": "120000",
            "width": 720,
            "height": 480,
            "crop_top": 0,
            "crop_bottom": 0,
            "crop_left": 0,
            "crop_right": 0,
            "pix_fmt": "yuv411p",
            "sample_aspect_ratio": "8:9",
            "pict_type": "I",
            "interlaced_frame": 1,
            "top_field_first": 0,
            "repeat_pict": 0,
            "chroma_location": "topleft"
        },
        {
            "media_type": "video",
            "stream_index": 0,
            "key_frame": 1,
            "pts": 328,
            "pts_time": "10.944442",
            "pkt_dts": 328,
            "pkt_dts_time": "10.944442",
            "best_effort_timestamp": 328,
            "best_effort_timestamp_time": "10.944442",
            "duration": 1,
            "duration_time": "0.033367",
            "pkt_pos": "40853880",
            "pkt_size": "120000",
            "width": 720,
            "height": 480,
            "crop_top": 0,
            "crop_bottom": 0,
            "crop_left": 0,
            "crop_right": 0,
            "pix_fmt": "yuv411p",
            "sample_aspect_ratio": "8:9",
            "pict_type": "I",
            "interlaced_frame": 1,
            "top_field_first": 0,
            "repeat_pict": 0,
            "chroma_location": "topleft"
        },
        {
            "media_type": "video",
            "stream_index": 0,
            "key_frame": 1,
            "pts": 329,
            "pts_time": "10.977809",
            "pkt_dts": 329,
            "pkt_dts_time": "10.977809",
            "best_effort_timestamp": 329,
            "best_effort_timestamp_time": "10.977809",
            "duration": 1,
            "duration_time": "0.033367",
            "pkt_pos": "40973888",
            "pkt_size": "120000",
            "width": 720,
            "height": 480,
            "crop_top": 0,
            "crop_bottom": 0,
            "crop_left": 0,
            "crop_right": 0,
            "pix_fmt": "yuv411p",
            "sample_aspect_ratio": "8:9",
            "pict_type": "I",
            "interlaced_frame": 1,
            "top_field_first": 0,
            "repeat_pict": 0,
            "chroma_location": "topleft"
        },
        {
            "media_type": "video",
            "stream_index": 0,
            "key_frame": 1,
            "pts": 330,
            "pts_time": "11.011176",
            "pkt_dts": 330,
            "pkt_dts_time": "11.011176",
            "best_effort_timestamp": 330,
            "best_effort_timestamp_time": "11.011176",
            "duration": 1,
            "duration_time": "0.033367",
            "pkt_pos": "41093896",
            "pkt_size": "120000",
            "width": 720,
            "height": 480,
            "crop_top": 0,
            "crop_bottom": 0,
            "crop_left": 0,
            "crop_right": 0,
            "pix_fmt": "yuv411p",
            "sample_aspect_ratio": "8:9",
            "pict_type": "I",
            "interlaced_frame": 1,
            "top_field_first": 0,
            "repeat_pict": 0,
            "chroma_location": "topleft"
        },
        {
            "media_type": "video",
            "stream_index": 0,
            "key_frame": 1,
            "pts": 331,
            "pts_time": "11.044543",
            "pkt_dts": 331,
            "pkt_dts_time": "11.044543",
            "best_effort_timestamp": 331,
            "best_effort_timestamp_time": "11.044543",
            "duration": 1,
            "duration_time": "0.033367",
            "pkt_pos": "41213904",
            "pkt_size": "120000",
            "width": 720,
            "height": 480,
            "crop_top": 0,
            "crop_bottom": 0,
            "crop_left": 0,
            "crop_right": 0,
            "pix_fmt": "yuv411p",
            "sample_aspect_ratio": "8:9",
            "pict_type": "I",
            "interlaced_frame": 1,
            "top_field_first": 0,
            "repeat_pict": 0,
            "chroma_location": "topleft"
        },
        {
            "media_type": "video",
            "stream_index": 0,
            "key_frame": 1,
            "pts": 332,
            "pts_time": "11.077910",
            "pkt_dts": 332,
            "pkt_dts_time": "11.077910",
            "best_effort_timestamp": 332,
            "best_effort_timestamp_time": "11.077910",
            "duration": 1,
            "duration_time": "0.033367",
            "pkt_pos": "41333912",
            "pkt_size": "120000",
            "width": 720,
            "height": 480,
            "crop_top": 0,
            "crop_bottom": 0,
            "crop_left": 0,
            "crop_right": 0,
            "pix_fmt": "yuv411p",
            "sample_aspect_ratio": "8:9",
            "pict_type": "I",
            "interlaced_frame": 1,
            "top_field_first": 0,
            "repeat_pict": 0,
            "chroma_location": "topleft"
        },
        {
            "media_type": "video",
            "stream_index": 0,
            "key_frame": 1,
            "pts": 333,
            "pts_time": "11.111278",
            "pkt_dts": 333,
            "pkt_dts_time": "11.111278",
            "best_effort_timestamp": 333,
            "best_effort_timestamp_time": "11.111278",
            "duration": 1,
            "duration_time": "0.033367",
            "pkt_pos": "41453920",
            "pkt_size": "120000",
            "width": 720,
            "height": 480,
            "crop_top": 0,
            "crop_bottom": 0,
            "crop_left": 0,
            "crop_right": 0,
            "pix_fmt": "yuv411p",
            "sample_aspect_ratio": "8:9",
            "pict_type": "I",
            "interlaced_frame": 1,
            "top_field_first": 0,
            "repeat_pict": 0,
            "chroma_location": "topleft"
        },
        {
            "media_type": "video",
            "stream_index": 0,
            "key_frame": 1,
            "pts": 334,
            "pts_time": "11.144645",
            "pkt_dts": 334,
            "pkt_dts_time": "11.144645",
            "best_effort_timestamp": 334,
            "best_effort_timestamp_time": "11.144645",
            "duration": 1,
            "duration_time": "0.033367",
            "pkt_pos": "41573928",
            "pkt_size": "120000",
            "width": 720,
            "height": 480,
            "crop_top": 0,
            "crop_bottom": 0,
            "crop_left": 0,
            "crop_right": 0,
            "pix_fmt": "yuv411p",
            "sample_aspect_ratio": "8:9",
            "pict_type": "I",
            "interlaced_frame": 1,
            "top_field_first": 0,
            "repeat_pict": 0,
            "chroma_location": "topleft"
        },
        {
            "media_type": "video",
            "stream_index": 0,
            "key_frame": 1,
            "pts": 335,
            "pts_time": "11.178012",
            "pkt_dts": 335,
            "pkt_dts_time": "11.178012",
            "best_effort_timestamp": 335,
            "best_effort_timestamp_time": "11.178012",
            "duration": 1,
            "duration_time": "0.033367",
            "pkt_pos": "41693936",
            "pkt_size": "120000",
            "width": 720,
            "height": 480,
            "crop_top": 0,
            "crop_bottom": 0,
            "crop_left": 0,
            "crop_right": 0,
            "pix_fmt": "yuv411p",
            "sample_aspect_ratio": "8:9",
            "pict_type": "I",
            "interlaced_frame": 1,
            "top_field_first": 0,
            "repeat_pict": 0,
            "chroma_location": "topleft"
        },
        {
            "media_type": "video",
            "stream_index": 0,
            "key_frame": 1,
            "pts": 336,
            "pts_time": "11.211379",
            "pkt_dts": 336,
            "pkt_dts_time": "11.211379",
            "best_effort_timestamp": 336,
            "best_effort_timestamp_time": "11.211379",
            "duration": 1,
            "duration_time": "0.033367",
            "pkt_pos": "41813944",
            "pkt_size": "120000",
            "width": 720,
            "height": 480,
            "crop_top": 0,
            "crop_bottom": 0,
            "crop_left": 0,
            "crop_right": 0,
            "pix_fmt": "yuv411p",
            "sample_aspect_ratio": "8:9",
            "pict_type": "I",
            "interlaced_frame": 1,
            "top_field_first": 0,
            "repeat_pict": 0,
            "chroma_location": "topleft"
        },
        {
            "media_type": "video",
            "stream_index": 0,
            "key_frame": 1,
            "pts": 337,
            "pts_time": "11.244746",
            "pkt_dts": 337,
            "pkt_dts_time": "11.244746",
            "best_effort_timestamp": 337,
            "best_effort_timestamp_time": "11.244746",
            "duration": 1,
            "duration_time": "0.033367",
            "pkt_pos": "41933952",
            "pkt_size": "120000",
            "width": 720,
            "height": 480,
            "crop_top": 0,
            "crop_bottom": 0,
            "crop_left": 0,
            "crop_right": 0,
            "pix_fmt": "yuv411p",
            "sample_aspect_ratio": "8:9",
            "pict_type": "I",
            "interlaced_frame": 1,
            "top_field_first": 0,
            "repeat_pict": 0,
            "chroma_location": "topleft"
        },
        {
            "media_type": "video",
            "stream_index": 0,
            "key_frame": 1,
            "pts": 338,
            "pts_time": "11.278114",
            "pkt_dts": 338,
            "pkt_dts_time": "11.278114",
            "best_effort_timestamp": 338,
            "best_effort_timestamp_time": "11.278114",
            "duration": 1,
            "duration_time": "0.033367",
            "pkt_pos": "42053960",
            "pkt_size": "120000",
            "width": 720,
            "height": 480,
            "crop_top": 0,
            "crop_bottom": 0,
            "crop_left": 0,
            "crop_right": 0,
            "pix_fmt": "yuv411p",
            "sample_aspect_ratio": "8:9",
            "pict_type": "I",
            "interlaced_frame": 1,
            "top_field_first": 0,
            "repeat_pict": 0,
            "chroma_location": "topleft"
        },
        {
            "media_type": "video",
            "stream_index": 0,
            "key_frame": 1,
            "pts": 339,
            "pts_time": "11.311481",
            "pkt_dts": 339,
            "pkt_dts_time": "11.311481",
            "best_effort_timestamp": 339,
            "best_effort_timestamp_time": "11.311481",
            "duration": 1,
            "duration_time": "0.033367",
            "pkt_pos": "42173968",
            "pkt_size": "120000",
            "width": 720,
            "height": 480,
            "crop_top": 0,
            "crop_bottom": 0,
            "crop_left": 0,
            "crop_right": 0,
            "pix_fmt": "yuv411p",
            "sample_aspect_ratio": "8:9",
            "pict_type": "I",
            "interlaced_frame": 1,
            "top_field_first": 0,
            "repeat_pict": 0,
            "chroma_location": "topleft"
        },
        {
            "media_type": "video",
            "stream_index": 0,
            "key_frame": 1,
            "pts": 340,
            "pts_time": "11.344848",
            "pkt_dts": 340,
            "pkt_dts_time": "11.344848",
            "best_effort_timestamp": 340,
            "best_effort_timestamp_time": "11.344848",
            "duration": 1,
            "duration_time": "0.033367",
            "pkt_pos": "42293976",
            "pkt_size": "120000",
            "width": 720,
            "height": 480,
            "crop_top": 0,
            "crop_bottom": 0,
            "crop_left": 0,
            "crop_right": 0,
            "pix_fmt": "yuv411p",
            "sample_aspect_ratio": "8:9",
            "pict_type": "I",
            "interlaced_frame": 1,
            "top_field_first": 0,
            "repeat_pict": 0,
            "chroma_location": "topleft"
        },
        {
            "media_type": "video",
            "stream_index": 0,
            "key_frame": 1,
            "pts": 341,
            "pts_time": "11.378215",
            "pkt_dts": 341,
            "pkt_dts_time": "11.378215",
            "best_effort_timestamp": 341,
            "best_effort_timestamp_time": "11.378215",
            "duration": 1,
            "duration_time": "0.033367",
            "pkt_pos": "42413984",
            "pkt_size": "120000",
            "width": 720,
            "height": 480,
            "crop_top": 0,
            "crop_bottom": 0,
            "crop_left": 0,
            "crop_right": 0,
            "pix_fmt": "yuv411p",
            "sample_aspect_ratio": "8:9",
            "pict_type": "I",
            "interlaced_frame": 1,
            "top_field_first": 0,
            "repeat_pict": 0,
            "chroma_location": "topleft"
        },
        {
            "media_type": "video",
            "stream_index": 0,
            "key_frame": 1,
            "pts": 342,
            "pts_time": "11.411582",
            "pkt_dts": 342,
            "pkt_dts_time": "11.411582",
            "best_effort_timestamp": 342,
            "best_effort_timestamp_time": "11.411582",
            "duration": 1,
            "duration_time": "0.033367",
            "pkt_pos": "42533992",
            "pkt_size": "120000",
            "width": 720,
            "height": 480,
            "crop_top": 0,
            "crop_bottom": 0,
            "crop_left": 0,
            "crop_right": 0,
            "pix_fmt": "yuv411p",
            "sample_aspect_ratio": "8:9",
            "pict_type": "I",
            "interlaced_frame": 1,
            "top_field_first": 0,
            "repeat_pict": 0,
            "chroma_location": "topleft"
        },
        {
            "media_type": "video",
            "stream_index": 0,
            "key_frame": 1,
            "pts": 343,
            "pts_time": "11.444950",
            "pkt_dts": 343,
            "pkt_dts_time": "11.444950",
            "best_effort_timestamp": 343,
            "best_effort_timestamp_time": "11.444950",
            "duration": 1,
            "duration_time": "0.033367",
            "pkt_pos": "42654000",
            "pkt_size": "120000",
            "width": 720,
            "height": 480,
            "crop_top": 0,
            "crop_bottom": 0,
            "crop_left": 0,
            "crop_right": 0,
            "pix_fmt": "yuv411p",
            "sample_aspect_ratio": "8:9",
            "pict_type": "I",
            "interlaced_frame": 1,
            "top_field_first": 0,
            "repeat_pict": 0,
            "chroma_location": "topleft"
        },
        {
            "media_type": "video",
            "stream_index": 0,
            "key_frame": 1,
            "pts": 344,
            "pts_time": "11.478317",
            "pkt_dts": 344,
            "pkt_dts_time": "11.478317",
            "best_effort_timestamp": 344,
            "best_effort_timestamp_time": "11.478317",
            "duration": 1,
            "duration_time": "0.033367",
            "pkt_pos": "42774008",
            "pkt_size": "120000",
            "width": 720,
            "height": 480,
            "crop_top": 0,
            "crop_bottom": 0,
            "crop_left": 0,
            "crop_right": 0,
            "pix_fmt": "yuv411p",
            "sample_aspect_ratio": "8:9",
            "pict_type": "I",
            "interlaced_frame": 1,
            "top_field_first": 0,
            "repeat_pict": 0,
            "chroma_location": "topleft"
        },
        {
            "media_type": "video",
            "stream_index": 0,
            "key_frame": 1,
            "pts": 345,
            "pts_time": "11.511684",
            "pkt_dts": 345,
            "pkt_dts_time": "11.511684",
            "best_effort_timestamp": 345,
            "best_effort_timestamp_time": "11.511684",
            "duration": 1,
            "duration_time": "0.033367",
            "pkt_pos": "42894016",
            "pkt_size": "120000",
            "width": 720,
            "height": 480,
            "crop_top": 0,
            "crop_bottom": 0,
            "crop_left": 0,
            "crop_right": 0,
            "pix_fmt": "yuv411p",
            "sample_aspect_ratio": "8:9",
            "pict_type": "I",
            "interlaced_frame": 1,
            "top_field_first": 0,
            "repeat_pict": 0,
            "chroma_location": "topleft"
        },
        {
            "media_type": "video",
            "stream_index": 0,
            "key_frame": 1,
            "pts": 346,
            "pts_time": "11.545051",
            "pkt_dts": 346,
            "pkt_dts_time": "11.545051",
            "best_effort_timestamp": 346,
            "best_effort_timestamp_time": "11.545051",
            "duration": 1,
            "duration_time": "0.033367",
            "pkt_pos": "43014024",
            "pkt_size": "120000",
            "width": 720,
            "height": 480,
            "crop_top": 0,
            "crop_bottom": 0,
            "crop_left": 0,
            "crop_right": 0,
            "pix_fmt": "yuv411p",
            "sample_aspect_ratio": "8:9",
            "pict_type": "I",
            "interlaced_frame": 1,
            "top_field_first": 0,
            "repeat_pict": 0,
            "chroma_location": "topleft"
        },
        {
            "media_type": "video",
            "stream_index": 0,
            "key_frame": 1,
            "pts": 347,
            "pts_time": "11.578418",
            "pkt_dts": 347,
            "pkt_dts_time": "11.578418",
            "best_effort_timestamp": 347,
            "best_effort_timestamp_time": "11.578418",
            "duration": 1,
            "duration_time": "0.033367",
            "pkt_pos": "43134032",
            "pkt_size": "120000",
            "width": 720,
            "height": 480,
            "crop_top": 0,
            "crop_bottom": 0,
            "crop_left": 0,
            "crop_right": 0,
            "pix_fmt": "yuv411p",
            "sample_aspect_ratio": "8:9",
            "pict_type": "I",
            "interlaced_frame": 1,
            "top_field_first": 0,
            "repeat_pict": 0,
            "chroma_location": "topleft"
        },
        {
            "media_type": "video",
            "stream_index": 0,
            "key_frame": 1,
            "pts": 348,
            "pts_time": "11.611786",
            "pkt_dts": 348,
            "pkt_dts_time": "11.611786",
            "best_effort_timestamp": 348,
            "best_effort_timestamp_time": "11.611786",
            "duration": 1,
            "duration_time": "0.033367",
            "pkt_pos": "43377904",
            "pkt_size": "120000",
            "width": 720,
            "height": 480,
            "crop_top": 0,
            "crop_bottom": 0,
            "crop_left": 0,
            "crop_right": 0,
            "pix_fmt": "yuv411p",
            "sample_aspect_ratio": "8:9",
            "pict_type": "I",
            "interlaced_frame": 1,
            "top_field_first": 0,
            "repeat_pict": 0,
            "chroma_location": "topleft"
        },
        {
            "media_type": "video",
            "stream_index": 0,
            "key_frame": 1,
            "pts": 349,
            "pts_time": "11.645153",
            "pkt_dts": 349,
            "pkt_dts_time": "11.645153",
            "best_effort_timestamp": 349,
            "best_effort_timestamp_time": "11.645153",
            "duration": 1,
            "duration_time": "0.033367",
            "pkt_pos": "43497912",
            "pkt_size": "120000",
            "width": 720,
            "height": 480,
            "crop_top": 0,
            "crop_bottom": 0,
            "crop_left": 0,
            "crop_right": 0,
            "pix_fmt": "yuv411p",
            "sample_aspect_ratio": "8:9",
            "pict_type": "I",
            "interlaced_frame": 1,
            "top_field_first": 0,
            "repeat_pict": 0,
            "chroma_location": "topleft"
        },
        {
            "media_type": "video",
            "stream_index": 0,
            "key_frame": 1,
            "pts": 350,
            "pts_time": "11.678520",
            "pkt_dts": 350,
            "pkt_dts_time": "11.678520",
            "best_effort_timestamp": 350,
            "best_effort_timestamp_time": "11.678520",
            "duration": 1,
            "duration_time": "0.033367",
            "pkt_pos": "43617920",
            "pkt_size": "120000",
            "width": 720,
            "height": 480,
            "crop_top": 0,
            "crop_bottom": 0,
            "crop_left": 0,
            "crop_right": 0,
            "pix_fmt": "yuv411p",
            "sample_aspect_ratio": "8:9",
            "pict_type": "I",
            "interlaced_frame": 1,
            "top_field_first": 0,
            "repeat_pict": 0,
            "chroma_location": "topleft"
        },
        {
            "media_type": "video",
            "stream_index": 0,
            "key_frame": 1,
            "pts": 351,
            "pts_time": "11.711887",
            "pkt_dts": 351,
            "pkt_dts_time": "11.711887",
            "best_effort_timestamp": 351,
            "best_effort_timestamp_time": "11.711887",
            "duration": 1,
            "duration_time": "0.033367",
            "pkt_pos": "43737928",
            "pkt_size": "120000",
            "width": 720,
            "height": 480,
            "crop_top": 0,
            "crop_bottom": 0,
            "crop_left": 0,
            "crop_right": 0,
            "pix_fmt": "yuv411p",
            "sample_aspect_ratio": "8:9",
            "pict_type": "I",
            "interlaced_frame": 1,
            "top_field_first": 0,
            "repeat_pict": 0,
            "chroma_location": "topleft"
        },
        {
            "media_type": "video",
            "stream_index": 0,
            "key_frame": 1,
            "pts": 352,
            "pts_time": "11.745254",
            "pkt_dts": 352,
            "pkt_dts_time": "11.745254",
            "best_effort_timestamp": 352,
            "best_effort_timestamp_time": "11.745254",
            "duration": 1,
            "duration_time": "0.033367",
            "pkt_pos": "43857936",
            "pkt_size": "120000",
            "width": 720,
            "height": 480,
            "crop_top": 0,
            "crop_bottom": 0,
            "crop_left": 0,
            "crop_right": 0,
            "pix_fmt": "yuv411p",
            "sample_aspect_ratio": "8:9",
            "pict_type": "I",
            "interlaced_frame": 1,
            "top_field_first": 0,
            "repeat_pict": 0,
            "chroma_location": "topleft"
        },
        {
            "media_type": "video",
            "stream_index": 0,
            "key_frame": 1,
            "pts": 353,
            "pts_time": "11.778622",
            "pkt_dts": 353,
            "pkt_dts_time": "11.778622",
            "best_effort_timestamp": 353,
            "best_effort_timestamp_time": "11.778622",
            "duration": 1,
            "duration_time": "0.033367",
            "pkt_pos": "43977944",
            "pkt_size": "120000",
            "width": 720,
            "height": 480,
            "crop_top": 0,
            "crop_bottom": 0,
            "crop_left": 0,
            "crop_right": 0,
            "pix_fmt": "yuv411p",
            "sample_aspect_ratio": "8:9",
            "pict_type": "I",
            "interlaced_frame": 1,
            "top_field_first": 0,
            "repeat_pict": 0,
            "chroma_location": "topleft"
        },
        {
            "media_type": "video",
            "stream_index": 0,
            "key_frame": 1,
            "pts": 354,
            "pts_time": "11.811989",
            "pkt_dts": 354,
            "pkt_dts_time": "11.811989",
            "best_effort_timestamp": 354,
            "best_effort_timestamp_time": "11.811989",
            "duration": 1,
            "duration_time": "0.033367",
            "pkt_pos": "44097952",
            "pkt_size": "120000",
            "width": 720,
            "height": 480,
            "crop_top": 0,
            "crop_bottom": 0,
            "crop_left": 0,
            "crop_right": 0,
            "pix_fmt": "yuv411p",
            "sample_aspect_ratio": "8:9",
            "pict_type": "I",
            "interlaced_frame": 1,
            "top_field_first": 0,
            "repeat_pict": 0,
            "chroma_location": "topleft"
        },
        {
            "media_type": "video",
            "stream_index": 0,
            "key_frame": 1,
            "pts": 355,
            "pts_time": "11.845356",
            "pkt_dts": 355,
            "pkt_dts_time": "11.845356",
            "best_effort_timestamp": 355,
            "best_effort_timestamp_time": "11.845356",
            "duration": 1,
            "duration_time": "0.033367",
            "pkt_pos": "44217960",
            "pkt_size": "120000",
            "width": 720,
            "height": 480,
            "crop_top": 0,
            "crop_bottom": 0,
            "crop_left": 0,
            "crop_right": 0,
            "pix_fmt": "yuv411p",
            "sample_aspect_ratio": "8:9",
            "pict_type": "I",
            "interlaced_frame": 1,
            "top_field_first": 0,
            "repeat_pict": 0,
            "chroma_location": "topleft"
        },
        {
            "media_type": "video",
            "stream_index": 0,
            "key_frame": 1,
            "pts": 356,
            "pts_time": "11.878723",
            "pkt_dts": 356,
            "pkt_dts_time": "11.878723",
            "best_effort_timestamp": 356,
            "best_effort_timestamp_time": "11.878723",
            "duration": 1,
            "duration_time": "0.033367",
            "pkt_pos": "44337968",
            "pkt_size": "120000",
            "width": 720,
            "height": 480,
            "crop_top": 0,
            "crop_bottom": 0,
            "crop_left": 0,
            "crop_right": 0,
            "pix_fmt": "yuv411p",
            "sample_aspect_ratio": "8:9",
            "pict_type": "I",
            "interlaced_frame": 1,
            "top_field_first": 0,
            "repeat_pict": 0,
            "chroma_location": "topleft"
        },
        {
            "media_type": "video",
            "stream_index": 0,
            "key_frame": 1,
            "pts": 357,
            "pts_time": "11.912090",
            "pkt_dts": 357,
            "pkt_dts_time": "11.912090",
            "best_effort_timestamp": 357,
            "best_effort_timestamp_time": "11.912090",
            "duration": 1,
            "duration_time": "0.033367",
            "pkt_pos": "44457976",
            "pkt_size": "120000",
            "width": 720,
            "height": 480,
            "crop_top": 0,
            "crop_bottom": 0,
            "crop_left": 0,
            "crop_right": 0,
            "pix_fmt": "yuv411p",
            "sample_aspect_ratio": "8:9",
            "pict_type": "I",
            "interlaced_frame": 1,
            "top_field_first": 0,
            "repeat_pict": 0,
            "chroma_location": "topleft"
        },
        {
            "media_type": "video",
            "stream_index": 0,
            "key_frame": 1,
            "pts": 358,
            "pts_time": "11.945458",
            "pkt_dts": 358,
            "pkt_dts_time": "11.945458",
            "best_effort_timestamp": 358,
            "best_effort_timestamp_time": "11.945458",
            "duration": 1,
            "duration_time": "0.033367",
            "pkt_pos": "44577984",
            "pkt_size": "120000",
            "width": 720,
            "height": 480,
            "crop_top": 0,
            "crop_bottom": 0,
            "crop_left": 0,
            "crop_right": 0,
            "pix_fmt": "yuv411p",
            "sample_aspect_ratio": "8:9",
            "pict_type": "I",
            "interlaced_frame": 1,
            "top_field_first": 0,
            "repeat_pict": 0,
            "chroma_location": "topleft"
        },
        {
            "media_type": "video",
            "stream_index": 0,
            "key_frame": 1,
            "pts": 359,
            "pts_time": "11.978825",
            "pkt_dts": 359,
            "pkt_dts_time": "11.978825",
            "best_effort_timestamp": 359,
            "best_effort_timestamp_time": "11.978825",
            "duration": 1,
            "duration_time": "0.033367",
            "pkt_pos": "44697992",
            "pkt_size": "120000",
            "width": 720,
            "height": 480,
            "crop_top": 0,
            "crop_bottom": 0,
            "crop_left": 0,
            "crop_right": 0,
            "pix_fmt": "yuv411p",
            "sample_aspect_ratio": "8:9",
            "pict_type": "I",
            "interlaced_frame": 1,
            "top_field_first": 0,
            "repeat_pict": 0,
            "chroma_location": "topleft"
        },
        {
            "media_type": "video",
            "stream_index": 0,
            "key_frame": 1,
            "pts": 360,
            "pts_time": "12.012192",
            "pkt_dts": 360,
            "pkt_dts_time": "12.012192",
            "best_effort_timestamp": 360,
            "best_effort_timestamp_time": "12.012192",
            "duration": 1,
            "duration_time": "0.033367",
            "pkt_pos": "44818000",
            "pkt_size": "120000",
            "width": 720,
            "height": 480,
            "crop_top": 0,
            "crop_bottom": 0,
            "crop_left": 0,
            "crop_right": 0,
            "pix_fmt": "yuv411p",
            "sample_aspect_ratio": "8:9",
            "pict_type": "I",
            "interlaced_frame": 1,
            "top_field_first": 0,
            "repeat_pict": 0,
            "chroma_location": "topleft"
        },
        {
            "media_type": "video",
            "stream_index": 0,
            "key_frame": 1,
            "pts": 361,
            "pts_time": "12.045559",
            "pkt_dts": 361,
            "pkt_dts_time": "12.045559",
            "best_effort_timestamp": 361,
            "best_effort_timestamp_time": "12.045559",
            "duration": 1,
            "duration_time": "0.033367",
            "pkt_pos": "44938008",
            "pkt_size": "120000",
            "width": 720,
            "height": 480,
            "crop_top": 0,
            "crop_bottom": 0,
            "crop_left": 0,
            "crop_right": 0,
            "pix_fmt": "yuv411p",
            "sample_aspect_ratio": "8:9",
            "pict_type": "I",
            "interlaced_frame": 1,
            "top_field_first": 0,
            "repeat_pict": 0,
            "chroma_location": "topleft"
        },
        {
            "media_type": "video",
            "stream_index": 0,
            "key_frame": 1,
            "pts": 362,
            "pts_time": "12.078926",
            "pkt_dts": 362,
            "pkt_dts_time": "12.078926",
            "best_effort_timestamp": 362,
            "best_effort_timestamp_time": "12.078926",
            "duration": 1,
            "duration_time": "0.033367",
            "pkt_pos": "45058016",
            "pkt_size": "120000",
            "width": 720,
            "height": 480,
            "crop_top": 0,
            "crop_bottom": 0,
            "crop_left": 0,
            "crop_right": 0,
            "pix_fmt": "yuv411p",
            "sample_aspect_ratio": "8:9",
            "pict_type": "I",
            "interlaced_frame": 1,
            "top_field_first": 0,
            "repeat_pict": 0,
            "chroma_location": "topleft"
        },
        {
            "media_type": "video",
            "stream_index": 0,
            "key_frame": 1,
            "pts": 363,
            "pts_time": "12.112294",
            "pkt_dts": 363,
            "pkt_dts_time": "12.112294",
            "best_effort_timestamp": 363,
            "best_effort_timestamp_time": "12.112294",
            "duration": 1,
            "duration_time": "0.033367",
            "pkt_pos": "45178024",
            "pkt_size": "120000",
            "width": 720,
            "height": 480,
            "crop_top": 0,
            "crop_bottom": 0,
            "crop_left": 0,
            "crop_right": 0,
            "pix_fmt": "yuv411p",
            "sample_aspect_ratio": "8:9",
            "pict_type": "I",
            "interlaced_frame": 1,
            "top_field_first": 0,
            "repeat_pict": 0,
            "chroma_location": "topleft"
        },
        {
            "media_type": "video",
            "stream_index": 0,
            "key_frame": 1,
            "pts": 364,
            "pts_time": "12.145661",
            "pkt_dts": 364,
            "pkt_dts_time": "12.145661",
            "best_effort_timestamp": 364,
            "best_effort_timestamp_time": "12.145661",
            "duration": 1,
            "duration_time": "0.033367",
            "pkt_pos": "45298032",
            "pkt_size": "120000",
            "width": 720,
            "height": 480,
            "crop_top": 0,
            "crop_bottom": 0,
            "crop_left": 0,
            "crop_right": 0,
            "pix_fmt": "yuv411p",
            "sample_aspect_ratio": "8:9",
            "pict_type": "I",
            "interlaced_frame": 1,
            "top_field_first": 0,
            "repeat_pict": 0,
            "chroma_location": "topleft"
        },
        {
            "media_type": "video",
            "stream_index": 0,
            "key_frame": 1,
            "pts": 365,
            "pts_time": "12.179028",
            "pkt_dts": 365,
            "pkt_dts_time": "12.179028",
            "best_effort_timestamp": 365,
            "best_effort_timestamp_time": "12.179028",
            "duration": 1,
            "duration_time": "0.033367",
            "pkt_pos": "45418040",
            "pkt_size": "120000",
            "width": 720,
            "height": 480,
            "crop_top": 0,
            "crop_bottom": 0,
            "crop_left": 0,
            "crop_right": 0,
            "pix_fmt": "yuv411p",
            "sample_aspect_ratio": "8:9",
            "pict_type": "I",
            "interlaced_frame": 1,
            "top_field_first": 0,
            "repeat_pict": 0,
            "chroma_location": "topleft"
        },
        {
            "media_type": "video",
            "stream_index": 0,
            "key_frame": 1,
            "pts": 366,
            "pts_time": "12.212395",
            "pkt_dts": 366,
            "pkt_dts_time": "12.212395",
            "best_effort_timestamp": 366,
            "best_effort_timestamp_time": "12.212395",
            "duration": 1,
            "duration_time": "0.033367",
            "pkt_pos": "45538048",
            "pkt_size": "120000",
            "width": 720,
            "height": 480,
            "crop_top": 0,
            "crop_bottom": 0,
            "crop_left": 0,
            "crop_right": 0,
            "pix_fmt": "yuv411p",
            "sample_aspect_ratio": "8:9",
            "pict_type": "I",
            "interlaced_frame": 1,
            "top_field_first": 0,
            "repeat_pict": 0,
            "chroma_location": "topleft"
        },
        {
            "media_type": "video",
            "stream_index": 0,
            "key_frame": 1,
            "pts": 367,
            "pts_time": "12.245762",
            "pkt_dts": 367,
            "pkt_dts_time": "12.245762",
            "best_effort_timestamp": 367,
            "best_effort_timestamp_time": "12.245762",
            "duration": 1,
            "duration_time": "0.033367",
            "pkt_pos": "45658056",
            "pkt_size": "120000",
            "width": 720,
            "height": 480,
            "crop_top": 0,
            "crop_bottom": 0,
            "crop_left": 0,
            "crop_right": 0,
            "pix_fmt": "yuv411p",
            "sample_aspect_ratio": "8:9",
            "pict_type": "I",
            "interlaced_frame": 1,
            "top_field_first": 0,
            "repeat_pict": 0,
            "chroma_location": "topleft"
        },
        {
            "media_type": "video",
            "stream_index": 0,
            "key_frame": 1,
            "pts": 368,
            "pts_time": "12.279130",
            "pkt_dts": 368,
            "pkt_dts_time": "12.279130",
            "best_effort_timestamp": 368,
            "best_effort_timestamp_time": "12.279130",
            "duration": 1,
            "duration_time": "0.033367",
            "pkt_pos": "45778064",
            "pkt_size": "120000",
            "width": 720,
            "height": 480,
            "crop_top": 0,
            "crop_bottom": 0,
            "crop_left": 0,
            "crop_right": 0,
            "pix_fmt": "yuv411p",
            "sample_aspect_ratio": "8:9",
            "pict_type": "I",
            "interlaced_frame": 1,
            "top_field_first": 0,
            "repeat_pict": 0,
            "chroma_location": "topleft"
        },
        {
            "media_type": "video",
            "stream_index": 0,
            "key_frame": 1,
            "pts": 369,
            "pts_time": "12.312497",
            "pkt_dts": 369,
            "pkt_dts_time": "12.312497",
            "best_effort_timestamp": 369,
            "best_effort_timestamp_time": "12.312497",
            "duration": 1,
            "duration_time": "0.033367",
            "pkt_pos": "45898072",
            "pkt_size": "120000",
            "width": 720,
            "height": 480,
            "crop_top": 0,
            "crop_bottom": 0,
            "crop_left": 0,
            "crop_right": 0,
            "pix_fmt": "yuv411p",
            "sample_aspect_ratio": "8:9",
            "pict_type": "I",
            "interlaced_frame": 1,
            "top_field_first": 0,
            "repeat_pict": 0,
            "chroma_location": "topleft"
        },
        {
            "media_type": "video",
            "stream_index": 0,
            "key_frame": 1,
            "pts": 370,
            "pts_time": "12.345864",
            "pkt_dts": 370,
            "pkt_dts_time": "12.345864",
            "best_effort_timestamp": 370,
            "best_effort_timestamp_time": "12.345864",
            "duration": 1,
            "duration_time": "0.033367",
            "pkt_pos": "46018080",
            "pkt_size": "120000",
            "width": 720,
            "height": 480,
            "crop_top": 0,
            "crop_bottom": 0,
            "crop_left": 0,
            "crop_right": 0,
            "pix_fmt": "yuv411p",
            "sample_aspect_ratio": "8:9",
            "pict_type": "I",
            "interlaced_frame": 1,
            "top_field_first": 0,
            "repeat_pict": 0,
            "chroma_location": "topleft"
        },
        {
            "media_type": "video",
            "stream_index": 0,
            "key_frame": 1,
            "pts": 371,
            "pts_time": "12.379231",
            "pkt_dts": 371,
            "pkt_dts_time": "12.379231",
            "best_effort_timestamp": 371,
            "best_effort_timestamp_time": "12.379231",
            "duration": 1,
            "duration_time": "0.033367",
            "pkt_pos": "46138088",
            "pkt_size": "120000",
            "width": 720,
            "height": 480,
            "crop_top": 0,
            "crop_bottom": 0,
            "crop_left": 0,
            "crop_right": 0,
            "pix_fmt": "yuv411p",
            "sample_aspect_ratio": "8:9",
            "pict_type": "I",
            "interlaced_frame": 1,
            "top_field_first": 0,
            "repeat_pict": 0,
            "chroma_location": "topleft"
        },
        {
            "media_type": "video",
            "stream_index": 0,
            "key_frame": 1,
            "pts": 372,
            "pts_time": "12.412598",
            "pkt_dts": 372,
            "pkt_dts_time": "12.412598",
            "best_effort_timestamp": 372,
            "best_effort_timestamp_time": "12.412598",
            "duration": 1,
            "duration_time": "0.033367",
            "pkt_pos": "46258096",
            "pkt_size": "120000",
            "width": 720,
            "height": 480,
            "crop_top": 0,
            "crop_bottom": 0,
            "crop_left": 0,
            "crop_right": 0,
            "pix_fmt": "yuv411p",
            "sample_aspect_ratio": "8:9",
            "pict_type": "I",
            "interlaced_frame": 1,
            "top_field_first": 0,
            "repeat_pict": 0,
            "chroma_location": "topleft"
        },
        {
            "media_type": "video",
            "stream_index": 0,
            "key_frame": 1,
            "pts": 373,
            "pts_time": "12.445966",
            "pkt_dts": 373,
            "pkt_dts_time": "12.445966",
            "best_effort_timestamp": 373,
            "best_effort_timestamp_time": "12.445966",
            "duration": 1,
            "duration_time": "0.033367",
            "pkt_pos": "46378104",
            "pkt_size": "120000",
            "width": 720,
            "height": 480,
            "crop_top": 0,
            "crop_bottom": 0,
            "crop_left": 0,
            "crop_right": 0,
            "pix_fmt": "yuv411p",
            "sample_aspect_ratio": "8:9",
            "pict_type": "I",
            "interlaced_frame": 1,
            "top_field_first": 0,
            "repeat_pict": 0,
            "chroma_location": "topleft"
        },
        {
            "media_type": "video",
            "stream_index": 0,
            "key_frame": 1,
            "pts": 374,
            "pts_time": "12.479333",
            "pkt_dts": 374,
            "pkt_dts_time": "12.479333",
            "best_effort_timestamp": 374,
            "best_effort_timestamp_time": "12.479333",
            "duration": 1,
            "duration_time": "0.033367",
            "pkt_pos": "46498112",
            "pkt_size": "120000",
            "width": 720,
            "height": 480,
            "crop_top": 0,
            "crop_bottom": 0,
            "crop_left": 0,
            "crop_right": 0,
            "pix_fmt": "yuv411p",
            "sample_aspect_ratio": "8:9",
            "pict_type": "I",
            "interlaced_frame": 1,
            "top_field_first": 0,
            "repeat_pict": 0,
            "chroma_location": "topleft"
        },
        {
            "media_type": "video",
            "stream_index": 0,
            "key_frame": 1,
            "pts": 375,
            "pts_time": "12.512700",
            "pkt_dts": 375,
            "pkt_dts_time": "12.512700",
            "best_effort_timestamp": 375,
            "best_effort_timestamp_time": "12.512700",
            "duration": 1,
            "duration_time": "0.033367",
            "pkt_pos": "46618120",
            "pkt_size": "120000",
            "width": 720,
            "height": 480,
            "crop_top": 0,
            "crop_bottom": 0,
            "crop_left": 0,
            "crop_right": 0,
            "pix_fmt": "yuv411p",
            "sample_aspect_ratio": "8:9",
            "pict_type": "I",
            "interlaced_frame": 1,
            "top_field_first": 0,
            "repeat_pict": 0,
            "chroma_location": "topleft"
        },
        {
            "media_type": "video",
            "stream_index": 0,
            "key_frame": 1,
            "pts": 376,
            "pts_time": "12.546067",
            "pkt_dts": 376,
            "pkt_dts_time": "12.546067",
            "best_effort_timestamp": 376,
            "best_effort_timestamp_time": "12.546067",
            "duration": 1,
            "duration_time": "0.033367",
            "pkt_pos": "46738128",
            "pkt_size": "120000",
            "width": 720,
            "height": 480,
            "crop_top": 0,
            "crop_bottom": 0,
            "crop_left": 0,
            "crop_right": 0,
            "pix_fmt": "yuv411p",
            "sample_aspect_ratio": "8:9",
            "pict_type": "I",
            "interlaced_frame": 1,
            "top_field_first": 0,
            "repeat_pict": 0,
            "chroma_location": "topleft"
        },
        {
            "media_type": "video",
            "stream_index": 0,
            "key_frame": 1,
            "pts": 377,
            "pts_time": "12.579434",
            "pkt_dts": 377,
            "pkt_dts_time": "12.579434",
            "best_effort_timestamp": 377,
            "best_effort_timestamp_time": "12.579434",
            "duration": 1,
            "duration_time": "0.033367",
            "pkt_pos": "46982000",
            "pkt_size": "120000",
            "width": 720,
            "height": 480,
            "crop_top": 0,
            "crop_bottom": 0,
            "crop_left": 0,
            "crop_right": 0,
            "pix_fmt": "yuv411p",
            "sample_aspect_ratio": "8:9",
            "pict_type": "I",
            "interlaced_frame": 1,
            "top_field_first": 0,
            "repeat_pict": 0,
            "chroma_location": "topleft"
        },
        {
            "media_type": "video",
            "stream_index": 0,
            "key_frame": 1,
            "pts": 378,
            "pts_time": "12.612802",
            "pkt_dts": 378,
            "pkt_dts_time": "12.612802",
            "best_effort_timestamp": 378,
            "best_effort_timestamp_time": "12.612802",
            "duration": 1,
            "duration_time": "0.033367",
            "pkt_pos": "47102008",
            "pkt_size": "120000",
            "width": 720,
            "height": 480,
            "crop_top": 0,
            "crop_bottom": 0,
            "crop_left": 0,
            "crop_right": 0,
            "pix_fmt": "yuv411p",
            "sample_aspect_ratio": "8:9",
            "pict_type": "I",
            "interlaced_frame": 1,
            "top_field_first": 0,
            "repeat_pict": 0,
            "chroma_location": "topleft"
        },
        {
            "media_type": "video",
            "stream_index": 0,
            "key_frame": 1,
            "pts": 379,
            "pts_time": "12.646169",
            "pkt_dts": 379,
            "pkt_dts_time": "12.646169",
            "best_effort_timestamp": 379,
            "best_effort_timestamp_time": "12.646169",
            "duration": 1,
            "duration_time": "0.033367",
            "pkt_pos": "47222016",
            "pkt_size": "120000",
            "width": 720,
            "height": 480,
            "crop_top": 0,
            "crop_bottom": 0,
            "crop_left": 0,
            "crop_right": 0,
            "pix_fmt": "yuv411p",
            "sample_aspect_ratio": "8:9",
            "pict_type": "I",
            "interlaced_frame": 1,
            "top_field_first": 0,
            "repeat_pict": 0,
            "chroma_location": "topleft"
        },
        {
            "media_type": "video",
            "stream_index": 0,
            "key_frame": 1,
            "pts": 380,
            "pts_time": "12.679536",
            "pkt_dts": 380,
            "pkt_dts_time": "12.679536",
            "best_effort_timestamp": 380,
            "best_effort_timestamp_time": "12.679536",
            "duration": 1,
            "duration_time": "0.033367",
            "pkt_pos": "47342024",
            "pkt_size": "120000",
            "width": 720,
            "height": 480,
            "crop_top": 0,
            "crop_bottom": 0,
            "crop_left": 0,
            "crop_right": 0,
            "pix_fmt": "yuv411p",
            "sample_aspect_ratio": "8:9",
            "pict_type": "I",
            "interlaced_frame": 1,
            "top_field_first": 0,
            "repeat_pict": 0,
            "chroma_location": "topleft"
        },
        {
            "media_type": "video",
            "stream_index": 0,
            "key_frame": 1,
            "pts": 381,
            "pts_time": "12.712903",
            "pkt_dts": 381,
            "pkt_dts_time": "12.712903",
            "best_effort_timestamp": 381,
            "best_effort_timestamp_time": "12.712903",
            "duration": 1,
            "duration_time": "0.033367",
            "pkt_pos": "47462032",
            "pkt_size": "120000",
            "width": 720,
            "height": 480,
            "crop_top": 0,
            "crop_bottom": 0,
            "crop_left": 0,
            "crop_right": 0,
            "pix_fmt": "yuv411p",
            "sample_aspect_ratio": "8:9",
            "pict_type": "I",
            "interlaced_frame": 1,
            "top_field_first": 0,
            "repeat_pict": 0,
            "chroma_location": "topleft"
        },
        {
            "media_type": "video",
            "stream_index": 0,
            "key_frame": 1,
            "pts": 382,
            "pts_time": "12.746270",
            "pkt_dts": 382,
            "pkt_dts_time": "12.746270",
            "best_effort_timestamp": 382,
            "best_effort_timestamp_time": "12.746270",
            "duration": 1,
            "duration_time": "0.033367",
            "pkt_pos": "47582040",
            "pkt_size": "120000",
            "width": 720,
            "height": 480,
            "crop_top": 0,
            "crop_bottom": 0,
            "crop_left": 0,
            "crop_right": 0,
            "pix_fmt": "yuv411p",
            "sample_aspect_ratio": "8:9",
            "pict_type": "I",
            "interlaced_frame": 1,
            "top_field_first": 0,
            "repeat_pict": 0,
            "chroma_location": "topleft"
        },
        {
            "media_type": "video",
            "stream_index": 0,
            "key_frame": 1,
            "pts": 383,
            "pts_time": "12.779638",
            "pkt_dts": 383,
            "pkt_dts_time": "12.779638",
            "best_effort_timestamp": 383,
            "best_effort_timestamp_time": "12.779638",
            "duration": 1,
            "duration_time": "0.033367",
            "pkt_pos": "47702048",
            "pkt_size": "120000",
            "width": 720,
            "height": 480,
            "crop_top": 0,
            "crop_bottom": 0,
            "crop_left": 0,
            "crop_right": 0,
            "pix_fmt": "yuv411p",
            "sample_aspect_ratio": "8:9",
            "pict_type": "I",
            "interlaced_frame": 1,
            "top_field_first": 0,
            "repeat_pict": 0,
            "chroma_location": "topleft"
        },
        {
            "media_type": "video",
            "stream_index": 0,
            "key_frame": 1,
            "pts": 384,
            "pts_time": "12.813005",
            "pkt_dts": 384,
            "pkt_dts_time": "12.813005",
            "best_effort_timestamp": 384,
            "best_effort_timestamp_time": "12.813005",
            "duration": 1,
            "duration_time": "0.033367",
            "pkt_pos": "47822056",
            "pkt_size": "120000",
            "width": 720,
            "height": 480,
            "crop_top": 0,
            "crop_bottom": 0,
            "crop_left": 0,
            "crop_right": 0,
            "pix_fmt": "yuv411p",
            "sample_aspect_ratio": "8:9",
            "pict_type": "I",
            "interlaced_frame": 1,
            "top_field_first": 0,
            "repeat_pict": 0,
            "chroma_location": "topleft"
        },
        {
            "media_type": "video",
            "stream_index": 0,
            "key_frame": 1,
            "pts": 385,
            "pts_time": "12.846372",
            "pkt_dts": 385,
            "pkt_dts_time": "12.846372",
            "best_effort_timestamp": 385,
            "best_effort_timestamp_time": "12.846372",
            "duration": 1,
            "duration_time": "0.033367",
            "pkt_pos": "47942064",
            "pkt_size": "120000",
            "width": 720,
            "height": 480,
            "crop_top": 0,
            "crop_bottom": 0,
            "crop_left": 0,
            "crop_right": 0,
            "pix_fmt": "yuv411p",
            "sample_aspect_ratio": "8:9",
            "pict_type": "I",
            "interlaced_frame": 1,
            "top_field_first": 0,
            "repeat_pict": 0,
            "chroma_location": "topleft"
        },
        {
            "media_type": "video",
            "stream_index": 0,
            "key_frame": 1,
            "pts": 386,
            "pts_time": "12.879739",
            "pkt_dts": 386,
            "pkt_dts_time": "12.879739",
            "best_effort_timestamp": 386,
            "best_effort_timestamp_time": "12.879739",
            "duration": 1,
            "duration_time": "0.033367",
            "pkt_pos": "48062072",
            "pkt_size": "120000",
            "width": 720,
            "height": 480,
            "crop_top": 0,
            "crop_bottom": 0,
            "crop_left": 0,
            "crop_right": 0,
            "pix_fmt": "yuv411p",
            "sample_aspect_ratio": "8:9",
            "pict_type": "I",
            "interlaced_frame": 1,
            "top_field_first": 0,
            "repeat_pict": 0,
            "chroma_location": "topleft"
        },
        {
            "media_type": "video",
            "stream_index": 0,
            "key_frame": 1,
            "pts": 387,
            "pts_time": "12.913106",
            "pkt_dts": 387,
            "pkt_dts_time": "12.913106",
            "best_effort_timestamp": 387,
            "best_effort_timestamp_time": "12.913106",
            "duration": 1,
            "duration_time": "0.033367",
            "pkt_pos": "48182080",
            "pkt_size": "120000",
            "width": 720,
            "height": 480,
            "crop_top": 0,
            "crop_bottom": 0,
            "crop_left": 0,
            "crop_right": 0,
            "pix_fmt": "yuv411p",
            "sample_aspect_ratio": "8:9",
            "pict_type": "I",
            "interlaced_frame": 1,
            "top_field_first": 0,
            "repeat_pict": 0,
            "chroma_location": "topleft"
        },
        {
            "media_type": "video",
            "stream_index": 0,
            "key_frame": 1,
            "pts": 388,
            "pts_time": "12.946474",
            "pkt_dts": 388,
            "pkt_dts_time": "12.946474",
            "best_effort_timestamp": 388,
            "best_effort_timestamp_time": "12.946474",
            "duration": 1,
            "duration_time": "0.033367",
            "pkt_pos": "48302088",
            "pkt_size": "120000",
            "width": 720,
            "height": 480,
            "crop_top": 0,
            "crop_bottom": 0,
            "crop_left": 0,
            "crop_right": 0,
            "pix_fmt": "yuv411p",
            "sample_aspect_ratio": "8:9",
            "pict_type": "I",
            "interlaced_frame": 1,
            "top_field_first": 0,
            "repeat_pict": 0,
            "chroma_location": "topleft"
        },
        {
            "media_type": "video",
            "stream_index": 0,
            "key_frame": 1,
            "pts": 389,
            "pts_time": "12.979841",
            "pkt_dts": 389,
            "pkt_dts_time": "12.979841",
            "best_effort_timestamp": 389,
            "best_effort_timestamp_time": "12.979841",
            "duration": 1,
            "duration_time": "0.033367",
            "pkt_pos": "48422096",
            "pkt_size": "120000",
            "width": 720,
            "height": 480,
            "crop_top": 0,
            "crop_bottom": 0,
            "crop_left": 0,
            "crop_right": 0,
            "pix_fmt": "yuv411p",
            "sample_aspect_ratio": "8:9",
            "pict_type": "I",
            "interlaced_frame": 1,
            "top_field_first": 0,
            "repeat_pict": 0,
            "chroma_location": "topleft"
        },
        {
            "media_type": "video",
            "stream_index": 0,
            "key_frame": 1,
            "pts": 390,
            "pts_time": "13.013208",
            "pkt_dts": 390,
            "pkt_dts_time": "13.013208",
            "best_effort_timestamp": 390,
            "best_effort_timestamp_time": "13.013208",
            "duration": 1,
            "duration_time": "0.033367",
            "pkt_pos": "48542104",
            "pkt_size": "120000",
            "width": 720,
            "height": 480,
            "crop_top": 0,
            "crop_bottom": 0,
            "crop_left": 0,
            "crop_right": 0,
            "pix_fmt": "yuv411p",
            "sample_aspect_ratio": "8:9",
            "pict_type": "I",
            "interlaced_frame": 1,
            "top_field_first": 0,
            "repeat_pict": 0,
            "chroma_location": "topleft"
        },
        {
            "media_type": "video",
            "stream_index": 0,
            "key_frame": 1,
            "pts": 391,
            "pts_time": "13.046575",
            "pkt_dts": 391,
            "pkt_dts_time": "13.046575",
            "best_effort_timestamp": 391,
            "best_effort_timestamp_time": "13.046575",
            "duration": 1,
            "duration_time": "0.033367",
            "pkt_pos": "48662112",
            "pkt_size": "120000",
            "width": 720,
            "height": 480,
            "crop_top": 0,
            "crop_bottom": 0,
            "crop_left": 0,
            "crop_right": 0,
            "pix_fmt": "yuv411p",
            "sample_aspect_ratio": "8:9",
            "pict_type": "I",
            "interlaced_frame": 1,
            "top_field_first": 0,
            "repeat_pict": 0,
            "chroma_location": "topleft"
        },
        {
            "media_type": "video",
            "stream_index": 0,
            "key_frame": 1,
            "pts": 392,
            "pts_time": "13.079942",
            "pkt_dts": 392,
            "pkt_dts_time": "13.079942",
            "best_effort_timestamp": 392,
            "best_effort_timestamp_time": "13.079942",
            "duration": 1,
            "duration_time": "0.033367",
            "pkt_pos": "48782120",
            "pkt_size": "120000",
            "width": 720,
            "height": 480,
            "crop_top": 0,
            "crop_bottom": 0,
            "crop_left": 0,
            "crop_right": 0,
            "pix_fmt": "yuv411p",
            "sample_aspect_ratio": "8:9",
            "pict_type": "I",
            "interlaced_frame": 1,
            "top_field_first": 0,
            "repeat_pict": 0,
            "chroma_location": "topleft"
        },
        {
            "media_type": "video",
            "stream_index": 0,
            "key_frame": 1,
            "pts": 393,
            "pts_time": "13.113310",
            "pkt_dts": 393,
            "pkt_dts_time": "13.113310",
            "best_effort_timestamp": 393,
            "best_effort_timestamp_time": "13.113310",
            "duration": 1,
            "duration_time": "0.033367",
            "pkt_pos": "48902128",
            "pkt_size": "120000",
            "width": 720,
            "height": 480,
            "crop_top": 0,
            "crop_bottom": 0,
            "crop_left": 0,
            "crop_right": 0,
            "pix_fmt": "yuv411p",
            "sample_aspect_ratio": "8:9",
            "pict_type": "I",
            "interlaced_frame": 1,
            "top_field_first": 0,
            "repeat_pict": 0,
            "chroma_location": "topleft"
        },
        {
            "media_type": "video",
            "stream_index": 0,
            "key_frame": 1,
            "pts": 394,
            "pts_time": "13.146677",
            "pkt_dts": 394,
            "pkt_dts_time": "13.146677",
            "best_effort_timestamp": 394,
            "best_effort_timestamp_time": "13.146677",
            "duration": 1,
            "duration_time": "0.033367",
            "pkt_pos": "49022136",
            "pkt_size": "120000",
            "width": 720,
            "height": 480,
            "crop_top": 0,
            "crop_bottom": 0,
            "crop_left": 0,
            "crop_right": 0,
            "pix_fmt": "yuv411p",
            "sample_aspect_ratio": "8:9",
            "pict_type": "I",
            "interlaced_frame": 1,
            "top_field_first": 0,
            "repeat_pict": 0,
            "chroma_location": "topleft"
        },
        {
            "media_type": "video",
            "stream_index": 0,
            "key_frame": 1,
            "pts": 395,
            "pts_time": "13.180044",
            "pkt_dts": 395,
            "pkt_dts_time": "13.180044",
            "best_effort_timestamp": 395,
            "best_effort_timestamp_time": "13.180044",
            "duration": 1,
            "duration_time": "0.033367",
            "pkt_pos": "49142144",
            "pkt_size": "120000",
            "width": 720,
            "height": 480,
            "crop_top": 0,
            "crop_bottom": 0,
            "crop_left": 0,
            "crop_right": 0,
            "pix_fmt": "yuv411p",
            "sample_aspect_ratio": "8:9",
            "pict_type": "I",
            "interlaced_frame": 1,
            "top_field_first": 0,
            "repeat_pict": 0,
            "chroma_location": "topleft"
        },
        {
            "media_type": "video",
            "stream_index": 0,
            "key_frame": 1,
            "pts": 396,
            "pts_time": "13.213411",
            "pkt_dts": 396,
            "pkt_dts_time": "13.213411",
            "best_effort_timestamp": 396,
            "best_effort_timestamp_time": "13.213411",
            "duration": 1,
            "duration_time": "0.033367",
            "pkt_pos": "49262152",
            "pkt_size": "120000",
            "width": 720,
            "height": 480,
            "crop_top": 0,
            "crop_bottom": 0,
            "crop_left": 0,
            "crop_right": 0,
            "pix_fmt": "yuv411p",
            "sample_aspect_ratio": "8:9",
            "pict_type": "I",
            "interlaced_frame": 1,
            "top_field_first": 0,
            "repeat_pict": 0,
            "chroma_location": "topleft"
        },
        {
            "media_type": "video",
            "stream_index": 0,
            "key_frame": 1,
            "pts": 397,
            "pts_time": "13.246778",
            "pkt_dts": 397,
            "pkt_dts_time": "13.246778",
            "best_effort_timestamp": 397,
            "best_effort_timestamp_time": "13.246778",
            "duration": 1,
            "duration_time": "0.033367",
            "pkt_pos": "49382160",
            "pkt_size": "120000",
            "width": 720,
            "height": 480,
            "crop_top": 0,
            "crop_bottom": 0,
            "crop_left": 0,
            "crop_right": 0,
            "pix_fmt": "yuv411p",
            "sample_aspect_ratio": "8:9",
            "pict_type": "I",
            "interlaced_frame": 1,
            "top_field_first": 0,
            "repeat_pict": 0,
            "chroma_location": "topleft"
        },
        {
            "media_type": "video",
            "stream_index": 0,
            "key_frame": 1,
            "pts": 398,
            "pts_time": "13.280146",
            "pkt_dts": 398,
            "pkt_dts_time": "13.280146",
            "best_effort_timestamp": 398,
            "best_effort_timestamp_time": "13.280146",
            "duration": 1,
            "duration_time": "0.033367",
            "pkt_pos": "49502168",
            "pkt_size": "120000",
            "width": 720,
            "height": 480,
            "crop_top": 0,
            "crop_bottom": 0,
            "crop_left": 0,
            "crop_right": 0,
            "pix_fmt": "yuv411p",
            "sample_aspect_ratio": "8:9",
            "pict_type": "I",
            "interlaced_frame": 1,
            "top_field_first": 0,
            "repeat_pict": 0,
            "chroma_location": "topleft"
        },
        {
            "media_type": "video",
            "stream_index": 0,
            "key_frame": 1,
            "pts": 399,
            "pts_time": "13.313513",
            "pkt_dts": 399,
            "pkt_dts_time": "13.313513",
            "best_effort_timestamp": 399,
            "best_effort_timestamp_time": "13.313513",
            "duration": 1,
            "duration_time": "0.033367",
            "pkt_pos": "49622176",
            "pkt_size": "120000",
            "width": 720,
            "height": 480,
            "crop_top": 0,
            "crop_bottom": 0,
            "crop_left": 0,
            "crop_right": 0,
            "pix_fmt": "yuv411p",
            "sample_aspect_ratio": "8:9",
            "pict_type": "I",
            "interlaced_frame": 1,
            "top_field_first": 0,
            "repeat_pict": 0,
            "chroma_location": "topleft"
        },
        {
            "media_type": "video",
            "stream_index": 0,
            "key_frame": 1,
            "pts": 400,
            "pts_time": "13.346880",
            "pkt_dts": 400,
            "pkt_dts_time": "13.346880",
            "best_effort_timestamp": 400,
            "best_effort_timestamp_time": "13.346880",
            "duration": 1,
            "duration_time": "0.033367",
            "pkt_pos": "49742184",
            "pkt_size": "120000",
            "width": 720,
            "height": 480,
            "crop_top": 0,
            "crop_bottom": 0,
            "crop_left": 0,
            "crop_right": 0,
            "pix_fmt": "yuv411p",
            "sample_aspect_ratio": "8:9",
            "pict_type": "I",
            "interlaced_frame": 1,
            "top_field_first": 0,
            "repeat_pict": 0,
            "chroma_location": "topleft"
        },
        {
            "media_type": "video",
            "stream_index": 0,
            "key_frame": 1,
            "pts": 401,
            "pts_time": "13.380247",
            "pkt_dts": 401,
            "pkt_dts_time": "13.380247",
            "best_effort_timestamp": 401,
            "best_effort_timestamp_time": "13.380247",
            "duration": 1,
            "duration_time": "0.033367",
            "pkt_pos": "49862192",
            "pkt_size": "120000",
            "width": 720,
            "height": 480,
            "crop_top": 0,
            "crop_bottom": 0,
            "crop_left": 0,
            "crop_right": 0,
            "pix_fmt": "yuv411p",
            "sample_aspect_ratio": "8:9",
            "pict_type": "I",
            "interlaced_frame": 1,
            "top_field_first": 0,
            "repeat_pict": 0,
            "chroma_location": "topleft"
        },
        {
            "media_type": "video",
            "stream_index": 0,
            "key_frame": 1,
            "pts": 402,
            "pts_time": "13.413614",
            "pkt_dts": 402,
            "pkt_dts_time": "13.413614",
            "best_effort_timestamp": 402,
            "best_effort_timestamp_time": "13.413614",
            "duration": 1,
            "duration_time": "0.033367",
            "pkt_pos": "49982200",
            "pkt_size": "120000",
            "width": 720,
            "height": 480,
            "crop_top": 0,
            "crop_bottom": 0,
            "crop_left": 0,
            "crop_right": 0,
            "pix_fmt": "yuv411p",
            "sample_aspect_ratio": "8:9",
            "pict_type": "I",
            "interlaced_frame": 1,
            "top_field_first": 0,
            "repeat_pict": 0,
            "chroma_location": "topleft"
        },
        {
            "media_type": "video",
            "stream_index": 0,
            "key_frame": 1,
            "pts": 403,
            "pts_time": "13.446982",
            "pkt_dts": 403,
            "pkt_dts_time": "13.446982",
            "best_effort_timestamp": 403,
            "best_effort_timestamp_time": "13.446982",
            "duration": 1,
            "duration_time": "0.033367",
            "pkt_pos": "50102208",
            "pkt_size": "120000",
            "width": 720,
            "height": 480,
            "crop_top": 0,
            "crop_bottom": 0,
            "crop_left": 0,
            "crop_right": 0,
            "pix_fmt": "yuv411p",
            "sample_aspect_ratio": "8:9",
            "pict_type": "I",
            "interlaced_frame": 1,
            "top_field_first": 0,
            "repeat_pict": 0,
            "chroma_location": "topleft"
        },
        {
            "media_type": "video",
            "stream_index": 0,
            "key_frame": 1,
            "pts": 404,
            "pts_time": "13.480349",
            "pkt_dts": 404,
            "pkt_dts_time": "13.480349",
            "best_effort_timestamp": 404,
            "best_effort_timestamp_time": "13.480349",
            "duration": 1,
            "duration_time": "0.033367",
            "pkt_pos": "50222216",
            "pkt_size": "120000",
            "width": 720,
            "height": 480,
            "crop_top": 0,
            "crop_bottom": 0,
            "crop_left": 0,
            "crop_right": 0,
            "pix_fmt": "yuv411p",
            "sample_aspect_ratio": "8:9",
            "pict_type": "I",
            "interlaced_frame": 1,
            "top_field_first": 0,
            "repeat_pict": 0,
            "chroma_location": "topleft"
        },
        {
            "media_type": "video",
            "stream_index": 0,
            "key_frame": 1,
            "pts": 405,
            "pts_time": "13.513716",
            "pkt_dts": 405,
            "pkt_dts_time": "13.513716",
            "best_effort_timestamp": 405,
            "best_effort_timestamp_time": "13.513716",
            "duration": 1,
            "duration_time": "0.033367",
            "pkt_pos": "50342224",
            "pkt_size": "120000",
            "width": 720,
            "height": 480,
            "crop_top": 0,
            "crop_bottom": 0,
            "crop_left": 0,
            "crop_right": 0,
            "pix_fmt": "yuv411p",
            "sample_aspect_ratio": "8:9",
            "pict_type": "I",
            "interlaced_frame": 1,
            "top_field_first": 0,
            "repeat_pict": 0,
            "chroma_location": "topleft"
        },
        {
            "media_type": "video",
            "stream_index": 0,
            "key_frame": 1,
            "pts": 406,
            "pts_time": "13.547083",
            "pkt_dts": 406,
            "pkt_dts_time": "13.547083",
            "best_effort_timestamp": 406,
            "best_effort_timestamp_time": "13.547083",
            "duration": 1,
            "duration_time": "0.033367",
            "pkt_pos": "50586100",
            "pkt_size": "120000",
            "width": 720,
            "height": 480,
            "crop_top": 0,
            "crop_bottom": 0,
            "crop_left": 0,
            "crop_right": 0,
            "pix_fmt": "yuv411p",
            "sample_aspect_ratio": "8:9",
            "pict_type": "I",
            "interlaced_frame": 1,
            "top_field_first": 0,
            "repeat_pict": 0,
            "chroma_location": "topleft"
        },
        {
            "media_type": "video",
            "stream_index": 0,
            "key_frame": 1,
            "pts": 407,
            "pts_time": "13.580450",
            "pkt_dts": 407,
            "pkt_dts_time": "13.580450",
            "best_effort_timestamp": 407,
            "best_effort_timestamp_time": "13.580450",
            "duration": 1,
            "duration_time": "0.033367",
            "pkt_pos": "50706108",
            "pkt_size": "120000",
            "width": 720,
            "height": 480,
            "crop_top": 0,
            "crop_bottom": 0,
            "crop_left": 0,
            "crop_right": 0,
            "pix_fmt": "yuv411p",
            "sample_aspect_ratio": "8:9",
            "pict_type": "I",
            "interlaced_frame": 1,
            "top_field_first": 0,
            "repeat_pict": 0,
            "chroma_location": "topleft"
        },
        {
            "media_type": "video",
            "stream_index": 0,
            "key_frame": 1,
            "pts": 408,
            "pts_time": "13.613818",
            "pkt_dts": 408,
            "pkt_dts_time": "13.613818",
            "best_effort_timestamp": 408,
            "best_effort_timestamp_time": "13.613818",
            "duration": 1,
            "duration_time": "0.033367",
            "pkt_pos": "50826116",
            "pkt_size": "120000",
            "width": 720,
            "height": 480,
            "crop_top": 0,
            "crop_bottom": 0,
            "crop_left": 0,
            "crop_right": 0,
            "pix_fmt": "yuv411p",
            "sample_aspect_ratio": "8:9",
            "pict_type": "I",
            "interlaced_frame": 1,
            "top_field_first": 0,
            "repeat_pict": 0,
            "chroma_location": "topleft"
        },
        {
            "media_type": "video",
            "stream_index": 0,
            "key_frame": 1,
            "pts": 409,
            "pts_time": "13.647185",
            "pkt_dts": 409,
            "pkt_dts_time": "13.647185",
            "best_effort_timestamp": 409,
            "best_effort_timestamp_time": "13.647185",
            "duration": 1,
            "duration_time": "0.033367",
            "pkt_pos": "50946124",
            "pkt_size": "120000",
            "width": 720,
            "height": 480,
            "crop_top": 0,
            "crop_bottom": 0,
            "crop_left": 0,
            "crop_right": 0,
            "pix_fmt": "yuv411p",
            "sample_aspect_ratio": "8:9",
            "pict_type": "I",
            "interlaced_frame": 1,
            "top_field_first": 0,
            "repeat_pict": 0,
            "chroma_location": "topleft"
        },
        {
            "media_type": "video",
            "stream_index": 0,
            "key_frame": 1,
            "pts": 410,
            "pts_time": "13.680552",
            "pkt_dts": 410,
            "pkt_dts_time": "13.680552",
            "best_effort_timestamp": 410,
            "best_effort_timestamp_time": "13.680552",
            "duration": 1,
            "duration_time": "0.033367",
            "pkt_pos": "51066132",
            "pkt_size": "120000",
            "width": 720,
            "height": 480,
            "crop_top": 0,
            "crop_bottom": 0,
            "crop_left": 0,
            "crop_right": 0,
            "pix_fmt": "yuv411p",
            "sample_aspect_ratio": "8:9",
            "pict_type": "I",
            "interlaced_frame": 1,
            "top_field_first": 0,
            "repeat_pict": 0,
            "chroma_location": "topleft"
        },
        {
            "media_type": "video",
            "stream_index": 0,
            "key_frame": 1,
            "pts": 411,
            "pts_time": "13.713919",
            "pkt_dts": 411,
            "pkt_dts_time": "13.713919",
            "best_effort_timestamp": 411,
            "best_effort_timestamp_time": "13.713919",
            "duration": 1,
            "duration_time": "0.033367",
            "pkt_pos": "51186140",
            "pkt_size": "120000",
            "width": 720,
            "height": 480,
            "crop_top": 0,
            "crop_bottom": 0,
            "crop_left": 0,
            "crop_right": 0,
            "pix_fmt": "yuv411p",
            "sample_aspect_ratio": "8:9",
            "pict_type": "I",
            "interlaced_frame": 1,
            "top_field_first": 0,
            "repeat_pict": 0,
            "chroma_location": "topleft"
        },
        {
            "media_type": "video",
            "stream_index": 0,
            "key_frame": 1,
            "pts": 412,
            "pts_time": "13.747286",
            "pkt_dts": 412,
            "pkt_dts_time": "13.747286",
            "best_effort_timestamp": 412,
            "best_effort_timestamp_time": "13.747286",
            "duration": 1,
            "duration_time": "0.033367",
            "pkt_pos": "51306148",
            "pkt_size": "120000",
            "width": 720,
            "height": 480,
            "crop_top": 0,
            "crop_bottom": 0,
            "crop_left": 0,
            "crop_right": 0,
            "pix_fmt": "yuv411p",
            "sample_aspect_ratio": "8:9",
            "pict_type": "I",
            "interlaced_frame": 1,
            "top_field_first": 0,
            "repeat_pict": 0,
            "chroma_location": "topleft"
        },
        {
            "media_type": "video",
            "stream_index": 0,
            "key_frame": 1,
            "pts": 413,
            "pts_time": "13.780654",
            "pkt_dts": 413,
            "pkt_dts_time": "13.780654",
            "best_effort_timestamp": 413,
            "best_effort_timestamp_time": "13.780654",
            "duration": 1,
            "duration_time": "0.033367",
            "pkt_pos": "51426156",
            "pkt_size": "120000",
            "width": 720,
            "height": 480,
            "crop_top": 0,
            "crop_bottom": 0,
            "crop_left": 0,
            "crop_right": 0,
            "pix_fmt": "yuv411p",
            "sample_aspect_ratio": "8:9",
            "pict_type": "I",
            "interlaced_frame": 1,
            "top_field_first": 0,
            "repeat_pict": 0,
            "chroma_location": "topleft"
        },
        {
            "media_type": "video",
            "stream_index": 0,
            "key_frame": 1,
            "pts": 414,
            "pts_time": "13.814021",
            "pkt_dts": 414,
            "pkt_dts_time": "13.814021",
            "best_effort_timestamp": 414,
            "best_effort_timestamp_time": "13.814021",
            "duration": 1,
            "duration_time": "0.033367",
            "pkt_pos": "51546164",
            "pkt_size": "120000",
            "width": 720,
            "height": 480,
            "crop_top": 0,
            "crop_bottom": 0,
            "crop_left": 0,
            "crop_right": 0,
            "pix_fmt": "yuv411p",
            "sample_aspect_ratio": "8:9",
            "pict_type": "I",
            "interlaced_frame": 1,
            "top_field_first": 0,
            "repeat_pict": 0,
            "chroma_location": "topleft"
        },
        {
            "media_type": "video",
            "stream_index": 0,
            "key_frame": 1,
            "pts": 415,
            "pts_time": "13.847388",
            "pkt_dts": 415,
            "pkt_dts_time": "13.847388",
            "best_effort_timestamp": 415,
            "best_effort_timestamp_time": "13.847388",
            "duration": 1,
            "duration_time": "0.033367",
            "pkt_pos": "51666172",
            "pkt_size": "120000",
            "width": 720,
            "height": 480,
            "crop_top": 0,
            "crop_bottom": 0,
            "crop_left": 0,
            "crop_right": 0,
            "pix_fmt": "yuv411p",
            "sample_aspect_ratio": "8:9",
            "pict_type": "I",
            "interlaced_frame": 1,
            "top_field_first": 0,
            "repeat_pict": 0,
            "chroma_location": "topleft"
        },
        {
            "media_type": "video",
            "stream_index": 0,
            "key_frame": 1,
            "pts": 416,
            "pts_time": "13.880755",
            "pkt_dts": 416,
            "pkt_dts_time": "13.880755",
            "best_effort_timestamp": 416,
            "best_effort_timestamp_time": "13.880755",
            "duration": 1,
            "duration_time": "0.033367",
            "pkt_pos": "51786180",
            "pkt_size": "120000",
            "width": 720,
            "height": 480,
            "crop_top": 0,
            "crop_bottom": 0,
            "crop_left": 0,
            "crop_right": 0,
            "pix_fmt": "yuv411p",
            "sample_aspect_ratio": "8:9",
            "pict_type": "I",
            "interlaced_frame": 1,
            "top_field_first": 0,
            "repeat_pict": 0,
            "chroma_location": "topleft"
        },
        {
            "media_type": "video",
            "stream_index": 0,
            "key_frame": 1,
            "pts": 417,
            "pts_time": "13.914122",
            "pkt_dts": 417,
            "pkt_dts_time": "13.914122",
            "best_effort_timestamp": 417,
            "best_effort_timestamp_time": "13.914122",
            "duration": 1,
            "duration_time": "0.033367",
            "pkt_pos": "51906188",
            "pkt_size": "120000",
            "width": 720,
            "height": 480,
            "crop_top": 0,
            "crop_bottom": 0,
            "crop_left": 0,
            "crop_right": 0,
            "pix_fmt": "yuv411p",
            "sample_aspect_ratio": "8:9",
            "pict_type": "I",
            "interlaced_frame": 1,
            "top_field_first": 0,
            "repeat_pict": 0,
            "chroma_location": "topleft"
        }
    ],
    "streams": [
        {
            "index": 0,
            "codec_name": "dvvideo",
            "codec_long_name": "DV (Digital Video)",
            "codec_type": "video",
            "codec_tag_string": "dvsd",
            "codec_tag": "0x64737664",
            "width": 720,
            "height": 480,
            "coded_width": 720,
            "coded_height": 480,
            "closed_captions": 0,
            "film_grain": 0,
            "has_b_frames": 0,
            "sample_aspect_ratio": "8:9",
            "display_aspect_ratio": "4:3",
            "pix_fmt": "yuv411p",
            "level": -99,
            "chroma_location": "topleft",
            "refs": 1,
            "r_frame_rate": "1250000/41709",
            "avg_frame_rate": "1250000/41709",
            "time_base": "41709/1250000",
            "start_pts": 0,
            "start_time": "0.000000",
            "duration_ts": 418,
            "duration": "13.947490",
            "bit_rate": "28771229",
            "nb_frames": "418",
            "nb_read_frames": "418",
            "disposition": {
                "default": 0,
                "dub": 0,
                "original": 0,
                "comment": 0,
                "lyrics": 0,
                "karaoke": 0,
                "forced": 0,
                "hearing_impaired": 0,
                "visual_impaired": 0,
                "clean_effects": 0,
                "attached_pic": 0,
                "timed_thumbnails": 0,
                "non_diegetic": 0,
                "captions": 0,
                "descriptions": 0,
                "metadata": 0,
                "dependent": 0,
                "still_image": 0,
                "multilayer": 0
            }
        }
    ],
    "format": {
        "filename": "/Users/admin/docs/911-worktrees/sherlock-wtc7-investigation/research/sherlock-wtc7-investigation/cbs-vince-source-screen/stage1/raw/clip1-attempt1.avi",
        "nb_streams": 2,
        "nb_programs": 0,
        "nb_stream_groups": 0,
        "format_name": "avi",
        "format_long_name": "AVI (Audio Video Interleaved)",
        "start_time": "0.000000",
        "duration": "13.947490",
        "size": "52084896",
        "bit_rate": "29874849",
        "probe_score": 100
    }
}
