{
    "frames": [
        {
            "media_type": "video",
            "stream_index": 0,
            "key_frame": 1,
            "pts": 0,
            "pts_time": "0.000000",
            "pkt_dts": 0,
            "pkt_dts_time": "0.000000",
            "best_effort_timestamp": 0,
            "best_effort_timestamp_time": "0.000000",
            "duration": 1,
            "duration_time": "0.033365",
            "pkt_pos": "128740",
            "pkt_size": "120000",
            "width": 720,
            "height": 480,
            "crop_top": 0,
            "crop_bottom": 0,
            "crop_left": 0,
            "crop_right": 0,
            "pix_fmt": "yuv411p",
            "sample_aspect_ratio": "8:9",
            "pict_type": "I",
            "interlaced_frame": 1,
            "top_field_first": 0,
            "repeat_pict": 0,
            "chroma_location": "topleft"
        },
        {
            "media_type": "video",
            "stream_index": 0,
            "key_frame": 1,
            "pts": 1,
            "pts_time": "0.033365",
            "pkt_dts": 1,
            "pkt_dts_time": "0.033365",
            "best_effort_timestamp": 1,
            "best_effort_timestamp_time": "0.033365",
            "duration": 1,
            "duration_time": "0.033365",
            "pkt_pos": "248748",
            "pkt_size": "120000",
            "width": 720,
            "height": 480,
            "crop_top": 0,
            "crop_bottom": 0,
            "crop_left": 0,
            "crop_right": 0,
            "pix_fmt": "yuv411p",
            "sample_aspect_ratio": "8:9",
            "pict_type": "I",
            "interlaced_frame": 1,
            "top_field_first": 0,
            "repeat_pict": 0,
            "chroma_location": "topleft"
        },
        {
            "media_type": "video",
            "stream_index": 0,
            "key_frame": 1,
            "pts": 2,
            "pts_time": "0.066730",
            "pkt_dts": 2,
            "pkt_dts_time": "0.066730",
            "best_effort_timestamp": 2,
            "best_effort_timestamp_time": "0.066730",
            "duration": 1,
            "duration_time": "0.033365",
            "pkt_pos": "368756",
            "pkt_size": "120000",
            "width": 720,
            "height": 480,
            "crop_top": 0,
            "crop_bottom": 0,
            "crop_left": 0,
            "crop_right": 0,
            "pix_fmt": "yuv411p",
            "sample_aspect_ratio": "8:9",
            "pict_type": "I",
            "interlaced_frame": 1,
            "top_field_first": 0,
            "repeat_pict": 0,
            "chroma_location": "topleft"
        },
        {
            "media_type": "video",
            "stream_index": 0,
            "key_frame": 1,
            "pts": 3,
            "pts_time": "0.100095",
            "pkt_dts": 3,
            "pkt_dts_time": "0.100095",
            "best_effort_timestamp": 3,
            "best_effort_timestamp_time": "0.100095",
            "duration": 1,
            "duration_time": "0.033365",
            "pkt_pos": "488764",
            "pkt_size": "120000",
            "width": 720,
            "height": 480,
            "crop_top": 0,
            "crop_bottom": 0,
            "crop_left": 0,
            "crop_right": 0,
            "pix_fmt": "yuv411p",
            "sample_aspect_ratio": "8:9",
            "pict_type": "I",
            "interlaced_frame": 1,
            "top_field_first": 0,
            "repeat_pict": 0,
            "chroma_location": "topleft"
        },
        {
            "media_type": "video",
            "stream_index": 0,
            "key_frame": 1,
            "pts": 4,
            "pts_time": "0.133460",
            "pkt_dts": 4,
            "pkt_dts_time": "0.133460",
            "best_effort_timestamp": 4,
            "best_effort_timestamp_time": "0.133460",
            "duration": 1,
            "duration_time": "0.033365",
            "pkt_pos": "608772",
            "pkt_size": "120000",
            "width": 720,
            "height": 480,
            "crop_top": 0,
            "crop_bottom": 0,
            "crop_left": 0,
            "crop_right": 0,
            "pix_fmt": "yuv411p",
            "sample_aspect_ratio": "8:9",
            "pict_type": "I",
            "interlaced_frame": 1,
            "top_field_first": 0,
            "repeat_pict": 0,
            "chroma_location": "topleft"
        },
        {
            "media_type": "video",
            "stream_index": 0,
            "key_frame": 1,
            "pts": 5,
            "pts_time": "0.166826",
            "pkt_dts": 5,
            "pkt_dts_time": "0.166826",
            "best_effort_timestamp": 5,
            "best_effort_timestamp_time": "0.166826",
            "duration": 1,
            "duration_time": "0.033365",
            "pkt_pos": "728780",
            "pkt_size": "120000",
            "width": 720,
            "height": 480,
            "crop_top": 0,
            "crop_bottom": 0,
            "crop_left": 0,
            "crop_right": 0,
            "pix_fmt": "yuv411p",
            "sample_aspect_ratio": "8:9",
            "pict_type": "I",
            "interlaced_frame": 1,
            "top_field_first": 0,
            "repeat_pict": 0,
            "chroma_location": "topleft"
        },
        {
            "media_type": "video",
            "stream_index": 0,
            "key_frame": 1,
            "pts": 6,
            "pts_time": "0.200191",
            "pkt_dts": 6,
            "pkt_dts_time": "0.200191",
            "best_effort_timestamp": 6,
            "best_effort_timestamp_time": "0.200191",
            "duration": 1,
            "duration_time": "0.033365",
            "pkt_pos": "848788",
            "pkt_size": "120000",
            "width": 720,
            "height": 480,
            "crop_top": 0,
            "crop_bottom": 0,
            "crop_left": 0,
            "crop_right": 0,
            "pix_fmt": "yuv411p",
            "sample_aspect_ratio": "8:9",
            "pict_type": "I",
            "interlaced_frame": 1,
            "top_field_first": 0,
            "repeat_pict": 0,
            "chroma_location": "topleft"
        },
        {
            "media_type": "video",
            "stream_index": 0,
            "key_frame": 1,
            "pts": 7,
            "pts_time": "0.233556",
            "pkt_dts": 7,
            "pkt_dts_time": "0.233556",
            "best_effort_timestamp": 7,
            "best_effort_timestamp_time": "0.233556",
            "duration": 1,
            "duration_time": "0.033365",
            "pkt_pos": "968796",
            "pkt_size": "120000",
            "width": 720,
            "height": 480,
            "crop_top": 0,
            "crop_bottom": 0,
            "crop_left": 0,
            "crop_right": 0,
            "pix_fmt": "yuv411p",
            "sample_aspect_ratio": "8:9",
            "pict_type": "I",
            "interlaced_frame": 1,
            "top_field_first": 0,
            "repeat_pict": 0,
            "chroma_location": "topleft"
        },
        {
            "media_type": "video",
            "stream_index": 0,
            "key_frame": 1,
            "pts": 8,
            "pts_time": "0.266921",
            "pkt_dts": 8,
            "pkt_dts_time": "0.266921",
            "best_effort_timestamp": 8,
            "best_effort_timestamp_time": "0.266921",
            "duration": 1,
            "duration_time": "0.033365",
            "pkt_pos": "1088804",
            "pkt_size": "120000",
            "width": 720,
            "height": 480,
            "crop_top": 0,
            "crop_bottom": 0,
            "crop_left": 0,
            "crop_right": 0,
            "pix_fmt": "yuv411p",
            "sample_aspect_ratio": "8:9",
            "pict_type": "I",
            "interlaced_frame": 1,
            "top_field_first": 0,
            "repeat_pict": 0,
            "chroma_location": "topleft"
        },
        {
            "media_type": "video",
            "stream_index": 0,
            "key_frame": 1,
            "pts": 9,
            "pts_time": "0.300286",
            "pkt_dts": 9,
            "pkt_dts_time": "0.300286",
            "best_effort_timestamp": 9,
            "best_effort_timestamp_time": "0.300286",
            "duration": 1,
            "duration_time": "0.033365",
            "pkt_pos": "1208812",
            "pkt_size": "120000",
            "width": 720,
            "height": 480,
            "crop_top": 0,
            "crop_bottom": 0,
            "crop_left": 0,
            "crop_right": 0,
            "pix_fmt": "yuv411p",
            "sample_aspect_ratio": "8:9",
            "pict_type": "I",
            "interlaced_frame": 1,
            "top_field_first": 0,
            "repeat_pict": 0,
            "chroma_location": "topleft"
        },
        {
            "media_type": "video",
            "stream_index": 0,
            "key_frame": 1,
            "pts": 10,
            "pts_time": "0.333651",
            "pkt_dts": 10,
            "pkt_dts_time": "0.333651",
            "best_effort_timestamp": 10,
            "best_effort_timestamp_time": "0.333651",
            "duration": 1,
            "duration_time": "0.033365",
            "pkt_pos": "1328820",
            "pkt_size": "120000",
            "width": 720,
            "height": 480,
            "crop_top": 0,
            "crop_bottom": 0,
            "crop_left": 0,
            "crop_right": 0,
            "pix_fmt": "yuv411p",
            "sample_aspect_ratio": "8:9",
            "pict_type": "I",
            "interlaced_frame": 1,
            "top_field_first": 0,
            "repeat_pict": 0,
            "chroma_location": "topleft"
        },
        {
            "media_type": "video",
            "stream_index": 0,
            "key_frame": 1,
            "pts": 11,
            "pts_time": "0.367016",
            "pkt_dts": 11,
            "pkt_dts_time": "0.367016",
            "best_effort_timestamp": 11,
            "best_effort_timestamp_time": "0.367016",
            "duration": 1,
            "duration_time": "0.033365",
            "pkt_pos": "1448828",
            "pkt_size": "120000",
            "width": 720,
            "height": 480,
            "crop_top": 0,
            "crop_bottom": 0,
            "crop_left": 0,
            "crop_right": 0,
            "pix_fmt": "yuv411p",
            "sample_aspect_ratio": "8:9",
            "pict_type": "I",
            "interlaced_frame": 1,
            "top_field_first": 0,
            "repeat_pict": 0,
            "chroma_location": "topleft"
        },
        {
            "media_type": "video",
            "stream_index": 0,
            "key_frame": 1,
            "pts": 12,
            "pts_time": "0.400381",
            "pkt_dts": 12,
            "pkt_dts_time": "0.400381",
            "best_effort_timestamp": 12,
            "best_effort_timestamp_time": "0.400381",
            "duration": 1,
            "duration_time": "0.033365",
            "pkt_pos": "1568836",
            "pkt_size": "120000",
            "width": 720,
            "height": 480,
            "crop_top": 0,
            "crop_bottom": 0,
            "crop_left": 0,
            "crop_right": 0,
            "pix_fmt": "yuv411p",
            "sample_aspect_ratio": "8:9",
            "pict_type": "I",
            "interlaced_frame": 1,
            "top_field_first": 0,
            "repeat_pict": 0,
            "chroma_location": "topleft"
        },
        {
            "media_type": "video",
            "stream_index": 0,
            "key_frame": 1,
            "pts": 13,
            "pts_time": "0.433746",
            "pkt_dts": 13,
            "pkt_dts_time": "0.433746",
            "best_effort_timestamp": 13,
            "best_effort_timestamp_time": "0.433746",
            "duration": 1,
            "duration_time": "0.033365",
            "pkt_pos": "1688844",
            "pkt_size": "120000",
            "width": 720,
            "height": 480,
            "crop_top": 0,
            "crop_bottom": 0,
            "crop_left": 0,
            "crop_right": 0,
            "pix_fmt": "yuv411p",
            "sample_aspect_ratio": "8:9",
            "pict_type": "I",
            "interlaced_frame": 1,
            "top_field_first": 0,
            "repeat_pict": 0,
            "chroma_location": "topleft"
        },
        {
            "media_type": "video",
            "stream_index": 0,
            "key_frame": 1,
            "pts": 14,
            "pts_time": "0.467111",
            "pkt_dts": 14,
            "pkt_dts_time": "0.467111",
            "best_effort_timestamp": 14,
            "best_effort_timestamp_time": "0.467111",
            "duration": 1,
            "duration_time": "0.033365",
            "pkt_pos": "1808852",
            "pkt_size": "120000",
            "width": 720,
            "height": 480,
            "crop_top": 0,
            "crop_bottom": 0,
            "crop_left": 0,
            "crop_right": 0,
            "pix_fmt": "yuv411p",
            "sample_aspect_ratio": "8:9",
            "pict_type": "I",
            "interlaced_frame": 1,
            "top_field_first": 0,
            "repeat_pict": 0,
            "chroma_location": "topleft"
        },
        {
            "media_type": "video",
            "stream_index": 0,
            "key_frame": 1,
            "pts": 15,
            "pts_time": "0.500476",
            "pkt_dts": 15,
            "pkt_dts_time": "0.500476",
            "best_effort_timestamp": 15,
            "best_effort_timestamp_time": "0.500476",
            "duration": 1,
            "duration_time": "0.033365",
            "pkt_pos": "1928860",
            "pkt_size": "120000",
            "width": 720,
            "height": 480,
            "crop_top": 0,
            "crop_bottom": 0,
            "crop_left": 0,
            "crop_right": 0,
            "pix_fmt": "yuv411p",
            "sample_aspect_ratio": "8:9",
            "pict_type": "I",
            "interlaced_frame": 1,
            "top_field_first": 0,
            "repeat_pict": 0,
            "chroma_location": "topleft"
        },
        {
            "media_type": "video",
            "stream_index": 0,
            "key_frame": 1,
            "pts": 16,
            "pts_time": "0.533842",
            "pkt_dts": 16,
            "pkt_dts_time": "0.533842",
            "best_effort_timestamp": 16,
            "best_effort_timestamp_time": "0.533842",
            "duration": 1,
            "duration_time": "0.033365",
            "pkt_pos": "2048868",
            "pkt_size": "120000",
            "width": 720,
            "height": 480,
            "crop_top": 0,
            "crop_bottom": 0,
            "crop_left": 0,
            "crop_right": 0,
            "pix_fmt": "yuv411p",
            "sample_aspect_ratio": "8:9",
            "pict_type": "I",
            "interlaced_frame": 1,
            "top_field_first": 0,
            "repeat_pict": 0,
            "chroma_location": "topleft"
        },
        {
            "media_type": "video",
            "stream_index": 0,
            "key_frame": 1,
            "pts": 17,
            "pts_time": "0.567207",
            "pkt_dts": 17,
            "pkt_dts_time": "0.567207",
            "best_effort_timestamp": 17,
            "best_effort_timestamp_time": "0.567207",
            "duration": 1,
            "duration_time": "0.033365",
            "pkt_pos": "2168876",
            "pkt_size": "120000",
            "width": 720,
            "height": 480,
            "crop_top": 0,
            "crop_bottom": 0,
            "crop_left": 0,
            "crop_right": 0,
            "pix_fmt": "yuv411p",
            "sample_aspect_ratio": "8:9",
            "pict_type": "I",
            "interlaced_frame": 1,
            "top_field_first": 0,
            "repeat_pict": 0,
            "chroma_location": "topleft"
        },
        {
            "media_type": "video",
            "stream_index": 0,
            "key_frame": 1,
            "pts": 18,
            "pts_time": "0.600572",
            "pkt_dts": 18,
            "pkt_dts_time": "0.600572",
            "best_effort_timestamp": 18,
            "best_effort_timestamp_time": "0.600572",
            "duration": 1,
            "duration_time": "0.033365",
            "pkt_pos": "2288884",
            "pkt_size": "120000",
            "width": 720,
            "height": 480,
            "crop_top": 0,
            "crop_bottom": 0,
            "crop_left": 0,
            "crop_right": 0,
            "pix_fmt": "yuv411p",
            "sample_aspect_ratio": "8:9",
            "pict_type": "I",
            "interlaced_frame": 1,
            "top_field_first": 0,
            "repeat_pict": 0,
            "chroma_location": "topleft"
        },
        {
            "media_type": "video",
            "stream_index": 0,
            "key_frame": 1,
            "pts": 19,
            "pts_time": "0.633937",
            "pkt_dts": 19,
            "pkt_dts_time": "0.633937",
            "best_effort_timestamp": 19,
            "best_effort_timestamp_time": "0.633937",
            "duration": 1,
            "duration_time": "0.033365",
            "pkt_pos": "2408892",
            "pkt_size": "120000",
            "width": 720,
            "height": 480,
            "crop_top": 0,
            "crop_bottom": 0,
            "crop_left": 0,
            "crop_right": 0,
            "pix_fmt": "yuv411p",
            "sample_aspect_ratio": "8:9",
            "pict_type": "I",
            "interlaced_frame": 1,
            "top_field_first": 0,
            "repeat_pict": 0,
            "chroma_location": "topleft"
        },
        {
            "media_type": "video",
            "stream_index": 0,
            "key_frame": 1,
            "pts": 20,
            "pts_time": "0.667302",
            "pkt_dts": 20,
            "pkt_dts_time": "0.667302",
            "best_effort_timestamp": 20,
            "best_effort_timestamp_time": "0.667302",
            "duration": 1,
            "duration_time": "0.033365",
            "pkt_pos": "2528900",
            "pkt_size": "120000",
            "width": 720,
            "height": 480,
            "crop_top": 0,
            "crop_bottom": 0,
            "crop_left": 0,
            "crop_right": 0,
            "pix_fmt": "yuv411p",
            "sample_aspect_ratio": "8:9",
            "pict_type": "I",
            "interlaced_frame": 1,
            "top_field_first": 0,
            "repeat_pict": 0,
            "chroma_location": "topleft"
        },
        {
            "media_type": "video",
            "stream_index": 0,
            "key_frame": 1,
            "pts": 21,
            "pts_time": "0.700667",
            "pkt_dts": 21,
            "pkt_dts_time": "0.700667",
            "best_effort_timestamp": 21,
            "best_effort_timestamp_time": "0.700667",
            "duration": 1,
            "duration_time": "0.033365",
            "pkt_pos": "2648908",
            "pkt_size": "120000",
            "width": 720,
            "height": 480,
            "crop_top": 0,
            "crop_bottom": 0,
            "crop_left": 0,
            "crop_right": 0,
            "pix_fmt": "yuv411p",
            "sample_aspect_ratio": "8:9",
            "pict_type": "I",
            "interlaced_frame": 1,
            "top_field_first": 0,
            "repeat_pict": 0,
            "chroma_location": "topleft"
        },
        {
            "media_type": "video",
            "stream_index": 0,
            "key_frame": 1,
            "pts": 22,
            "pts_time": "0.734032",
            "pkt_dts": 22,
            "pkt_dts_time": "0.734032",
            "best_effort_timestamp": 22,
            "best_effort_timestamp_time": "0.734032",
            "duration": 1,
            "duration_time": "0.033365",
            "pkt_pos": "2768916",
            "pkt_size": "120000",
            "width": 720,
            "height": 480,
            "crop_top": 0,
            "crop_bottom": 0,
            "crop_left": 0,
            "crop_right": 0,
            "pix_fmt": "yuv411p",
            "sample_aspect_ratio": "8:9",
            "pict_type": "I",
            "interlaced_frame": 1,
            "top_field_first": 0,
            "repeat_pict": 0,
            "chroma_location": "topleft"
        },
        {
            "media_type": "video",
            "stream_index": 0,
            "key_frame": 1,
            "pts": 23,
            "pts_time": "0.767397",
            "pkt_dts": 23,
            "pkt_dts_time": "0.767397",
            "best_effort_timestamp": 23,
            "best_effort_timestamp_time": "0.767397",
            "duration": 1,
            "duration_time": "0.033365",
            "pkt_pos": "2888924",
            "pkt_size": "120000",
            "width": 720,
            "height": 480,
            "crop_top": 0,
            "crop_bottom": 0,
            "crop_left": 0,
            "crop_right": 0,
            "pix_fmt": "yuv411p",
            "sample_aspect_ratio": "8:9",
            "pict_type": "I",
            "interlaced_frame": 1,
            "top_field_first": 0,
            "repeat_pict": 0,
            "chroma_location": "topleft"
        },
        {
            "media_type": "video",
            "stream_index": 0,
            "key_frame": 1,
            "pts": 24,
            "pts_time": "0.800762",
            "pkt_dts": 24,
            "pkt_dts_time": "0.800762",
            "best_effort_timestamp": 24,
            "best_effort_timestamp_time": "0.800762",
            "duration": 1,
            "duration_time": "0.033365",
            "pkt_pos": "3008932",
            "pkt_size": "120000",
            "width": 720,
            "height": 480,
            "crop_top": 0,
            "crop_bottom": 0,
            "crop_left": 0,
            "crop_right": 0,
            "pix_fmt": "yuv411p",
            "sample_aspect_ratio": "8:9",
            "pict_type": "I",
            "interlaced_frame": 1,
            "top_field_first": 0,
            "repeat_pict": 0,
            "chroma_location": "topleft"
        },
        {
            "media_type": "video",
            "stream_index": 0,
            "key_frame": 1,
            "pts": 25,
            "pts_time": "0.834128",
            "pkt_dts": 25,
            "pkt_dts_time": "0.834128",
            "best_effort_timestamp": 25,
            "best_effort_timestamp_time": "0.834128",
            "duration": 1,
            "duration_time": "0.033365",
            "pkt_pos": "3128940",
            "pkt_size": "120000",
            "width": 720,
            "height": 480,
            "crop_top": 0,
            "crop_bottom": 0,
            "crop_left": 0,
            "crop_right": 0,
            "pix_fmt": "yuv411p",
            "sample_aspect_ratio": "8:9",
            "pict_type": "I",
            "interlaced_frame": 1,
            "top_field_first": 0,
            "repeat_pict": 0,
            "chroma_location": "topleft"
        },
        {
            "media_type": "video",
            "stream_index": 0,
            "key_frame": 1,
            "pts": 26,
            "pts_time": "0.867493",
            "pkt_dts": 26,
            "pkt_dts_time": "0.867493",
            "best_effort_timestamp": 26,
            "best_effort_timestamp_time": "0.867493",
            "duration": 1,
            "duration_time": "0.033365",
            "pkt_pos": "3248948",
            "pkt_size": "120000",
            "width": 720,
            "height": 480,
            "crop_top": 0,
            "crop_bottom": 0,
            "crop_left": 0,
            "crop_right": 0,
            "pix_fmt": "yuv411p",
            "sample_aspect_ratio": "8:9",
            "pict_type": "I",
            "interlaced_frame": 1,
            "top_field_first": 0,
            "repeat_pict": 0,
            "chroma_location": "topleft"
        },
        {
            "media_type": "video",
            "stream_index": 0,
            "key_frame": 1,
            "pts": 27,
            "pts_time": "0.900858",
            "pkt_dts": 27,
            "pkt_dts_time": "0.900858",
            "best_effort_timestamp": 27,
            "best_effort_timestamp_time": "0.900858",
            "duration": 1,
            "duration_time": "0.033365",
            "pkt_pos": "3368956",
            "pkt_size": "120000",
            "width": 720,
            "height": 480,
            "crop_top": 0,
            "crop_bottom": 0,
            "crop_left": 0,
            "crop_right": 0,
            "pix_fmt": "yuv411p",
            "sample_aspect_ratio": "8:9",
            "pict_type": "I",
            "interlaced_frame": 1,
            "top_field_first": 0,
            "repeat_pict": 0,
            "chroma_location": "topleft"
        },
        {
            "media_type": "video",
            "stream_index": 0,
            "key_frame": 1,
            "pts": 28,
            "pts_time": "0.934223",
            "pkt_dts": 28,
            "pkt_dts_time": "0.934223",
            "best_effort_timestamp": 28,
            "best_effort_timestamp_time": "0.934223",
            "duration": 1,
            "duration_time": "0.033365",
            "pkt_pos": "3488964",
            "pkt_size": "120000",
            "width": 720,
            "height": 480,
            "crop_top": 0,
            "crop_bottom": 0,
            "crop_left": 0,
            "crop_right": 0,
            "pix_fmt": "yuv411p",
            "sample_aspect_ratio": "8:9",
            "pict_type": "I",
            "interlaced_frame": 1,
            "top_field_first": 0,
            "repeat_pict": 0,
            "chroma_location": "topleft"
        },
        {
            "media_type": "video",
            "stream_index": 0,
            "key_frame": 1,
            "pts": 29,
            "pts_time": "0.967588",
            "pkt_dts": 29,
            "pkt_dts_time": "0.967588",
            "best_effort_timestamp": 29,
            "best_effort_timestamp_time": "0.967588",
            "duration": 1,
            "duration_time": "0.033365",
            "pkt_pos": "3794764",
            "pkt_size": "120000",
            "width": 720,
            "height": 480,
            "crop_top": 0,
            "crop_bottom": 0,
            "crop_left": 0,
            "crop_right": 0,
            "pix_fmt": "yuv411p",
            "sample_aspect_ratio": "8:9",
            "pict_type": "I",
            "interlaced_frame": 1,
            "top_field_first": 0,
            "repeat_pict": 0,
            "chroma_location": "topleft"
        },
        {
            "media_type": "video",
            "stream_index": 0,
            "key_frame": 1,
            "pts": 30,
            "pts_time": "1.000953",
            "pkt_dts": 30,
            "pkt_dts_time": "1.000953",
            "best_effort_timestamp": 30,
            "best_effort_timestamp_time": "1.000953",
            "duration": 1,
            "duration_time": "0.033365",
            "pkt_pos": "3914772",
            "pkt_size": "120000",
            "width": 720,
            "height": 480,
            "crop_top": 0,
            "crop_bottom": 0,
            "crop_left": 0,
            "crop_right": 0,
            "pix_fmt": "yuv411p",
            "sample_aspect_ratio": "8:9",
            "pict_type": "I",
            "interlaced_frame": 1,
            "top_field_first": 0,
            "repeat_pict": 0,
            "chroma_location": "topleft"
        },
        {
            "media_type": "video",
            "stream_index": 0,
            "key_frame": 1,
            "pts": 31,
            "pts_time": "1.034318",
            "pkt_dts": 31,
            "pkt_dts_time": "1.034318",
            "best_effort_timestamp": 31,
            "best_effort_timestamp_time": "1.034318",
            "duration": 1,
            "duration_time": "0.033365",
            "pkt_pos": "4034780",
            "pkt_size": "120000",
            "width": 720,
            "height": 480,
            "crop_top": 0,
            "crop_bottom": 0,
            "crop_left": 0,
            "crop_right": 0,
            "pix_fmt": "yuv411p",
            "sample_aspect_ratio": "8:9",
            "pict_type": "I",
            "interlaced_frame": 1,
            "top_field_first": 0,
            "repeat_pict": 0,
            "chroma_location": "topleft"
        },
        {
            "media_type": "video",
            "stream_index": 0,
            "key_frame": 1,
            "pts": 32,
            "pts_time": "1.067683",
            "pkt_dts": 32,
            "pkt_dts_time": "1.067683",
            "best_effort_timestamp": 32,
            "best_effort_timestamp_time": "1.067683",
            "duration": 1,
            "duration_time": "0.033365",
            "pkt_pos": "4154788",
            "pkt_size": "120000",
            "width": 720,
            "height": 480,
            "crop_top": 0,
            "crop_bottom": 0,
            "crop_left": 0,
            "crop_right": 0,
            "pix_fmt": "yuv411p",
            "sample_aspect_ratio": "8:9",
            "pict_type": "I",
            "interlaced_frame": 1,
            "top_field_first": 0,
            "repeat_pict": 0,
            "chroma_location": "topleft"
        },
        {
            "media_type": "video",
            "stream_index": 0,
            "key_frame": 1,
            "pts": 33,
            "pts_time": "1.101048",
            "pkt_dts": 33,
            "pkt_dts_time": "1.101048",
            "best_effort_timestamp": 33,
            "best_effort_timestamp_time": "1.101048",
            "duration": 1,
            "duration_time": "0.033365",
            "pkt_pos": "4274796",
            "pkt_size": "120000",
            "width": 720,
            "height": 480,
            "crop_top": 0,
            "crop_bottom": 0,
            "crop_left": 0,
            "crop_right": 0,
            "pix_fmt": "yuv411p",
            "sample_aspect_ratio": "8:9",
            "pict_type": "I",
            "interlaced_frame": 1,
            "top_field_first": 0,
            "repeat_pict": 0,
            "chroma_location": "topleft"
        },
        {
            "media_type": "video",
            "stream_index": 0,
            "key_frame": 1,
            "pts": 34,
            "pts_time": "1.134413",
            "pkt_dts": 34,
            "pkt_dts_time": "1.134413",
            "best_effort_timestamp": 34,
            "best_effort_timestamp_time": "1.134413",
            "duration": 1,
            "duration_time": "0.033365",
            "pkt_pos": "4394804",
            "pkt_size": "120000",
            "width": 720,
            "height": 480,
            "crop_top": 0,
            "crop_bottom": 0,
            "crop_left": 0,
            "crop_right": 0,
            "pix_fmt": "yuv411p",
            "sample_aspect_ratio": "8:9",
            "pict_type": "I",
            "interlaced_frame": 1,
            "top_field_first": 0,
            "repeat_pict": 0,
            "chroma_location": "topleft"
        },
        {
            "media_type": "video",
            "stream_index": 0,
            "key_frame": 1,
            "pts": 35,
            "pts_time": "1.167779",
            "pkt_dts": 35,
            "pkt_dts_time": "1.167779",
            "best_effort_timestamp": 35,
            "best_effort_timestamp_time": "1.167779",
            "duration": 1,
            "duration_time": "0.033365",
            "pkt_pos": "4514812",
            "pkt_size": "120000",
            "width": 720,
            "height": 480,
            "crop_top": 0,
            "crop_bottom": 0,
            "crop_left": 0,
            "crop_right": 0,
            "pix_fmt": "yuv411p",
            "sample_aspect_ratio": "8:9",
            "pict_type": "I",
            "interlaced_frame": 1,
            "top_field_first": 0,
            "repeat_pict": 0,
            "chroma_location": "topleft"
        },
        {
            "media_type": "video",
            "stream_index": 0,
            "key_frame": 1,
            "pts": 36,
            "pts_time": "1.201144",
            "pkt_dts": 36,
            "pkt_dts_time": "1.201144",
            "best_effort_timestamp": 36,
            "best_effort_timestamp_time": "1.201144",
            "duration": 1,
            "duration_time": "0.033365",
            "pkt_pos": "4634820",
            "pkt_size": "120000",
            "width": 720,
            "height": 480,
            "crop_top": 0,
            "crop_bottom": 0,
            "crop_left": 0,
            "crop_right": 0,
            "pix_fmt": "yuv411p",
            "sample_aspect_ratio": "8:9",
            "pict_type": "I",
            "interlaced_frame": 1,
            "top_field_first": 0,
            "repeat_pict": 0,
            "chroma_location": "topleft"
        },
        {
            "media_type": "video",
            "stream_index": 0,
            "key_frame": 1,
            "pts": 37,
            "pts_time": "1.234509",
            "pkt_dts": 37,
            "pkt_dts_time": "1.234509",
            "best_effort_timestamp": 37,
            "best_effort_timestamp_time": "1.234509",
            "duration": 1,
            "duration_time": "0.033365",
            "pkt_pos": "4754828",
            "pkt_size": "120000",
            "width": 720,
            "height": 480,
            "crop_top": 0,
            "crop_bottom": 0,
            "crop_left": 0,
            "crop_right": 0,
            "pix_fmt": "yuv411p",
            "sample_aspect_ratio": "8:9",
            "pict_type": "I",
            "interlaced_frame": 1,
            "top_field_first": 0,
            "repeat_pict": 0,
            "chroma_location": "topleft"
        },
        {
            "media_type": "video",
            "stream_index": 0,
            "key_frame": 1,
            "pts": 38,
            "pts_time": "1.267874",
            "pkt_dts": 38,
            "pkt_dts_time": "1.267874",
            "best_effort_timestamp": 38,
            "best_effort_timestamp_time": "1.267874",
            "duration": 1,
            "duration_time": "0.033365",
            "pkt_pos": "4874836",
            "pkt_size": "120000",
            "width": 720,
            "height": 480,
            "crop_top": 0,
            "crop_bottom": 0,
            "crop_left": 0,
            "crop_right": 0,
            "pix_fmt": "yuv411p",
            "sample_aspect_ratio": "8:9",
            "pict_type": "I",
            "interlaced_frame": 1,
            "top_field_first": 0,
            "repeat_pict": 0,
            "chroma_location": "topleft"
        },
        {
            "media_type": "video",
            "stream_index": 0,
            "key_frame": 1,
            "pts": 39,
            "pts_time": "1.301239",
            "pkt_dts": 39,
            "pkt_dts_time": "1.301239",
            "best_effort_timestamp": 39,
            "best_effort_timestamp_time": "1.301239",
            "duration": 1,
            "duration_time": "0.033365",
            "pkt_pos": "4994844",
            "pkt_size": "120000",
            "width": 720,
            "height": 480,
            "crop_top": 0,
            "crop_bottom": 0,
            "crop_left": 0,
            "crop_right": 0,
            "pix_fmt": "yuv411p",
            "sample_aspect_ratio": "8:9",
            "pict_type": "I",
            "interlaced_frame": 1,
            "top_field_first": 0,
            "repeat_pict": 0,
            "chroma_location": "topleft"
        },
        {
            "media_type": "video",
            "stream_index": 0,
            "key_frame": 1,
            "pts": 40,
            "pts_time": "1.334604",
            "pkt_dts": 40,
            "pkt_dts_time": "1.334604",
            "best_effort_timestamp": 40,
            "best_effort_timestamp_time": "1.334604",
            "duration": 1,
            "duration_time": "0.033365",
            "pkt_pos": "5114852",
            "pkt_size": "120000",
            "width": 720,
            "height": 480,
            "crop_top": 0,
            "crop_bottom": 0,
            "crop_left": 0,
            "crop_right": 0,
            "pix_fmt": "yuv411p",
            "sample_aspect_ratio": "8:9",
            "pict_type": "I",
            "interlaced_frame": 1,
            "top_field_first": 0,
            "repeat_pict": 0,
            "chroma_location": "topleft"
        },
        {
            "media_type": "video",
            "stream_index": 0,
            "key_frame": 1,
            "pts": 41,
            "pts_time": "1.367969",
            "pkt_dts": 41,
            "pkt_dts_time": "1.367969",
            "best_effort_timestamp": 41,
            "best_effort_timestamp_time": "1.367969",
            "duration": 1,
            "duration_time": "0.033365",
            "pkt_pos": "5234860",
            "pkt_size": "120000",
            "width": 720,
            "height": 480,
            "crop_top": 0,
            "crop_bottom": 0,
            "crop_left": 0,
            "crop_right": 0,
            "pix_fmt": "yuv411p",
            "sample_aspect_ratio": "8:9",
            "pict_type": "I",
            "interlaced_frame": 1,
            "top_field_first": 0,
            "repeat_pict": 0,
            "chroma_location": "topleft"
        },
        {
            "media_type": "video",
            "stream_index": 0,
            "key_frame": 1,
            "pts": 42,
            "pts_time": "1.401334",
            "pkt_dts": 42,
            "pkt_dts_time": "1.401334",
            "best_effort_timestamp": 42,
            "best_effort_timestamp_time": "1.401334",
            "duration": 1,
            "duration_time": "0.033365",
            "pkt_pos": "5354868",
            "pkt_size": "120000",
            "width": 720,
            "height": 480,
            "crop_top": 0,
            "crop_bottom": 0,
            "crop_left": 0,
            "crop_right": 0,
            "pix_fmt": "yuv411p",
            "sample_aspect_ratio": "8:9",
            "pict_type": "I",
            "interlaced_frame": 1,
            "top_field_first": 0,
            "repeat_pict": 0,
            "chroma_location": "topleft"
        },
        {
            "media_type": "video",
            "stream_index": 0,
            "key_frame": 1,
            "pts": 43,
            "pts_time": "1.434699",
            "pkt_dts": 43,
            "pkt_dts_time": "1.434699",
            "best_effort_timestamp": 43,
            "best_effort_timestamp_time": "1.434699",
            "duration": 1,
            "duration_time": "0.033365",
            "pkt_pos": "5474876",
            "pkt_size": "120000",
            "width": 720,
            "height": 480,
            "crop_top": 0,
            "crop_bottom": 0,
            "crop_left": 0,
            "crop_right": 0,
            "pix_fmt": "yuv411p",
            "sample_aspect_ratio": "8:9",
            "pict_type": "I",
            "interlaced_frame": 1,
            "top_field_first": 0,
            "repeat_pict": 0,
            "chroma_location": "topleft"
        },
        {
            "media_type": "video",
            "stream_index": 0,
            "key_frame": 1,
            "pts": 44,
            "pts_time": "1.468064",
            "pkt_dts": 44,
            "pkt_dts_time": "1.468064",
            "best_effort_timestamp": 44,
            "best_effort_timestamp_time": "1.468064",
            "duration": 1,
            "duration_time": "0.033365",
            "pkt_pos": "5594884",
            "pkt_size": "120000",
            "width": 720,
            "height": 480,
            "crop_top": 0,
            "crop_bottom": 0,
            "crop_left": 0,
            "crop_right": 0,
            "pix_fmt": "yuv411p",
            "sample_aspect_ratio": "8:9",
            "pict_type": "I",
            "interlaced_frame": 1,
            "top_field_first": 0,
            "repeat_pict": 0,
            "chroma_location": "topleft"
        },
        {
            "media_type": "video",
            "stream_index": 0,
            "key_frame": 1,
            "pts": 45,
            "pts_time": "1.501429",
            "pkt_dts": 45,
            "pkt_dts_time": "1.501429",
            "best_effort_timestamp": 45,
            "best_effort_timestamp_time": "1.501429",
            "duration": 1,
            "duration_time": "0.033365",
            "pkt_pos": "5714892",
            "pkt_size": "120000",
            "width": 720,
            "height": 480,
            "crop_top": 0,
            "crop_bottom": 0,
            "crop_left": 0,
            "crop_right": 0,
            "pix_fmt": "yuv411p",
            "sample_aspect_ratio": "8:9",
            "pict_type": "I",
            "interlaced_frame": 1,
            "top_field_first": 0,
            "repeat_pict": 0,
            "chroma_location": "topleft"
        },
        {
            "media_type": "video",
            "stream_index": 0,
            "key_frame": 1,
            "pts": 46,
            "pts_time": "1.534795",
            "pkt_dts": 46,
            "pkt_dts_time": "1.534795",
            "best_effort_timestamp": 46,
            "best_effort_timestamp_time": "1.534795",
            "duration": 1,
            "duration_time": "0.033365",
            "pkt_pos": "5834900",
            "pkt_size": "120000",
            "width": 720,
            "height": 480,
            "crop_top": 0,
            "crop_bottom": 0,
            "crop_left": 0,
            "crop_right": 0,
            "pix_fmt": "yuv411p",
            "sample_aspect_ratio": "8:9",
            "pict_type": "I",
            "interlaced_frame": 1,
            "top_field_first": 0,
            "repeat_pict": 0,
            "chroma_location": "topleft"
        },
        {
            "media_type": "video",
            "stream_index": 0,
            "key_frame": 1,
            "pts": 47,
            "pts_time": "1.568160",
            "pkt_dts": 47,
            "pkt_dts_time": "1.568160",
            "best_effort_timestamp": 47,
            "best_effort_timestamp_time": "1.568160",
            "duration": 1,
            "duration_time": "0.033365",
            "pkt_pos": "5954908",
            "pkt_size": "120000",
            "width": 720,
            "height": 480,
            "crop_top": 0,
            "crop_bottom": 0,
            "crop_left": 0,
            "crop_right": 0,
            "pix_fmt": "yuv411p",
            "sample_aspect_ratio": "8:9",
            "pict_type": "I",
            "interlaced_frame": 1,
            "top_field_first": 0,
            "repeat_pict": 0,
            "chroma_location": "topleft"
        },
        {
            "media_type": "video",
            "stream_index": 0,
            "key_frame": 1,
            "pts": 48,
            "pts_time": "1.601525",
            "pkt_dts": 48,
            "pkt_dts_time": "1.601525",
            "best_effort_timestamp": 48,
            "best_effort_timestamp_time": "1.601525",
            "duration": 1,
            "duration_time": "0.033365",
            "pkt_pos": "6074916",
            "pkt_size": "120000",
            "width": 720,
            "height": 480,
            "crop_top": 0,
            "crop_bottom": 0,
            "crop_left": 0,
            "crop_right": 0,
            "pix_fmt": "yuv411p",
            "sample_aspect_ratio": "8:9",
            "pict_type": "I",
            "interlaced_frame": 1,
            "top_field_first": 0,
            "repeat_pict": 0,
            "chroma_location": "topleft"
        },
        {
            "media_type": "video",
            "stream_index": 0,
            "key_frame": 1,
            "pts": 49,
            "pts_time": "1.634890",
            "pkt_dts": 49,
            "pkt_dts_time": "1.634890",
            "best_effort_timestamp": 49,
            "best_effort_timestamp_time": "1.634890",
            "duration": 1,
            "duration_time": "0.033365",
            "pkt_pos": "6194924",
            "pkt_size": "120000",
            "width": 720,
            "height": 480,
            "crop_top": 0,
            "crop_bottom": 0,
            "crop_left": 0,
            "crop_right": 0,
            "pix_fmt": "yuv411p",
            "sample_aspect_ratio": "8:9",
            "pict_type": "I",
            "interlaced_frame": 1,
            "top_field_first": 0,
            "repeat_pict": 0,
            "chroma_location": "topleft"
        },
        {
            "media_type": "video",
            "stream_index": 0,
            "key_frame": 1,
            "pts": 50,
            "pts_time": "1.668255",
            "pkt_dts": 50,
            "pkt_dts_time": "1.668255",
            "best_effort_timestamp": 50,
            "best_effort_timestamp_time": "1.668255",
            "duration": 1,
            "duration_time": "0.033365",
            "pkt_pos": "6314932",
            "pkt_size": "120000",
            "width": 720,
            "height": 480,
            "crop_top": 0,
            "crop_bottom": 0,
            "crop_left": 0,
            "crop_right": 0,
            "pix_fmt": "yuv411p",
            "sample_aspect_ratio": "8:9",
            "pict_type": "I",
            "interlaced_frame": 1,
            "top_field_first": 0,
            "repeat_pict": 0,
            "chroma_location": "topleft"
        },
        {
            "media_type": "video",
            "stream_index": 0,
            "key_frame": 1,
            "pts": 51,
            "pts_time": "1.701620",
            "pkt_dts": 51,
            "pkt_dts_time": "1.701620",
            "best_effort_timestamp": 51,
            "best_effort_timestamp_time": "1.701620",
            "duration": 1,
            "duration_time": "0.033365",
            "pkt_pos": "6434940",
            "pkt_size": "120000",
            "width": 720,
            "height": 480,
            "crop_top": 0,
            "crop_bottom": 0,
            "crop_left": 0,
            "crop_right": 0,
            "pix_fmt": "yuv411p",
            "sample_aspect_ratio": "8:9",
            "pict_type": "I",
            "interlaced_frame": 1,
            "top_field_first": 0,
            "repeat_pict": 0,
            "chroma_location": "topleft"
        },
        {
            "media_type": "video",
            "stream_index": 0,
            "key_frame": 1,
            "pts": 52,
            "pts_time": "1.734985",
            "pkt_dts": 52,
            "pkt_dts_time": "1.734985",
            "best_effort_timestamp": 52,
            "best_effort_timestamp_time": "1.734985",
            "duration": 1,
            "duration_time": "0.033365",
            "pkt_pos": "6554948",
            "pkt_size": "120000",
            "width": 720,
            "height": 480,
            "crop_top": 0,
            "crop_bottom": 0,
            "crop_left": 0,
            "crop_right": 0,
            "pix_fmt": "yuv411p",
            "sample_aspect_ratio": "8:9",
            "pict_type": "I",
            "interlaced_frame": 1,
            "top_field_first": 0,
            "repeat_pict": 0,
            "chroma_location": "topleft"
        },
        {
            "media_type": "video",
            "stream_index": 0,
            "key_frame": 1,
            "pts": 53,
            "pts_time": "1.768350",
            "pkt_dts": 53,
            "pkt_dts_time": "1.768350",
            "best_effort_timestamp": 53,
            "best_effort_timestamp_time": "1.768350",
            "duration": 1,
            "duration_time": "0.033365",
            "pkt_pos": "6674956",
            "pkt_size": "120000",
            "width": 720,
            "height": 480,
            "crop_top": 0,
            "crop_bottom": 0,
            "crop_left": 0,
            "crop_right": 0,
            "pix_fmt": "yuv411p",
            "sample_aspect_ratio": "8:9",
            "pict_type": "I",
            "interlaced_frame": 1,
            "top_field_first": 0,
            "repeat_pict": 0,
            "chroma_location": "topleft"
        },
        {
            "media_type": "video",
            "stream_index": 0,
            "key_frame": 1,
            "pts": 54,
            "pts_time": "1.801715",
            "pkt_dts": 54,
            "pkt_dts_time": "1.801715",
            "best_effort_timestamp": 54,
            "best_effort_timestamp_time": "1.801715",
            "duration": 1,
            "duration_time": "0.033365",
            "pkt_pos": "6794964",
            "pkt_size": "120000",
            "width": 720,
            "height": 480,
            "crop_top": 0,
            "crop_bottom": 0,
            "crop_left": 0,
            "crop_right": 0,
            "pix_fmt": "yuv411p",
            "sample_aspect_ratio": "8:9",
            "pict_type": "I",
            "interlaced_frame": 1,
            "top_field_first": 0,
            "repeat_pict": 0,
            "chroma_location": "topleft"
        },
        {
            "media_type": "video",
            "stream_index": 0,
            "key_frame": 1,
            "pts": 55,
            "pts_time": "1.835081",
            "pkt_dts": 55,
            "pkt_dts_time": "1.835081",
            "best_effort_timestamp": 55,
            "best_effort_timestamp_time": "1.835081",
            "duration": 1,
            "duration_time": "0.033365",
            "pkt_pos": "6914972",
            "pkt_size": "120000",
            "width": 720,
            "height": 480,
            "crop_top": 0,
            "crop_bottom": 0,
            "crop_left": 0,
            "crop_right": 0,
            "pix_fmt": "yuv411p",
            "sample_aspect_ratio": "8:9",
            "pict_type": "I",
            "interlaced_frame": 1,
            "top_field_first": 0,
            "repeat_pict": 0,
            "chroma_location": "topleft"
        },
        {
            "media_type": "video",
            "stream_index": 0,
            "key_frame": 1,
            "pts": 56,
            "pts_time": "1.868446",
            "pkt_dts": 56,
            "pkt_dts_time": "1.868446",
            "best_effort_timestamp": 56,
            "best_effort_timestamp_time": "1.868446",
            "duration": 1,
            "duration_time": "0.033365",
            "pkt_pos": "7034980",
            "pkt_size": "120000",
            "width": 720,
            "height": 480,
            "crop_top": 0,
            "crop_bottom": 0,
            "crop_left": 0,
            "crop_right": 0,
            "pix_fmt": "yuv411p",
            "sample_aspect_ratio": "8:9",
            "pict_type": "I",
            "interlaced_frame": 1,
            "top_field_first": 0,
            "repeat_pict": 0,
            "chroma_location": "topleft"
        },
        {
            "media_type": "video",
            "stream_index": 0,
            "key_frame": 1,
            "pts": 57,
            "pts_time": "1.901811",
            "pkt_dts": 57,
            "pkt_dts_time": "1.901811",
            "best_effort_timestamp": 57,
            "best_effort_timestamp_time": "1.901811",
            "duration": 1,
            "duration_time": "0.033365",
            "pkt_pos": "7154988",
            "pkt_size": "120000",
            "width": 720,
            "height": 480,
            "crop_top": 0,
            "crop_bottom": 0,
            "crop_left": 0,
            "crop_right": 0,
            "pix_fmt": "yuv411p",
            "sample_aspect_ratio": "8:9",
            "pict_type": "I",
            "interlaced_frame": 1,
            "top_field_first": 0,
            "repeat_pict": 0,
            "chroma_location": "topleft"
        },
        {
            "media_type": "video",
            "stream_index": 0,
            "key_frame": 1,
            "pts": 58,
            "pts_time": "1.935176",
            "pkt_dts": 58,
            "pkt_dts_time": "1.935176",
            "best_effort_timestamp": 58,
            "best_effort_timestamp_time": "1.935176",
            "duration": 1,
            "duration_time": "0.033365",
            "pkt_pos": "7460788",
            "pkt_size": "120000",
            "width": 720,
            "height": 480,
            "crop_top": 0,
            "crop_bottom": 0,
            "crop_left": 0,
            "crop_right": 0,
            "pix_fmt": "yuv411p",
            "sample_aspect_ratio": "8:9",
            "pict_type": "I",
            "interlaced_frame": 1,
            "top_field_first": 0,
            "repeat_pict": 0,
            "chroma_location": "topleft"
        },
        {
            "media_type": "video",
            "stream_index": 0,
            "key_frame": 1,
            "pts": 59,
            "pts_time": "1.968541",
            "pkt_dts": 59,
            "pkt_dts_time": "1.968541",
            "best_effort_timestamp": 59,
            "best_effort_timestamp_time": "1.968541",
            "duration": 1,
            "duration_time": "0.033365",
            "pkt_pos": "7580796",
            "pkt_size": "120000",
            "width": 720,
            "height": 480,
            "crop_top": 0,
            "crop_bottom": 0,
            "crop_left": 0,
            "crop_right": 0,
            "pix_fmt": "yuv411p",
            "sample_aspect_ratio": "8:9",
            "pict_type": "I",
            "interlaced_frame": 1,
            "top_field_first": 0,
            "repeat_pict": 0,
            "chroma_location": "topleft"
        },
        {
            "media_type": "video",
            "stream_index": 0,
            "key_frame": 1,
            "pts": 60,
            "pts_time": "2.001906",
            "pkt_dts": 60,
            "pkt_dts_time": "2.001906",
            "best_effort_timestamp": 60,
            "best_effort_timestamp_time": "2.001906",
            "duration": 1,
            "duration_time": "0.033365",
            "pkt_pos": "7700804",
            "pkt_size": "120000",
            "width": 720,
            "height": 480,
            "crop_top": 0,
            "crop_bottom": 0,
            "crop_left": 0,
            "crop_right": 0,
            "pix_fmt": "yuv411p",
            "sample_aspect_ratio": "8:9",
            "pict_type": "I",
            "interlaced_frame": 1,
            "top_field_first": 0,
            "repeat_pict": 0,
            "chroma_location": "topleft"
        },
        {
            "media_type": "video",
            "stream_index": 0,
            "key_frame": 1,
            "pts": 61,
            "pts_time": "2.035271",
            "pkt_dts": 61,
            "pkt_dts_time": "2.035271",
            "best_effort_timestamp": 61,
            "best_effort_timestamp_time": "2.035271",
            "duration": 1,
            "duration_time": "0.033365",
            "pkt_pos": "7820812",
            "pkt_size": "120000",
            "width": 720,
            "height": 480,
            "crop_top": 0,
            "crop_bottom": 0,
            "crop_left": 0,
            "crop_right": 0,
            "pix_fmt": "yuv411p",
            "sample_aspect_ratio": "8:9",
            "pict_type": "I",
            "interlaced_frame": 1,
            "top_field_first": 0,
            "repeat_pict": 0,
            "chroma_location": "topleft"
        },
        {
            "media_type": "video",
            "stream_index": 0,
            "key_frame": 1,
            "pts": 62,
            "pts_time": "2.068636",
            "pkt_dts": 62,
            "pkt_dts_time": "2.068636",
            "best_effort_timestamp": 62,
            "best_effort_timestamp_time": "2.068636",
            "duration": 1,
            "duration_time": "0.033365",
            "pkt_pos": "7940820",
            "pkt_size": "120000",
            "width": 720,
            "height": 480,
            "crop_top": 0,
            "crop_bottom": 0,
            "crop_left": 0,
            "crop_right": 0,
            "pix_fmt": "yuv411p",
            "sample_aspect_ratio": "8:9",
            "pict_type": "I",
            "interlaced_frame": 1,
            "top_field_first": 0,
            "repeat_pict": 0,
            "chroma_location": "topleft"
        },
        {
            "media_type": "video",
            "stream_index": 0,
            "key_frame": 1,
            "pts": 63,
            "pts_time": "2.102001",
            "pkt_dts": 63,
            "pkt_dts_time": "2.102001",
            "best_effort_timestamp": 63,
            "best_effort_timestamp_time": "2.102001",
            "duration": 1,
            "duration_time": "0.033365",
            "pkt_pos": "8060828",
            "pkt_size": "120000",
            "width": 720,
            "height": 480,
            "crop_top": 0,
            "crop_bottom": 0,
            "crop_left": 0,
            "crop_right": 0,
            "pix_fmt": "yuv411p",
            "sample_aspect_ratio": "8:9",
            "pict_type": "I",
            "interlaced_frame": 1,
            "top_field_first": 0,
            "repeat_pict": 0,
            "chroma_location": "topleft"
        },
        {
            "media_type": "video",
            "stream_index": 0,
            "key_frame": 1,
            "pts": 64,
            "pts_time": "2.135366",
            "pkt_dts": 64,
            "pkt_dts_time": "2.135366",
            "best_effort_timestamp": 64,
            "best_effort_timestamp_time": "2.135366",
            "duration": 1,
            "duration_time": "0.033365",
            "pkt_pos": "8180836",
            "pkt_size": "120000",
            "width": 720,
            "height": 480,
            "crop_top": 0,
            "crop_bottom": 0,
            "crop_left": 0,
            "crop_right": 0,
            "pix_fmt": "yuv411p",
            "sample_aspect_ratio": "8:9",
            "pict_type": "I",
            "interlaced_frame": 1,
            "top_field_first": 0,
            "repeat_pict": 0,
            "chroma_location": "topleft"
        },
        {
            "media_type": "video",
            "stream_index": 0,
            "key_frame": 1,
            "pts": 65,
            "pts_time": "2.168732",
            "pkt_dts": 65,
            "pkt_dts_time": "2.168732",
            "best_effort_timestamp": 65,
            "best_effort_timestamp_time": "2.168732",
            "duration": 1,
            "duration_time": "0.033365",
            "pkt_pos": "8300844",
            "pkt_size": "120000",
            "width": 720,
            "height": 480,
            "crop_top": 0,
            "crop_bottom": 0,
            "crop_left": 0,
            "crop_right": 0,
            "pix_fmt": "yuv411p",
            "sample_aspect_ratio": "8:9",
            "pict_type": "I",
            "interlaced_frame": 1,
            "top_field_first": 0,
            "repeat_pict": 0,
            "chroma_location": "topleft"
        },
        {
            "media_type": "video",
            "stream_index": 0,
            "key_frame": 1,
            "pts": 66,
            "pts_time": "2.202097",
            "pkt_dts": 66,
            "pkt_dts_time": "2.202097",
            "best_effort_timestamp": 66,
            "best_effort_timestamp_time": "2.202097",
            "duration": 1,
            "duration_time": "0.033365",
            "pkt_pos": "8420852",
            "pkt_size": "120000",
            "width": 720,
            "height": 480,
            "crop_top": 0,
            "crop_bottom": 0,
            "crop_left": 0,
            "crop_right": 0,
            "pix_fmt": "yuv411p",
            "sample_aspect_ratio": "8:9",
            "pict_type": "I",
            "interlaced_frame": 1,
            "top_field_first": 0,
            "repeat_pict": 0,
            "chroma_location": "topleft"
        },
        {
            "media_type": "video",
            "stream_index": 0,
            "key_frame": 1,
            "pts": 67,
            "pts_time": "2.235462",
            "pkt_dts": 67,
            "pkt_dts_time": "2.235462",
            "best_effort_timestamp": 67,
            "best_effort_timestamp_time": "2.235462",
            "duration": 1,
            "duration_time": "0.033365",
            "pkt_pos": "8540860",
            "pkt_size": "120000",
            "width": 720,
            "height": 480,
            "crop_top": 0,
            "crop_bottom": 0,
            "crop_left": 0,
            "crop_right": 0,
            "pix_fmt": "yuv411p",
            "sample_aspect_ratio": "8:9",
            "pict_type": "I",
            "interlaced_frame": 1,
            "top_field_first": 0,
            "repeat_pict": 0,
            "chroma_location": "topleft"
        },
        {
            "media_type": "video",
            "stream_index": 0,
            "key_frame": 1,
            "pts": 68,
            "pts_time": "2.268827",
            "pkt_dts": 68,
            "pkt_dts_time": "2.268827",
            "best_effort_timestamp": 68,
            "best_effort_timestamp_time": "2.268827",
            "duration": 1,
            "duration_time": "0.033365",
            "pkt_pos": "8660868",
            "pkt_size": "120000",
            "width": 720,
            "height": 480,
            "crop_top": 0,
            "crop_bottom": 0,
            "crop_left": 0,
            "crop_right": 0,
            "pix_fmt": "yuv411p",
            "sample_aspect_ratio": "8:9",
            "pict_type": "I",
            "interlaced_frame": 1,
            "top_field_first": 0,
            "repeat_pict": 0,
            "chroma_location": "topleft"
        },
        {
            "media_type": "video",
            "stream_index": 0,
            "key_frame": 1,
            "pts": 69,
            "pts_time": "2.302192",
            "pkt_dts": 69,
            "pkt_dts_time": "2.302192",
            "best_effort_timestamp": 69,
            "best_effort_timestamp_time": "2.302192",
            "duration": 1,
            "duration_time": "0.033365",
            "pkt_pos": "8780876",
            "pkt_size": "120000",
            "width": 720,
            "height": 480,
            "crop_top": 0,
            "crop_bottom": 0,
            "crop_left": 0,
            "crop_right": 0,
            "pix_fmt": "yuv411p",
            "sample_aspect_ratio": "8:9",
            "pict_type": "I",
            "interlaced_frame": 1,
            "top_field_first": 0,
            "repeat_pict": 0,
            "chroma_location": "topleft"
        },
        {
            "media_type": "video",
            "stream_index": 0,
            "key_frame": 1,
            "pts": 70,
            "pts_time": "2.335557",
            "pkt_dts": 70,
            "pkt_dts_time": "2.335557",
            "best_effort_timestamp": 70,
            "best_effort_timestamp_time": "2.335557",
            "duration": 1,
            "duration_time": "0.033365",
            "pkt_pos": "8900884",
            "pkt_size": "120000",
            "width": 720,
            "height": 480,
            "crop_top": 0,
            "crop_bottom": 0,
            "crop_left": 0,
            "crop_right": 0,
            "pix_fmt": "yuv411p",
            "sample_aspect_ratio": "8:9",
            "pict_type": "I",
            "interlaced_frame": 1,
            "top_field_first": 0,
            "repeat_pict": 0,
            "chroma_location": "topleft"
        },
        {
            "media_type": "video",
            "stream_index": 0,
            "key_frame": 1,
            "pts": 71,
            "pts_time": "2.368922",
            "pkt_dts": 71,
            "pkt_dts_time": "2.368922",
            "best_effort_timestamp": 71,
            "best_effort_timestamp_time": "2.368922",
            "duration": 1,
            "duration_time": "0.033365",
            "pkt_pos": "9020892",
            "pkt_size": "120000",
            "width": 720,
            "height": 480,
            "crop_top": 0,
            "crop_bottom": 0,
            "crop_left": 0,
            "crop_right": 0,
            "pix_fmt": "yuv411p",
            "sample_aspect_ratio": "8:9",
            "pict_type": "I",
            "interlaced_frame": 1,
            "top_field_first": 0,
            "repeat_pict": 0,
            "chroma_location": "topleft"
        },
        {
            "media_type": "video",
            "stream_index": 0,
            "key_frame": 1,
            "pts": 72,
            "pts_time": "2.402287",
            "pkt_dts": 72,
            "pkt_dts_time": "2.402287",
            "best_effort_timestamp": 72,
            "best_effort_timestamp_time": "2.402287",
            "duration": 1,
            "duration_time": "0.033365",
            "pkt_pos": "9140900",
            "pkt_size": "120000",
            "width": 720,
            "height": 480,
            "crop_top": 0,
            "crop_bottom": 0,
            "crop_left": 0,
            "crop_right": 0,
            "pix_fmt": "yuv411p",
            "sample_aspect_ratio": "8:9",
            "pict_type": "I",
            "interlaced_frame": 1,
            "top_field_first": 0,
            "repeat_pict": 0,
            "chroma_location": "topleft"
        },
        {
            "media_type": "video",
            "stream_index": 0,
            "key_frame": 1,
            "pts": 73,
            "pts_time": "2.435652",
            "pkt_dts": 73,
            "pkt_dts_time": "2.435652",
            "best_effort_timestamp": 73,
            "best_effort_timestamp_time": "2.435652",
            "duration": 1,
            "duration_time": "0.033365",
            "pkt_pos": "9260908",
            "pkt_size": "120000",
            "width": 720,
            "height": 480,
            "crop_top": 0,
            "crop_bottom": 0,
            "crop_left": 0,
            "crop_right": 0,
            "pix_fmt": "yuv411p",
            "sample_aspect_ratio": "8:9",
            "pict_type": "I",
            "interlaced_frame": 1,
            "top_field_first": 0,
            "repeat_pict": 0,
            "chroma_location": "topleft"
        },
        {
            "media_type": "video",
            "stream_index": 0,
            "key_frame": 1,
            "pts": 74,
            "pts_time": "2.469017",
            "pkt_dts": 74,
            "pkt_dts_time": "2.469017",
            "best_effort_timestamp": 74,
            "best_effort_timestamp_time": "2.469017",
            "duration": 1,
            "duration_time": "0.033365",
            "pkt_pos": "9380916",
            "pkt_size": "120000",
            "width": 720,
            "height": 480,
            "crop_top": 0,
            "crop_bottom": 0,
            "crop_left": 0,
            "crop_right": 0,
            "pix_fmt": "yuv411p",
            "sample_aspect_ratio": "8:9",
            "pict_type": "I",
            "interlaced_frame": 1,
            "top_field_first": 0,
            "repeat_pict": 0,
            "chroma_location": "topleft"
        },
        {
            "media_type": "video",
            "stream_index": 0,
            "key_frame": 1,
            "pts": 75,
            "pts_time": "2.502382",
            "pkt_dts": 75,
            "pkt_dts_time": "2.502382",
            "best_effort_timestamp": 75,
            "best_effort_timestamp_time": "2.502382",
            "duration": 1,
            "duration_time": "0.033365",
            "pkt_pos": "9500924",
            "pkt_size": "120000",
            "width": 720,
            "height": 480,
            "crop_top": 0,
            "crop_bottom": 0,
            "crop_left": 0,
            "crop_right": 0,
            "pix_fmt": "yuv411p",
            "sample_aspect_ratio": "8:9",
            "pict_type": "I",
            "interlaced_frame": 1,
            "top_field_first": 0,
            "repeat_pict": 0,
            "chroma_location": "topleft"
        },
        {
            "media_type": "video",
            "stream_index": 0,
            "key_frame": 1,
            "pts": 76,
            "pts_time": "2.535748",
            "pkt_dts": 76,
            "pkt_dts_time": "2.535748",
            "best_effort_timestamp": 76,
            "best_effort_timestamp_time": "2.535748",
            "duration": 1,
            "duration_time": "0.033365",
            "pkt_pos": "9620932",
            "pkt_size": "120000",
            "width": 720,
            "height": 480,
            "crop_top": 0,
            "crop_bottom": 0,
            "crop_left": 0,
            "crop_right": 0,
            "pix_fmt": "yuv411p",
            "sample_aspect_ratio": "8:9",
            "pict_type": "I",
            "interlaced_frame": 1,
            "top_field_first": 0,
            "repeat_pict": 0,
            "chroma_location": "topleft"
        },
        {
            "media_type": "video",
            "stream_index": 0,
            "key_frame": 1,
            "pts": 77,
            "pts_time": "2.569113",
            "pkt_dts": 77,
            "pkt_dts_time": "2.569113",
            "best_effort_timestamp": 77,
            "best_effort_timestamp_time": "2.569113",
            "duration": 1,
            "duration_time": "0.033365",
            "pkt_pos": "9740940",
            "pkt_size": "120000",
            "width": 720,
            "height": 480,
            "crop_top": 0,
            "crop_bottom": 0,
            "crop_left": 0,
            "crop_right": 0,
            "pix_fmt": "yuv411p",
            "sample_aspect_ratio": "8:9",
            "pict_type": "I",
            "interlaced_frame": 1,
            "top_field_first": 0,
            "repeat_pict": 0,
            "chroma_location": "topleft"
        },
        {
            "media_type": "video",
            "stream_index": 0,
            "key_frame": 1,
            "pts": 78,
            "pts_time": "2.602478",
            "pkt_dts": 78,
            "pkt_dts_time": "2.602478",
            "best_effort_timestamp": 78,
            "best_effort_timestamp_time": "2.602478",
            "duration": 1,
            "duration_time": "0.033365",
            "pkt_pos": "9860948",
            "pkt_size": "120000",
            "width": 720,
            "height": 480,
            "crop_top": 0,
            "crop_bottom": 0,
            "crop_left": 0,
            "crop_right": 0,
            "pix_fmt": "yuv411p",
            "sample_aspect_ratio": "8:9",
            "pict_type": "I",
            "interlaced_frame": 1,
            "top_field_first": 0,
            "repeat_pict": 0,
            "chroma_location": "topleft"
        },
        {
            "media_type": "video",
            "stream_index": 0,
            "key_frame": 1,
            "pts": 79,
            "pts_time": "2.635843",
            "pkt_dts": 79,
            "pkt_dts_time": "2.635843",
            "best_effort_timestamp": 79,
            "best_effort_timestamp_time": "2.635843",
            "duration": 1,
            "duration_time": "0.033365",
            "pkt_pos": "9980956",
            "pkt_size": "120000",
            "width": 720,
            "height": 480,
            "crop_top": 0,
            "crop_bottom": 0,
            "crop_left": 0,
            "crop_right": 0,
            "pix_fmt": "yuv411p",
            "sample_aspect_ratio": "8:9",
            "pict_type": "I",
            "interlaced_frame": 1,
            "top_field_first": 0,
            "repeat_pict": 0,
            "chroma_location": "topleft"
        },
        {
            "media_type": "video",
            "stream_index": 0,
            "key_frame": 1,
            "pts": 80,
            "pts_time": "2.669208",
            "pkt_dts": 80,
            "pkt_dts_time": "2.669208",
            "best_effort_timestamp": 80,
            "best_effort_timestamp_time": "2.669208",
            "duration": 1,
            "duration_time": "0.033365",
            "pkt_pos": "10100964",
            "pkt_size": "120000",
            "width": 720,
            "height": 480,
            "crop_top": 0,
            "crop_bottom": 0,
            "crop_left": 0,
            "crop_right": 0,
            "pix_fmt": "yuv411p",
            "sample_aspect_ratio": "8:9",
            "pict_type": "I",
            "interlaced_frame": 1,
            "top_field_first": 0,
            "repeat_pict": 0,
            "chroma_location": "topleft"
        },
        {
            "media_type": "video",
            "stream_index": 0,
            "key_frame": 1,
            "pts": 81,
            "pts_time": "2.702573",
            "pkt_dts": 81,
            "pkt_dts_time": "2.702573",
            "best_effort_timestamp": 81,
            "best_effort_timestamp_time": "2.702573",
            "duration": 1,
            "duration_time": "0.033365",
            "pkt_pos": "10220972",
            "pkt_size": "120000",
            "width": 720,
            "height": 480,
            "crop_top": 0,
            "crop_bottom": 0,
            "crop_left": 0,
            "crop_right": 0,
            "pix_fmt": "yuv411p",
            "sample_aspect_ratio": "8:9",
            "pict_type": "I",
            "interlaced_frame": 1,
            "top_field_first": 0,
            "repeat_pict": 0,
            "chroma_location": "topleft"
        },
        {
            "media_type": "video",
            "stream_index": 0,
            "key_frame": 1,
            "pts": 82,
            "pts_time": "2.735938",
            "pkt_dts": 82,
            "pkt_dts_time": "2.735938",
            "best_effort_timestamp": 82,
            "best_effort_timestamp_time": "2.735938",
            "duration": 1,
            "duration_time": "0.033365",
            "pkt_pos": "10340980",
            "pkt_size": "120000",
            "width": 720,
            "height": 480,
            "crop_top": 0,
            "crop_bottom": 0,
            "crop_left": 0,
            "crop_right": 0,
            "pix_fmt": "yuv411p",
            "sample_aspect_ratio": "8:9",
            "pict_type": "I",
            "interlaced_frame": 1,
            "top_field_first": 0,
            "repeat_pict": 0,
            "chroma_location": "topleft"
        },
        {
            "media_type": "video",
            "stream_index": 0,
            "key_frame": 1,
            "pts": 83,
            "pts_time": "2.769303",
            "pkt_dts": 83,
            "pkt_dts_time": "2.769303",
            "best_effort_timestamp": 83,
            "best_effort_timestamp_time": "2.769303",
            "duration": 1,
            "duration_time": "0.033365",
            "pkt_pos": "10460988",
            "pkt_size": "120000",
            "width": 720,
            "height": 480,
            "crop_top": 0,
            "crop_bottom": 0,
            "crop_left": 0,
            "crop_right": 0,
            "pix_fmt": "yuv411p",
            "sample_aspect_ratio": "8:9",
            "pict_type": "I",
            "interlaced_frame": 1,
            "top_field_first": 0,
            "repeat_pict": 0,
            "chroma_location": "topleft"
        },
        {
            "media_type": "video",
            "stream_index": 0,
            "key_frame": 1,
            "pts": 84,
            "pts_time": "2.802668",
            "pkt_dts": 84,
            "pkt_dts_time": "2.802668",
            "best_effort_timestamp": 84,
            "best_effort_timestamp_time": "2.802668",
            "duration": 1,
            "duration_time": "0.033365",
            "pkt_pos": "10580996",
            "pkt_size": "120000",
            "width": 720,
            "height": 480,
            "crop_top": 0,
            "crop_bottom": 0,
            "crop_left": 0,
            "crop_right": 0,
            "pix_fmt": "yuv411p",
            "sample_aspect_ratio": "8:9",
            "pict_type": "I",
            "interlaced_frame": 1,
            "top_field_first": 0,
            "repeat_pict": 0,
            "chroma_location": "topleft"
        },
        {
            "media_type": "video",
            "stream_index": 0,
            "key_frame": 1,
            "pts": 85,
            "pts_time": "2.836034",
            "pkt_dts": 85,
            "pkt_dts_time": "2.836034",
            "best_effort_timestamp": 85,
            "best_effort_timestamp_time": "2.836034",
            "duration": 1,
            "duration_time": "0.033365",
            "pkt_pos": "10701004",
            "pkt_size": "120000",
            "width": 720,
            "height": 480,
            "crop_top": 0,
            "crop_bottom": 0,
            "crop_left": 0,
            "crop_right": 0,
            "pix_fmt": "yuv411p",
            "sample_aspect_ratio": "8:9",
            "pict_type": "I",
            "interlaced_frame": 1,
            "top_field_first": 0,
            "repeat_pict": 0,
            "chroma_location": "topleft"
        },
        {
            "media_type": "video",
            "stream_index": 0,
            "key_frame": 1,
            "pts": 86,
            "pts_time": "2.869399",
            "pkt_dts": 86,
            "pkt_dts_time": "2.869399",
            "best_effort_timestamp": 86,
            "best_effort_timestamp_time": "2.869399",
            "duration": 1,
            "duration_time": "0.033365",
            "pkt_pos": "10821012",
            "pkt_size": "120000",
            "width": 720,
            "height": 480,
            "crop_top": 0,
            "crop_bottom": 0,
            "crop_left": 0,
            "crop_right": 0,
            "pix_fmt": "yuv411p",
            "sample_aspect_ratio": "8:9",
            "pict_type": "I",
            "interlaced_frame": 1,
            "top_field_first": 0,
            "repeat_pict": 0,
            "chroma_location": "topleft"
        },
        {
            "media_type": "video",
            "stream_index": 0,
            "key_frame": 1,
            "pts": 87,
            "pts_time": "2.902764",
            "pkt_dts": 87,
            "pkt_dts_time": "2.902764",
            "best_effort_timestamp": 87,
            "best_effort_timestamp_time": "2.902764",
            "duration": 1,
            "duration_time": "0.033365",
            "pkt_pos": "11126816",
            "pkt_size": "120000",
            "width": 720,
            "height": 480,
            "crop_top": 0,
            "crop_bottom": 0,
            "crop_left": 0,
            "crop_right": 0,
            "pix_fmt": "yuv411p",
            "sample_aspect_ratio": "8:9",
            "pict_type": "I",
            "interlaced_frame": 1,
            "top_field_first": 0,
            "repeat_pict": 0,
            "chroma_location": "topleft"
        },
        {
            "media_type": "video",
            "stream_index": 0,
            "key_frame": 1,
            "pts": 88,
            "pts_time": "2.936129",
            "pkt_dts": 88,
            "pkt_dts_time": "2.936129",
            "best_effort_timestamp": 88,
            "best_effort_timestamp_time": "2.936129",
            "duration": 1,
            "duration_time": "0.033365",
            "pkt_pos": "11246824",
            "pkt_size": "120000",
            "width": 720,
            "height": 480,
            "crop_top": 0,
            "crop_bottom": 0,
            "crop_left": 0,
            "crop_right": 0,
            "pix_fmt": "yuv411p",
            "sample_aspect_ratio": "8:9",
            "pict_type": "I",
            "interlaced_frame": 1,
            "top_field_first": 0,
            "repeat_pict": 0,
            "chroma_location": "topleft"
        },
        {
            "media_type": "video",
            "stream_index": 0,
            "key_frame": 1,
            "pts": 89,
            "pts_time": "2.969494",
            "pkt_dts": 89,
            "pkt_dts_time": "2.969494",
            "best_effort_timestamp": 89,
            "best_effort_timestamp_time": "2.969494",
            "duration": 1,
            "duration_time": "0.033365",
            "pkt_pos": "11366832",
            "pkt_size": "120000",
            "width": 720,
            "height": 480,
            "crop_top": 0,
            "crop_bottom": 0,
            "crop_left": 0,
            "crop_right": 0,
            "pix_fmt": "yuv411p",
            "sample_aspect_ratio": "8:9",
            "pict_type": "I",
            "interlaced_frame": 1,
            "top_field_first": 0,
            "repeat_pict": 0,
            "chroma_location": "topleft"
        },
        {
            "media_type": "video",
            "stream_index": 0,
            "key_frame": 1,
            "pts": 90,
            "pts_time": "3.002859",
            "pkt_dts": 90,
            "pkt_dts_time": "3.002859",
            "best_effort_timestamp": 90,
            "best_effort_timestamp_time": "3.002859",
            "duration": 1,
            "duration_time": "0.033365",
            "pkt_pos": "11486840",
            "pkt_size": "120000",
            "width": 720,
            "height": 480,
            "crop_top": 0,
            "crop_bottom": 0,
            "crop_left": 0,
            "crop_right": 0,
            "pix_fmt": "yuv411p",
            "sample_aspect_ratio": "8:9",
            "pict_type": "I",
            "interlaced_frame": 1,
            "top_field_first": 0,
            "repeat_pict": 0,
            "chroma_location": "topleft"
        },
        {
            "media_type": "video",
            "stream_index": 0,
            "key_frame": 1,
            "pts": 91,
            "pts_time": "3.036224",
            "pkt_dts": 91,
            "pkt_dts_time": "3.036224",
            "best_effort_timestamp": 91,
            "best_effort_timestamp_time": "3.036224",
            "duration": 1,
            "duration_time": "0.033365",
            "pkt_pos": "11606848",
            "pkt_size": "120000",
            "width": 720,
            "height": 480,
            "crop_top": 0,
            "crop_bottom": 0,
            "crop_left": 0,
            "crop_right": 0,
            "pix_fmt": "yuv411p",
            "sample_aspect_ratio": "8:9",
            "pict_type": "I",
            "interlaced_frame": 1,
            "top_field_first": 0,
            "repeat_pict": 0,
            "chroma_location": "topleft"
        },
        {
            "media_type": "video",
            "stream_index": 0,
            "key_frame": 1,
            "pts": 92,
            "pts_time": "3.069589",
            "pkt_dts": 92,
            "pkt_dts_time": "3.069589",
            "best_effort_timestamp": 92,
            "best_effort_timestamp_time": "3.069589",
            "duration": 1,
            "duration_time": "0.033365",
            "pkt_pos": "11726856",
            "pkt_size": "120000",
            "width": 720,
            "height": 480,
            "crop_top": 0,
            "crop_bottom": 0,
            "crop_left": 0,
            "crop_right": 0,
            "pix_fmt": "yuv411p",
            "sample_aspect_ratio": "8:9",
            "pict_type": "I",
            "interlaced_frame": 1,
            "top_field_first": 0,
            "repeat_pict": 0,
            "chroma_location": "topleft"
        },
        {
            "media_type": "video",
            "stream_index": 0,
            "key_frame": 1,
            "pts": 93,
            "pts_time": "3.102954",
            "pkt_dts": 93,
            "pkt_dts_time": "3.102954",
            "best_effort_timestamp": 93,
            "best_effort_timestamp_time": "3.102954",
            "duration": 1,
            "duration_time": "0.033365",
            "pkt_pos": "11846864",
            "pkt_size": "120000",
            "width": 720,
            "height": 480,
            "crop_top": 0,
            "crop_bottom": 0,
            "crop_left": 0,
            "crop_right": 0,
            "pix_fmt": "yuv411p",
            "sample_aspect_ratio": "8:9",
            "pict_type": "I",
            "interlaced_frame": 1,
            "top_field_first": 0,
            "repeat_pict": 0,
            "chroma_location": "topleft"
        },
        {
            "media_type": "video",
            "stream_index": 0,
            "key_frame": 1,
            "pts": 94,
            "pts_time": "3.136319",
            "pkt_dts": 94,
            "pkt_dts_time": "3.136319",
            "best_effort_timestamp": 94,
            "best_effort_timestamp_time": "3.136319",
            "duration": 1,
            "duration_time": "0.033365",
            "pkt_pos": "11966872",
            "pkt_size": "120000",
            "width": 720,
            "height": 480,
            "crop_top": 0,
            "crop_bottom": 0,
            "crop_left": 0,
            "crop_right": 0,
            "pix_fmt": "yuv411p",
            "sample_aspect_ratio": "8:9",
            "pict_type": "I",
            "interlaced_frame": 1,
            "top_field_first": 0,
            "repeat_pict": 0,
            "chroma_location": "topleft"
        },
        {
            "media_type": "video",
            "stream_index": 0,
            "key_frame": 1,
            "pts": 95,
            "pts_time": "3.169685",
            "pkt_dts": 95,
            "pkt_dts_time": "3.169685",
            "best_effort_timestamp": 95,
            "best_effort_timestamp_time": "3.169685",
            "duration": 1,
            "duration_time": "0.033365",
            "pkt_pos": "12086880",
            "pkt_size": "120000",
            "width": 720,
            "height": 480,
            "crop_top": 0,
            "crop_bottom": 0,
            "crop_left": 0,
            "crop_right": 0,
            "pix_fmt": "yuv411p",
            "sample_aspect_ratio": "8:9",
            "pict_type": "I",
            "interlaced_frame": 1,
            "top_field_first": 0,
            "repeat_pict": 0,
            "chroma_location": "topleft"
        },
        {
            "media_type": "video",
            "stream_index": 0,
            "key_frame": 1,
            "pts": 96,
            "pts_time": "3.203050",
            "pkt_dts": 96,
            "pkt_dts_time": "3.203050",
            "best_effort_timestamp": 96,
            "best_effort_timestamp_time": "3.203050",
            "duration": 1,
            "duration_time": "0.033365",
            "pkt_pos": "12206888",
            "pkt_size": "120000",
            "width": 720,
            "height": 480,
            "crop_top": 0,
            "crop_bottom": 0,
            "crop_left": 0,
            "crop_right": 0,
            "pix_fmt": "yuv411p",
            "sample_aspect_ratio": "8:9",
            "pict_type": "I",
            "interlaced_frame": 1,
            "top_field_first": 0,
            "repeat_pict": 0,
            "chroma_location": "topleft"
        },
        {
            "media_type": "video",
            "stream_index": 0,
            "key_frame": 1,
            "pts": 97,
            "pts_time": "3.236415",
            "pkt_dts": 97,
            "pkt_dts_time": "3.236415",
            "best_effort_timestamp": 97,
            "best_effort_timestamp_time": "3.236415",
            "duration": 1,
            "duration_time": "0.033365",
            "pkt_pos": "12326896",
            "pkt_size": "120000",
            "width": 720,
            "height": 480,
            "crop_top": 0,
            "crop_bottom": 0,
            "crop_left": 0,
            "crop_right": 0,
            "pix_fmt": "yuv411p",
            "sample_aspect_ratio": "8:9",
            "pict_type": "I",
            "interlaced_frame": 1,
            "top_field_first": 0,
            "repeat_pict": 0,
            "chroma_location": "topleft"
        },
        {
            "media_type": "video",
            "stream_index": 0,
            "key_frame": 1,
            "pts": 98,
            "pts_time": "3.269780",
            "pkt_dts": 98,
            "pkt_dts_time": "3.269780",
            "best_effort_timestamp": 98,
            "best_effort_timestamp_time": "3.269780",
            "duration": 1,
            "duration_time": "0.033365",
            "pkt_pos": "12446904",
            "pkt_size": "120000",
            "width": 720,
            "height": 480,
            "crop_top": 0,
            "crop_bottom": 0,
            "crop_left": 0,
            "crop_right": 0,
            "pix_fmt": "yuv411p",
            "sample_aspect_ratio": "8:9",
            "pict_type": "I",
            "interlaced_frame": 1,
            "top_field_first": 0,
            "repeat_pict": 0,
            "chroma_location": "topleft"
        },
        {
            "media_type": "video",
            "stream_index": 0,
            "key_frame": 1,
            "pts": 99,
            "pts_time": "3.303145",
            "pkt_dts": 99,
            "pkt_dts_time": "3.303145",
            "best_effort_timestamp": 99,
            "best_effort_timestamp_time": "3.303145",
            "duration": 1,
            "duration_time": "0.033365",
            "pkt_pos": "12566912",
            "pkt_size": "120000",
            "width": 720,
            "height": 480,
            "crop_top": 0,
            "crop_bottom": 0,
            "crop_left": 0,
            "crop_right": 0,
            "pix_fmt": "yuv411p",
            "sample_aspect_ratio": "8:9",
            "pict_type": "I",
            "interlaced_frame": 1,
            "top_field_first": 0,
            "repeat_pict": 0,
            "chroma_location": "topleft"
        },
        {
            "media_type": "video",
            "stream_index": 0,
            "key_frame": 1,
            "pts": 100,
            "pts_time": "3.336510",
            "pkt_dts": 100,
            "pkt_dts_time": "3.336510",
            "best_effort_timestamp": 100,
            "best_effort_timestamp_time": "3.336510",
            "duration": 1,
            "duration_time": "0.033365",
            "pkt_pos": "12686920",
            "pkt_size": "120000",
            "width": 720,
            "height": 480,
            "crop_top": 0,
            "crop_bottom": 0,
            "crop_left": 0,
            "crop_right": 0,
            "pix_fmt": "yuv411p",
            "sample_aspect_ratio": "8:9",
            "pict_type": "I",
            "interlaced_frame": 1,
            "top_field_first": 0,
            "repeat_pict": 0,
            "chroma_location": "topleft"
        },
        {
            "media_type": "video",
            "stream_index": 0,
            "key_frame": 1,
            "pts": 101,
            "pts_time": "3.369875",
            "pkt_dts": 101,
            "pkt_dts_time": "3.369875",
            "best_effort_timestamp": 101,
            "best_effort_timestamp_time": "3.369875",
            "duration": 1,
            "duration_time": "0.033365",
            "pkt_pos": "12806928",
            "pkt_size": "120000",
            "width": 720,
            "height": 480,
            "crop_top": 0,
            "crop_bottom": 0,
            "crop_left": 0,
            "crop_right": 0,
            "pix_fmt": "yuv411p",
            "sample_aspect_ratio": "8:9",
            "pict_type": "I",
            "interlaced_frame": 1,
            "top_field_first": 0,
            "repeat_pict": 0,
            "chroma_location": "topleft"
        },
        {
            "media_type": "video",
            "stream_index": 0,
            "key_frame": 1,
            "pts": 102,
            "pts_time": "3.403240",
            "pkt_dts": 102,
            "pkt_dts_time": "3.403240",
            "best_effort_timestamp": 102,
            "best_effort_timestamp_time": "3.403240",
            "duration": 1,
            "duration_time": "0.033365",
            "pkt_pos": "12926936",
            "pkt_size": "120000",
            "width": 720,
            "height": 480,
            "crop_top": 0,
            "crop_bottom": 0,
            "crop_left": 0,
            "crop_right": 0,
            "pix_fmt": "yuv411p",
            "sample_aspect_ratio": "8:9",
            "pict_type": "I",
            "interlaced_frame": 1,
            "top_field_first": 0,
            "repeat_pict": 0,
            "chroma_location": "topleft"
        },
        {
            "media_type": "video",
            "stream_index": 0,
            "key_frame": 1,
            "pts": 103,
            "pts_time": "3.436605",
            "pkt_dts": 103,
            "pkt_dts_time": "3.436605",
            "best_effort_timestamp": 103,
            "best_effort_timestamp_time": "3.436605",
            "duration": 1,
            "duration_time": "0.033365",
            "pkt_pos": "13046944",
            "pkt_size": "120000",
            "width": 720,
            "height": 480,
            "crop_top": 0,
            "crop_bottom": 0,
            "crop_left": 0,
            "crop_right": 0,
            "pix_fmt": "yuv411p",
            "sample_aspect_ratio": "8:9",
            "pict_type": "I",
            "interlaced_frame": 1,
            "top_field_first": 0,
            "repeat_pict": 0,
            "chroma_location": "topleft"
        },
        {
            "media_type": "video",
            "stream_index": 0,
            "key_frame": 1,
            "pts": 104,
            "pts_time": "3.469970",
            "pkt_dts": 104,
            "pkt_dts_time": "3.469970",
            "best_effort_timestamp": 104,
            "best_effort_timestamp_time": "3.469970",
            "duration": 1,
            "duration_time": "0.033365",
            "pkt_pos": "13166952",
            "pkt_size": "120000",
            "width": 720,
            "height": 480,
            "crop_top": 0,
            "crop_bottom": 0,
            "crop_left": 0,
            "crop_right": 0,
            "pix_fmt": "yuv411p",
            "sample_aspect_ratio": "8:9",
            "pict_type": "I",
            "interlaced_frame": 1,
            "top_field_first": 0,
            "repeat_pict": 0,
            "chroma_location": "topleft"
        },
        {
            "media_type": "video",
            "stream_index": 0,
            "key_frame": 1,
            "pts": 105,
            "pts_time": "3.503336",
            "pkt_dts": 105,
            "pkt_dts_time": "3.503336",
            "best_effort_timestamp": 105,
            "best_effort_timestamp_time": "3.503336",
            "duration": 1,
            "duration_time": "0.033365",
            "pkt_pos": "13286960",
            "pkt_size": "120000",
            "width": 720,
            "height": 480,
            "crop_top": 0,
            "crop_bottom": 0,
            "crop_left": 0,
            "crop_right": 0,
            "pix_fmt": "yuv411p",
            "sample_aspect_ratio": "8:9",
            "pict_type": "I",
            "interlaced_frame": 1,
            "top_field_first": 0,
            "repeat_pict": 0,
            "chroma_location": "topleft"
        },
        {
            "media_type": "video",
            "stream_index": 0,
            "key_frame": 1,
            "pts": 106,
            "pts_time": "3.536701",
            "pkt_dts": 106,
            "pkt_dts_time": "3.536701",
            "best_effort_timestamp": 106,
            "best_effort_timestamp_time": "3.536701",
            "duration": 1,
            "duration_time": "0.033365",
            "pkt_pos": "13406968",
            "pkt_size": "120000",
            "width": 720,
            "height": 480,
            "crop_top": 0,
            "crop_bottom": 0,
            "crop_left": 0,
            "crop_right": 0,
            "pix_fmt": "yuv411p",
            "sample_aspect_ratio": "8:9",
            "pict_type": "I",
            "interlaced_frame": 1,
            "top_field_first": 0,
            "repeat_pict": 0,
            "chroma_location": "topleft"
        },
        {
            "media_type": "video",
            "stream_index": 0,
            "key_frame": 1,
            "pts": 107,
            "pts_time": "3.570066",
            "pkt_dts": 107,
            "pkt_dts_time": "3.570066",
            "best_effort_timestamp": 107,
            "best_effort_timestamp_time": "3.570066",
            "duration": 1,
            "duration_time": "0.033365",
            "pkt_pos": "13526976",
            "pkt_size": "120000",
            "width": 720,
            "height": 480,
            "crop_top": 0,
            "crop_bottom": 0,
            "crop_left": 0,
            "crop_right": 0,
            "pix_fmt": "yuv411p",
            "sample_aspect_ratio": "8:9",
            "pict_type": "I",
            "interlaced_frame": 1,
            "top_field_first": 0,
            "repeat_pict": 0,
            "chroma_location": "topleft"
        },
        {
            "media_type": "video",
            "stream_index": 0,
            "key_frame": 1,
            "pts": 108,
            "pts_time": "3.603431",
            "pkt_dts": 108,
            "pkt_dts_time": "3.603431",
            "best_effort_timestamp": 108,
            "best_effort_timestamp_time": "3.603431",
            "duration": 1,
            "duration_time": "0.033365",
            "pkt_pos": "13646984",
            "pkt_size": "120000",
            "width": 720,
            "height": 480,
            "crop_top": 0,
            "crop_bottom": 0,
            "crop_left": 0,
            "crop_right": 0,
            "pix_fmt": "yuv411p",
            "sample_aspect_ratio": "8:9",
            "pict_type": "I",
            "interlaced_frame": 1,
            "top_field_first": 0,
            "repeat_pict": 0,
            "chroma_location": "topleft"
        },
        {
            "media_type": "video",
            "stream_index": 0,
            "key_frame": 1,
            "pts": 109,
            "pts_time": "3.636796",
            "pkt_dts": 109,
            "pkt_dts_time": "3.636796",
            "best_effort_timestamp": 109,
            "best_effort_timestamp_time": "3.636796",
            "duration": 1,
            "duration_time": "0.033365",
            "pkt_pos": "13766992",
            "pkt_size": "120000",
            "width": 720,
            "height": 480,
            "crop_top": 0,
            "crop_bottom": 0,
            "crop_left": 0,
            "crop_right": 0,
            "pix_fmt": "yuv411p",
            "sample_aspect_ratio": "8:9",
            "pict_type": "I",
            "interlaced_frame": 1,
            "top_field_first": 0,
            "repeat_pict": 0,
            "chroma_location": "topleft"
        },
        {
            "media_type": "video",
            "stream_index": 0,
            "key_frame": 1,
            "pts": 110,
            "pts_time": "3.670161",
            "pkt_dts": 110,
            "pkt_dts_time": "3.670161",
            "best_effort_timestamp": 110,
            "best_effort_timestamp_time": "3.670161",
            "duration": 1,
            "duration_time": "0.033365",
            "pkt_pos": "13887000",
            "pkt_size": "120000",
            "width": 720,
            "height": 480,
            "crop_top": 0,
            "crop_bottom": 0,
            "crop_left": 0,
            "crop_right": 0,
            "pix_fmt": "yuv411p",
            "sample_aspect_ratio": "8:9",
            "pict_type": "I",
            "interlaced_frame": 1,
            "top_field_first": 0,
            "repeat_pict": 0,
            "chroma_location": "topleft"
        },
        {
            "media_type": "video",
            "stream_index": 0,
            "key_frame": 1,
            "pts": 111,
            "pts_time": "3.703526",
            "pkt_dts": 111,
            "pkt_dts_time": "3.703526",
            "best_effort_timestamp": 111,
            "best_effort_timestamp_time": "3.703526",
            "duration": 1,
            "duration_time": "0.033365",
            "pkt_pos": "14007008",
            "pkt_size": "120000",
            "width": 720,
            "height": 480,
            "crop_top": 0,
            "crop_bottom": 0,
            "crop_left": 0,
            "crop_right": 0,
            "pix_fmt": "yuv411p",
            "sample_aspect_ratio": "8:9",
            "pict_type": "I",
            "interlaced_frame": 1,
            "top_field_first": 0,
            "repeat_pict": 0,
            "chroma_location": "topleft"
        },
        {
            "media_type": "video",
            "stream_index": 0,
            "key_frame": 1,
            "pts": 112,
            "pts_time": "3.736891",
            "pkt_dts": 112,
            "pkt_dts_time": "3.736891",
            "best_effort_timestamp": 112,
            "best_effort_timestamp_time": "3.736891",
            "duration": 1,
            "duration_time": "0.033365",
            "pkt_pos": "14127016",
            "pkt_size": "120000",
            "width": 720,
            "height": 480,
            "crop_top": 0,
            "crop_bottom": 0,
            "crop_left": 0,
            "crop_right": 0,
            "pix_fmt": "yuv411p",
            "sample_aspect_ratio": "8:9",
            "pict_type": "I",
            "interlaced_frame": 1,
            "top_field_first": 0,
            "repeat_pict": 0,
            "chroma_location": "topleft"
        },
        {
            "media_type": "video",
            "stream_index": 0,
            "key_frame": 1,
            "pts": 113,
            "pts_time": "3.770256",
            "pkt_dts": 113,
            "pkt_dts_time": "3.770256",
            "best_effort_timestamp": 113,
            "best_effort_timestamp_time": "3.770256",
            "duration": 1,
            "duration_time": "0.033365",
            "pkt_pos": "14247024",
            "pkt_size": "120000",
            "width": 720,
            "height": 480,
            "crop_top": 0,
            "crop_bottom": 0,
            "crop_left": 0,
            "crop_right": 0,
            "pix_fmt": "yuv411p",
            "sample_aspect_ratio": "8:9",
            "pict_type": "I",
            "interlaced_frame": 1,
            "top_field_first": 0,
            "repeat_pict": 0,
            "chroma_location": "topleft"
        },
        {
            "media_type": "video",
            "stream_index": 0,
            "key_frame": 1,
            "pts": 114,
            "pts_time": "3.803621",
            "pkt_dts": 114,
            "pkt_dts_time": "3.803621",
            "best_effort_timestamp": 114,
            "best_effort_timestamp_time": "3.803621",
            "duration": 1,
            "duration_time": "0.033365",
            "pkt_pos": "14367032",
            "pkt_size": "120000",
            "width": 720,
            "height": 480,
            "crop_top": 0,
            "crop_bottom": 0,
            "crop_left": 0,
            "crop_right": 0,
            "pix_fmt": "yuv411p",
            "sample_aspect_ratio": "8:9",
            "pict_type": "I",
            "interlaced_frame": 1,
            "top_field_first": 0,
            "repeat_pict": 0,
            "chroma_location": "topleft"
        },
        {
            "media_type": "video",
            "stream_index": 0,
            "key_frame": 1,
            "pts": 115,
            "pts_time": "3.836987",
            "pkt_dts": 115,
            "pkt_dts_time": "3.836987",
            "best_effort_timestamp": 115,
            "best_effort_timestamp_time": "3.836987",
            "duration": 1,
            "duration_time": "0.033365",
            "pkt_pos": "14487040",
            "pkt_size": "120000",
            "width": 720,
            "height": 480,
            "crop_top": 0,
            "crop_bottom": 0,
            "crop_left": 0,
            "crop_right": 0,
            "pix_fmt": "yuv411p",
            "sample_aspect_ratio": "8:9",
            "pict_type": "I",
            "interlaced_frame": 1,
            "top_field_first": 0,
            "repeat_pict": 0,
            "chroma_location": "topleft"
        },
        {
            "media_type": "video",
            "stream_index": 0,
            "key_frame": 1,
            "pts": 116,
            "pts_time": "3.870352",
            "pkt_dts": 116,
            "pkt_dts_time": "3.870352",
            "best_effort_timestamp": 116,
            "best_effort_timestamp_time": "3.870352",
            "duration": 1,
            "duration_time": "0.033365",
            "pkt_pos": "14792840",
            "pkt_size": "120000",
            "width": 720,
            "height": 480,
            "crop_top": 0,
            "crop_bottom": 0,
            "crop_left": 0,
            "crop_right": 0,
            "pix_fmt": "yuv411p",
            "sample_aspect_ratio": "8:9",
            "pict_type": "I",
            "interlaced_frame": 1,
            "top_field_first": 0,
            "repeat_pict": 0,
            "chroma_location": "topleft"
        },
        {
            "media_type": "video",
            "stream_index": 0,
            "key_frame": 1,
            "pts": 117,
            "pts_time": "3.903717",
            "pkt_dts": 117,
            "pkt_dts_time": "3.903717",
            "best_effort_timestamp": 117,
            "best_effort_timestamp_time": "3.903717",
            "duration": 1,
            "duration_time": "0.033365",
            "pkt_pos": "14912848",
            "pkt_size": "120000",
            "width": 720,
            "height": 480,
            "crop_top": 0,
            "crop_bottom": 0,
            "crop_left": 0,
            "crop_right": 0,
            "pix_fmt": "yuv411p",
            "sample_aspect_ratio": "8:9",
            "pict_type": "I",
            "interlaced_frame": 1,
            "top_field_first": 0,
            "repeat_pict": 0,
            "chroma_location": "topleft"
        },
        {
            "media_type": "video",
            "stream_index": 0,
            "key_frame": 1,
            "pts": 118,
            "pts_time": "3.937082",
            "pkt_dts": 118,
            "pkt_dts_time": "3.937082",
            "best_effort_timestamp": 118,
            "best_effort_timestamp_time": "3.937082",
            "duration": 1,
            "duration_time": "0.033365",
            "pkt_pos": "15032856",
            "pkt_size": "120000",
            "width": 720,
            "height": 480,
            "crop_top": 0,
            "crop_bottom": 0,
            "crop_left": 0,
            "crop_right": 0,
            "pix_fmt": "yuv411p",
            "sample_aspect_ratio": "8:9",
            "pict_type": "I",
            "interlaced_frame": 1,
            "top_field_first": 0,
            "repeat_pict": 0,
            "chroma_location": "topleft"
        },
        {
            "media_type": "video",
            "stream_index": 0,
            "key_frame": 1,
            "pts": 119,
            "pts_time": "3.970447",
            "pkt_dts": 119,
            "pkt_dts_time": "3.970447",
            "best_effort_timestamp": 119,
            "best_effort_timestamp_time": "3.970447",
            "duration": 1,
            "duration_time": "0.033365",
            "pkt_pos": "15152864",
            "pkt_size": "120000",
            "width": 720,
            "height": 480,
            "crop_top": 0,
            "crop_bottom": 0,
            "crop_left": 0,
            "crop_right": 0,
            "pix_fmt": "yuv411p",
            "sample_aspect_ratio": "8:9",
            "pict_type": "I",
            "interlaced_frame": 1,
            "top_field_first": 0,
            "repeat_pict": 0,
            "chroma_location": "topleft"
        },
        {
            "media_type": "video",
            "stream_index": 0,
            "key_frame": 1,
            "pts": 120,
            "pts_time": "4.003812",
            "pkt_dts": 120,
            "pkt_dts_time": "4.003812",
            "best_effort_timestamp": 120,
            "best_effort_timestamp_time": "4.003812",
            "duration": 1,
            "duration_time": "0.033365",
            "pkt_pos": "15272872",
            "pkt_size": "120000",
            "width": 720,
            "height": 480,
            "crop_top": 0,
            "crop_bottom": 0,
            "crop_left": 0,
            "crop_right": 0,
            "pix_fmt": "yuv411p",
            "sample_aspect_ratio": "8:9",
            "pict_type": "I",
            "interlaced_frame": 1,
            "top_field_first": 0,
            "repeat_pict": 0,
            "chroma_location": "topleft"
        },
        {
            "media_type": "video",
            "stream_index": 0,
            "key_frame": 1,
            "pts": 121,
            "pts_time": "4.037177",
            "pkt_dts": 121,
            "pkt_dts_time": "4.037177",
            "best_effort_timestamp": 121,
            "best_effort_timestamp_time": "4.037177",
            "duration": 1,
            "duration_time": "0.033365",
            "pkt_pos": "15392880",
            "pkt_size": "120000",
            "width": 720,
            "height": 480,
            "crop_top": 0,
            "crop_bottom": 0,
            "crop_left": 0,
            "crop_right": 0,
            "pix_fmt": "yuv411p",
            "sample_aspect_ratio": "8:9",
            "pict_type": "I",
            "interlaced_frame": 1,
            "top_field_first": 0,
            "repeat_pict": 0,
            "chroma_location": "topleft"
        },
        {
            "media_type": "video",
            "stream_index": 0,
            "key_frame": 1,
            "pts": 122,
            "pts_time": "4.070542",
            "pkt_dts": 122,
            "pkt_dts_time": "4.070542",
            "best_effort_timestamp": 122,
            "best_effort_timestamp_time": "4.070542",
            "duration": 1,
            "duration_time": "0.033365",
            "pkt_pos": "15512888",
            "pkt_size": "120000",
            "width": 720,
            "height": 480,
            "crop_top": 0,
            "crop_bottom": 0,
            "crop_left": 0,
            "crop_right": 0,
            "pix_fmt": "yuv411p",
            "sample_aspect_ratio": "8:9",
            "pict_type": "I",
            "interlaced_frame": 1,
            "top_field_first": 0,
            "repeat_pict": 0,
            "chroma_location": "topleft"
        },
        {
            "media_type": "video",
            "stream_index": 0,
            "key_frame": 1,
            "pts": 123,
            "pts_time": "4.103907",
            "pkt_dts": 123,
            "pkt_dts_time": "4.103907",
            "best_effort_timestamp": 123,
            "best_effort_timestamp_time": "4.103907",
            "duration": 1,
            "duration_time": "0.033365",
            "pkt_pos": "15632896",
            "pkt_size": "120000",
            "width": 720,
            "height": 480,
            "crop_top": 0,
            "crop_bottom": 0,
            "crop_left": 0,
            "crop_right": 0,
            "pix_fmt": "yuv411p",
            "sample_aspect_ratio": "8:9",
            "pict_type": "I",
            "interlaced_frame": 1,
            "top_field_first": 0,
            "repeat_pict": 0,
            "chroma_location": "topleft"
        },
        {
            "media_type": "video",
            "stream_index": 0,
            "key_frame": 1,
            "pts": 124,
            "pts_time": "4.137272",
            "pkt_dts": 124,
            "pkt_dts_time": "4.137272",
            "best_effort_timestamp": 124,
            "best_effort_timestamp_time": "4.137272",
            "duration": 1,
            "duration_time": "0.033365",
            "pkt_pos": "15752904",
            "pkt_size": "120000",
            "width": 720,
            "height": 480,
            "crop_top": 0,
            "crop_bottom": 0,
            "crop_left": 0,
            "crop_right": 0,
            "pix_fmt": "yuv411p",
            "sample_aspect_ratio": "8:9",
            "pict_type": "I",
            "interlaced_frame": 1,
            "top_field_first": 0,
            "repeat_pict": 0,
            "chroma_location": "topleft"
        },
        {
            "media_type": "video",
            "stream_index": 0,
            "key_frame": 1,
            "pts": 125,
            "pts_time": "4.170637",
            "pkt_dts": 125,
            "pkt_dts_time": "4.170637",
            "best_effort_timestamp": 125,
            "best_effort_timestamp_time": "4.170637",
            "duration": 1,
            "duration_time": "0.033365",
            "pkt_pos": "15872912",
            "pkt_size": "120000",
            "width": 720,
            "height": 480,
            "crop_top": 0,
            "crop_bottom": 0,
            "crop_left": 0,
            "crop_right": 0,
            "pix_fmt": "yuv411p",
            "sample_aspect_ratio": "8:9",
            "pict_type": "I",
            "interlaced_frame": 1,
            "top_field_first": 0,
            "repeat_pict": 0,
            "chroma_location": "topleft"
        },
        {
            "media_type": "video",
            "stream_index": 0,
            "key_frame": 1,
            "pts": 126,
            "pts_time": "4.204003",
            "pkt_dts": 126,
            "pkt_dts_time": "4.204003",
            "best_effort_timestamp": 126,
            "best_effort_timestamp_time": "4.204003",
            "duration": 1,
            "duration_time": "0.033365",
            "pkt_pos": "15992920",
            "pkt_size": "120000",
            "width": 720,
            "height": 480,
            "crop_top": 0,
            "crop_bottom": 0,
            "crop_left": 0,
            "crop_right": 0,
            "pix_fmt": "yuv411p",
            "sample_aspect_ratio": "8:9",
            "pict_type": "I",
            "interlaced_frame": 1,
            "top_field_first": 0,
            "repeat_pict": 0,
            "chroma_location": "topleft"
        },
        {
            "media_type": "video",
            "stream_index": 0,
            "key_frame": 1,
            "pts": 127,
            "pts_time": "4.237368",
            "pkt_dts": 127,
            "pkt_dts_time": "4.237368",
            "best_effort_timestamp": 127,
            "best_effort_timestamp_time": "4.237368",
            "duration": 1,
            "duration_time": "0.033365",
            "pkt_pos": "16112928",
            "pkt_size": "120000",
            "width": 720,
            "height": 480,
            "crop_top": 0,
            "crop_bottom": 0,
            "crop_left": 0,
            "crop_right": 0,
            "pix_fmt": "yuv411p",
            "sample_aspect_ratio": "8:9",
            "pict_type": "I",
            "interlaced_frame": 1,
            "top_field_first": 0,
            "repeat_pict": 0,
            "chroma_location": "topleft"
        },
        {
            "media_type": "video",
            "stream_index": 0,
            "key_frame": 1,
            "pts": 128,
            "pts_time": "4.270733",
            "pkt_dts": 128,
            "pkt_dts_time": "4.270733",
            "best_effort_timestamp": 128,
            "best_effort_timestamp_time": "4.270733",
            "duration": 1,
            "duration_time": "0.033365",
            "pkt_pos": "16232936",
            "pkt_size": "120000",
            "width": 720,
            "height": 480,
            "crop_top": 0,
            "crop_bottom": 0,
            "crop_left": 0,
            "crop_right": 0,
            "pix_fmt": "yuv411p",
            "sample_aspect_ratio": "8:9",
            "pict_type": "I",
            "interlaced_frame": 1,
            "top_field_first": 0,
            "repeat_pict": 0,
            "chroma_location": "topleft"
        },
        {
            "media_type": "video",
            "stream_index": 0,
            "key_frame": 1,
            "pts": 129,
            "pts_time": "4.304098",
            "pkt_dts": 129,
            "pkt_dts_time": "4.304098",
            "best_effort_timestamp": 129,
            "best_effort_timestamp_time": "4.304098",
            "duration": 1,
            "duration_time": "0.033365",
            "pkt_pos": "16352944",
            "pkt_size": "120000",
            "width": 720,
            "height": 480,
            "crop_top": 0,
            "crop_bottom": 0,
            "crop_left": 0,
            "crop_right": 0,
            "pix_fmt": "yuv411p",
            "sample_aspect_ratio": "8:9",
            "pict_type": "I",
            "interlaced_frame": 1,
            "top_field_first": 0,
            "repeat_pict": 0,
            "chroma_location": "topleft"
        },
        {
            "media_type": "video",
            "stream_index": 0,
            "key_frame": 1,
            "pts": 130,
            "pts_time": "4.337463",
            "pkt_dts": 130,
            "pkt_dts_time": "4.337463",
            "best_effort_timestamp": 130,
            "best_effort_timestamp_time": "4.337463",
            "duration": 1,
            "duration_time": "0.033365",
            "pkt_pos": "16472952",
            "pkt_size": "120000",
            "width": 720,
            "height": 480,
            "crop_top": 0,
            "crop_bottom": 0,
            "crop_left": 0,
            "crop_right": 0,
            "pix_fmt": "yuv411p",
            "sample_aspect_ratio": "8:9",
            "pict_type": "I",
            "interlaced_frame": 1,
            "top_field_first": 0,
            "repeat_pict": 0,
            "chroma_location": "topleft"
        },
        {
            "media_type": "video",
            "stream_index": 0,
            "key_frame": 1,
            "pts": 131,
            "pts_time": "4.370828",
            "pkt_dts": 131,
            "pkt_dts_time": "4.370828",
            "best_effort_timestamp": 131,
            "best_effort_timestamp_time": "4.370828",
            "duration": 1,
            "duration_time": "0.033365",
            "pkt_pos": "16592960",
            "pkt_size": "120000",
            "width": 720,
            "height": 480,
            "crop_top": 0,
            "crop_bottom": 0,
            "crop_left": 0,
            "crop_right": 0,
            "pix_fmt": "yuv411p",
            "sample_aspect_ratio": "8:9",
            "pict_type": "I",
            "interlaced_frame": 1,
            "top_field_first": 0,
            "repeat_pict": 0,
            "chroma_location": "topleft"
        },
        {
            "media_type": "video",
            "stream_index": 0,
            "key_frame": 1,
            "pts": 132,
            "pts_time": "4.404193",
            "pkt_dts": 132,
            "pkt_dts_time": "4.404193",
            "best_effort_timestamp": 132,
            "best_effort_timestamp_time": "4.404193",
            "duration": 1,
            "duration_time": "0.033365",
            "pkt_pos": "16712968",
            "pkt_size": "120000",
            "width": 720,
            "height": 480,
            "crop_top": 0,
            "crop_bottom": 0,
            "crop_left": 0,
            "crop_right": 0,
            "pix_fmt": "yuv411p",
            "sample_aspect_ratio": "8:9",
            "pict_type": "I",
            "interlaced_frame": 1,
            "top_field_first": 0,
            "repeat_pict": 0,
            "chroma_location": "topleft"
        },
        {
            "media_type": "video",
            "stream_index": 0,
            "key_frame": 1,
            "pts": 133,
            "pts_time": "4.437558",
            "pkt_dts": 133,
            "pkt_dts_time": "4.437558",
            "best_effort_timestamp": 133,
            "best_effort_timestamp_time": "4.437558",
            "duration": 1,
            "duration_time": "0.033365",
            "pkt_pos": "16832976",
            "pkt_size": "120000",
            "width": 720,
            "height": 480,
            "crop_top": 0,
            "crop_bottom": 0,
            "crop_left": 0,
            "crop_right": 0,
            "pix_fmt": "yuv411p",
            "sample_aspect_ratio": "8:9",
            "pict_type": "I",
            "interlaced_frame": 1,
            "top_field_first": 0,
            "repeat_pict": 0,
            "chroma_location": "topleft"
        },
        {
            "media_type": "video",
            "stream_index": 0,
            "key_frame": 1,
            "pts": 134,
            "pts_time": "4.470923",
            "pkt_dts": 134,
            "pkt_dts_time": "4.470923",
            "best_effort_timestamp": 134,
            "best_effort_timestamp_time": "4.470923",
            "duration": 1,
            "duration_time": "0.033365",
            "pkt_pos": "16952984",
            "pkt_size": "120000",
            "width": 720,
            "height": 480,
            "crop_top": 0,
            "crop_bottom": 0,
            "crop_left": 0,
            "crop_right": 0,
            "pix_fmt": "yuv411p",
            "sample_aspect_ratio": "8:9",
            "pict_type": "I",
            "interlaced_frame": 1,
            "top_field_first": 0,
            "repeat_pict": 0,
            "chroma_location": "topleft"
        },
        {
            "media_type": "video",
            "stream_index": 0,
            "key_frame": 1,
            "pts": 135,
            "pts_time": "4.504289",
            "pkt_dts": 135,
            "pkt_dts_time": "4.504289",
            "best_effort_timestamp": 135,
            "best_effort_timestamp_time": "4.504289",
            "duration": 1,
            "duration_time": "0.033365",
            "pkt_pos": "17072992",
            "pkt_size": "120000",
            "width": 720,
            "height": 480,
            "crop_top": 0,
            "crop_bottom": 0,
            "crop_left": 0,
            "crop_right": 0,
            "pix_fmt": "yuv411p",
            "sample_aspect_ratio": "8:9",
            "pict_type": "I",
            "interlaced_frame": 1,
            "top_field_first": 0,
            "repeat_pict": 0,
            "chroma_location": "topleft"
        },
        {
            "media_type": "video",
            "stream_index": 0,
            "key_frame": 1,
            "pts": 136,
            "pts_time": "4.537654",
            "pkt_dts": 136,
            "pkt_dts_time": "4.537654",
            "best_effort_timestamp": 136,
            "best_effort_timestamp_time": "4.537654",
            "duration": 1,
            "duration_time": "0.033365",
            "pkt_pos": "17193000",
            "pkt_size": "120000",
            "width": 720,
            "height": 480,
            "crop_top": 0,
            "crop_bottom": 0,
            "crop_left": 0,
            "crop_right": 0,
            "pix_fmt": "yuv411p",
            "sample_aspect_ratio": "8:9",
            "pict_type": "I",
            "interlaced_frame": 1,
            "top_field_first": 0,
            "repeat_pict": 0,
            "chroma_location": "topleft"
        },
        {
            "media_type": "video",
            "stream_index": 0,
            "key_frame": 1,
            "pts": 137,
            "pts_time": "4.571019",
            "pkt_dts": 137,
            "pkt_dts_time": "4.571019",
            "best_effort_timestamp": 137,
            "best_effort_timestamp_time": "4.571019",
            "duration": 1,
            "duration_time": "0.033365",
            "pkt_pos": "17313008",
            "pkt_size": "120000",
            "width": 720,
            "height": 480,
            "crop_top": 0,
            "crop_bottom": 0,
            "crop_left": 0,
            "crop_right": 0,
            "pix_fmt": "yuv411p",
            "sample_aspect_ratio": "8:9",
            "pict_type": "I",
            "interlaced_frame": 1,
            "top_field_first": 0,
            "repeat_pict": 0,
            "chroma_location": "topleft"
        },
        {
            "media_type": "video",
            "stream_index": 0,
            "key_frame": 1,
            "pts": 138,
            "pts_time": "4.604384",
            "pkt_dts": 138,
            "pkt_dts_time": "4.604384",
            "best_effort_timestamp": 138,
            "best_effort_timestamp_time": "4.604384",
            "duration": 1,
            "duration_time": "0.033365",
            "pkt_pos": "17433016",
            "pkt_size": "120000",
            "width": 720,
            "height": 480,
            "crop_top": 0,
            "crop_bottom": 0,
            "crop_left": 0,
            "crop_right": 0,
            "pix_fmt": "yuv411p",
            "sample_aspect_ratio": "8:9",
            "pict_type": "I",
            "interlaced_frame": 1,
            "top_field_first": 0,
            "repeat_pict": 0,
            "chroma_location": "topleft"
        },
        {
            "media_type": "video",
            "stream_index": 0,
            "key_frame": 1,
            "pts": 139,
            "pts_time": "4.637749",
            "pkt_dts": 139,
            "pkt_dts_time": "4.637749",
            "best_effort_timestamp": 139,
            "best_effort_timestamp_time": "4.637749",
            "duration": 1,
            "duration_time": "0.033365",
            "pkt_pos": "17553024",
            "pkt_size": "120000",
            "width": 720,
            "height": 480,
            "crop_top": 0,
            "crop_bottom": 0,
            "crop_left": 0,
            "crop_right": 0,
            "pix_fmt": "yuv411p",
            "sample_aspect_ratio": "8:9",
            "pict_type": "I",
            "interlaced_frame": 1,
            "top_field_first": 0,
            "repeat_pict": 0,
            "chroma_location": "topleft"
        },
        {
            "media_type": "video",
            "stream_index": 0,
            "key_frame": 1,
            "pts": 140,
            "pts_time": "4.671114",
            "pkt_dts": 140,
            "pkt_dts_time": "4.671114",
            "best_effort_timestamp": 140,
            "best_effort_timestamp_time": "4.671114",
            "duration": 1,
            "duration_time": "0.033365",
            "pkt_pos": "17673032",
            "pkt_size": "120000",
            "width": 720,
            "height": 480,
            "crop_top": 0,
            "crop_bottom": 0,
            "crop_left": 0,
            "crop_right": 0,
            "pix_fmt": "yuv411p",
            "sample_aspect_ratio": "8:9",
            "pict_type": "I",
            "interlaced_frame": 1,
            "top_field_first": 0,
            "repeat_pict": 0,
            "chroma_location": "topleft"
        },
        {
            "media_type": "video",
            "stream_index": 0,
            "key_frame": 1,
            "pts": 141,
            "pts_time": "4.704479",
            "pkt_dts": 141,
            "pkt_dts_time": "4.704479",
            "best_effort_timestamp": 141,
            "best_effort_timestamp_time": "4.704479",
            "duration": 1,
            "duration_time": "0.033365",
            "pkt_pos": "17793040",
            "pkt_size": "120000",
            "width": 720,
            "height": 480,
            "crop_top": 0,
            "crop_bottom": 0,
            "crop_left": 0,
            "crop_right": 0,
            "pix_fmt": "yuv411p",
            "sample_aspect_ratio": "8:9",
            "pict_type": "I",
            "interlaced_frame": 1,
            "top_field_first": 0,
            "repeat_pict": 0,
            "chroma_location": "topleft"
        },
        {
            "media_type": "video",
            "stream_index": 0,
            "key_frame": 1,
            "pts": 142,
            "pts_time": "4.737844",
            "pkt_dts": 142,
            "pkt_dts_time": "4.737844",
            "best_effort_timestamp": 142,
            "best_effort_timestamp_time": "4.737844",
            "duration": 1,
            "duration_time": "0.033365",
            "pkt_pos": "17913048",
            "pkt_size": "120000",
            "width": 720,
            "height": 480,
            "crop_top": 0,
            "crop_bottom": 0,
            "crop_left": 0,
            "crop_right": 0,
            "pix_fmt": "yuv411p",
            "sample_aspect_ratio": "8:9",
            "pict_type": "I",
            "interlaced_frame": 1,
            "top_field_first": 0,
            "repeat_pict": 0,
            "chroma_location": "topleft"
        },
        {
            "media_type": "video",
            "stream_index": 0,
            "key_frame": 1,
            "pts": 143,
            "pts_time": "4.771209",
            "pkt_dts": 143,
            "pkt_dts_time": "4.771209",
            "best_effort_timestamp": 143,
            "best_effort_timestamp_time": "4.771209",
            "duration": 1,
            "duration_time": "0.033365",
            "pkt_pos": "18033056",
            "pkt_size": "120000",
            "width": 720,
            "height": 480,
            "crop_top": 0,
            "crop_bottom": 0,
            "crop_left": 0,
            "crop_right": 0,
            "pix_fmt": "yuv411p",
            "sample_aspect_ratio": "8:9",
            "pict_type": "I",
            "interlaced_frame": 1,
            "top_field_first": 0,
            "repeat_pict": 0,
            "chroma_location": "topleft"
        },
        {
            "media_type": "video",
            "stream_index": 0,
            "key_frame": 1,
            "pts": 144,
            "pts_time": "4.804574",
            "pkt_dts": 144,
            "pkt_dts_time": "4.804574",
            "best_effort_timestamp": 144,
            "best_effort_timestamp_time": "4.804574",
            "duration": 1,
            "duration_time": "0.033365",
            "pkt_pos": "18153064",
            "pkt_size": "120000",
            "width": 720,
            "height": 480,
            "crop_top": 0,
            "crop_bottom": 0,
            "crop_left": 0,
            "crop_right": 0,
            "pix_fmt": "yuv411p",
            "sample_aspect_ratio": "8:9",
            "pict_type": "I",
            "interlaced_frame": 1,
            "top_field_first": 0,
            "repeat_pict": 0,
            "chroma_location": "topleft"
        },
        {
            "media_type": "video",
            "stream_index": 0,
            "key_frame": 1,
            "pts": 145,
            "pts_time": "4.837940",
            "pkt_dts": 145,
            "pkt_dts_time": "4.837940",
            "best_effort_timestamp": 145,
            "best_effort_timestamp_time": "4.837940",
            "duration": 1,
            "duration_time": "0.033365",
            "pkt_pos": "18458868",
            "pkt_size": "120000",
            "width": 720,
            "height": 480,
            "crop_top": 0,
            "crop_bottom": 0,
            "crop_left": 0,
            "crop_right": 0,
            "pix_fmt": "yuv411p",
            "sample_aspect_ratio": "8:9",
            "pict_type": "I",
            "interlaced_frame": 1,
            "top_field_first": 0,
            "repeat_pict": 0,
            "chroma_location": "topleft"
        },
        {
            "media_type": "video",
            "stream_index": 0,
            "key_frame": 1,
            "pts": 146,
            "pts_time": "4.871305",
            "pkt_dts": 146,
            "pkt_dts_time": "4.871305",
            "best_effort_timestamp": 146,
            "best_effort_timestamp_time": "4.871305",
            "duration": 1,
            "duration_time": "0.033365",
            "pkt_pos": "18578876",
            "pkt_size": "120000",
            "width": 720,
            "height": 480,
            "crop_top": 0,
            "crop_bottom": 0,
            "crop_left": 0,
            "crop_right": 0,
            "pix_fmt": "yuv411p",
            "sample_aspect_ratio": "8:9",
            "pict_type": "I",
            "interlaced_frame": 1,
            "top_field_first": 0,
            "repeat_pict": 0,
            "chroma_location": "topleft"
        },
        {
            "media_type": "video",
            "stream_index": 0,
            "key_frame": 1,
            "pts": 147,
            "pts_time": "4.904670",
            "pkt_dts": 147,
            "pkt_dts_time": "4.904670",
            "best_effort_timestamp": 147,
            "best_effort_timestamp_time": "4.904670",
            "duration": 1,
            "duration_time": "0.033365",
            "pkt_pos": "18698884",
            "pkt_size": "120000",
            "width": 720,
            "height": 480,
            "crop_top": 0,
            "crop_bottom": 0,
            "crop_left": 0,
            "crop_right": 0,
            "pix_fmt": "yuv411p",
            "sample_aspect_ratio": "8:9",
            "pict_type": "I",
            "interlaced_frame": 1,
            "top_field_first": 0,
            "repeat_pict": 0,
            "chroma_location": "topleft"
        },
        {
            "media_type": "video",
            "stream_index": 0,
            "key_frame": 1,
            "pts": 148,
            "pts_time": "4.938035",
            "pkt_dts": 148,
            "pkt_dts_time": "4.938035",
            "best_effort_timestamp": 148,
            "best_effort_timestamp_time": "4.938035",
            "duration": 1,
            "duration_time": "0.033365",
            "pkt_pos": "18818892",
            "pkt_size": "120000",
            "width": 720,
            "height": 480,
            "crop_top": 0,
            "crop_bottom": 0,
            "crop_left": 0,
            "crop_right": 0,
            "pix_fmt": "yuv411p",
            "sample_aspect_ratio": "8:9",
            "pict_type": "I",
            "interlaced_frame": 1,
            "top_field_first": 0,
            "repeat_pict": 0,
            "chroma_location": "topleft"
        },
        {
            "media_type": "video",
            "stream_index": 0,
            "key_frame": 1,
            "pts": 149,
            "pts_time": "4.971400",
            "pkt_dts": 149,
            "pkt_dts_time": "4.971400",
            "best_effort_timestamp": 149,
            "best_effort_timestamp_time": "4.971400",
            "duration": 1,
            "duration_time": "0.033365",
            "pkt_pos": "18938900",
            "pkt_size": "120000",
            "width": 720,
            "height": 480,
            "crop_top": 0,
            "crop_bottom": 0,
            "crop_left": 0,
            "crop_right": 0,
            "pix_fmt": "yuv411p",
            "sample_aspect_ratio": "8:9",
            "pict_type": "I",
            "interlaced_frame": 1,
            "top_field_first": 0,
            "repeat_pict": 0,
            "chroma_location": "topleft"
        },
        {
            "media_type": "video",
            "stream_index": 0,
            "key_frame": 1,
            "pts": 150,
            "pts_time": "5.004765",
            "pkt_dts": 150,
            "pkt_dts_time": "5.004765",
            "best_effort_timestamp": 150,
            "best_effort_timestamp_time": "5.004765",
            "duration": 1,
            "duration_time": "0.033365",
            "pkt_pos": "19058908",
            "pkt_size": "120000",
            "width": 720,
            "height": 480,
            "crop_top": 0,
            "crop_bottom": 0,
            "crop_left": 0,
            "crop_right": 0,
            "pix_fmt": "yuv411p",
            "sample_aspect_ratio": "8:9",
            "pict_type": "I",
            "interlaced_frame": 1,
            "top_field_first": 0,
            "repeat_pict": 0,
            "chroma_location": "topleft"
        },
        {
            "media_type": "video",
            "stream_index": 0,
            "key_frame": 1,
            "pts": 151,
            "pts_time": "5.038130",
            "pkt_dts": 151,
            "pkt_dts_time": "5.038130",
            "best_effort_timestamp": 151,
            "best_effort_timestamp_time": "5.038130",
            "duration": 1,
            "duration_time": "0.033365",
            "pkt_pos": "19178916",
            "pkt_size": "120000",
            "width": 720,
            "height": 480,
            "crop_top": 0,
            "crop_bottom": 0,
            "crop_left": 0,
            "crop_right": 0,
            "pix_fmt": "yuv411p",
            "sample_aspect_ratio": "8:9",
            "pict_type": "I",
            "interlaced_frame": 1,
            "top_field_first": 0,
            "repeat_pict": 0,
            "chroma_location": "topleft"
        },
        {
            "media_type": "video",
            "stream_index": 0,
            "key_frame": 1,
            "pts": 152,
            "pts_time": "5.071495",
            "pkt_dts": 152,
            "pkt_dts_time": "5.071495",
            "best_effort_timestamp": 152,
            "best_effort_timestamp_time": "5.071495",
            "duration": 1,
            "duration_time": "0.033365",
            "pkt_pos": "19298924",
            "pkt_size": "120000",
            "width": 720,
            "height": 480,
            "crop_top": 0,
            "crop_bottom": 0,
            "crop_left": 0,
            "crop_right": 0,
            "pix_fmt": "yuv411p",
            "sample_aspect_ratio": "8:9",
            "pict_type": "I",
            "interlaced_frame": 1,
            "top_field_first": 0,
            "repeat_pict": 0,
            "chroma_location": "topleft"
        },
        {
            "media_type": "video",
            "stream_index": 0,
            "key_frame": 1,
            "pts": 153,
            "pts_time": "5.104860",
            "pkt_dts": 153,
            "pkt_dts_time": "5.104860",
            "best_effort_timestamp": 153,
            "best_effort_timestamp_time": "5.104860",
            "duration": 1,
            "duration_time": "0.033365",
            "pkt_pos": "19418932",
            "pkt_size": "120000",
            "width": 720,
            "height": 480,
            "crop_top": 0,
            "crop_bottom": 0,
            "crop_left": 0,
            "crop_right": 0,
            "pix_fmt": "yuv411p",
            "sample_aspect_ratio": "8:9",
            "pict_type": "I",
            "interlaced_frame": 1,
            "top_field_first": 0,
            "repeat_pict": 0,
            "chroma_location": "topleft"
        },
        {
            "media_type": "video",
            "stream_index": 0,
            "key_frame": 1,
            "pts": 154,
            "pts_time": "5.138225",
            "pkt_dts": 154,
            "pkt_dts_time": "5.138225",
            "best_effort_timestamp": 154,
            "best_effort_timestamp_time": "5.138225",
            "duration": 1,
            "duration_time": "0.033365",
            "pkt_pos": "19538940",
            "pkt_size": "120000",
            "width": 720,
            "height": 480,
            "crop_top": 0,
            "crop_bottom": 0,
            "crop_left": 0,
            "crop_right": 0,
            "pix_fmt": "yuv411p",
            "sample_aspect_ratio": "8:9",
            "pict_type": "I",
            "interlaced_frame": 1,
            "top_field_first": 0,
            "repeat_pict": 0,
            "chroma_location": "topleft"
        },
        {
            "media_type": "video",
            "stream_index": 0,
            "key_frame": 1,
            "pts": 155,
            "pts_time": "5.171591",
            "pkt_dts": 155,
            "pkt_dts_time": "5.171591",
            "best_effort_timestamp": 155,
            "best_effort_timestamp_time": "5.171591",
            "duration": 1,
            "duration_time": "0.033365",
            "pkt_pos": "19658948",
            "pkt_size": "120000",
            "width": 720,
            "height": 480,
            "crop_top": 0,
            "crop_bottom": 0,
            "crop_left": 0,
            "crop_right": 0,
            "pix_fmt": "yuv411p",
            "sample_aspect_ratio": "8:9",
            "pict_type": "I",
            "interlaced_frame": 1,
            "top_field_first": 0,
            "repeat_pict": 0,
            "chroma_location": "topleft"
        },
        {
            "media_type": "video",
            "stream_index": 0,
            "key_frame": 1,
            "pts": 156,
            "pts_time": "5.204956",
            "pkt_dts": 156,
            "pkt_dts_time": "5.204956",
            "best_effort_timestamp": 156,
            "best_effort_timestamp_time": "5.204956",
            "duration": 1,
            "duration_time": "0.033365",
            "pkt_pos": "19778956",
            "pkt_size": "120000",
            "width": 720,
            "height": 480,
            "crop_top": 0,
            "crop_bottom": 0,
            "crop_left": 0,
            "crop_right": 0,
            "pix_fmt": "yuv411p",
            "sample_aspect_ratio": "8:9",
            "pict_type": "I",
            "interlaced_frame": 1,
            "top_field_first": 0,
            "repeat_pict": 0,
            "chroma_location": "topleft"
        },
        {
            "media_type": "video",
            "stream_index": 0,
            "key_frame": 1,
            "pts": 157,
            "pts_time": "5.238321",
            "pkt_dts": 157,
            "pkt_dts_time": "5.238321",
            "best_effort_timestamp": 157,
            "best_effort_timestamp_time": "5.238321",
            "duration": 1,
            "duration_time": "0.033365",
            "pkt_pos": "19898964",
            "pkt_size": "120000",
            "width": 720,
            "height": 480,
            "crop_top": 0,
            "crop_bottom": 0,
            "crop_left": 0,
            "crop_right": 0,
            "pix_fmt": "yuv411p",
            "sample_aspect_ratio": "8:9",
            "pict_type": "I",
            "interlaced_frame": 1,
            "top_field_first": 0,
            "repeat_pict": 0,
            "chroma_location": "topleft"
        },
        {
            "media_type": "video",
            "stream_index": 0,
            "key_frame": 1,
            "pts": 158,
            "pts_time": "5.271686",
            "pkt_dts": 158,
            "pkt_dts_time": "5.271686",
            "best_effort_timestamp": 158,
            "best_effort_timestamp_time": "5.271686",
            "duration": 1,
            "duration_time": "0.033365",
            "pkt_pos": "20018972",
            "pkt_size": "120000",
            "width": 720,
            "height": 480,
            "crop_top": 0,
            "crop_bottom": 0,
            "crop_left": 0,
            "crop_right": 0,
            "pix_fmt": "yuv411p",
            "sample_aspect_ratio": "8:9",
            "pict_type": "I",
            "interlaced_frame": 1,
            "top_field_first": 0,
            "repeat_pict": 0,
            "chroma_location": "topleft"
        },
        {
            "media_type": "video",
            "stream_index": 0,
            "key_frame": 1,
            "pts": 159,
            "pts_time": "5.305051",
            "pkt_dts": 159,
            "pkt_dts_time": "5.305051",
            "best_effort_timestamp": 159,
            "best_effort_timestamp_time": "5.305051",
            "duration": 1,
            "duration_time": "0.033365",
            "pkt_pos": "20138980",
            "pkt_size": "120000",
            "width": 720,
            "height": 480,
            "crop_top": 0,
            "crop_bottom": 0,
            "crop_left": 0,
            "crop_right": 0,
            "pix_fmt": "yuv411p",
            "sample_aspect_ratio": "8:9",
            "pict_type": "I",
            "interlaced_frame": 1,
            "top_field_first": 0,
            "repeat_pict": 0,
            "chroma_location": "topleft"
        },
        {
            "media_type": "video",
            "stream_index": 0,
            "key_frame": 1,
            "pts": 160,
            "pts_time": "5.338416",
            "pkt_dts": 160,
            "pkt_dts_time": "5.338416",
            "best_effort_timestamp": 160,
            "best_effort_timestamp_time": "5.338416",
            "duration": 1,
            "duration_time": "0.033365",
            "pkt_pos": "20258988",
            "pkt_size": "120000",
            "width": 720,
            "height": 480,
            "crop_top": 0,
            "crop_bottom": 0,
            "crop_left": 0,
            "crop_right": 0,
            "pix_fmt": "yuv411p",
            "sample_aspect_ratio": "8:9",
            "pict_type": "I",
            "interlaced_frame": 1,
            "top_field_first": 0,
            "repeat_pict": 0,
            "chroma_location": "topleft"
        },
        {
            "media_type": "video",
            "stream_index": 0,
            "key_frame": 1,
            "pts": 161,
            "pts_time": "5.371781",
            "pkt_dts": 161,
            "pkt_dts_time": "5.371781",
            "best_effort_timestamp": 161,
            "best_effort_timestamp_time": "5.371781",
            "duration": 1,
            "duration_time": "0.033365",
            "pkt_pos": "20378996",
            "pkt_size": "120000",
            "width": 720,
            "height": 480,
            "crop_top": 0,
            "crop_bottom": 0,
            "crop_left": 0,
            "crop_right": 0,
            "pix_fmt": "yuv411p",
            "sample_aspect_ratio": "8:9",
            "pict_type": "I",
            "interlaced_frame": 1,
            "top_field_first": 0,
            "repeat_pict": 0,
            "chroma_location": "topleft"
        },
        {
            "media_type": "video",
            "stream_index": 0,
            "key_frame": 1,
            "pts": 162,
            "pts_time": "5.405146",
            "pkt_dts": 162,
            "pkt_dts_time": "5.405146",
            "best_effort_timestamp": 162,
            "best_effort_timestamp_time": "5.405146",
            "duration": 1,
            "duration_time": "0.033365",
            "pkt_pos": "20499004",
            "pkt_size": "120000",
            "width": 720,
            "height": 480,
            "crop_top": 0,
            "crop_bottom": 0,
            "crop_left": 0,
            "crop_right": 0,
            "pix_fmt": "yuv411p",
            "sample_aspect_ratio": "8:9",
            "pict_type": "I",
            "interlaced_frame": 1,
            "top_field_first": 0,
            "repeat_pict": 0,
            "chroma_location": "topleft"
        },
        {
            "media_type": "video",
            "stream_index": 0,
            "key_frame": 1,
            "pts": 163,
            "pts_time": "5.438511",
            "pkt_dts": 163,
            "pkt_dts_time": "5.438511",
            "best_effort_timestamp": 163,
            "best_effort_timestamp_time": "5.438511",
            "duration": 1,
            "duration_time": "0.033365",
            "pkt_pos": "20619012",
            "pkt_size": "120000",
            "width": 720,
            "height": 480,
            "crop_top": 0,
            "crop_bottom": 0,
            "crop_left": 0,
            "crop_right": 0,
            "pix_fmt": "yuv411p",
            "sample_aspect_ratio": "8:9",
            "pict_type": "I",
            "interlaced_frame": 1,
            "top_field_first": 0,
            "repeat_pict": 0,
            "chroma_location": "topleft"
        },
        {
            "media_type": "video",
            "stream_index": 0,
            "key_frame": 1,
            "pts": 164,
            "pts_time": "5.471876",
            "pkt_dts": 164,
            "pkt_dts_time": "5.471876",
            "best_effort_timestamp": 164,
            "best_effort_timestamp_time": "5.471876",
            "duration": 1,
            "duration_time": "0.033365",
            "pkt_pos": "20739020",
            "pkt_size": "120000",
            "width": 720,
            "height": 480,
            "crop_top": 0,
            "crop_bottom": 0,
            "crop_left": 0,
            "crop_right": 0,
            "pix_fmt": "yuv411p",
            "sample_aspect_ratio": "8:9",
            "pict_type": "I",
            "interlaced_frame": 1,
            "top_field_first": 0,
            "repeat_pict": 0,
            "chroma_location": "topleft"
        },
        {
            "media_type": "video",
            "stream_index": 0,
            "key_frame": 1,
            "pts": 165,
            "pts_time": "5.505242",
            "pkt_dts": 165,
            "pkt_dts_time": "5.505242",
            "best_effort_timestamp": 165,
            "best_effort_timestamp_time": "5.505242",
            "duration": 1,
            "duration_time": "0.033365",
            "pkt_pos": "20859028",
            "pkt_size": "120000",
            "width": 720,
            "height": 480,
            "crop_top": 0,
            "crop_bottom": 0,
            "crop_left": 0,
            "crop_right": 0,
            "pix_fmt": "yuv411p",
            "sample_aspect_ratio": "8:9",
            "pict_type": "I",
            "interlaced_frame": 1,
            "top_field_first": 0,
            "repeat_pict": 0,
            "chroma_location": "topleft"
        },
        {
            "media_type": "video",
            "stream_index": 0,
            "key_frame": 1,
            "pts": 166,
            "pts_time": "5.538607",
            "pkt_dts": 166,
            "pkt_dts_time": "5.538607",
            "best_effort_timestamp": 166,
            "best_effort_timestamp_time": "5.538607",
            "duration": 1,
            "duration_time": "0.033365",
            "pkt_pos": "20979036",
            "pkt_size": "120000",
            "width": 720,
            "height": 480,
            "crop_top": 0,
            "crop_bottom": 0,
            "crop_left": 0,
            "crop_right": 0,
            "pix_fmt": "yuv411p",
            "sample_aspect_ratio": "8:9",
            "pict_type": "I",
            "interlaced_frame": 1,
            "top_field_first": 0,
            "repeat_pict": 0,
            "chroma_location": "topleft"
        },
        {
            "media_type": "video",
            "stream_index": 0,
            "key_frame": 1,
            "pts": 167,
            "pts_time": "5.571972",
            "pkt_dts": 167,
            "pkt_dts_time": "5.571972",
            "best_effort_timestamp": 167,
            "best_effort_timestamp_time": "5.571972",
            "duration": 1,
            "duration_time": "0.033365",
            "pkt_pos": "21099044",
            "pkt_size": "120000",
            "width": 720,
            "height": 480,
            "crop_top": 0,
            "crop_bottom": 0,
            "crop_left": 0,
            "crop_right": 0,
            "pix_fmt": "yuv411p",
            "sample_aspect_ratio": "8:9",
            "pict_type": "I",
            "interlaced_frame": 1,
            "top_field_first": 0,
            "repeat_pict": 0,
            "chroma_location": "topleft"
        },
        {
            "media_type": "video",
            "stream_index": 0,
            "key_frame": 1,
            "pts": 168,
            "pts_time": "5.605337",
            "pkt_dts": 168,
            "pkt_dts_time": "5.605337",
            "best_effort_timestamp": 168,
            "best_effort_timestamp_time": "5.605337",
            "duration": 1,
            "duration_time": "0.033365",
            "pkt_pos": "21219052",
            "pkt_size": "120000",
            "width": 720,
            "height": 480,
            "crop_top": 0,
            "crop_bottom": 0,
            "crop_left": 0,
            "crop_right": 0,
            "pix_fmt": "yuv411p",
            "sample_aspect_ratio": "8:9",
            "pict_type": "I",
            "interlaced_frame": 1,
            "top_field_first": 0,
            "repeat_pict": 0,
            "chroma_location": "topleft"
        },
        {
            "media_type": "video",
            "stream_index": 0,
            "key_frame": 1,
            "pts": 169,
            "pts_time": "5.638702",
            "pkt_dts": 169,
            "pkt_dts_time": "5.638702",
            "best_effort_timestamp": 169,
            "best_effort_timestamp_time": "5.638702",
            "duration": 1,
            "duration_time": "0.033365",
            "pkt_pos": "21339060",
            "pkt_size": "120000",
            "width": 720,
            "height": 480,
            "crop_top": 0,
            "crop_bottom": 0,
            "crop_left": 0,
            "crop_right": 0,
            "pix_fmt": "yuv411p",
            "sample_aspect_ratio": "8:9",
            "pict_type": "I",
            "interlaced_frame": 1,
            "top_field_first": 0,
            "repeat_pict": 0,
            "chroma_location": "topleft"
        },
        {
            "media_type": "video",
            "stream_index": 0,
            "key_frame": 1,
            "pts": 170,
            "pts_time": "5.672067",
            "pkt_dts": 170,
            "pkt_dts_time": "5.672067",
            "best_effort_timestamp": 170,
            "best_effort_timestamp_time": "5.672067",
            "duration": 1,
            "duration_time": "0.033365",
            "pkt_pos": "21459068",
            "pkt_size": "120000",
            "width": 720,
            "height": 480,
            "crop_top": 0,
            "crop_bottom": 0,
            "crop_left": 0,
            "crop_right": 0,
            "pix_fmt": "yuv411p",
            "sample_aspect_ratio": "8:9",
            "pict_type": "I",
            "interlaced_frame": 1,
            "top_field_first": 0,
            "repeat_pict": 0,
            "chroma_location": "topleft"
        },
        {
            "media_type": "video",
            "stream_index": 0,
            "key_frame": 1,
            "pts": 171,
            "pts_time": "5.705432",
            "pkt_dts": 171,
            "pkt_dts_time": "5.705432",
            "best_effort_timestamp": 171,
            "best_effort_timestamp_time": "5.705432",
            "duration": 1,
            "duration_time": "0.033365",
            "pkt_pos": "21579076",
            "pkt_size": "120000",
            "width": 720,
            "height": 480,
            "crop_top": 0,
            "crop_bottom": 0,
            "crop_left": 0,
            "crop_right": 0,
            "pix_fmt": "yuv411p",
            "sample_aspect_ratio": "8:9",
            "pict_type": "I",
            "interlaced_frame": 1,
            "top_field_first": 0,
            "repeat_pict": 0,
            "chroma_location": "topleft"
        },
        {
            "media_type": "video",
            "stream_index": 0,
            "key_frame": 1,
            "pts": 172,
            "pts_time": "5.738797",
            "pkt_dts": 172,
            "pkt_dts_time": "5.738797",
            "best_effort_timestamp": 172,
            "best_effort_timestamp_time": "5.738797",
            "duration": 1,
            "duration_time": "0.033365",
            "pkt_pos": "21699084",
            "pkt_size": "120000",
            "width": 720,
            "height": 480,
            "crop_top": 0,
            "crop_bottom": 0,
            "crop_left": 0,
            "crop_right": 0,
            "pix_fmt": "yuv411p",
            "sample_aspect_ratio": "8:9",
            "pict_type": "I",
            "interlaced_frame": 1,
            "top_field_first": 0,
            "repeat_pict": 0,
            "chroma_location": "topleft"
        },
        {
            "media_type": "video",
            "stream_index": 0,
            "key_frame": 1,
            "pts": 173,
            "pts_time": "5.772162",
            "pkt_dts": 173,
            "pkt_dts_time": "5.772162",
            "best_effort_timestamp": 173,
            "best_effort_timestamp_time": "5.772162",
            "duration": 1,
            "duration_time": "0.033365",
            "pkt_pos": "21819092",
            "pkt_size": "120000",
            "width": 720,
            "height": 480,
            "crop_top": 0,
            "crop_bottom": 0,
            "crop_left": 0,
            "crop_right": 0,
            "pix_fmt": "yuv411p",
            "sample_aspect_ratio": "8:9",
            "pict_type": "I",
            "interlaced_frame": 1,
            "top_field_first": 0,
            "repeat_pict": 0,
            "chroma_location": "topleft"
        },
        {
            "media_type": "video",
            "stream_index": 0,
            "key_frame": 1,
            "pts": 174,
            "pts_time": "5.805527",
            "pkt_dts": 174,
            "pkt_dts_time": "5.805527",
            "best_effort_timestamp": 174,
            "best_effort_timestamp_time": "5.805527",
            "duration": 1,
            "duration_time": "0.033365",
            "pkt_pos": "22124892",
            "pkt_size": "120000",
            "width": 720,
            "height": 480,
            "crop_top": 0,
            "crop_bottom": 0,
            "crop_left": 0,
            "crop_right": 0,
            "pix_fmt": "yuv411p",
            "sample_aspect_ratio": "8:9",
            "pict_type": "I",
            "interlaced_frame": 1,
            "top_field_first": 0,
            "repeat_pict": 0,
            "chroma_location": "topleft"
        },
        {
            "media_type": "video",
            "stream_index": 0,
            "key_frame": 1,
            "pts": 175,
            "pts_time": "5.838893",
            "pkt_dts": 175,
            "pkt_dts_time": "5.838893",
            "best_effort_timestamp": 175,
            "best_effort_timestamp_time": "5.838893",
            "duration": 1,
            "duration_time": "0.033365",
            "pkt_pos": "22244900",
            "pkt_size": "120000",
            "width": 720,
            "height": 480,
            "crop_top": 0,
            "crop_bottom": 0,
            "crop_left": 0,
            "crop_right": 0,
            "pix_fmt": "yuv411p",
            "sample_aspect_ratio": "8:9",
            "pict_type": "I",
            "interlaced_frame": 1,
            "top_field_first": 0,
            "repeat_pict": 0,
            "chroma_location": "topleft"
        },
        {
            "media_type": "video",
            "stream_index": 0,
            "key_frame": 1,
            "pts": 176,
            "pts_time": "5.872258",
            "pkt_dts": 176,
            "pkt_dts_time": "5.872258",
            "best_effort_timestamp": 176,
            "best_effort_timestamp_time": "5.872258",
            "duration": 1,
            "duration_time": "0.033365",
            "pkt_pos": "22364908",
            "pkt_size": "120000",
            "width": 720,
            "height": 480,
            "crop_top": 0,
            "crop_bottom": 0,
            "crop_left": 0,
            "crop_right": 0,
            "pix_fmt": "yuv411p",
            "sample_aspect_ratio": "8:9",
            "pict_type": "I",
            "interlaced_frame": 1,
            "top_field_first": 0,
            "repeat_pict": 0,
            "chroma_location": "topleft"
        },
        {
            "media_type": "video",
            "stream_index": 0,
            "key_frame": 1,
            "pts": 177,
            "pts_time": "5.905623",
            "pkt_dts": 177,
            "pkt_dts_time": "5.905623",
            "best_effort_timestamp": 177,
            "best_effort_timestamp_time": "5.905623",
            "duration": 1,
            "duration_time": "0.033365",
            "pkt_pos": "22484916",
            "pkt_size": "120000",
            "width": 720,
            "height": 480,
            "crop_top": 0,
            "crop_bottom": 0,
            "crop_left": 0,
            "crop_right": 0,
            "pix_fmt": "yuv411p",
            "sample_aspect_ratio": "8:9",
            "pict_type": "I",
            "interlaced_frame": 1,
            "top_field_first": 0,
            "repeat_pict": 0,
            "chroma_location": "topleft"
        },
        {
            "media_type": "video",
            "stream_index": 0,
            "key_frame": 1,
            "pts": 178,
            "pts_time": "5.938988",
            "pkt_dts": 178,
            "pkt_dts_time": "5.938988",
            "best_effort_timestamp": 178,
            "best_effort_timestamp_time": "5.938988",
            "duration": 1,
            "duration_time": "0.033365",
            "pkt_pos": "22604924",
            "pkt_size": "120000",
            "width": 720,
            "height": 480,
            "crop_top": 0,
            "crop_bottom": 0,
            "crop_left": 0,
            "crop_right": 0,
            "pix_fmt": "yuv411p",
            "sample_aspect_ratio": "8:9",
            "pict_type": "I",
            "interlaced_frame": 1,
            "top_field_first": 0,
            "repeat_pict": 0,
            "chroma_location": "topleft"
        },
        {
            "media_type": "video",
            "stream_index": 0,
            "key_frame": 1,
            "pts": 179,
            "pts_time": "5.972353",
            "pkt_dts": 179,
            "pkt_dts_time": "5.972353",
            "best_effort_timestamp": 179,
            "best_effort_timestamp_time": "5.972353",
            "duration": 1,
            "duration_time": "0.033365",
            "pkt_pos": "22724932",
            "pkt_size": "120000",
            "width": 720,
            "height": 480,
            "crop_top": 0,
            "crop_bottom": 0,
            "crop_left": 0,
            "crop_right": 0,
            "pix_fmt": "yuv411p",
            "sample_aspect_ratio": "8:9",
            "pict_type": "I",
            "interlaced_frame": 1,
            "top_field_first": 0,
            "repeat_pict": 0,
            "chroma_location": "topleft"
        },
        {
            "media_type": "video",
            "stream_index": 0,
            "key_frame": 1,
            "pts": 180,
            "pts_time": "6.005718",
            "pkt_dts": 180,
            "pkt_dts_time": "6.005718",
            "best_effort_timestamp": 180,
            "best_effort_timestamp_time": "6.005718",
            "duration": 1,
            "duration_time": "0.033365",
            "pkt_pos": "22844940",
            "pkt_size": "120000",
            "width": 720,
            "height": 480,
            "crop_top": 0,
            "crop_bottom": 0,
            "crop_left": 0,
            "crop_right": 0,
            "pix_fmt": "yuv411p",
            "sample_aspect_ratio": "8:9",
            "pict_type": "I",
            "interlaced_frame": 1,
            "top_field_first": 0,
            "repeat_pict": 0,
            "chroma_location": "topleft"
        },
        {
            "media_type": "video",
            "stream_index": 0,
            "key_frame": 1,
            "pts": 181,
            "pts_time": "6.039083",
            "pkt_dts": 181,
            "pkt_dts_time": "6.039083",
            "best_effort_timestamp": 181,
            "best_effort_timestamp_time": "6.039083",
            "duration": 1,
            "duration_time": "0.033365",
            "pkt_pos": "22964948",
            "pkt_size": "120000",
            "width": 720,
            "height": 480,
            "crop_top": 0,
            "crop_bottom": 0,
            "crop_left": 0,
            "crop_right": 0,
            "pix_fmt": "yuv411p",
            "sample_aspect_ratio": "8:9",
            "pict_type": "I",
            "interlaced_frame": 1,
            "top_field_first": 0,
            "repeat_pict": 0,
            "chroma_location": "topleft"
        },
        {
            "media_type": "video",
            "stream_index": 0,
            "key_frame": 1,
            "pts": 182,
            "pts_time": "6.072448",
            "pkt_dts": 182,
            "pkt_dts_time": "6.072448",
            "best_effort_timestamp": 182,
            "best_effort_timestamp_time": "6.072448",
            "duration": 1,
            "duration_time": "0.033365",
            "pkt_pos": "23084956",
            "pkt_size": "120000",
            "width": 720,
            "height": 480,
            "crop_top": 0,
            "crop_bottom": 0,
            "crop_left": 0,
            "crop_right": 0,
            "pix_fmt": "yuv411p",
            "sample_aspect_ratio": "8:9",
            "pict_type": "I",
            "interlaced_frame": 1,
            "top_field_first": 0,
            "repeat_pict": 0,
            "chroma_location": "topleft"
        },
        {
            "media_type": "video",
            "stream_index": 0,
            "key_frame": 1,
            "pts": 183,
            "pts_time": "6.105813",
            "pkt_dts": 183,
            "pkt_dts_time": "6.105813",
            "best_effort_timestamp": 183,
            "best_effort_timestamp_time": "6.105813",
            "duration": 1,
            "duration_time": "0.033365",
            "pkt_pos": "23204964",
            "pkt_size": "120000",
            "width": 720,
            "height": 480,
            "crop_top": 0,
            "crop_bottom": 0,
            "crop_left": 0,
            "crop_right": 0,
            "pix_fmt": "yuv411p",
            "sample_aspect_ratio": "8:9",
            "pict_type": "I",
            "interlaced_frame": 1,
            "top_field_first": 0,
            "repeat_pict": 0,
            "chroma_location": "topleft"
        },
        {
            "media_type": "video",
            "stream_index": 0,
            "key_frame": 1,
            "pts": 184,
            "pts_time": "6.139178",
            "pkt_dts": 184,
            "pkt_dts_time": "6.139178",
            "best_effort_timestamp": 184,
            "best_effort_timestamp_time": "6.139178",
            "duration": 1,
            "duration_time": "0.033365",
            "pkt_pos": "23324972",
            "pkt_size": "120000",
            "width": 720,
            "height": 480,
            "crop_top": 0,
            "crop_bottom": 0,
            "crop_left": 0,
            "crop_right": 0,
            "pix_fmt": "yuv411p",
            "sample_aspect_ratio": "8:9",
            "pict_type": "I",
            "interlaced_frame": 1,
            "top_field_first": 0,
            "repeat_pict": 0,
            "chroma_location": "topleft"
        },
        {
            "media_type": "video",
            "stream_index": 0,
            "key_frame": 1,
            "pts": 185,
            "pts_time": "6.172544",
            "pkt_dts": 185,
            "pkt_dts_time": "6.172544",
            "best_effort_timestamp": 185,
            "best_effort_timestamp_time": "6.172544",
            "duration": 1,
            "duration_time": "0.033365",
            "pkt_pos": "23444980",
            "pkt_size": "120000",
            "width": 720,
            "height": 480,
            "crop_top": 0,
            "crop_bottom": 0,
            "crop_left": 0,
            "crop_right": 0,
            "pix_fmt": "yuv411p",
            "sample_aspect_ratio": "8:9",
            "pict_type": "I",
            "interlaced_frame": 1,
            "top_field_first": 0,
            "repeat_pict": 0,
            "chroma_location": "topleft"
        },
        {
            "media_type": "video",
            "stream_index": 0,
            "key_frame": 1,
            "pts": 186,
            "pts_time": "6.205909",
            "pkt_dts": 186,
            "pkt_dts_time": "6.205909",
            "best_effort_timestamp": 186,
            "best_effort_timestamp_time": "6.205909",
            "duration": 1,
            "duration_time": "0.033365",
            "pkt_pos": "23564988",
            "pkt_size": "120000",
            "width": 720,
            "height": 480,
            "crop_top": 0,
            "crop_bottom": 0,
            "crop_left": 0,
            "crop_right": 0,
            "pix_fmt": "yuv411p",
            "sample_aspect_ratio": "8:9",
            "pict_type": "I",
            "interlaced_frame": 1,
            "top_field_first": 0,
            "repeat_pict": 0,
            "chroma_location": "topleft"
        },
        {
            "media_type": "video",
            "stream_index": 0,
            "key_frame": 1,
            "pts": 187,
            "pts_time": "6.239274",
            "pkt_dts": 187,
            "pkt_dts_time": "6.239274",
            "best_effort_timestamp": 187,
            "best_effort_timestamp_time": "6.239274",
            "duration": 1,
            "duration_time": "0.033365",
            "pkt_pos": "23684996",
            "pkt_size": "120000",
            "width": 720,
            "height": 480,
            "crop_top": 0,
            "crop_bottom": 0,
            "crop_left": 0,
            "crop_right": 0,
            "pix_fmt": "yuv411p",
            "sample_aspect_ratio": "8:9",
            "pict_type": "I",
            "interlaced_frame": 1,
            "top_field_first": 0,
            "repeat_pict": 0,
            "chroma_location": "topleft"
        },
        {
            "media_type": "video",
            "stream_index": 0,
            "key_frame": 1,
            "pts": 188,
            "pts_time": "6.272639",
            "pkt_dts": 188,
            "pkt_dts_time": "6.272639",
            "best_effort_timestamp": 188,
            "best_effort_timestamp_time": "6.272639",
            "duration": 1,
            "duration_time": "0.033365",
            "pkt_pos": "23805004",
            "pkt_size": "120000",
            "width": 720,
            "height": 480,
            "crop_top": 0,
            "crop_bottom": 0,
            "crop_left": 0,
            "crop_right": 0,
            "pix_fmt": "yuv411p",
            "sample_aspect_ratio": "8:9",
            "pict_type": "I",
            "interlaced_frame": 1,
            "top_field_first": 0,
            "repeat_pict": 0,
            "chroma_location": "topleft"
        },
        {
            "media_type": "video",
            "stream_index": 0,
            "key_frame": 1,
            "pts": 189,
            "pts_time": "6.306004",
            "pkt_dts": 189,
            "pkt_dts_time": "6.306004",
            "best_effort_timestamp": 189,
            "best_effort_timestamp_time": "6.306004",
            "duration": 1,
            "duration_time": "0.033365",
            "pkt_pos": "23925012",
            "pkt_size": "120000",
            "width": 720,
            "height": 480,
            "crop_top": 0,
            "crop_bottom": 0,
            "crop_left": 0,
            "crop_right": 0,
            "pix_fmt": "yuv411p",
            "sample_aspect_ratio": "8:9",
            "pict_type": "I",
            "interlaced_frame": 1,
            "top_field_first": 0,
            "repeat_pict": 0,
            "chroma_location": "topleft"
        },
        {
            "media_type": "video",
            "stream_index": 0,
            "key_frame": 1,
            "pts": 190,
            "pts_time": "6.339369",
            "pkt_dts": 190,
            "pkt_dts_time": "6.339369",
            "best_effort_timestamp": 190,
            "best_effort_timestamp_time": "6.339369",
            "duration": 1,
            "duration_time": "0.033365",
            "pkt_pos": "24045020",
            "pkt_size": "120000",
            "width": 720,
            "height": 480,
            "crop_top": 0,
            "crop_bottom": 0,
            "crop_left": 0,
            "crop_right": 0,
            "pix_fmt": "yuv411p",
            "sample_aspect_ratio": "8:9",
            "pict_type": "I",
            "interlaced_frame": 1,
            "top_field_first": 0,
            "repeat_pict": 0,
            "chroma_location": "topleft"
        },
        {
            "media_type": "video",
            "stream_index": 0,
            "key_frame": 1,
            "pts": 191,
            "pts_time": "6.372734",
            "pkt_dts": 191,
            "pkt_dts_time": "6.372734",
            "best_effort_timestamp": 191,
            "best_effort_timestamp_time": "6.372734",
            "duration": 1,
            "duration_time": "0.033365",
            "pkt_pos": "24165028",
            "pkt_size": "120000",
            "width": 720,
            "height": 480,
            "crop_top": 0,
            "crop_bottom": 0,
            "crop_left": 0,
            "crop_right": 0,
            "pix_fmt": "yuv411p",
            "sample_aspect_ratio": "8:9",
            "pict_type": "I",
            "interlaced_frame": 1,
            "top_field_first": 0,
            "repeat_pict": 0,
            "chroma_location": "topleft"
        },
        {
            "media_type": "video",
            "stream_index": 0,
            "key_frame": 1,
            "pts": 192,
            "pts_time": "6.406099",
            "pkt_dts": 192,
            "pkt_dts_time": "6.406099",
            "best_effort_timestamp": 192,
            "best_effort_timestamp_time": "6.406099",
            "duration": 1,
            "duration_time": "0.033365",
            "pkt_pos": "24285036",
            "pkt_size": "120000",
            "width": 720,
            "height": 480,
            "crop_top": 0,
            "crop_bottom": 0,
            "crop_left": 0,
            "crop_right": 0,
            "pix_fmt": "yuv411p",
            "sample_aspect_ratio": "8:9",
            "pict_type": "I",
            "interlaced_frame": 1,
            "top_field_first": 0,
            "repeat_pict": 0,
            "chroma_location": "topleft"
        },
        {
            "media_type": "video",
            "stream_index": 0,
            "key_frame": 1,
            "pts": 193,
            "pts_time": "6.439464",
            "pkt_dts": 193,
            "pkt_dts_time": "6.439464",
            "best_effort_timestamp": 193,
            "best_effort_timestamp_time": "6.439464",
            "duration": 1,
            "duration_time": "0.033365",
            "pkt_pos": "24405044",
            "pkt_size": "120000",
            "width": 720,
            "height": 480,
            "crop_top": 0,
            "crop_bottom": 0,
            "crop_left": 0,
            "crop_right": 0,
            "pix_fmt": "yuv411p",
            "sample_aspect_ratio": "8:9",
            "pict_type": "I",
            "interlaced_frame": 1,
            "top_field_first": 0,
            "repeat_pict": 0,
            "chroma_location": "topleft"
        },
        {
            "media_type": "video",
            "stream_index": 0,
            "key_frame": 1,
            "pts": 194,
            "pts_time": "6.472829",
            "pkt_dts": 194,
            "pkt_dts_time": "6.472829",
            "best_effort_timestamp": 194,
            "best_effort_timestamp_time": "6.472829",
            "duration": 1,
            "duration_time": "0.033365",
            "pkt_pos": "24525052",
            "pkt_size": "120000",
            "width": 720,
            "height": 480,
            "crop_top": 0,
            "crop_bottom": 0,
            "crop_left": 0,
            "crop_right": 0,
            "pix_fmt": "yuv411p",
            "sample_aspect_ratio": "8:9",
            "pict_type": "I",
            "interlaced_frame": 1,
            "top_field_first": 0,
            "repeat_pict": 0,
            "chroma_location": "topleft"
        },
        {
            "media_type": "video",
            "stream_index": 0,
            "key_frame": 1,
            "pts": 195,
            "pts_time": "6.506195",
            "pkt_dts": 195,
            "pkt_dts_time": "6.506195",
            "best_effort_timestamp": 195,
            "best_effort_timestamp_time": "6.506195",
            "duration": 1,
            "duration_time": "0.033365",
            "pkt_pos": "24645060",
            "pkt_size": "120000",
            "width": 720,
            "height": 480,
            "crop_top": 0,
            "crop_bottom": 0,
            "crop_left": 0,
            "crop_right": 0,
            "pix_fmt": "yuv411p",
            "sample_aspect_ratio": "8:9",
            "pict_type": "I",
            "interlaced_frame": 1,
            "top_field_first": 0,
            "repeat_pict": 0,
            "chroma_location": "topleft"
        },
        {
            "media_type": "video",
            "stream_index": 0,
            "key_frame": 1,
            "pts": 196,
            "pts_time": "6.539560",
            "pkt_dts": 196,
            "pkt_dts_time": "6.539560",
            "best_effort_timestamp": 196,
            "best_effort_timestamp_time": "6.539560",
            "duration": 1,
            "duration_time": "0.033365",
            "pkt_pos": "24765068",
            "pkt_size": "120000",
            "width": 720,
            "height": 480,
            "crop_top": 0,
            "crop_bottom": 0,
            "crop_left": 0,
            "crop_right": 0,
            "pix_fmt": "yuv411p",
            "sample_aspect_ratio": "8:9",
            "pict_type": "I",
            "interlaced_frame": 1,
            "top_field_first": 0,
            "repeat_pict": 0,
            "chroma_location": "topleft"
        },
        {
            "media_type": "video",
            "stream_index": 0,
            "key_frame": 1,
            "pts": 197,
            "pts_time": "6.572925",
            "pkt_dts": 197,
            "pkt_dts_time": "6.572925",
            "best_effort_timestamp": 197,
            "best_effort_timestamp_time": "6.572925",
            "duration": 1,
            "duration_time": "0.033365",
            "pkt_pos": "24885076",
            "pkt_size": "120000",
            "width": 720,
            "height": 480,
            "crop_top": 0,
            "crop_bottom": 0,
            "crop_left": 0,
            "crop_right": 0,
            "pix_fmt": "yuv411p",
            "sample_aspect_ratio": "8:9",
            "pict_type": "I",
            "interlaced_frame": 1,
            "top_field_first": 0,
            "repeat_pict": 0,
            "chroma_location": "topleft"
        },
        {
            "media_type": "video",
            "stream_index": 0,
            "key_frame": 1,
            "pts": 198,
            "pts_time": "6.606290",
            "pkt_dts": 198,
            "pkt_dts_time": "6.606290",
            "best_effort_timestamp": 198,
            "best_effort_timestamp_time": "6.606290",
            "duration": 1,
            "duration_time": "0.033365",
            "pkt_pos": "25005084",
            "pkt_size": "120000",
            "width": 720,
            "height": 480,
            "crop_top": 0,
            "crop_bottom": 0,
            "crop_left": 0,
            "crop_right": 0,
            "pix_fmt": "yuv411p",
            "sample_aspect_ratio": "8:9",
            "pict_type": "I",
            "interlaced_frame": 1,
            "top_field_first": 0,
            "repeat_pict": 0,
            "chroma_location": "topleft"
        },
        {
            "media_type": "video",
            "stream_index": 0,
            "key_frame": 1,
            "pts": 199,
            "pts_time": "6.639655",
            "pkt_dts": 199,
            "pkt_dts_time": "6.639655",
            "best_effort_timestamp": 199,
            "best_effort_timestamp_time": "6.639655",
            "duration": 1,
            "duration_time": "0.033365",
            "pkt_pos": "25125092",
            "pkt_size": "120000",
            "width": 720,
            "height": 480,
            "crop_top": 0,
            "crop_bottom": 0,
            "crop_left": 0,
            "crop_right": 0,
            "pix_fmt": "yuv411p",
            "sample_aspect_ratio": "8:9",
            "pict_type": "I",
            "interlaced_frame": 1,
            "top_field_first": 0,
            "repeat_pict": 0,
            "chroma_location": "topleft"
        },
        {
            "media_type": "video",
            "stream_index": 0,
            "key_frame": 1,
            "pts": 200,
            "pts_time": "6.673020",
            "pkt_dts": 200,
            "pkt_dts_time": "6.673020",
            "best_effort_timestamp": 200,
            "best_effort_timestamp_time": "6.673020",
            "duration": 1,
            "duration_time": "0.033365",
            "pkt_pos": "25245100",
            "pkt_size": "120000",
            "width": 720,
            "height": 480,
            "crop_top": 0,
            "crop_bottom": 0,
            "crop_left": 0,
            "crop_right": 0,
            "pix_fmt": "yuv411p",
            "sample_aspect_ratio": "8:9",
            "pict_type": "I",
            "interlaced_frame": 1,
            "top_field_first": 0,
            "repeat_pict": 0,
            "chroma_location": "topleft"
        },
        {
            "media_type": "video",
            "stream_index": 0,
            "key_frame": 1,
            "pts": 201,
            "pts_time": "6.706385",
            "pkt_dts": 201,
            "pkt_dts_time": "6.706385",
            "best_effort_timestamp": 201,
            "best_effort_timestamp_time": "6.706385",
            "duration": 1,
            "duration_time": "0.033365",
            "pkt_pos": "25365108",
            "pkt_size": "120000",
            "width": 720,
            "height": 480,
            "crop_top": 0,
            "crop_bottom": 0,
            "crop_left": 0,
            "crop_right": 0,
            "pix_fmt": "yuv411p",
            "sample_aspect_ratio": "8:9",
            "pict_type": "I",
            "interlaced_frame": 1,
            "top_field_first": 0,
            "repeat_pict": 0,
            "chroma_location": "topleft"
        },
        {
            "media_type": "video",
            "stream_index": 0,
            "key_frame": 1,
            "pts": 202,
            "pts_time": "6.739750",
            "pkt_dts": 202,
            "pkt_dts_time": "6.739750",
            "best_effort_timestamp": 202,
            "best_effort_timestamp_time": "6.739750",
            "duration": 1,
            "duration_time": "0.033365",
            "pkt_pos": "25485116",
            "pkt_size": "120000",
            "width": 720,
            "height": 480,
            "crop_top": 0,
            "crop_bottom": 0,
            "crop_left": 0,
            "crop_right": 0,
            "pix_fmt": "yuv411p",
            "sample_aspect_ratio": "8:9",
            "pict_type": "I",
            "interlaced_frame": 1,
            "top_field_first": 0,
            "repeat_pict": 0,
            "chroma_location": "topleft"
        },
        {
            "media_type": "video",
            "stream_index": 0,
            "key_frame": 1,
            "pts": 203,
            "pts_time": "6.773115",
            "pkt_dts": 203,
            "pkt_dts_time": "6.773115",
            "best_effort_timestamp": 203,
            "best_effort_timestamp_time": "6.773115",
            "duration": 1,
            "duration_time": "0.033365",
            "pkt_pos": "25790920",
            "pkt_size": "120000",
            "width": 720,
            "height": 480,
            "crop_top": 0,
            "crop_bottom": 0,
            "crop_left": 0,
            "crop_right": 0,
            "pix_fmt": "yuv411p",
            "sample_aspect_ratio": "8:9",
            "pict_type": "I",
            "interlaced_frame": 1,
            "top_field_first": 0,
            "repeat_pict": 0,
            "chroma_location": "topleft"
        },
        {
            "media_type": "video",
            "stream_index": 0,
            "key_frame": 1,
            "pts": 204,
            "pts_time": "6.806480",
            "pkt_dts": 204,
            "pkt_dts_time": "6.806480",
            "best_effort_timestamp": 204,
            "best_effort_timestamp_time": "6.806480",
            "duration": 1,
            "duration_time": "0.033365",
            "pkt_pos": "25910928",
            "pkt_size": "120000",
            "width": 720,
            "height": 480,
            "crop_top": 0,
            "crop_bottom": 0,
            "crop_left": 0,
            "crop_right": 0,
            "pix_fmt": "yuv411p",
            "sample_aspect_ratio": "8:9",
            "pict_type": "I",
            "interlaced_frame": 1,
            "top_field_first": 0,
            "repeat_pict": 0,
            "chroma_location": "topleft"
        },
        {
            "media_type": "video",
            "stream_index": 0,
            "key_frame": 1,
            "pts": 205,
            "pts_time": "6.839846",
            "pkt_dts": 205,
            "pkt_dts_time": "6.839846",
            "best_effort_timestamp": 205,
            "best_effort_timestamp_time": "6.839846",
            "duration": 1,
            "duration_time": "0.033365",
            "pkt_pos": "26030936",
            "pkt_size": "120000",
            "width": 720,
            "height": 480,
            "crop_top": 0,
            "crop_bottom": 0,
            "crop_left": 0,
            "crop_right": 0,
            "pix_fmt": "yuv411p",
            "sample_aspect_ratio": "8:9",
            "pict_type": "I",
            "interlaced_frame": 1,
            "top_field_first": 0,
            "repeat_pict": 0,
            "chroma_location": "topleft"
        },
        {
            "media_type": "video",
            "stream_index": 0,
            "key_frame": 1,
            "pts": 206,
            "pts_time": "6.873211",
            "pkt_dts": 206,
            "pkt_dts_time": "6.873211",
            "best_effort_timestamp": 206,
            "best_effort_timestamp_time": "6.873211",
            "duration": 1,
            "duration_time": "0.033365",
            "pkt_pos": "26150944",
            "pkt_size": "120000",
            "width": 720,
            "height": 480,
            "crop_top": 0,
            "crop_bottom": 0,
            "crop_left": 0,
            "crop_right": 0,
            "pix_fmt": "yuv411p",
            "sample_aspect_ratio": "8:9",
            "pict_type": "I",
            "interlaced_frame": 1,
            "top_field_first": 0,
            "repeat_pict": 0,
            "chroma_location": "topleft"
        },
        {
            "media_type": "video",
            "stream_index": 0,
            "key_frame": 1,
            "pts": 207,
            "pts_time": "6.906576",
            "pkt_dts": 207,
            "pkt_dts_time": "6.906576",
            "best_effort_timestamp": 207,
            "best_effort_timestamp_time": "6.906576",
            "duration": 1,
            "duration_time": "0.033365",
            "pkt_pos": "26270952",
            "pkt_size": "120000",
            "width": 720,
            "height": 480,
            "crop_top": 0,
            "crop_bottom": 0,
            "crop_left": 0,
            "crop_right": 0,
            "pix_fmt": "yuv411p",
            "sample_aspect_ratio": "8:9",
            "pict_type": "I",
            "interlaced_frame": 1,
            "top_field_first": 0,
            "repeat_pict": 0,
            "chroma_location": "topleft"
        },
        {
            "media_type": "video",
            "stream_index": 0,
            "key_frame": 1,
            "pts": 208,
            "pts_time": "6.939941",
            "pkt_dts": 208,
            "pkt_dts_time": "6.939941",
            "best_effort_timestamp": 208,
            "best_effort_timestamp_time": "6.939941",
            "duration": 1,
            "duration_time": "0.033365",
            "pkt_pos": "26390960",
            "pkt_size": "120000",
            "width": 720,
            "height": 480,
            "crop_top": 0,
            "crop_bottom": 0,
            "crop_left": 0,
            "crop_right": 0,
            "pix_fmt": "yuv411p",
            "sample_aspect_ratio": "8:9",
            "pict_type": "I",
            "interlaced_frame": 1,
            "top_field_first": 0,
            "repeat_pict": 0,
            "chroma_location": "topleft"
        },
        {
            "media_type": "video",
            "stream_index": 0,
            "key_frame": 1,
            "pts": 209,
            "pts_time": "6.973306",
            "pkt_dts": 209,
            "pkt_dts_time": "6.973306",
            "best_effort_timestamp": 209,
            "best_effort_timestamp_time": "6.973306",
            "duration": 1,
            "duration_time": "0.033365",
            "pkt_pos": "26510968",
            "pkt_size": "120000",
            "width": 720,
            "height": 480,
            "crop_top": 0,
            "crop_bottom": 0,
            "crop_left": 0,
            "crop_right": 0,
            "pix_fmt": "yuv411p",
            "sample_aspect_ratio": "8:9",
            "pict_type": "I",
            "interlaced_frame": 1,
            "top_field_first": 0,
            "repeat_pict": 0,
            "chroma_location": "topleft"
        },
        {
            "media_type": "video",
            "stream_index": 0,
            "key_frame": 1,
            "pts": 210,
            "pts_time": "7.006671",
            "pkt_dts": 210,
            "pkt_dts_time": "7.006671",
            "best_effort_timestamp": 210,
            "best_effort_timestamp_time": "7.006671",
            "duration": 1,
            "duration_time": "0.033365",
            "pkt_pos": "26630976",
            "pkt_size": "120000",
            "width": 720,
            "height": 480,
            "crop_top": 0,
            "crop_bottom": 0,
            "crop_left": 0,
            "crop_right": 0,
            "pix_fmt": "yuv411p",
            "sample_aspect_ratio": "8:9",
            "pict_type": "I",
            "interlaced_frame": 1,
            "top_field_first": 0,
            "repeat_pict": 0,
            "chroma_location": "topleft"
        },
        {
            "media_type": "video",
            "stream_index": 0,
            "key_frame": 1,
            "pts": 211,
            "pts_time": "7.040036",
            "pkt_dts": 211,
            "pkt_dts_time": "7.040036",
            "best_effort_timestamp": 211,
            "best_effort_timestamp_time": "7.040036",
            "duration": 1,
            "duration_time": "0.033365",
            "pkt_pos": "26750984",
            "pkt_size": "120000",
            "width": 720,
            "height": 480,
            "crop_top": 0,
            "crop_bottom": 0,
            "crop_left": 0,
            "crop_right": 0,
            "pix_fmt": "yuv411p",
            "sample_aspect_ratio": "8:9",
            "pict_type": "I",
            "interlaced_frame": 1,
            "top_field_first": 0,
            "repeat_pict": 0,
            "chroma_location": "topleft"
        },
        {
            "media_type": "video",
            "stream_index": 0,
            "key_frame": 1,
            "pts": 212,
            "pts_time": "7.073401",
            "pkt_dts": 212,
            "pkt_dts_time": "7.073401",
            "best_effort_timestamp": 212,
            "best_effort_timestamp_time": "7.073401",
            "duration": 1,
            "duration_time": "0.033365",
            "pkt_pos": "26870992",
            "pkt_size": "120000",
            "width": 720,
            "height": 480,
            "crop_top": 0,
            "crop_bottom": 0,
            "crop_left": 0,
            "crop_right": 0,
            "pix_fmt": "yuv411p",
            "sample_aspect_ratio": "8:9",
            "pict_type": "I",
            "interlaced_frame": 1,
            "top_field_first": 0,
            "repeat_pict": 0,
            "chroma_location": "topleft"
        },
        {
            "media_type": "video",
            "stream_index": 0,
            "key_frame": 1,
            "pts": 213,
            "pts_time": "7.106766",
            "pkt_dts": 213,
            "pkt_dts_time": "7.106766",
            "best_effort_timestamp": 213,
            "best_effort_timestamp_time": "7.106766",
            "duration": 1,
            "duration_time": "0.033365",
            "pkt_pos": "26991000",
            "pkt_size": "120000",
            "width": 720,
            "height": 480,
            "crop_top": 0,
            "crop_bottom": 0,
            "crop_left": 0,
            "crop_right": 0,
            "pix_fmt": "yuv411p",
            "sample_aspect_ratio": "8:9",
            "pict_type": "I",
            "interlaced_frame": 1,
            "top_field_first": 0,
            "repeat_pict": 0,
            "chroma_location": "topleft"
        },
        {
            "media_type": "video",
            "stream_index": 0,
            "key_frame": 1,
            "pts": 214,
            "pts_time": "7.140131",
            "pkt_dts": 214,
            "pkt_dts_time": "7.140131",
            "best_effort_timestamp": 214,
            "best_effort_timestamp_time": "7.140131",
            "duration": 1,
            "duration_time": "0.033365",
            "pkt_pos": "27111008",
            "pkt_size": "120000",
            "width": 720,
            "height": 480,
            "crop_top": 0,
            "crop_bottom": 0,
            "crop_left": 0,
            "crop_right": 0,
            "pix_fmt": "yuv411p",
            "sample_aspect_ratio": "8:9",
            "pict_type": "I",
            "interlaced_frame": 1,
            "top_field_first": 0,
            "repeat_pict": 0,
            "chroma_location": "topleft"
        },
        {
            "media_type": "video",
            "stream_index": 0,
            "key_frame": 1,
            "pts": 215,
            "pts_time": "7.173497",
            "pkt_dts": 215,
            "pkt_dts_time": "7.173497",
            "best_effort_timestamp": 215,
            "best_effort_timestamp_time": "7.173497",
            "duration": 1,
            "duration_time": "0.033365",
            "pkt_pos": "27231016",
            "pkt_size": "120000",
            "width": 720,
            "height": 480,
            "crop_top": 0,
            "crop_bottom": 0,
            "crop_left": 0,
            "crop_right": 0,
            "pix_fmt": "yuv411p",
            "sample_aspect_ratio": "8:9",
            "pict_type": "I",
            "interlaced_frame": 1,
            "top_field_first": 0,
            "repeat_pict": 0,
            "chroma_location": "topleft"
        },
        {
            "media_type": "video",
            "stream_index": 0,
            "key_frame": 1,
            "pts": 216,
            "pts_time": "7.206862",
            "pkt_dts": 216,
            "pkt_dts_time": "7.206862",
            "best_effort_timestamp": 216,
            "best_effort_timestamp_time": "7.206862",
            "duration": 1,
            "duration_time": "0.033365",
            "pkt_pos": "27351024",
            "pkt_size": "120000",
            "width": 720,
            "height": 480,
            "crop_top": 0,
            "crop_bottom": 0,
            "crop_left": 0,
            "crop_right": 0,
            "pix_fmt": "yuv411p",
            "sample_aspect_ratio": "8:9",
            "pict_type": "I",
            "interlaced_frame": 1,
            "top_field_first": 0,
            "repeat_pict": 0,
            "chroma_location": "topleft"
        },
        {
            "media_type": "video",
            "stream_index": 0,
            "key_frame": 1,
            "pts": 217,
            "pts_time": "7.240227",
            "pkt_dts": 217,
            "pkt_dts_time": "7.240227",
            "best_effort_timestamp": 217,
            "best_effort_timestamp_time": "7.240227",
            "duration": 1,
            "duration_time": "0.033365",
            "pkt_pos": "27471032",
            "pkt_size": "120000",
            "width": 720,
            "height": 480,
            "crop_top": 0,
            "crop_bottom": 0,
            "crop_left": 0,
            "crop_right": 0,
            "pix_fmt": "yuv411p",
            "sample_aspect_ratio": "8:9",
            "pict_type": "I",
            "interlaced_frame": 1,
            "top_field_first": 0,
            "repeat_pict": 0,
            "chroma_location": "topleft"
        },
        {
            "media_type": "video",
            "stream_index": 0,
            "key_frame": 1,
            "pts": 218,
            "pts_time": "7.273592",
            "pkt_dts": 218,
            "pkt_dts_time": "7.273592",
            "best_effort_timestamp": 218,
            "best_effort_timestamp_time": "7.273592",
            "duration": 1,
            "duration_time": "0.033365",
            "pkt_pos": "27591040",
            "pkt_size": "120000",
            "width": 720,
            "height": 480,
            "crop_top": 0,
            "crop_bottom": 0,
            "crop_left": 0,
            "crop_right": 0,
            "pix_fmt": "yuv411p",
            "sample_aspect_ratio": "8:9",
            "pict_type": "I",
            "interlaced_frame": 1,
            "top_field_first": 0,
            "repeat_pict": 0,
            "chroma_location": "topleft"
        },
        {
            "media_type": "video",
            "stream_index": 0,
            "key_frame": 1,
            "pts": 219,
            "pts_time": "7.306957",
            "pkt_dts": 219,
            "pkt_dts_time": "7.306957",
            "best_effort_timestamp": 219,
            "best_effort_timestamp_time": "7.306957",
            "duration": 1,
            "duration_time": "0.033365",
            "pkt_pos": "27711048",
            "pkt_size": "120000",
            "width": 720,
            "height": 480,
            "crop_top": 0,
            "crop_bottom": 0,
            "crop_left": 0,
            "crop_right": 0,
            "pix_fmt": "yuv411p",
            "sample_aspect_ratio": "8:9",
            "pict_type": "I",
            "interlaced_frame": 1,
            "top_field_first": 0,
            "repeat_pict": 0,
            "chroma_location": "topleft"
        },
        {
            "media_type": "video",
            "stream_index": 0,
            "key_frame": 1,
            "pts": 220,
            "pts_time": "7.340322",
            "pkt_dts": 220,
            "pkt_dts_time": "7.340322",
            "best_effort_timestamp": 220,
            "best_effort_timestamp_time": "7.340322",
            "duration": 1,
            "duration_time": "0.033365",
            "pkt_pos": "27831056",
            "pkt_size": "120000",
            "width": 720,
            "height": 480,
            "crop_top": 0,
            "crop_bottom": 0,
            "crop_left": 0,
            "crop_right": 0,
            "pix_fmt": "yuv411p",
            "sample_aspect_ratio": "8:9",
            "pict_type": "I",
            "interlaced_frame": 1,
            "top_field_first": 0,
            "repeat_pict": 0,
            "chroma_location": "topleft"
        },
        {
            "media_type": "video",
            "stream_index": 0,
            "key_frame": 1,
            "pts": 221,
            "pts_time": "7.373687",
            "pkt_dts": 221,
            "pkt_dts_time": "7.373687",
            "best_effort_timestamp": 221,
            "best_effort_timestamp_time": "7.373687",
            "duration": 1,
            "duration_time": "0.033365",
            "pkt_pos": "27951064",
            "pkt_size": "120000",
            "width": 720,
            "height": 480,
            "crop_top": 0,
            "crop_bottom": 0,
            "crop_left": 0,
            "crop_right": 0,
            "pix_fmt": "yuv411p",
            "sample_aspect_ratio": "8:9",
            "pict_type": "I",
            "interlaced_frame": 1,
            "top_field_first": 0,
            "repeat_pict": 0,
            "chroma_location": "topleft"
        },
        {
            "media_type": "video",
            "stream_index": 0,
            "key_frame": 1,
            "pts": 222,
            "pts_time": "7.407052",
            "pkt_dts": 222,
            "pkt_dts_time": "7.407052",
            "best_effort_timestamp": 222,
            "best_effort_timestamp_time": "7.407052",
            "duration": 1,
            "duration_time": "0.033365",
            "pkt_pos": "28071072",
            "pkt_size": "120000",
            "width": 720,
            "height": 480,
            "crop_top": 0,
            "crop_bottom": 0,
            "crop_left": 0,
            "crop_right": 0,
            "pix_fmt": "yuv411p",
            "sample_aspect_ratio": "8:9",
            "pict_type": "I",
            "interlaced_frame": 1,
            "top_field_first": 0,
            "repeat_pict": 0,
            "chroma_location": "topleft"
        },
        {
            "media_type": "video",
            "stream_index": 0,
            "key_frame": 1,
            "pts": 223,
            "pts_time": "7.440417",
            "pkt_dts": 223,
            "pkt_dts_time": "7.440417",
            "best_effort_timestamp": 223,
            "best_effort_timestamp_time": "7.440417",
            "duration": 1,
            "duration_time": "0.033365",
            "pkt_pos": "28191080",
            "pkt_size": "120000",
            "width": 720,
            "height": 480,
            "crop_top": 0,
            "crop_bottom": 0,
            "crop_left": 0,
            "crop_right": 0,
            "pix_fmt": "yuv411p",
            "sample_aspect_ratio": "8:9",
            "pict_type": "I",
            "interlaced_frame": 1,
            "top_field_first": 0,
            "repeat_pict": 0,
            "chroma_location": "topleft"
        },
        {
            "media_type": "video",
            "stream_index": 0,
            "key_frame": 1,
            "pts": 224,
            "pts_time": "7.473782",
            "pkt_dts": 224,
            "pkt_dts_time": "7.473782",
            "best_effort_timestamp": 224,
            "best_effort_timestamp_time": "7.473782",
            "duration": 1,
            "duration_time": "0.033365",
            "pkt_pos": "28311088",
            "pkt_size": "120000",
            "width": 720,
            "height": 480,
            "crop_top": 0,
            "crop_bottom": 0,
            "crop_left": 0,
            "crop_right": 0,
            "pix_fmt": "yuv411p",
            "sample_aspect_ratio": "8:9",
            "pict_type": "I",
            "interlaced_frame": 1,
            "top_field_first": 0,
            "repeat_pict": 0,
            "chroma_location": "topleft"
        },
        {
            "media_type": "video",
            "stream_index": 0,
            "key_frame": 1,
            "pts": 225,
            "pts_time": "7.507148",
            "pkt_dts": 225,
            "pkt_dts_time": "7.507148",
            "best_effort_timestamp": 225,
            "best_effort_timestamp_time": "7.507148",
            "duration": 1,
            "duration_time": "0.033365",
            "pkt_pos": "28431096",
            "pkt_size": "120000",
            "width": 720,
            "height": 480,
            "crop_top": 0,
            "crop_bottom": 0,
            "crop_left": 0,
            "crop_right": 0,
            "pix_fmt": "yuv411p",
            "sample_aspect_ratio": "8:9",
            "pict_type": "I",
            "interlaced_frame": 1,
            "top_field_first": 0,
            "repeat_pict": 0,
            "chroma_location": "topleft"
        },
        {
            "media_type": "video",
            "stream_index": 0,
            "key_frame": 1,
            "pts": 226,
            "pts_time": "7.540513",
            "pkt_dts": 226,
            "pkt_dts_time": "7.540513",
            "best_effort_timestamp": 226,
            "best_effort_timestamp_time": "7.540513",
            "duration": 1,
            "duration_time": "0.033365",
            "pkt_pos": "28551104",
            "pkt_size": "120000",
            "width": 720,
            "height": 480,
            "crop_top": 0,
            "crop_bottom": 0,
            "crop_left": 0,
            "crop_right": 0,
            "pix_fmt": "yuv411p",
            "sample_aspect_ratio": "8:9",
            "pict_type": "I",
            "interlaced_frame": 1,
            "top_field_first": 0,
            "repeat_pict": 0,
            "chroma_location": "topleft"
        },
        {
            "media_type": "video",
            "stream_index": 0,
            "key_frame": 1,
            "pts": 227,
            "pts_time": "7.573878",
            "pkt_dts": 227,
            "pkt_dts_time": "7.573878",
            "best_effort_timestamp": 227,
            "best_effort_timestamp_time": "7.573878",
            "duration": 1,
            "duration_time": "0.033365",
            "pkt_pos": "28671112",
            "pkt_size": "120000",
            "width": 720,
            "height": 480,
            "crop_top": 0,
            "crop_bottom": 0,
            "crop_left": 0,
            "crop_right": 0,
            "pix_fmt": "yuv411p",
            "sample_aspect_ratio": "8:9",
            "pict_type": "I",
            "interlaced_frame": 1,
            "top_field_first": 0,
            "repeat_pict": 0,
            "chroma_location": "topleft"
        },
        {
            "media_type": "video",
            "stream_index": 0,
            "key_frame": 1,
            "pts": 228,
            "pts_time": "7.607243",
            "pkt_dts": 228,
            "pkt_dts_time": "7.607243",
            "best_effort_timestamp": 228,
            "best_effort_timestamp_time": "7.607243",
            "duration": 1,
            "duration_time": "0.033365",
            "pkt_pos": "28791120",
            "pkt_size": "120000",
            "width": 720,
            "height": 480,
            "crop_top": 0,
            "crop_bottom": 0,
            "crop_left": 0,
            "crop_right": 0,
            "pix_fmt": "yuv411p",
            "sample_aspect_ratio": "8:9",
            "pict_type": "I",
            "interlaced_frame": 1,
            "top_field_first": 0,
            "repeat_pict": 0,
            "chroma_location": "topleft"
        },
        {
            "media_type": "video",
            "stream_index": 0,
            "key_frame": 1,
            "pts": 229,
            "pts_time": "7.640608",
            "pkt_dts": 229,
            "pkt_dts_time": "7.640608",
            "best_effort_timestamp": 229,
            "best_effort_timestamp_time": "7.640608",
            "duration": 1,
            "duration_time": "0.033365",
            "pkt_pos": "28911128",
            "pkt_size": "120000",
            "width": 720,
            "height": 480,
            "crop_top": 0,
            "crop_bottom": 0,
            "crop_left": 0,
            "crop_right": 0,
            "pix_fmt": "yuv411p",
            "sample_aspect_ratio": "8:9",
            "pict_type": "I",
            "interlaced_frame": 1,
            "top_field_first": 0,
            "repeat_pict": 0,
            "chroma_location": "topleft"
        },
        {
            "media_type": "video",
            "stream_index": 0,
            "key_frame": 1,
            "pts": 230,
            "pts_time": "7.673973",
            "pkt_dts": 230,
            "pkt_dts_time": "7.673973",
            "best_effort_timestamp": 230,
            "best_effort_timestamp_time": "7.673973",
            "duration": 1,
            "duration_time": "0.033365",
            "pkt_pos": "29031136",
            "pkt_size": "120000",
            "width": 720,
            "height": 480,
            "crop_top": 0,
            "crop_bottom": 0,
            "crop_left": 0,
            "crop_right": 0,
            "pix_fmt": "yuv411p",
            "sample_aspect_ratio": "8:9",
            "pict_type": "I",
            "interlaced_frame": 1,
            "top_field_first": 0,
            "repeat_pict": 0,
            "chroma_location": "topleft"
        },
        {
            "media_type": "video",
            "stream_index": 0,
            "key_frame": 1,
            "pts": 231,
            "pts_time": "7.707338",
            "pkt_dts": 231,
            "pkt_dts_time": "7.707338",
            "best_effort_timestamp": 231,
            "best_effort_timestamp_time": "7.707338",
            "duration": 1,
            "duration_time": "0.033365",
            "pkt_pos": "29151144",
            "pkt_size": "120000",
            "width": 720,
            "height": 480,
            "crop_top": 0,
            "crop_bottom": 0,
            "crop_left": 0,
            "crop_right": 0,
            "pix_fmt": "yuv411p",
            "sample_aspect_ratio": "8:9",
            "pict_type": "I",
            "interlaced_frame": 1,
            "top_field_first": 0,
            "repeat_pict": 0,
            "chroma_location": "topleft"
        },
        {
            "media_type": "video",
            "stream_index": 0,
            "key_frame": 1,
            "pts": 232,
            "pts_time": "7.740703",
            "pkt_dts": 232,
            "pkt_dts_time": "7.740703",
            "best_effort_timestamp": 232,
            "best_effort_timestamp_time": "7.740703",
            "duration": 1,
            "duration_time": "0.033365",
            "pkt_pos": "29456944",
            "pkt_size": "120000",
            "width": 720,
            "height": 480,
            "crop_top": 0,
            "crop_bottom": 0,
            "crop_left": 0,
            "crop_right": 0,
            "pix_fmt": "yuv411p",
            "sample_aspect_ratio": "8:9",
            "pict_type": "I",
            "interlaced_frame": 1,
            "top_field_first": 0,
            "repeat_pict": 0,
            "chroma_location": "topleft"
        },
        {
            "media_type": "video",
            "stream_index": 0,
            "key_frame": 1,
            "pts": 233,
            "pts_time": "7.774068",
            "pkt_dts": 233,
            "pkt_dts_time": "7.774068",
            "best_effort_timestamp": 233,
            "best_effort_timestamp_time": "7.774068",
            "duration": 1,
            "duration_time": "0.033365",
            "pkt_pos": "29576952",
            "pkt_size": "120000",
            "width": 720,
            "height": 480,
            "crop_top": 0,
            "crop_bottom": 0,
            "crop_left": 0,
            "crop_right": 0,
            "pix_fmt": "yuv411p",
            "sample_aspect_ratio": "8:9",
            "pict_type": "I",
            "interlaced_frame": 1,
            "top_field_first": 0,
            "repeat_pict": 0,
            "chroma_location": "topleft"
        },
        {
            "media_type": "video",
            "stream_index": 0,
            "key_frame": 1,
            "pts": 234,
            "pts_time": "7.807433",
            "pkt_dts": 234,
            "pkt_dts_time": "7.807433",
            "best_effort_timestamp": 234,
            "best_effort_timestamp_time": "7.807433",
            "duration": 1,
            "duration_time": "0.033365",
            "pkt_pos": "29696960",
            "pkt_size": "120000",
            "width": 720,
            "height": 480,
            "crop_top": 0,
            "crop_bottom": 0,
            "crop_left": 0,
            "crop_right": 0,
            "pix_fmt": "yuv411p",
            "sample_aspect_ratio": "8:9",
            "pict_type": "I",
            "interlaced_frame": 1,
            "top_field_first": 0,
            "repeat_pict": 0,
            "chroma_location": "topleft"
        },
        {
            "media_type": "video",
            "stream_index": 0,
            "key_frame": 1,
            "pts": 235,
            "pts_time": "7.840799",
            "pkt_dts": 235,
            "pkt_dts_time": "7.840799",
            "best_effort_timestamp": 235,
            "best_effort_timestamp_time": "7.840799",
            "duration": 1,
            "duration_time": "0.033365",
            "pkt_pos": "29816968",
            "pkt_size": "120000",
            "width": 720,
            "height": 480,
            "crop_top": 0,
            "crop_bottom": 0,
            "crop_left": 0,
            "crop_right": 0,
            "pix_fmt": "yuv411p",
            "sample_aspect_ratio": "8:9",
            "pict_type": "I",
            "interlaced_frame": 1,
            "top_field_first": 0,
            "repeat_pict": 0,
            "chroma_location": "topleft"
        },
        {
            "media_type": "video",
            "stream_index": 0,
            "key_frame": 1,
            "pts": 236,
            "pts_time": "7.874164",
            "pkt_dts": 236,
            "pkt_dts_time": "7.874164",
            "best_effort_timestamp": 236,
            "best_effort_timestamp_time": "7.874164",
            "duration": 1,
            "duration_time": "0.033365",
            "pkt_pos": "29936976",
            "pkt_size": "120000",
            "width": 720,
            "height": 480,
            "crop_top": 0,
            "crop_bottom": 0,
            "crop_left": 0,
            "crop_right": 0,
            "pix_fmt": "yuv411p",
            "sample_aspect_ratio": "8:9",
            "pict_type": "I",
            "interlaced_frame": 1,
            "top_field_first": 0,
            "repeat_pict": 0,
            "chroma_location": "topleft"
        },
        {
            "media_type": "video",
            "stream_index": 0,
            "key_frame": 1,
            "pts": 237,
            "pts_time": "7.907529",
            "pkt_dts": 237,
            "pkt_dts_time": "7.907529",
            "best_effort_timestamp": 237,
            "best_effort_timestamp_time": "7.907529",
            "duration": 1,
            "duration_time": "0.033365",
            "pkt_pos": "30056984",
            "pkt_size": "120000",
            "width": 720,
            "height": 480,
            "crop_top": 0,
            "crop_bottom": 0,
            "crop_left": 0,
            "crop_right": 0,
            "pix_fmt": "yuv411p",
            "sample_aspect_ratio": "8:9",
            "pict_type": "I",
            "interlaced_frame": 1,
            "top_field_first": 0,
            "repeat_pict": 0,
            "chroma_location": "topleft"
        },
        {
            "media_type": "video",
            "stream_index": 0,
            "key_frame": 1,
            "pts": 238,
            "pts_time": "7.940894",
            "pkt_dts": 238,
            "pkt_dts_time": "7.940894",
            "best_effort_timestamp": 238,
            "best_effort_timestamp_time": "7.940894",
            "duration": 1,
            "duration_time": "0.033365",
            "pkt_pos": "30176992",
            "pkt_size": "120000",
            "width": 720,
            "height": 480,
            "crop_top": 0,
            "crop_bottom": 0,
            "crop_left": 0,
            "crop_right": 0,
            "pix_fmt": "yuv411p",
            "sample_aspect_ratio": "8:9",
            "pict_type": "I",
            "interlaced_frame": 1,
            "top_field_first": 0,
            "repeat_pict": 0,
            "chroma_location": "topleft"
        },
        {
            "media_type": "video",
            "stream_index": 0,
            "key_frame": 1,
            "pts": 239,
            "pts_time": "7.974259",
            "pkt_dts": 239,
            "pkt_dts_time": "7.974259",
            "best_effort_timestamp": 239,
            "best_effort_timestamp_time": "7.974259",
            "duration": 1,
            "duration_time": "0.033365",
            "pkt_pos": "30297000",
            "pkt_size": "120000",
            "width": 720,
            "height": 480,
            "crop_top": 0,
            "crop_bottom": 0,
            "crop_left": 0,
            "crop_right": 0,
            "pix_fmt": "yuv411p",
            "sample_aspect_ratio": "8:9",
            "pict_type": "I",
            "interlaced_frame": 1,
            "top_field_first": 0,
            "repeat_pict": 0,
            "chroma_location": "topleft"
        },
        {
            "media_type": "video",
            "stream_index": 0,
            "key_frame": 1,
            "pts": 240,
            "pts_time": "8.007624",
            "pkt_dts": 240,
            "pkt_dts_time": "8.007624",
            "best_effort_timestamp": 240,
            "best_effort_timestamp_time": "8.007624",
            "duration": 1,
            "duration_time": "0.033365",
            "pkt_pos": "30417008",
            "pkt_size": "120000",
            "width": 720,
            "height": 480,
            "crop_top": 0,
            "crop_bottom": 0,
            "crop_left": 0,
            "crop_right": 0,
            "pix_fmt": "yuv411p",
            "sample_aspect_ratio": "8:9",
            "pict_type": "I",
            "interlaced_frame": 1,
            "top_field_first": 0,
            "repeat_pict": 0,
            "chroma_location": "topleft"
        },
        {
            "media_type": "video",
            "stream_index": 0,
            "key_frame": 1,
            "pts": 241,
            "pts_time": "8.040989",
            "pkt_dts": 241,
            "pkt_dts_time": "8.040989",
            "best_effort_timestamp": 241,
            "best_effort_timestamp_time": "8.040989",
            "duration": 1,
            "duration_time": "0.033365",
            "pkt_pos": "30537016",
            "pkt_size": "120000",
            "width": 720,
            "height": 480,
            "crop_top": 0,
            "crop_bottom": 0,
            "crop_left": 0,
            "crop_right": 0,
            "pix_fmt": "yuv411p",
            "sample_aspect_ratio": "8:9",
            "pict_type": "I",
            "interlaced_frame": 1,
            "top_field_first": 0,
            "repeat_pict": 0,
            "chroma_location": "topleft"
        },
        {
            "media_type": "video",
            "stream_index": 0,
            "key_frame": 1,
            "pts": 242,
            "pts_time": "8.074354",
            "pkt_dts": 242,
            "pkt_dts_time": "8.074354",
            "best_effort_timestamp": 242,
            "best_effort_timestamp_time": "8.074354",
            "duration": 1,
            "duration_time": "0.033365",
            "pkt_pos": "30657024",
            "pkt_size": "120000",
            "width": 720,
            "height": 480,
            "crop_top": 0,
            "crop_bottom": 0,
            "crop_left": 0,
            "crop_right": 0,
            "pix_fmt": "yuv411p",
            "sample_aspect_ratio": "8:9",
            "pict_type": "I",
            "interlaced_frame": 1,
            "top_field_first": 0,
            "repeat_pict": 0,
            "chroma_location": "topleft"
        },
        {
            "media_type": "video",
            "stream_index": 0,
            "key_frame": 1,
            "pts": 243,
            "pts_time": "8.107719",
            "pkt_dts": 243,
            "pkt_dts_time": "8.107719",
            "best_effort_timestamp": 243,
            "best_effort_timestamp_time": "8.107719",
            "duration": 1,
            "duration_time": "0.033365",
            "pkt_pos": "30777032",
            "pkt_size": "120000",
            "width": 720,
            "height": 480,
            "crop_top": 0,
            "crop_bottom": 0,
            "crop_left": 0,
            "crop_right": 0,
            "pix_fmt": "yuv411p",
            "sample_aspect_ratio": "8:9",
            "pict_type": "I",
            "interlaced_frame": 1,
            "top_field_first": 0,
            "repeat_pict": 0,
            "chroma_location": "topleft"
        },
        {
            "media_type": "video",
            "stream_index": 0,
            "key_frame": 1,
            "pts": 244,
            "pts_time": "8.141084",
            "pkt_dts": 244,
            "pkt_dts_time": "8.141084",
            "best_effort_timestamp": 244,
            "best_effort_timestamp_time": "8.141084",
            "duration": 1,
            "duration_time": "0.033365",
            "pkt_pos": "30897040",
            "pkt_size": "120000",
            "width": 720,
            "height": 480,
            "crop_top": 0,
            "crop_bottom": 0,
            "crop_left": 0,
            "crop_right": 0,
            "pix_fmt": "yuv411p",
            "sample_aspect_ratio": "8:9",
            "pict_type": "I",
            "interlaced_frame": 1,
            "top_field_first": 0,
            "repeat_pict": 0,
            "chroma_location": "topleft"
        },
        {
            "media_type": "video",
            "stream_index": 0,
            "key_frame": 1,
            "pts": 245,
            "pts_time": "8.174449",
            "pkt_dts": 245,
            "pkt_dts_time": "8.174449",
            "best_effort_timestamp": 245,
            "best_effort_timestamp_time": "8.174449",
            "duration": 1,
            "duration_time": "0.033365",
            "pkt_pos": "31017048",
            "pkt_size": "120000",
            "width": 720,
            "height": 480,
            "crop_top": 0,
            "crop_bottom": 0,
            "crop_left": 0,
            "crop_right": 0,
            "pix_fmt": "yuv411p",
            "sample_aspect_ratio": "8:9",
            "pict_type": "I",
            "interlaced_frame": 1,
            "top_field_first": 0,
            "repeat_pict": 0,
            "chroma_location": "topleft"
        },
        {
            "media_type": "video",
            "stream_index": 0,
            "key_frame": 1,
            "pts": 246,
            "pts_time": "8.207815",
            "pkt_dts": 246,
            "pkt_dts_time": "8.207815",
            "best_effort_timestamp": 246,
            "best_effort_timestamp_time": "8.207815",
            "duration": 1,
            "duration_time": "0.033365",
            "pkt_pos": "31137056",
            "pkt_size": "120000",
            "width": 720,
            "height": 480,
            "crop_top": 0,
            "crop_bottom": 0,
            "crop_left": 0,
            "crop_right": 0,
            "pix_fmt": "yuv411p",
            "sample_aspect_ratio": "8:9",
            "pict_type": "I",
            "interlaced_frame": 1,
            "top_field_first": 0,
            "repeat_pict": 0,
            "chroma_location": "topleft"
        },
        {
            "media_type": "video",
            "stream_index": 0,
            "key_frame": 1,
            "pts": 247,
            "pts_time": "8.241180",
            "pkt_dts": 247,
            "pkt_dts_time": "8.241180",
            "best_effort_timestamp": 247,
            "best_effort_timestamp_time": "8.241180",
            "duration": 1,
            "duration_time": "0.033365",
            "pkt_pos": "31257064",
            "pkt_size": "120000",
            "width": 720,
            "height": 480,
            "crop_top": 0,
            "crop_bottom": 0,
            "crop_left": 0,
            "crop_right": 0,
            "pix_fmt": "yuv411p",
            "sample_aspect_ratio": "8:9",
            "pict_type": "I",
            "interlaced_frame": 1,
            "top_field_first": 0,
            "repeat_pict": 0,
            "chroma_location": "topleft"
        },
        {
            "media_type": "video",
            "stream_index": 0,
            "key_frame": 1,
            "pts": 248,
            "pts_time": "8.274545",
            "pkt_dts": 248,
            "pkt_dts_time": "8.274545",
            "best_effort_timestamp": 248,
            "best_effort_timestamp_time": "8.274545",
            "duration": 1,
            "duration_time": "0.033365",
            "pkt_pos": "31377072",
            "pkt_size": "120000",
            "width": 720,
            "height": 480,
            "crop_top": 0,
            "crop_bottom": 0,
            "crop_left": 0,
            "crop_right": 0,
            "pix_fmt": "yuv411p",
            "sample_aspect_ratio": "8:9",
            "pict_type": "I",
            "interlaced_frame": 1,
            "top_field_first": 0,
            "repeat_pict": 0,
            "chroma_location": "topleft"
        },
        {
            "media_type": "video",
            "stream_index": 0,
            "key_frame": 1,
            "pts": 249,
            "pts_time": "8.307910",
            "pkt_dts": 249,
            "pkt_dts_time": "8.307910",
            "best_effort_timestamp": 249,
            "best_effort_timestamp_time": "8.307910",
            "duration": 1,
            "duration_time": "0.033365",
            "pkt_pos": "31497080",
            "pkt_size": "120000",
            "width": 720,
            "height": 480,
            "crop_top": 0,
            "crop_bottom": 0,
            "crop_left": 0,
            "crop_right": 0,
            "pix_fmt": "yuv411p",
            "sample_aspect_ratio": "8:9",
            "pict_type": "I",
            "interlaced_frame": 1,
            "top_field_first": 0,
            "repeat_pict": 0,
            "chroma_location": "topleft"
        },
        {
            "media_type": "video",
            "stream_index": 0,
            "key_frame": 1,
            "pts": 250,
            "pts_time": "8.341275",
            "pkt_dts": 250,
            "pkt_dts_time": "8.341275",
            "best_effort_timestamp": 250,
            "best_effort_timestamp_time": "8.341275",
            "duration": 1,
            "duration_time": "0.033365",
            "pkt_pos": "31617088",
            "pkt_size": "120000",
            "width": 720,
            "height": 480,
            "crop_top": 0,
            "crop_bottom": 0,
            "crop_left": 0,
            "crop_right": 0,
            "pix_fmt": "yuv411p",
            "sample_aspect_ratio": "8:9",
            "pict_type": "I",
            "interlaced_frame": 1,
            "top_field_first": 0,
            "repeat_pict": 0,
            "chroma_location": "topleft"
        },
        {
            "media_type": "video",
            "stream_index": 0,
            "key_frame": 1,
            "pts": 251,
            "pts_time": "8.374640",
            "pkt_dts": 251,
            "pkt_dts_time": "8.374640",
            "best_effort_timestamp": 251,
            "best_effort_timestamp_time": "8.374640",
            "duration": 1,
            "duration_time": "0.033365",
            "pkt_pos": "31737096",
            "pkt_size": "120000",
            "width": 720,
            "height": 480,
            "crop_top": 0,
            "crop_bottom": 0,
            "crop_left": 0,
            "crop_right": 0,
            "pix_fmt": "yuv411p",
            "sample_aspect_ratio": "8:9",
            "pict_type": "I",
            "interlaced_frame": 1,
            "top_field_first": 0,
            "repeat_pict": 0,
            "chroma_location": "topleft"
        },
        {
            "media_type": "video",
            "stream_index": 0,
            "key_frame": 1,
            "pts": 252,
            "pts_time": "8.408005",
            "pkt_dts": 252,
            "pkt_dts_time": "8.408005",
            "best_effort_timestamp": 252,
            "best_effort_timestamp_time": "8.408005",
            "duration": 1,
            "duration_time": "0.033365",
            "pkt_pos": "31857104",
            "pkt_size": "120000",
            "width": 720,
            "height": 480,
            "crop_top": 0,
            "crop_bottom": 0,
            "crop_left": 0,
            "crop_right": 0,
            "pix_fmt": "yuv411p",
            "sample_aspect_ratio": "8:9",
            "pict_type": "I",
            "interlaced_frame": 1,
            "top_field_first": 0,
            "repeat_pict": 0,
            "chroma_location": "topleft"
        },
        {
            "media_type": "video",
            "stream_index": 0,
            "key_frame": 1,
            "pts": 253,
            "pts_time": "8.441370",
            "pkt_dts": 253,
            "pkt_dts_time": "8.441370",
            "best_effort_timestamp": 253,
            "best_effort_timestamp_time": "8.441370",
            "duration": 1,
            "duration_time": "0.033365",
            "pkt_pos": "31977112",
            "pkt_size": "120000",
            "width": 720,
            "height": 480,
            "crop_top": 0,
            "crop_bottom": 0,
            "crop_left": 0,
            "crop_right": 0,
            "pix_fmt": "yuv411p",
            "sample_aspect_ratio": "8:9",
            "pict_type": "I",
            "interlaced_frame": 1,
            "top_field_first": 0,
            "repeat_pict": 0,
            "chroma_location": "topleft"
        },
        {
            "media_type": "video",
            "stream_index": 0,
            "key_frame": 1,
            "pts": 254,
            "pts_time": "8.474735",
            "pkt_dts": 254,
            "pkt_dts_time": "8.474735",
            "best_effort_timestamp": 254,
            "best_effort_timestamp_time": "8.474735",
            "duration": 1,
            "duration_time": "0.033365",
            "pkt_pos": "32097120",
            "pkt_size": "120000",
            "width": 720,
            "height": 480,
            "crop_top": 0,
            "crop_bottom": 0,
            "crop_left": 0,
            "crop_right": 0,
            "pix_fmt": "yuv411p",
            "sample_aspect_ratio": "8:9",
            "pict_type": "I",
            "interlaced_frame": 1,
            "top_field_first": 0,
            "repeat_pict": 0,
            "chroma_location": "topleft"
        },
        {
            "media_type": "video",
            "stream_index": 0,
            "key_frame": 1,
            "pts": 255,
            "pts_time": "8.508101",
            "pkt_dts": 255,
            "pkt_dts_time": "8.508101",
            "best_effort_timestamp": 255,
            "best_effort_timestamp_time": "8.508101",
            "duration": 1,
            "duration_time": "0.033365",
            "pkt_pos": "32217128",
            "pkt_size": "120000",
            "width": 720,
            "height": 480,
            "crop_top": 0,
            "crop_bottom": 0,
            "crop_left": 0,
            "crop_right": 0,
            "pix_fmt": "yuv411p",
            "sample_aspect_ratio": "8:9",
            "pict_type": "I",
            "interlaced_frame": 1,
            "top_field_first": 0,
            "repeat_pict": 0,
            "chroma_location": "topleft"
        },
        {
            "media_type": "video",
            "stream_index": 0,
            "key_frame": 1,
            "pts": 256,
            "pts_time": "8.541466",
            "pkt_dts": 256,
            "pkt_dts_time": "8.541466",
            "best_effort_timestamp": 256,
            "best_effort_timestamp_time": "8.541466",
            "duration": 1,
            "duration_time": "0.033365",
            "pkt_pos": "32337136",
            "pkt_size": "120000",
            "width": 720,
            "height": 480,
            "crop_top": 0,
            "crop_bottom": 0,
            "crop_left": 0,
            "crop_right": 0,
            "pix_fmt": "yuv411p",
            "sample_aspect_ratio": "8:9",
            "pict_type": "I",
            "interlaced_frame": 1,
            "top_field_first": 0,
            "repeat_pict": 0,
            "chroma_location": "topleft"
        },
        {
            "media_type": "video",
            "stream_index": 0,
            "key_frame": 1,
            "pts": 257,
            "pts_time": "8.574831",
            "pkt_dts": 257,
            "pkt_dts_time": "8.574831",
            "best_effort_timestamp": 257,
            "best_effort_timestamp_time": "8.574831",
            "duration": 1,
            "duration_time": "0.033365",
            "pkt_pos": "32457144",
            "pkt_size": "120000",
            "width": 720,
            "height": 480,
            "crop_top": 0,
            "crop_bottom": 0,
            "crop_left": 0,
            "crop_right": 0,
            "pix_fmt": "yuv411p",
            "sample_aspect_ratio": "8:9",
            "pict_type": "I",
            "interlaced_frame": 1,
            "top_field_first": 0,
            "repeat_pict": 0,
            "chroma_location": "topleft"
        },
        {
            "media_type": "video",
            "stream_index": 0,
            "key_frame": 1,
            "pts": 258,
            "pts_time": "8.608196",
            "pkt_dts": 258,
            "pkt_dts_time": "8.608196",
            "best_effort_timestamp": 258,
            "best_effort_timestamp_time": "8.608196",
            "duration": 1,
            "duration_time": "0.033365",
            "pkt_pos": "32577152",
            "pkt_size": "120000",
            "width": 720,
            "height": 480,
            "crop_top": 0,
            "crop_bottom": 0,
            "crop_left": 0,
            "crop_right": 0,
            "pix_fmt": "yuv411p",
            "sample_aspect_ratio": "8:9",
            "pict_type": "I",
            "interlaced_frame": 1,
            "top_field_first": 0,
            "repeat_pict": 0,
            "chroma_location": "topleft"
        },
        {
            "media_type": "video",
            "stream_index": 0,
            "key_frame": 1,
            "pts": 259,
            "pts_time": "8.641561",
            "pkt_dts": 259,
            "pkt_dts_time": "8.641561",
            "best_effort_timestamp": 259,
            "best_effort_timestamp_time": "8.641561",
            "duration": 1,
            "duration_time": "0.033365",
            "pkt_pos": "32697160",
            "pkt_size": "120000",
            "width": 720,
            "height": 480,
            "crop_top": 0,
            "crop_bottom": 0,
            "crop_left": 0,
            "crop_right": 0,
            "pix_fmt": "yuv411p",
            "sample_aspect_ratio": "8:9",
            "pict_type": "I",
            "interlaced_frame": 1,
            "top_field_first": 0,
            "repeat_pict": 0,
            "chroma_location": "topleft"
        },
        {
            "media_type": "video",
            "stream_index": 0,
            "key_frame": 1,
            "pts": 260,
            "pts_time": "8.674926",
            "pkt_dts": 260,
            "pkt_dts_time": "8.674926",
            "best_effort_timestamp": 260,
            "best_effort_timestamp_time": "8.674926",
            "duration": 1,
            "duration_time": "0.033365",
            "pkt_pos": "32817168",
            "pkt_size": "120000",
            "width": 720,
            "height": 480,
            "crop_top": 0,
            "crop_bottom": 0,
            "crop_left": 0,
            "crop_right": 0,
            "pix_fmt": "yuv411p",
            "sample_aspect_ratio": "8:9",
            "pict_type": "I",
            "interlaced_frame": 1,
            "top_field_first": 0,
            "repeat_pict": 0,
            "chroma_location": "topleft"
        },
        {
            "media_type": "video",
            "stream_index": 0,
            "key_frame": 1,
            "pts": 261,
            "pts_time": "8.708291",
            "pkt_dts": 261,
            "pkt_dts_time": "8.708291",
            "best_effort_timestamp": 261,
            "best_effort_timestamp_time": "8.708291",
            "duration": 1,
            "duration_time": "0.033365",
            "pkt_pos": "33122972",
            "pkt_size": "120000",
            "width": 720,
            "height": 480,
            "crop_top": 0,
            "crop_bottom": 0,
            "crop_left": 0,
            "crop_right": 0,
            "pix_fmt": "yuv411p",
            "sample_aspect_ratio": "8:9",
            "pict_type": "I",
            "interlaced_frame": 1,
            "top_field_first": 0,
            "repeat_pict": 0,
            "chroma_location": "topleft"
        },
        {
            "media_type": "video",
            "stream_index": 0,
            "key_frame": 1,
            "pts": 262,
            "pts_time": "8.741656",
            "pkt_dts": 262,
            "pkt_dts_time": "8.741656",
            "best_effort_timestamp": 262,
            "best_effort_timestamp_time": "8.741656",
            "duration": 1,
            "duration_time": "0.033365",
            "pkt_pos": "33242980",
            "pkt_size": "120000",
            "width": 720,
            "height": 480,
            "crop_top": 0,
            "crop_bottom": 0,
            "crop_left": 0,
            "crop_right": 0,
            "pix_fmt": "yuv411p",
            "sample_aspect_ratio": "8:9",
            "pict_type": "I",
            "interlaced_frame": 1,
            "top_field_first": 0,
            "repeat_pict": 0,
            "chroma_location": "topleft"
        },
        {
            "media_type": "video",
            "stream_index": 0,
            "key_frame": 1,
            "pts": 263,
            "pts_time": "8.775021",
            "pkt_dts": 263,
            "pkt_dts_time": "8.775021",
            "best_effort_timestamp": 263,
            "best_effort_timestamp_time": "8.775021",
            "duration": 1,
            "duration_time": "0.033365",
            "pkt_pos": "33362988",
            "pkt_size": "120000",
            "width": 720,
            "height": 480,
            "crop_top": 0,
            "crop_bottom": 0,
            "crop_left": 0,
            "crop_right": 0,
            "pix_fmt": "yuv411p",
            "sample_aspect_ratio": "8:9",
            "pict_type": "I",
            "interlaced_frame": 1,
            "top_field_first": 0,
            "repeat_pict": 0,
            "chroma_location": "topleft"
        },
        {
            "media_type": "video",
            "stream_index": 0,
            "key_frame": 1,
            "pts": 264,
            "pts_time": "8.808386",
            "pkt_dts": 264,
            "pkt_dts_time": "8.808386",
            "best_effort_timestamp": 264,
            "best_effort_timestamp_time": "8.808386",
            "duration": 1,
            "duration_time": "0.033365",
            "pkt_pos": "33482996",
            "pkt_size": "120000",
            "width": 720,
            "height": 480,
            "crop_top": 0,
            "crop_bottom": 0,
            "crop_left": 0,
            "crop_right": 0,
            "pix_fmt": "yuv411p",
            "sample_aspect_ratio": "8:9",
            "pict_type": "I",
            "interlaced_frame": 1,
            "top_field_first": 0,
            "repeat_pict": 0,
            "chroma_location": "topleft"
        },
        {
            "media_type": "video",
            "stream_index": 0,
            "key_frame": 1,
            "pts": 265,
            "pts_time": "8.841752",
            "pkt_dts": 265,
            "pkt_dts_time": "8.841752",
            "best_effort_timestamp": 265,
            "best_effort_timestamp_time": "8.841752",
            "duration": 1,
            "duration_time": "0.033365",
            "pkt_pos": "33603004",
            "pkt_size": "120000",
            "width": 720,
            "height": 480,
            "crop_top": 0,
            "crop_bottom": 0,
            "crop_left": 0,
            "crop_right": 0,
            "pix_fmt": "yuv411p",
            "sample_aspect_ratio": "8:9",
            "pict_type": "I",
            "interlaced_frame": 1,
            "top_field_first": 0,
            "repeat_pict": 0,
            "chroma_location": "topleft"
        },
        {
            "media_type": "video",
            "stream_index": 0,
            "key_frame": 1,
            "pts": 266,
            "pts_time": "8.875117",
            "pkt_dts": 266,
            "pkt_dts_time": "8.875117",
            "best_effort_timestamp": 266,
            "best_effort_timestamp_time": "8.875117",
            "duration": 1,
            "duration_time": "0.033365",
            "pkt_pos": "33723012",
            "pkt_size": "120000",
            "width": 720,
            "height": 480,
            "crop_top": 0,
            "crop_bottom": 0,
            "crop_left": 0,
            "crop_right": 0,
            "pix_fmt": "yuv411p",
            "sample_aspect_ratio": "8:9",
            "pict_type": "I",
            "interlaced_frame": 1,
            "top_field_first": 0,
            "repeat_pict": 0,
            "chroma_location": "topleft"
        },
        {
            "media_type": "video",
            "stream_index": 0,
            "key_frame": 1,
            "pts": 267,
            "pts_time": "8.908482",
            "pkt_dts": 267,
            "pkt_dts_time": "8.908482",
            "best_effort_timestamp": 267,
            "best_effort_timestamp_time": "8.908482",
            "duration": 1,
            "duration_time": "0.033365",
            "pkt_pos": "33843020",
            "pkt_size": "120000",
            "width": 720,
            "height": 480,
            "crop_top": 0,
            "crop_bottom": 0,
            "crop_left": 0,
            "crop_right": 0,
            "pix_fmt": "yuv411p",
            "sample_aspect_ratio": "8:9",
            "pict_type": "I",
            "interlaced_frame": 1,
            "top_field_first": 0,
            "repeat_pict": 0,
            "chroma_location": "topleft"
        },
        {
            "media_type": "video",
            "stream_index": 0,
            "key_frame": 1,
            "pts": 268,
            "pts_time": "8.941847",
            "pkt_dts": 268,
            "pkt_dts_time": "8.941847",
            "best_effort_timestamp": 268,
            "best_effort_timestamp_time": "8.941847",
            "duration": 1,
            "duration_time": "0.033365",
            "pkt_pos": "33963028",
            "pkt_size": "120000",
            "width": 720,
            "height": 480,
            "crop_top": 0,
            "crop_bottom": 0,
            "crop_left": 0,
            "crop_right": 0,
            "pix_fmt": "yuv411p",
            "sample_aspect_ratio": "8:9",
            "pict_type": "I",
            "interlaced_frame": 1,
            "top_field_first": 0,
            "repeat_pict": 0,
            "chroma_location": "topleft"
        },
        {
            "media_type": "video",
            "stream_index": 0,
            "key_frame": 1,
            "pts": 269,
            "pts_time": "8.975212",
            "pkt_dts": 269,
            "pkt_dts_time": "8.975212",
            "best_effort_timestamp": 269,
            "best_effort_timestamp_time": "8.975212",
            "duration": 1,
            "duration_time": "0.033365",
            "pkt_pos": "34083036",
            "pkt_size": "120000",
            "width": 720,
            "height": 480,
            "crop_top": 0,
            "crop_bottom": 0,
            "crop_left": 0,
            "crop_right": 0,
            "pix_fmt": "yuv411p",
            "sample_aspect_ratio": "8:9",
            "pict_type": "I",
            "interlaced_frame": 1,
            "top_field_first": 0,
            "repeat_pict": 0,
            "chroma_location": "topleft"
        },
        {
            "media_type": "video",
            "stream_index": 0,
            "key_frame": 1,
            "pts": 270,
            "pts_time": "9.008577",
            "pkt_dts": 270,
            "pkt_dts_time": "9.008577",
            "best_effort_timestamp": 270,
            "best_effort_timestamp_time": "9.008577",
            "duration": 1,
            "duration_time": "0.033365",
            "pkt_pos": "34203044",
            "pkt_size": "120000",
            "width": 720,
            "height": 480,
            "crop_top": 0,
            "crop_bottom": 0,
            "crop_left": 0,
            "crop_right": 0,
            "pix_fmt": "yuv411p",
            "sample_aspect_ratio": "8:9",
            "pict_type": "I",
            "interlaced_frame": 1,
            "top_field_first": 0,
            "repeat_pict": 0,
            "chroma_location": "topleft"
        },
        {
            "media_type": "video",
            "stream_index": 0,
            "key_frame": 1,
            "pts": 271,
            "pts_time": "9.041942",
            "pkt_dts": 271,
            "pkt_dts_time": "9.041942",
            "best_effort_timestamp": 271,
            "best_effort_timestamp_time": "9.041942",
            "duration": 1,
            "duration_time": "0.033365",
            "pkt_pos": "34323052",
            "pkt_size": "120000",
            "width": 720,
            "height": 480,
            "crop_top": 0,
            "crop_bottom": 0,
            "crop_left": 0,
            "crop_right": 0,
            "pix_fmt": "yuv411p",
            "sample_aspect_ratio": "8:9",
            "pict_type": "I",
            "interlaced_frame": 1,
            "top_field_first": 0,
            "repeat_pict": 0,
            "chroma_location": "topleft"
        },
        {
            "media_type": "video",
            "stream_index": 0,
            "key_frame": 1,
            "pts": 272,
            "pts_time": "9.075307",
            "pkt_dts": 272,
            "pkt_dts_time": "9.075307",
            "best_effort_timestamp": 272,
            "best_effort_timestamp_time": "9.075307",
            "duration": 1,
            "duration_time": "0.033365",
            "pkt_pos": "34443060",
            "pkt_size": "120000",
            "width": 720,
            "height": 480,
            "crop_top": 0,
            "crop_bottom": 0,
            "crop_left": 0,
            "crop_right": 0,
            "pix_fmt": "yuv411p",
            "sample_aspect_ratio": "8:9",
            "pict_type": "I",
            "interlaced_frame": 1,
            "top_field_first": 0,
            "repeat_pict": 0,
            "chroma_location": "topleft"
        },
        {
            "media_type": "video",
            "stream_index": 0,
            "key_frame": 1,
            "pts": 273,
            "pts_time": "9.108672",
            "pkt_dts": 273,
            "pkt_dts_time": "9.108672",
            "best_effort_timestamp": 273,
            "best_effort_timestamp_time": "9.108672",
            "duration": 1,
            "duration_time": "0.033365",
            "pkt_pos": "34563068",
            "pkt_size": "120000",
            "width": 720,
            "height": 480,
            "crop_top": 0,
            "crop_bottom": 0,
            "crop_left": 0,
            "crop_right": 0,
            "pix_fmt": "yuv411p",
            "sample_aspect_ratio": "8:9",
            "pict_type": "I",
            "interlaced_frame": 1,
            "top_field_first": 0,
            "repeat_pict": 0,
            "chroma_location": "topleft"
        },
        {
            "media_type": "video",
            "stream_index": 0,
            "key_frame": 1,
            "pts": 274,
            "pts_time": "9.142037",
            "pkt_dts": 274,
            "pkt_dts_time": "9.142037",
            "best_effort_timestamp": 274,
            "best_effort_timestamp_time": "9.142037",
            "duration": 1,
            "duration_time": "0.033365",
            "pkt_pos": "34683076",
            "pkt_size": "120000",
            "width": 720,
            "height": 480,
            "crop_top": 0,
            "crop_bottom": 0,
            "crop_left": 0,
            "crop_right": 0,
            "pix_fmt": "yuv411p",
            "sample_aspect_ratio": "8:9",
            "pict_type": "I",
            "interlaced_frame": 1,
            "top_field_first": 0,
            "repeat_pict": 0,
            "chroma_location": "topleft"
        },
        {
            "media_type": "video",
            "stream_index": 0,
            "key_frame": 1,
            "pts": 275,
            "pts_time": "9.175403",
            "pkt_dts": 275,
            "pkt_dts_time": "9.175403",
            "best_effort_timestamp": 275,
            "best_effort_timestamp_time": "9.175403",
            "duration": 1,
            "duration_time": "0.033365",
            "pkt_pos": "34803084",
            "pkt_size": "120000",
            "width": 720,
            "height": 480,
            "crop_top": 0,
            "crop_bottom": 0,
            "crop_left": 0,
            "crop_right": 0,
            "pix_fmt": "yuv411p",
            "sample_aspect_ratio": "8:9",
            "pict_type": "I",
            "interlaced_frame": 1,
            "top_field_first": 0,
            "repeat_pict": 0,
            "chroma_location": "topleft"
        },
        {
            "media_type": "video",
            "stream_index": 0,
            "key_frame": 1,
            "pts": 276,
            "pts_time": "9.208768",
            "pkt_dts": 276,
            "pkt_dts_time": "9.208768",
            "best_effort_timestamp": 276,
            "best_effort_timestamp_time": "9.208768",
            "duration": 1,
            "duration_time": "0.033365",
            "pkt_pos": "34923092",
            "pkt_size": "120000",
            "width": 720,
            "height": 480,
            "crop_top": 0,
            "crop_bottom": 0,
            "crop_left": 0,
            "crop_right": 0,
            "pix_fmt": "yuv411p",
            "sample_aspect_ratio": "8:9",
            "pict_type": "I",
            "interlaced_frame": 1,
            "top_field_first": 0,
            "repeat_pict": 0,
            "chroma_location": "topleft"
        },
        {
            "media_type": "video",
            "stream_index": 0,
            "key_frame": 1,
            "pts": 277,
            "pts_time": "9.242133",
            "pkt_dts": 277,
            "pkt_dts_time": "9.242133",
            "best_effort_timestamp": 277,
            "best_effort_timestamp_time": "9.242133",
            "duration": 1,
            "duration_time": "0.033365",
            "pkt_pos": "35043100",
            "pkt_size": "120000",
            "width": 720,
            "height": 480,
            "crop_top": 0,
            "crop_bottom": 0,
            "crop_left": 0,
            "crop_right": 0,
            "pix_fmt": "yuv411p",
            "sample_aspect_ratio": "8:9",
            "pict_type": "I",
            "interlaced_frame": 1,
            "top_field_first": 0,
            "repeat_pict": 0,
            "chroma_location": "topleft"
        },
        {
            "media_type": "video",
            "stream_index": 0,
            "key_frame": 1,
            "pts": 278,
            "pts_time": "9.275498",
            "pkt_dts": 278,
            "pkt_dts_time": "9.275498",
            "best_effort_timestamp": 278,
            "best_effort_timestamp_time": "9.275498",
            "duration": 1,
            "duration_time": "0.033365",
            "pkt_pos": "35163108",
            "pkt_size": "120000",
            "width": 720,
            "height": 480,
            "crop_top": 0,
            "crop_bottom": 0,
            "crop_left": 0,
            "crop_right": 0,
            "pix_fmt": "yuv411p",
            "sample_aspect_ratio": "8:9",
            "pict_type": "I",
            "interlaced_frame": 1,
            "top_field_first": 0,
            "repeat_pict": 0,
            "chroma_location": "topleft"
        },
        {
            "media_type": "video",
            "stream_index": 0,
            "key_frame": 1,
            "pts": 279,
            "pts_time": "9.308863",
            "pkt_dts": 279,
            "pkt_dts_time": "9.308863",
            "best_effort_timestamp": 279,
            "best_effort_timestamp_time": "9.308863",
            "duration": 1,
            "duration_time": "0.033365",
            "pkt_pos": "35283116",
            "pkt_size": "120000",
            "width": 720,
            "height": 480,
            "crop_top": 0,
            "crop_bottom": 0,
            "crop_left": 0,
            "crop_right": 0,
            "pix_fmt": "yuv411p",
            "sample_aspect_ratio": "8:9",
            "pict_type": "I",
            "interlaced_frame": 1,
            "top_field_first": 0,
            "repeat_pict": 0,
            "chroma_location": "topleft"
        },
        {
            "media_type": "video",
            "stream_index": 0,
            "key_frame": 1,
            "pts": 280,
            "pts_time": "9.342228",
            "pkt_dts": 280,
            "pkt_dts_time": "9.342228",
            "best_effort_timestamp": 280,
            "best_effort_timestamp_time": "9.342228",
            "duration": 1,
            "duration_time": "0.033365",
            "pkt_pos": "35403124",
            "pkt_size": "120000",
            "width": 720,
            "height": 480,
            "crop_top": 0,
            "crop_bottom": 0,
            "crop_left": 0,
            "crop_right": 0,
            "pix_fmt": "yuv411p",
            "sample_aspect_ratio": "8:9",
            "pict_type": "I",
            "interlaced_frame": 1,
            "top_field_first": 0,
            "repeat_pict": 0,
            "chroma_location": "topleft"
        },
        {
            "media_type": "video",
            "stream_index": 0,
            "key_frame": 1,
            "pts": 281,
            "pts_time": "9.375593",
            "pkt_dts": 281,
            "pkt_dts_time": "9.375593",
            "best_effort_timestamp": 281,
            "best_effort_timestamp_time": "9.375593",
            "duration": 1,
            "duration_time": "0.033365",
            "pkt_pos": "35523132",
            "pkt_size": "120000",
            "width": 720,
            "height": 480,
            "crop_top": 0,
            "crop_bottom": 0,
            "crop_left": 0,
            "crop_right": 0,
            "pix_fmt": "yuv411p",
            "sample_aspect_ratio": "8:9",
            "pict_type": "I",
            "interlaced_frame": 1,
            "top_field_first": 0,
            "repeat_pict": 0,
            "chroma_location": "topleft"
        },
        {
            "media_type": "video",
            "stream_index": 0,
            "key_frame": 1,
            "pts": 282,
            "pts_time": "9.408958",
            "pkt_dts": 282,
            "pkt_dts_time": "9.408958",
            "best_effort_timestamp": 282,
            "best_effort_timestamp_time": "9.408958",
            "duration": 1,
            "duration_time": "0.033365",
            "pkt_pos": "35643140",
            "pkt_size": "120000",
            "width": 720,
            "height": 480,
            "crop_top": 0,
            "crop_bottom": 0,
            "crop_left": 0,
            "crop_right": 0,
            "pix_fmt": "yuv411p",
            "sample_aspect_ratio": "8:9",
            "pict_type": "I",
            "interlaced_frame": 1,
            "top_field_first": 0,
            "repeat_pict": 0,
            "chroma_location": "topleft"
        },
        {
            "media_type": "video",
            "stream_index": 0,
            "key_frame": 1,
            "pts": 283,
            "pts_time": "9.442323",
            "pkt_dts": 283,
            "pkt_dts_time": "9.442323",
            "best_effort_timestamp": 283,
            "best_effort_timestamp_time": "9.442323",
            "duration": 1,
            "duration_time": "0.033365",
            "pkt_pos": "35763148",
            "pkt_size": "120000",
            "width": 720,
            "height": 480,
            "crop_top": 0,
            "crop_bottom": 0,
            "crop_left": 0,
            "crop_right": 0,
            "pix_fmt": "yuv411p",
            "sample_aspect_ratio": "8:9",
            "pict_type": "I",
            "interlaced_frame": 1,
            "top_field_first": 0,
            "repeat_pict": 0,
            "chroma_location": "topleft"
        },
        {
            "media_type": "video",
            "stream_index": 0,
            "key_frame": 1,
            "pts": 284,
            "pts_time": "9.475688",
            "pkt_dts": 284,
            "pkt_dts_time": "9.475688",
            "best_effort_timestamp": 284,
            "best_effort_timestamp_time": "9.475688",
            "duration": 1,
            "duration_time": "0.033365",
            "pkt_pos": "35883156",
            "pkt_size": "120000",
            "width": 720,
            "height": 480,
            "crop_top": 0,
            "crop_bottom": 0,
            "crop_left": 0,
            "crop_right": 0,
            "pix_fmt": "yuv411p",
            "sample_aspect_ratio": "8:9",
            "pict_type": "I",
            "interlaced_frame": 1,
            "top_field_first": 0,
            "repeat_pict": 0,
            "chroma_location": "topleft"
        },
        {
            "media_type": "video",
            "stream_index": 0,
            "key_frame": 1,
            "pts": 285,
            "pts_time": "9.509054",
            "pkt_dts": 285,
            "pkt_dts_time": "9.509054",
            "best_effort_timestamp": 285,
            "best_effort_timestamp_time": "9.509054",
            "duration": 1,
            "duration_time": "0.033365",
            "pkt_pos": "36003164",
            "pkt_size": "120000",
            "width": 720,
            "height": 480,
            "crop_top": 0,
            "crop_bottom": 0,
            "crop_left": 0,
            "crop_right": 0,
            "pix_fmt": "yuv411p",
            "sample_aspect_ratio": "8:9",
            "pict_type": "I",
            "interlaced_frame": 1,
            "top_field_first": 0,
            "repeat_pict": 0,
            "chroma_location": "topleft"
        },
        {
            "media_type": "video",
            "stream_index": 0,
            "key_frame": 1,
            "pts": 286,
            "pts_time": "9.542419",
            "pkt_dts": 286,
            "pkt_dts_time": "9.542419",
            "best_effort_timestamp": 286,
            "best_effort_timestamp_time": "9.542419",
            "duration": 1,
            "duration_time": "0.033365",
            "pkt_pos": "36123172",
            "pkt_size": "120000",
            "width": 720,
            "height": 480,
            "crop_top": 0,
            "crop_bottom": 0,
            "crop_left": 0,
            "crop_right": 0,
            "pix_fmt": "yuv411p",
            "sample_aspect_ratio": "8:9",
            "pict_type": "I",
            "interlaced_frame": 1,
            "top_field_first": 0,
            "repeat_pict": 0,
            "chroma_location": "topleft"
        },
        {
            "media_type": "video",
            "stream_index": 0,
            "key_frame": 1,
            "pts": 287,
            "pts_time": "9.575784",
            "pkt_dts": 287,
            "pkt_dts_time": "9.575784",
            "best_effort_timestamp": 287,
            "best_effort_timestamp_time": "9.575784",
            "duration": 1,
            "duration_time": "0.033365",
            "pkt_pos": "36243180",
            "pkt_size": "120000",
            "width": 720,
            "height": 480,
            "crop_top": 0,
            "crop_bottom": 0,
            "crop_left": 0,
            "crop_right": 0,
            "pix_fmt": "yuv411p",
            "sample_aspect_ratio": "8:9",
            "pict_type": "I",
            "interlaced_frame": 1,
            "top_field_first": 0,
            "repeat_pict": 0,
            "chroma_location": "topleft"
        },
        {
            "media_type": "video",
            "stream_index": 0,
            "key_frame": 1,
            "pts": 288,
            "pts_time": "9.609149",
            "pkt_dts": 288,
            "pkt_dts_time": "9.609149",
            "best_effort_timestamp": 288,
            "best_effort_timestamp_time": "9.609149",
            "duration": 1,
            "duration_time": "0.033365",
            "pkt_pos": "36363188",
            "pkt_size": "120000",
            "width": 720,
            "height": 480,
            "crop_top": 0,
            "crop_bottom": 0,
            "crop_left": 0,
            "crop_right": 0,
            "pix_fmt": "yuv411p",
            "sample_aspect_ratio": "8:9",
            "pict_type": "I",
            "interlaced_frame": 1,
            "top_field_first": 0,
            "repeat_pict": 0,
            "chroma_location": "topleft"
        },
        {
            "media_type": "video",
            "stream_index": 0,
            "key_frame": 1,
            "pts": 289,
            "pts_time": "9.642514",
            "pkt_dts": 289,
            "pkt_dts_time": "9.642514",
            "best_effort_timestamp": 289,
            "best_effort_timestamp_time": "9.642514",
            "duration": 1,
            "duration_time": "0.033365",
            "pkt_pos": "36483196",
            "pkt_size": "120000",
            "width": 720,
            "height": 480,
            "crop_top": 0,
            "crop_bottom": 0,
            "crop_left": 0,
            "crop_right": 0,
            "pix_fmt": "yuv411p",
            "sample_aspect_ratio": "8:9",
            "pict_type": "I",
            "interlaced_frame": 1,
            "top_field_first": 0,
            "repeat_pict": 0,
            "chroma_location": "topleft"
        },
        {
            "media_type": "video",
            "stream_index": 0,
            "key_frame": 1,
            "pts": 290,
            "pts_time": "9.675879",
            "pkt_dts": 290,
            "pkt_dts_time": "9.675879",
            "best_effort_timestamp": 290,
            "best_effort_timestamp_time": "9.675879",
            "duration": 1,
            "duration_time": "0.033365",
            "pkt_pos": "36788996",
            "pkt_size": "120000",
            "width": 720,
            "height": 480,
            "crop_top": 0,
            "crop_bottom": 0,
            "crop_left": 0,
            "crop_right": 0,
            "pix_fmt": "yuv411p",
            "sample_aspect_ratio": "8:9",
            "pict_type": "I",
            "interlaced_frame": 1,
            "top_field_first": 0,
            "repeat_pict": 0,
            "chroma_location": "topleft"
        },
        {
            "media_type": "video",
            "stream_index": 0,
            "key_frame": 1,
            "pts": 291,
            "pts_time": "9.709244",
            "pkt_dts": 291,
            "pkt_dts_time": "9.709244",
            "best_effort_timestamp": 291,
            "best_effort_timestamp_time": "9.709244",
            "duration": 1,
            "duration_time": "0.033365",
            "pkt_pos": "36909004",
            "pkt_size": "120000",
            "width": 720,
            "height": 480,
            "crop_top": 0,
            "crop_bottom": 0,
            "crop_left": 0,
            "crop_right": 0,
            "pix_fmt": "yuv411p",
            "sample_aspect_ratio": "8:9",
            "pict_type": "I",
            "interlaced_frame": 1,
            "top_field_first": 0,
            "repeat_pict": 0,
            "chroma_location": "topleft"
        },
        {
            "media_type": "video",
            "stream_index": 0,
            "key_frame": 1,
            "pts": 292,
            "pts_time": "9.742609",
            "pkt_dts": 292,
            "pkt_dts_time": "9.742609",
            "best_effort_timestamp": 292,
            "best_effort_timestamp_time": "9.742609",
            "duration": 1,
            "duration_time": "0.033365",
            "pkt_pos": "37029012",
            "pkt_size": "120000",
            "width": 720,
            "height": 480,
            "crop_top": 0,
            "crop_bottom": 0,
            "crop_left": 0,
            "crop_right": 0,
            "pix_fmt": "yuv411p",
            "sample_aspect_ratio": "8:9",
            "pict_type": "I",
            "interlaced_frame": 1,
            "top_field_first": 0,
            "repeat_pict": 0,
            "chroma_location": "topleft"
        },
        {
            "media_type": "video",
            "stream_index": 0,
            "key_frame": 1,
            "pts": 293,
            "pts_time": "9.775974",
            "pkt_dts": 293,
            "pkt_dts_time": "9.775974",
            "best_effort_timestamp": 293,
            "best_effort_timestamp_time": "9.775974",
            "duration": 1,
            "duration_time": "0.033365",
            "pkt_pos": "37149020",
            "pkt_size": "120000",
            "width": 720,
            "height": 480,
            "crop_top": 0,
            "crop_bottom": 0,
            "crop_left": 0,
            "crop_right": 0,
            "pix_fmt": "yuv411p",
            "sample_aspect_ratio": "8:9",
            "pict_type": "I",
            "interlaced_frame": 1,
            "top_field_first": 0,
            "repeat_pict": 0,
            "chroma_location": "topleft"
        },
        {
            "media_type": "video",
            "stream_index": 0,
            "key_frame": 1,
            "pts": 294,
            "pts_time": "9.809339",
            "pkt_dts": 294,
            "pkt_dts_time": "9.809339",
            "best_effort_timestamp": 294,
            "best_effort_timestamp_time": "9.809339",
            "duration": 1,
            "duration_time": "0.033365",
            "pkt_pos": "37269028",
            "pkt_size": "120000",
            "width": 720,
            "height": 480,
            "crop_top": 0,
            "crop_bottom": 0,
            "crop_left": 0,
            "crop_right": 0,
            "pix_fmt": "yuv411p",
            "sample_aspect_ratio": "8:9",
            "pict_type": "I",
            "interlaced_frame": 1,
            "top_field_first": 0,
            "repeat_pict": 0,
            "chroma_location": "topleft"
        },
        {
            "media_type": "video",
            "stream_index": 0,
            "key_frame": 1,
            "pts": 295,
            "pts_time": "9.842704",
            "pkt_dts": 295,
            "pkt_dts_time": "9.842704",
            "best_effort_timestamp": 295,
            "best_effort_timestamp_time": "9.842704",
            "duration": 1,
            "duration_time": "0.033365",
            "pkt_pos": "37389036",
            "pkt_size": "120000",
            "width": 720,
            "height": 480,
            "crop_top": 0,
            "crop_bottom": 0,
            "crop_left": 0,
            "crop_right": 0,
            "pix_fmt": "yuv411p",
            "sample_aspect_ratio": "8:9",
            "pict_type": "I",
            "interlaced_frame": 1,
            "top_field_first": 0,
            "repeat_pict": 0,
            "chroma_location": "topleft"
        },
        {
            "media_type": "video",
            "stream_index": 0,
            "key_frame": 1,
            "pts": 296,
            "pts_time": "9.876070",
            "pkt_dts": 296,
            "pkt_dts_time": "9.876070",
            "best_effort_timestamp": 296,
            "best_effort_timestamp_time": "9.876070",
            "duration": 1,
            "duration_time": "0.033365",
            "pkt_pos": "37509044",
            "pkt_size": "120000",
            "width": 720,
            "height": 480,
            "crop_top": 0,
            "crop_bottom": 0,
            "crop_left": 0,
            "crop_right": 0,
            "pix_fmt": "yuv411p",
            "sample_aspect_ratio": "8:9",
            "pict_type": "I",
            "interlaced_frame": 1,
            "top_field_first": 0,
            "repeat_pict": 0,
            "chroma_location": "topleft"
        },
        {
            "media_type": "video",
            "stream_index": 0,
            "key_frame": 1,
            "pts": 297,
            "pts_time": "9.909435",
            "pkt_dts": 297,
            "pkt_dts_time": "9.909435",
            "best_effort_timestamp": 297,
            "best_effort_timestamp_time": "9.909435",
            "duration": 1,
            "duration_time": "0.033365",
            "pkt_pos": "37629052",
            "pkt_size": "120000",
            "width": 720,
            "height": 480,
            "crop_top": 0,
            "crop_bottom": 0,
            "crop_left": 0,
            "crop_right": 0,
            "pix_fmt": "yuv411p",
            "sample_aspect_ratio": "8:9",
            "pict_type": "I",
            "interlaced_frame": 1,
            "top_field_first": 0,
            "repeat_pict": 0,
            "chroma_location": "topleft"
        },
        {
            "media_type": "video",
            "stream_index": 0,
            "key_frame": 1,
            "pts": 298,
            "pts_time": "9.942800",
            "pkt_dts": 298,
            "pkt_dts_time": "9.942800",
            "best_effort_timestamp": 298,
            "best_effort_timestamp_time": "9.942800",
            "duration": 1,
            "duration_time": "0.033365",
            "pkt_pos": "37749060",
            "pkt_size": "120000",
            "width": 720,
            "height": 480,
            "crop_top": 0,
            "crop_bottom": 0,
            "crop_left": 0,
            "crop_right": 0,
            "pix_fmt": "yuv411p",
            "sample_aspect_ratio": "8:9",
            "pict_type": "I",
            "interlaced_frame": 1,
            "top_field_first": 0,
            "repeat_pict": 0,
            "chroma_location": "topleft"
        },
        {
            "media_type": "video",
            "stream_index": 0,
            "key_frame": 1,
            "pts": 299,
            "pts_time": "9.976165",
            "pkt_dts": 299,
            "pkt_dts_time": "9.976165",
            "best_effort_timestamp": 299,
            "best_effort_timestamp_time": "9.976165",
            "duration": 1,
            "duration_time": "0.033365",
            "pkt_pos": "37869068",
            "pkt_size": "120000",
            "width": 720,
            "height": 480,
            "crop_top": 0,
            "crop_bottom": 0,
            "crop_left": 0,
            "crop_right": 0,
            "pix_fmt": "yuv411p",
            "sample_aspect_ratio": "8:9",
            "pict_type": "I",
            "interlaced_frame": 1,
            "top_field_first": 0,
            "repeat_pict": 0,
            "chroma_location": "topleft"
        },
        {
            "media_type": "video",
            "stream_index": 0,
            "key_frame": 1,
            "pts": 300,
            "pts_time": "10.009530",
            "pkt_dts": 300,
            "pkt_dts_time": "10.009530",
            "best_effort_timestamp": 300,
            "best_effort_timestamp_time": "10.009530",
            "duration": 1,
            "duration_time": "0.033365",
            "pkt_pos": "37989076",
            "pkt_size": "120000",
            "width": 720,
            "height": 480,
            "crop_top": 0,
            "crop_bottom": 0,
            "crop_left": 0,
            "crop_right": 0,
            "pix_fmt": "yuv411p",
            "sample_aspect_ratio": "8:9",
            "pict_type": "I",
            "interlaced_frame": 1,
            "top_field_first": 0,
            "repeat_pict": 0,
            "chroma_location": "topleft"
        },
        {
            "media_type": "video",
            "stream_index": 0,
            "key_frame": 1,
            "pts": 301,
            "pts_time": "10.042895",
            "pkt_dts": 301,
            "pkt_dts_time": "10.042895",
            "best_effort_timestamp": 301,
            "best_effort_timestamp_time": "10.042895",
            "duration": 1,
            "duration_time": "0.033365",
            "pkt_pos": "38109084",
            "pkt_size": "120000",
            "width": 720,
            "height": 480,
            "crop_top": 0,
            "crop_bottom": 0,
            "crop_left": 0,
            "crop_right": 0,
            "pix_fmt": "yuv411p",
            "sample_aspect_ratio": "8:9",
            "pict_type": "I",
            "interlaced_frame": 1,
            "top_field_first": 0,
            "repeat_pict": 0,
            "chroma_location": "topleft"
        },
        {
            "media_type": "video",
            "stream_index": 0,
            "key_frame": 1,
            "pts": 302,
            "pts_time": "10.076260",
            "pkt_dts": 302,
            "pkt_dts_time": "10.076260",
            "best_effort_timestamp": 302,
            "best_effort_timestamp_time": "10.076260",
            "duration": 1,
            "duration_time": "0.033365",
            "pkt_pos": "38229092",
            "pkt_size": "120000",
            "width": 720,
            "height": 480,
            "crop_top": 0,
            "crop_bottom": 0,
            "crop_left": 0,
            "crop_right": 0,
            "pix_fmt": "yuv411p",
            "sample_aspect_ratio": "8:9",
            "pict_type": "I",
            "interlaced_frame": 1,
            "top_field_first": 0,
            "repeat_pict": 0,
            "chroma_location": "topleft"
        },
        {
            "media_type": "video",
            "stream_index": 0,
            "key_frame": 1,
            "pts": 303,
            "pts_time": "10.109625",
            "pkt_dts": 303,
            "pkt_dts_time": "10.109625",
            "best_effort_timestamp": 303,
            "best_effort_timestamp_time": "10.109625",
            "duration": 1,
            "duration_time": "0.033365",
            "pkt_pos": "38349100",
            "pkt_size": "120000",
            "width": 720,
            "height": 480,
            "crop_top": 0,
            "crop_bottom": 0,
            "crop_left": 0,
            "crop_right": 0,
            "pix_fmt": "yuv411p",
            "sample_aspect_ratio": "8:9",
            "pict_type": "I",
            "interlaced_frame": 1,
            "top_field_first": 0,
            "repeat_pict": 0,
            "chroma_location": "topleft"
        },
        {
            "media_type": "video",
            "stream_index": 0,
            "key_frame": 1,
            "pts": 304,
            "pts_time": "10.142990",
            "pkt_dts": 304,
            "pkt_dts_time": "10.142990",
            "best_effort_timestamp": 304,
            "best_effort_timestamp_time": "10.142990",
            "duration": 1,
            "duration_time": "0.033365",
            "pkt_pos": "38469108",
            "pkt_size": "120000",
            "width": 720,
            "height": 480,
            "crop_top": 0,
            "crop_bottom": 0,
            "crop_left": 0,
            "crop_right": 0,
            "pix_fmt": "yuv411p",
            "sample_aspect_ratio": "8:9",
            "pict_type": "I",
            "interlaced_frame": 1,
            "top_field_first": 0,
            "repeat_pict": 0,
            "chroma_location": "topleft"
        },
        {
            "media_type": "video",
            "stream_index": 0,
            "key_frame": 1,
            "pts": 305,
            "pts_time": "10.176355",
            "pkt_dts": 305,
            "pkt_dts_time": "10.176355",
            "best_effort_timestamp": 305,
            "best_effort_timestamp_time": "10.176355",
            "duration": 1,
            "duration_time": "0.033365",
            "pkt_pos": "38589116",
            "pkt_size": "120000",
            "width": 720,
            "height": 480,
            "crop_top": 0,
            "crop_bottom": 0,
            "crop_left": 0,
            "crop_right": 0,
            "pix_fmt": "yuv411p",
            "sample_aspect_ratio": "8:9",
            "pict_type": "I",
            "interlaced_frame": 1,
            "top_field_first": 0,
            "repeat_pict": 0,
            "chroma_location": "topleft"
        },
        {
            "media_type": "video",
            "stream_index": 0,
            "key_frame": 1,
            "pts": 306,
            "pts_time": "10.209721",
            "pkt_dts": 306,
            "pkt_dts_time": "10.209721",
            "best_effort_timestamp": 306,
            "best_effort_timestamp_time": "10.209721",
            "duration": 1,
            "duration_time": "0.033365",
            "pkt_pos": "38709124",
            "pkt_size": "120000",
            "width": 720,
            "height": 480,
            "crop_top": 0,
            "crop_bottom": 0,
            "crop_left": 0,
            "crop_right": 0,
            "pix_fmt": "yuv411p",
            "sample_aspect_ratio": "8:9",
            "pict_type": "I",
            "interlaced_frame": 1,
            "top_field_first": 0,
            "repeat_pict": 0,
            "chroma_location": "topleft"
        },
        {
            "media_type": "video",
            "stream_index": 0,
            "key_frame": 1,
            "pts": 307,
            "pts_time": "10.243086",
            "pkt_dts": 307,
            "pkt_dts_time": "10.243086",
            "best_effort_timestamp": 307,
            "best_effort_timestamp_time": "10.243086",
            "duration": 1,
            "duration_time": "0.033365",
            "pkt_pos": "38829132",
            "pkt_size": "120000",
            "width": 720,
            "height": 480,
            "crop_top": 0,
            "crop_bottom": 0,
            "crop_left": 0,
            "crop_right": 0,
            "pix_fmt": "yuv411p",
            "sample_aspect_ratio": "8:9",
            "pict_type": "I",
            "interlaced_frame": 1,
            "top_field_first": 0,
            "repeat_pict": 0,
            "chroma_location": "topleft"
        },
        {
            "media_type": "video",
            "stream_index": 0,
            "key_frame": 1,
            "pts": 308,
            "pts_time": "10.276451",
            "pkt_dts": 308,
            "pkt_dts_time": "10.276451",
            "best_effort_timestamp": 308,
            "best_effort_timestamp_time": "10.276451",
            "duration": 1,
            "duration_time": "0.033365",
            "pkt_pos": "38949140",
            "pkt_size": "120000",
            "width": 720,
            "height": 480,
            "crop_top": 0,
            "crop_bottom": 0,
            "crop_left": 0,
            "crop_right": 0,
            "pix_fmt": "yuv411p",
            "sample_aspect_ratio": "8:9",
            "pict_type": "I",
            "interlaced_frame": 1,
            "top_field_first": 0,
            "repeat_pict": 0,
            "chroma_location": "topleft"
        },
        {
            "media_type": "video",
            "stream_index": 0,
            "key_frame": 1,
            "pts": 309,
            "pts_time": "10.309816",
            "pkt_dts": 309,
            "pkt_dts_time": "10.309816",
            "best_effort_timestamp": 309,
            "best_effort_timestamp_time": "10.309816",
            "duration": 1,
            "duration_time": "0.033365",
            "pkt_pos": "39069148",
            "pkt_size": "120000",
            "width": 720,
            "height": 480,
            "crop_top": 0,
            "crop_bottom": 0,
            "crop_left": 0,
            "crop_right": 0,
            "pix_fmt": "yuv411p",
            "sample_aspect_ratio": "8:9",
            "pict_type": "I",
            "interlaced_frame": 1,
            "top_field_first": 0,
            "repeat_pict": 0,
            "chroma_location": "topleft"
        },
        {
            "media_type": "video",
            "stream_index": 0,
            "key_frame": 1,
            "pts": 310,
            "pts_time": "10.343181",
            "pkt_dts": 310,
            "pkt_dts_time": "10.343181",
            "best_effort_timestamp": 310,
            "best_effort_timestamp_time": "10.343181",
            "duration": 1,
            "duration_time": "0.033365",
            "pkt_pos": "39189156",
            "pkt_size": "120000",
            "width": 720,
            "height": 480,
            "crop_top": 0,
            "crop_bottom": 0,
            "crop_left": 0,
            "crop_right": 0,
            "pix_fmt": "yuv411p",
            "sample_aspect_ratio": "8:9",
            "pict_type": "I",
            "interlaced_frame": 1,
            "top_field_first": 0,
            "repeat_pict": 0,
            "chroma_location": "topleft"
        },
        {
            "media_type": "video",
            "stream_index": 0,
            "key_frame": 1,
            "pts": 311,
            "pts_time": "10.376546",
            "pkt_dts": 311,
            "pkt_dts_time": "10.376546",
            "best_effort_timestamp": 311,
            "best_effort_timestamp_time": "10.376546",
            "duration": 1,
            "duration_time": "0.033365",
            "pkt_pos": "39309164",
            "pkt_size": "120000",
            "width": 720,
            "height": 480,
            "crop_top": 0,
            "crop_bottom": 0,
            "crop_left": 0,
            "crop_right": 0,
            "pix_fmt": "yuv411p",
            "sample_aspect_ratio": "8:9",
            "pict_type": "I",
            "interlaced_frame": 1,
            "top_field_first": 0,
            "repeat_pict": 0,
            "chroma_location": "topleft"
        },
        {
            "media_type": "video",
            "stream_index": 0,
            "key_frame": 1,
            "pts": 312,
            "pts_time": "10.409911",
            "pkt_dts": 312,
            "pkt_dts_time": "10.409911",
            "best_effort_timestamp": 312,
            "best_effort_timestamp_time": "10.409911",
            "duration": 1,
            "duration_time": "0.033365",
            "pkt_pos": "39429172",
            "pkt_size": "120000",
            "width": 720,
            "height": 480,
            "crop_top": 0,
            "crop_bottom": 0,
            "crop_left": 0,
            "crop_right": 0,
            "pix_fmt": "yuv411p",
            "sample_aspect_ratio": "8:9",
            "pict_type": "I",
            "interlaced_frame": 1,
            "top_field_first": 0,
            "repeat_pict": 0,
            "chroma_location": "topleft"
        },
        {
            "media_type": "video",
            "stream_index": 0,
            "key_frame": 1,
            "pts": 313,
            "pts_time": "10.443276",
            "pkt_dts": 313,
            "pkt_dts_time": "10.443276",
            "best_effort_timestamp": 313,
            "best_effort_timestamp_time": "10.443276",
            "duration": 1,
            "duration_time": "0.033365",
            "pkt_pos": "39549180",
            "pkt_size": "120000",
            "width": 720,
            "height": 480,
            "crop_top": 0,
            "crop_bottom": 0,
            "crop_left": 0,
            "crop_right": 0,
            "pix_fmt": "yuv411p",
            "sample_aspect_ratio": "8:9",
            "pict_type": "I",
            "interlaced_frame": 1,
            "top_field_first": 0,
            "repeat_pict": 0,
            "chroma_location": "topleft"
        },
        {
            "media_type": "video",
            "stream_index": 0,
            "key_frame": 1,
            "pts": 314,
            "pts_time": "10.476641",
            "pkt_dts": 314,
            "pkt_dts_time": "10.476641",
            "best_effort_timestamp": 314,
            "best_effort_timestamp_time": "10.476641",
            "duration": 1,
            "duration_time": "0.033365",
            "pkt_pos": "39669188",
            "pkt_size": "120000",
            "width": 720,
            "height": 480,
            "crop_top": 0,
            "crop_bottom": 0,
            "crop_left": 0,
            "crop_right": 0,
            "pix_fmt": "yuv411p",
            "sample_aspect_ratio": "8:9",
            "pict_type": "I",
            "interlaced_frame": 1,
            "top_field_first": 0,
            "repeat_pict": 0,
            "chroma_location": "topleft"
        },
        {
            "media_type": "video",
            "stream_index": 0,
            "key_frame": 1,
            "pts": 315,
            "pts_time": "10.510007",
            "pkt_dts": 315,
            "pkt_dts_time": "10.510007",
            "best_effort_timestamp": 315,
            "best_effort_timestamp_time": "10.510007",
            "duration": 1,
            "duration_time": "0.033365",
            "pkt_pos": "39789196",
            "pkt_size": "120000",
            "width": 720,
            "height": 480,
            "crop_top": 0,
            "crop_bottom": 0,
            "crop_left": 0,
            "crop_right": 0,
            "pix_fmt": "yuv411p",
            "sample_aspect_ratio": "8:9",
            "pict_type": "I",
            "interlaced_frame": 1,
            "top_field_first": 0,
            "repeat_pict": 0,
            "chroma_location": "topleft"
        },
        {
            "media_type": "video",
            "stream_index": 0,
            "key_frame": 1,
            "pts": 316,
            "pts_time": "10.543372",
            "pkt_dts": 316,
            "pkt_dts_time": "10.543372",
            "best_effort_timestamp": 316,
            "best_effort_timestamp_time": "10.543372",
            "duration": 1,
            "duration_time": "0.033365",
            "pkt_pos": "39909204",
            "pkt_size": "120000",
            "width": 720,
            "height": 480,
            "crop_top": 0,
            "crop_bottom": 0,
            "crop_left": 0,
            "crop_right": 0,
            "pix_fmt": "yuv411p",
            "sample_aspect_ratio": "8:9",
            "pict_type": "I",
            "interlaced_frame": 1,
            "top_field_first": 0,
            "repeat_pict": 0,
            "chroma_location": "topleft"
        },
        {
            "media_type": "video",
            "stream_index": 0,
            "key_frame": 1,
            "pts": 317,
            "pts_time": "10.576737",
            "pkt_dts": 317,
            "pkt_dts_time": "10.576737",
            "best_effort_timestamp": 317,
            "best_effort_timestamp_time": "10.576737",
            "duration": 1,
            "duration_time": "0.033365",
            "pkt_pos": "40029212",
            "pkt_size": "120000",
            "width": 720,
            "height": 480,
            "crop_top": 0,
            "crop_bottom": 0,
            "crop_left": 0,
            "crop_right": 0,
            "pix_fmt": "yuv411p",
            "sample_aspect_ratio": "8:9",
            "pict_type": "I",
            "interlaced_frame": 1,
            "top_field_first": 0,
            "repeat_pict": 0,
            "chroma_location": "topleft"
        },
        {
            "media_type": "video",
            "stream_index": 0,
            "key_frame": 1,
            "pts": 318,
            "pts_time": "10.610102",
            "pkt_dts": 318,
            "pkt_dts_time": "10.610102",
            "best_effort_timestamp": 318,
            "best_effort_timestamp_time": "10.610102",
            "duration": 1,
            "duration_time": "0.033365",
            "pkt_pos": "40149220",
            "pkt_size": "120000",
            "width": 720,
            "height": 480,
            "crop_top": 0,
            "crop_bottom": 0,
            "crop_left": 0,
            "crop_right": 0,
            "pix_fmt": "yuv411p",
            "sample_aspect_ratio": "8:9",
            "pict_type": "I",
            "interlaced_frame": 1,
            "top_field_first": 0,
            "repeat_pict": 0,
            "chroma_location": "topleft"
        },
        {
            "media_type": "video",
            "stream_index": 0,
            "key_frame": 1,
            "pts": 319,
            "pts_time": "10.643467",
            "pkt_dts": 319,
            "pkt_dts_time": "10.643467",
            "best_effort_timestamp": 319,
            "best_effort_timestamp_time": "10.643467",
            "duration": 1,
            "duration_time": "0.033365",
            "pkt_pos": "40455020",
            "pkt_size": "120000",
            "width": 720,
            "height": 480,
            "crop_top": 0,
            "crop_bottom": 0,
            "crop_left": 0,
            "crop_right": 0,
            "pix_fmt": "yuv411p",
            "sample_aspect_ratio": "8:9",
            "pict_type": "I",
            "interlaced_frame": 1,
            "top_field_first": 0,
            "repeat_pict": 0,
            "chroma_location": "topleft"
        },
        {
            "media_type": "video",
            "stream_index": 0,
            "key_frame": 1,
            "pts": 320,
            "pts_time": "10.676832",
            "pkt_dts": 320,
            "pkt_dts_time": "10.676832",
            "best_effort_timestamp": 320,
            "best_effort_timestamp_time": "10.676832",
            "duration": 1,
            "duration_time": "0.033365",
            "pkt_pos": "40575028",
            "pkt_size": "120000",
            "width": 720,
            "height": 480,
            "crop_top": 0,
            "crop_bottom": 0,
            "crop_left": 0,
            "crop_right": 0,
            "pix_fmt": "yuv411p",
            "sample_aspect_ratio": "8:9",
            "pict_type": "I",
            "interlaced_frame": 1,
            "top_field_first": 0,
            "repeat_pict": 0,
            "chroma_location": "topleft"
        },
        {
            "media_type": "video",
            "stream_index": 0,
            "key_frame": 1,
            "pts": 321,
            "pts_time": "10.710197",
            "pkt_dts": 321,
            "pkt_dts_time": "10.710197",
            "best_effort_timestamp": 321,
            "best_effort_timestamp_time": "10.710197",
            "duration": 1,
            "duration_time": "0.033365",
            "pkt_pos": "40695036",
            "pkt_size": "120000",
            "width": 720,
            "height": 480,
            "crop_top": 0,
            "crop_bottom": 0,
            "crop_left": 0,
            "crop_right": 0,
            "pix_fmt": "yuv411p",
            "sample_aspect_ratio": "8:9",
            "pict_type": "I",
            "interlaced_frame": 1,
            "top_field_first": 0,
            "repeat_pict": 0,
            "chroma_location": "topleft"
        },
        {
            "media_type": "video",
            "stream_index": 0,
            "key_frame": 1,
            "pts": 322,
            "pts_time": "10.743562",
            "pkt_dts": 322,
            "pkt_dts_time": "10.743562",
            "best_effort_timestamp": 322,
            "best_effort_timestamp_time": "10.743562",
            "duration": 1,
            "duration_time": "0.033365",
            "pkt_pos": "40815044",
            "pkt_size": "120000",
            "width": 720,
            "height": 480,
            "crop_top": 0,
            "crop_bottom": 0,
            "crop_left": 0,
            "crop_right": 0,
            "pix_fmt": "yuv411p",
            "sample_aspect_ratio": "8:9",
            "pict_type": "I",
            "interlaced_frame": 1,
            "top_field_first": 0,
            "repeat_pict": 0,
            "chroma_location": "topleft"
        },
        {
            "media_type": "video",
            "stream_index": 0,
            "key_frame": 1,
            "pts": 323,
            "pts_time": "10.776927",
            "pkt_dts": 323,
            "pkt_dts_time": "10.776927",
            "best_effort_timestamp": 323,
            "best_effort_timestamp_time": "10.776927",
            "duration": 1,
            "duration_time": "0.033365",
            "pkt_pos": "40935052",
            "pkt_size": "120000",
            "width": 720,
            "height": 480,
            "crop_top": 0,
            "crop_bottom": 0,
            "crop_left": 0,
            "crop_right": 0,
            "pix_fmt": "yuv411p",
            "sample_aspect_ratio": "8:9",
            "pict_type": "I",
            "interlaced_frame": 1,
            "top_field_first": 0,
            "repeat_pict": 0,
            "chroma_location": "topleft"
        },
        {
            "media_type": "video",
            "stream_index": 0,
            "key_frame": 1,
            "pts": 324,
            "pts_time": "10.810292",
            "pkt_dts": 324,
            "pkt_dts_time": "10.810292",
            "best_effort_timestamp": 324,
            "best_effort_timestamp_time": "10.810292",
            "duration": 1,
            "duration_time": "0.033365",
            "pkt_pos": "41055060",
            "pkt_size": "120000",
            "width": 720,
            "height": 480,
            "crop_top": 0,
            "crop_bottom": 0,
            "crop_left": 0,
            "crop_right": 0,
            "pix_fmt": "yuv411p",
            "sample_aspect_ratio": "8:9",
            "pict_type": "I",
            "interlaced_frame": 1,
            "top_field_first": 0,
            "repeat_pict": 0,
            "chroma_location": "topleft"
        },
        {
            "media_type": "video",
            "stream_index": 0,
            "key_frame": 1,
            "pts": 325,
            "pts_time": "10.843658",
            "pkt_dts": 325,
            "pkt_dts_time": "10.843658",
            "best_effort_timestamp": 325,
            "best_effort_timestamp_time": "10.843658",
            "duration": 1,
            "duration_time": "0.033365",
            "pkt_pos": "41175068",
            "pkt_size": "120000",
            "width": 720,
            "height": 480,
            "crop_top": 0,
            "crop_bottom": 0,
            "crop_left": 0,
            "crop_right": 0,
            "pix_fmt": "yuv411p",
            "sample_aspect_ratio": "8:9",
            "pict_type": "I",
            "interlaced_frame": 1,
            "top_field_first": 0,
            "repeat_pict": 0,
            "chroma_location": "topleft"
        },
        {
            "media_type": "video",
            "stream_index": 0,
            "key_frame": 1,
            "pts": 326,
            "pts_time": "10.877023",
            "pkt_dts": 326,
            "pkt_dts_time": "10.877023",
            "best_effort_timestamp": 326,
            "best_effort_timestamp_time": "10.877023",
            "duration": 1,
            "duration_time": "0.033365",
            "pkt_pos": "41295076",
            "pkt_size": "120000",
            "width": 720,
            "height": 480,
            "crop_top": 0,
            "crop_bottom": 0,
            "crop_left": 0,
            "crop_right": 0,
            "pix_fmt": "yuv411p",
            "sample_aspect_ratio": "8:9",
            "pict_type": "I",
            "interlaced_frame": 1,
            "top_field_first": 0,
            "repeat_pict": 0,
            "chroma_location": "topleft"
        },
        {
            "media_type": "video",
            "stream_index": 0,
            "key_frame": 1,
            "pts": 327,
            "pts_time": "10.910388",
            "pkt_dts": 327,
            "pkt_dts_time": "10.910388",
            "best_effort_timestamp": 327,
            "best_effort_timestamp_time": "10.910388",
            "duration": 1,
            "duration_time": "0.033365",
            "pkt_pos": "41415084",
            "pkt_size": "120000",
            "width": 720,
            "height": 480,
            "crop_top": 0,
            "crop_bottom": 0,
            "crop_left": 0,
            "crop_right": 0,
            "pix_fmt": "yuv411p",
            "sample_aspect_ratio": "8:9",
            "pict_type": "I",
            "interlaced_frame": 1,
            "top_field_first": 0,
            "repeat_pict": 0,
            "chroma_location": "topleft"
        },
        {
            "media_type": "video",
            "stream_index": 0,
            "key_frame": 1,
            "pts": 328,
            "pts_time": "10.943753",
            "pkt_dts": 328,
            "pkt_dts_time": "10.943753",
            "best_effort_timestamp": 328,
            "best_effort_timestamp_time": "10.943753",
            "duration": 1,
            "duration_time": "0.033365",
            "pkt_pos": "41535092",
            "pkt_size": "120000",
            "width": 720,
            "height": 480,
            "crop_top": 0,
            "crop_bottom": 0,
            "crop_left": 0,
            "crop_right": 0,
            "pix_fmt": "yuv411p",
            "sample_aspect_ratio": "8:9",
            "pict_type": "I",
            "interlaced_frame": 1,
            "top_field_first": 0,
            "repeat_pict": 0,
            "chroma_location": "topleft"
        },
        {
            "media_type": "video",
            "stream_index": 0,
            "key_frame": 1,
            "pts": 329,
            "pts_time": "10.977118",
            "pkt_dts": 329,
            "pkt_dts_time": "10.977118",
            "best_effort_timestamp": 329,
            "best_effort_timestamp_time": "10.977118",
            "duration": 1,
            "duration_time": "0.033365",
            "pkt_pos": "41655100",
            "pkt_size": "120000",
            "width": 720,
            "height": 480,
            "crop_top": 0,
            "crop_bottom": 0,
            "crop_left": 0,
            "crop_right": 0,
            "pix_fmt": "yuv411p",
            "sample_aspect_ratio": "8:9",
            "pict_type": "I",
            "interlaced_frame": 1,
            "top_field_first": 0,
            "repeat_pict": 0,
            "chroma_location": "topleft"
        },
        {
            "media_type": "video",
            "stream_index": 0,
            "key_frame": 1,
            "pts": 330,
            "pts_time": "11.010483",
            "pkt_dts": 330,
            "pkt_dts_time": "11.010483",
            "best_effort_timestamp": 330,
            "best_effort_timestamp_time": "11.010483",
            "duration": 1,
            "duration_time": "0.033365",
            "pkt_pos": "41775108",
            "pkt_size": "120000",
            "width": 720,
            "height": 480,
            "crop_top": 0,
            "crop_bottom": 0,
            "crop_left": 0,
            "crop_right": 0,
            "pix_fmt": "yuv411p",
            "sample_aspect_ratio": "8:9",
            "pict_type": "I",
            "interlaced_frame": 1,
            "top_field_first": 0,
            "repeat_pict": 0,
            "chroma_location": "topleft"
        },
        {
            "media_type": "video",
            "stream_index": 0,
            "key_frame": 1,
            "pts": 331,
            "pts_time": "11.043848",
            "pkt_dts": 331,
            "pkt_dts_time": "11.043848",
            "best_effort_timestamp": 331,
            "best_effort_timestamp_time": "11.043848",
            "duration": 1,
            "duration_time": "0.033365",
            "pkt_pos": "41895116",
            "pkt_size": "120000",
            "width": 720,
            "height": 480,
            "crop_top": 0,
            "crop_bottom": 0,
            "crop_left": 0,
            "crop_right": 0,
            "pix_fmt": "yuv411p",
            "sample_aspect_ratio": "8:9",
            "pict_type": "I",
            "interlaced_frame": 1,
            "top_field_first": 0,
            "repeat_pict": 0,
            "chroma_location": "topleft"
        },
        {
            "media_type": "video",
            "stream_index": 0,
            "key_frame": 1,
            "pts": 332,
            "pts_time": "11.077213",
            "pkt_dts": 332,
            "pkt_dts_time": "11.077213",
            "best_effort_timestamp": 332,
            "best_effort_timestamp_time": "11.077213",
            "duration": 1,
            "duration_time": "0.033365",
            "pkt_pos": "42015124",
            "pkt_size": "120000",
            "width": 720,
            "height": 480,
            "crop_top": 0,
            "crop_bottom": 0,
            "crop_left": 0,
            "crop_right": 0,
            "pix_fmt": "yuv411p",
            "sample_aspect_ratio": "8:9",
            "pict_type": "I",
            "interlaced_frame": 1,
            "top_field_first": 0,
            "repeat_pict": 0,
            "chroma_location": "topleft"
        },
        {
            "media_type": "video",
            "stream_index": 0,
            "key_frame": 1,
            "pts": 333,
            "pts_time": "11.110578",
            "pkt_dts": 333,
            "pkt_dts_time": "11.110578",
            "best_effort_timestamp": 333,
            "best_effort_timestamp_time": "11.110578",
            "duration": 1,
            "duration_time": "0.033365",
            "pkt_pos": "42135132",
            "pkt_size": "120000",
            "width": 720,
            "height": 480,
            "crop_top": 0,
            "crop_bottom": 0,
            "crop_left": 0,
            "crop_right": 0,
            "pix_fmt": "yuv411p",
            "sample_aspect_ratio": "8:9",
            "pict_type": "I",
            "interlaced_frame": 1,
            "top_field_first": 0,
            "repeat_pict": 0,
            "chroma_location": "topleft"
        },
        {
            "media_type": "video",
            "stream_index": 0,
            "key_frame": 1,
            "pts": 334,
            "pts_time": "11.143943",
            "pkt_dts": 334,
            "pkt_dts_time": "11.143943",
            "best_effort_timestamp": 334,
            "best_effort_timestamp_time": "11.143943",
            "duration": 1,
            "duration_time": "0.033365",
            "pkt_pos": "42255140",
            "pkt_size": "120000",
            "width": 720,
            "height": 480,
            "crop_top": 0,
            "crop_bottom": 0,
            "crop_left": 0,
            "crop_right": 0,
            "pix_fmt": "yuv411p",
            "sample_aspect_ratio": "8:9",
            "pict_type": "I",
            "interlaced_frame": 1,
            "top_field_first": 0,
            "repeat_pict": 0,
            "chroma_location": "topleft"
        },
        {
            "media_type": "video",
            "stream_index": 0,
            "key_frame": 1,
            "pts": 335,
            "pts_time": "11.177309",
            "pkt_dts": 335,
            "pkt_dts_time": "11.177309",
            "best_effort_timestamp": 335,
            "best_effort_timestamp_time": "11.177309",
            "duration": 1,
            "duration_time": "0.033365",
            "pkt_pos": "42375148",
            "pkt_size": "120000",
            "width": 720,
            "height": 480,
            "crop_top": 0,
            "crop_bottom": 0,
            "crop_left": 0,
            "crop_right": 0,
            "pix_fmt": "yuv411p",
            "sample_aspect_ratio": "8:9",
            "pict_type": "I",
            "interlaced_frame": 1,
            "top_field_first": 0,
            "repeat_pict": 0,
            "chroma_location": "topleft"
        },
        {
            "media_type": "video",
            "stream_index": 0,
            "key_frame": 1,
            "pts": 336,
            "pts_time": "11.210674",
            "pkt_dts": 336,
            "pkt_dts_time": "11.210674",
            "best_effort_timestamp": 336,
            "best_effort_timestamp_time": "11.210674",
            "duration": 1,
            "duration_time": "0.033365",
            "pkt_pos": "42495156",
            "pkt_size": "120000",
            "width": 720,
            "height": 480,
            "crop_top": 0,
            "crop_bottom": 0,
            "crop_left": 0,
            "crop_right": 0,
            "pix_fmt": "yuv411p",
            "sample_aspect_ratio": "8:9",
            "pict_type": "I",
            "interlaced_frame": 1,
            "top_field_first": 0,
            "repeat_pict": 0,
            "chroma_location": "topleft"
        },
        {
            "media_type": "video",
            "stream_index": 0,
            "key_frame": 1,
            "pts": 337,
            "pts_time": "11.244039",
            "pkt_dts": 337,
            "pkt_dts_time": "11.244039",
            "best_effort_timestamp": 337,
            "best_effort_timestamp_time": "11.244039",
            "duration": 1,
            "duration_time": "0.033365",
            "pkt_pos": "42615164",
            "pkt_size": "120000",
            "width": 720,
            "height": 480,
            "crop_top": 0,
            "crop_bottom": 0,
            "crop_left": 0,
            "crop_right": 0,
            "pix_fmt": "yuv411p",
            "sample_aspect_ratio": "8:9",
            "pict_type": "I",
            "interlaced_frame": 1,
            "top_field_first": 0,
            "repeat_pict": 0,
            "chroma_location": "topleft"
        },
        {
            "media_type": "video",
            "stream_index": 0,
            "key_frame": 1,
            "pts": 338,
            "pts_time": "11.277404",
            "pkt_dts": 338,
            "pkt_dts_time": "11.277404",
            "best_effort_timestamp": 338,
            "best_effort_timestamp_time": "11.277404",
            "duration": 1,
            "duration_time": "0.033365",
            "pkt_pos": "42735172",
            "pkt_size": "120000",
            "width": 720,
            "height": 480,
            "crop_top": 0,
            "crop_bottom": 0,
            "crop_left": 0,
            "crop_right": 0,
            "pix_fmt": "yuv411p",
            "sample_aspect_ratio": "8:9",
            "pict_type": "I",
            "interlaced_frame": 1,
            "top_field_first": 0,
            "repeat_pict": 0,
            "chroma_location": "topleft"
        },
        {
            "media_type": "video",
            "stream_index": 0,
            "key_frame": 1,
            "pts": 339,
            "pts_time": "11.310769",
            "pkt_dts": 339,
            "pkt_dts_time": "11.310769",
            "best_effort_timestamp": 339,
            "best_effort_timestamp_time": "11.310769",
            "duration": 1,
            "duration_time": "0.033365",
            "pkt_pos": "42855180",
            "pkt_size": "120000",
            "width": 720,
            "height": 480,
            "crop_top": 0,
            "crop_bottom": 0,
            "crop_left": 0,
            "crop_right": 0,
            "pix_fmt": "yuv411p",
            "sample_aspect_ratio": "8:9",
            "pict_type": "I",
            "interlaced_frame": 1,
            "top_field_first": 0,
            "repeat_pict": 0,
            "chroma_location": "topleft"
        },
        {
            "media_type": "video",
            "stream_index": 0,
            "key_frame": 1,
            "pts": 340,
            "pts_time": "11.344134",
            "pkt_dts": 340,
            "pkt_dts_time": "11.344134",
            "best_effort_timestamp": 340,
            "best_effort_timestamp_time": "11.344134",
            "duration": 1,
            "duration_time": "0.033365",
            "pkt_pos": "42975188",
            "pkt_size": "120000",
            "width": 720,
            "height": 480,
            "crop_top": 0,
            "crop_bottom": 0,
            "crop_left": 0,
            "crop_right": 0,
            "pix_fmt": "yuv411p",
            "sample_aspect_ratio": "8:9",
            "pict_type": "I",
            "interlaced_frame": 1,
            "top_field_first": 0,
            "repeat_pict": 0,
            "chroma_location": "topleft"
        },
        {
            "media_type": "video",
            "stream_index": 0,
            "key_frame": 1,
            "pts": 341,
            "pts_time": "11.377499",
            "pkt_dts": 341,
            "pkt_dts_time": "11.377499",
            "best_effort_timestamp": 341,
            "best_effort_timestamp_time": "11.377499",
            "duration": 1,
            "duration_time": "0.033365",
            "pkt_pos": "43095196",
            "pkt_size": "120000",
            "width": 720,
            "height": 480,
            "crop_top": 0,
            "crop_bottom": 0,
            "crop_left": 0,
            "crop_right": 0,
            "pix_fmt": "yuv411p",
            "sample_aspect_ratio": "8:9",
            "pict_type": "I",
            "interlaced_frame": 1,
            "top_field_first": 0,
            "repeat_pict": 0,
            "chroma_location": "topleft"
        },
        {
            "media_type": "video",
            "stream_index": 0,
            "key_frame": 1,
            "pts": 342,
            "pts_time": "11.410864",
            "pkt_dts": 342,
            "pkt_dts_time": "11.410864",
            "best_effort_timestamp": 342,
            "best_effort_timestamp_time": "11.410864",
            "duration": 1,
            "duration_time": "0.033365",
            "pkt_pos": "43215204",
            "pkt_size": "120000",
            "width": 720,
            "height": 480,
            "crop_top": 0,
            "crop_bottom": 0,
            "crop_left": 0,
            "crop_right": 0,
            "pix_fmt": "yuv411p",
            "sample_aspect_ratio": "8:9",
            "pict_type": "I",
            "interlaced_frame": 1,
            "top_field_first": 0,
            "repeat_pict": 0,
            "chroma_location": "topleft"
        },
        {
            "media_type": "video",
            "stream_index": 0,
            "key_frame": 1,
            "pts": 343,
            "pts_time": "11.444229",
            "pkt_dts": 343,
            "pkt_dts_time": "11.444229",
            "best_effort_timestamp": 343,
            "best_effort_timestamp_time": "11.444229",
            "duration": 1,
            "duration_time": "0.033365",
            "pkt_pos": "43335212",
            "pkt_size": "120000",
            "width": 720,
            "height": 480,
            "crop_top": 0,
            "crop_bottom": 0,
            "crop_left": 0,
            "crop_right": 0,
            "pix_fmt": "yuv411p",
            "sample_aspect_ratio": "8:9",
            "pict_type": "I",
            "interlaced_frame": 1,
            "top_field_first": 0,
            "repeat_pict": 0,
            "chroma_location": "topleft"
        },
        {
            "media_type": "video",
            "stream_index": 0,
            "key_frame": 1,
            "pts": 344,
            "pts_time": "11.477594",
            "pkt_dts": 344,
            "pkt_dts_time": "11.477594",
            "best_effort_timestamp": 344,
            "best_effort_timestamp_time": "11.477594",
            "duration": 1,
            "duration_time": "0.033365",
            "pkt_pos": "43455220",
            "pkt_size": "120000",
            "width": 720,
            "height": 480,
            "crop_top": 0,
            "crop_bottom": 0,
            "crop_left": 0,
            "crop_right": 0,
            "pix_fmt": "yuv411p",
            "sample_aspect_ratio": "8:9",
            "pict_type": "I",
            "interlaced_frame": 1,
            "top_field_first": 0,
            "repeat_pict": 0,
            "chroma_location": "topleft"
        },
        {
            "media_type": "video",
            "stream_index": 0,
            "key_frame": 1,
            "pts": 345,
            "pts_time": "11.510960",
            "pkt_dts": 345,
            "pkt_dts_time": "11.510960",
            "best_effort_timestamp": 345,
            "best_effort_timestamp_time": "11.510960",
            "duration": 1,
            "duration_time": "0.033365",
            "pkt_pos": "43575228",
            "pkt_size": "120000",
            "width": 720,
            "height": 480,
            "crop_top": 0,
            "crop_bottom": 0,
            "crop_left": 0,
            "crop_right": 0,
            "pix_fmt": "yuv411p",
            "sample_aspect_ratio": "8:9",
            "pict_type": "I",
            "interlaced_frame": 1,
            "top_field_first": 0,
            "repeat_pict": 0,
            "chroma_location": "topleft"
        },
        {
            "media_type": "video",
            "stream_index": 0,
            "key_frame": 1,
            "pts": 346,
            "pts_time": "11.544325",
            "pkt_dts": 346,
            "pkt_dts_time": "11.544325",
            "best_effort_timestamp": 346,
            "best_effort_timestamp_time": "11.544325",
            "duration": 1,
            "duration_time": "0.033365",
            "pkt_pos": "43695236",
            "pkt_size": "120000",
            "width": 720,
            "height": 480,
            "crop_top": 0,
            "crop_bottom": 0,
            "crop_left": 0,
            "crop_right": 0,
            "pix_fmt": "yuv411p",
            "sample_aspect_ratio": "8:9",
            "pict_type": "I",
            "interlaced_frame": 1,
            "top_field_first": 0,
            "repeat_pict": 0,
            "chroma_location": "topleft"
        },
        {
            "media_type": "video",
            "stream_index": 0,
            "key_frame": 1,
            "pts": 347,
            "pts_time": "11.577690",
            "pkt_dts": 347,
            "pkt_dts_time": "11.577690",
            "best_effort_timestamp": 347,
            "best_effort_timestamp_time": "11.577690",
            "duration": 1,
            "duration_time": "0.033365",
            "pkt_pos": "43815244",
            "pkt_size": "120000",
            "width": 720,
            "height": 480,
            "crop_top": 0,
            "crop_bottom": 0,
            "crop_left": 0,
            "crop_right": 0,
            "pix_fmt": "yuv411p",
            "sample_aspect_ratio": "8:9",
            "pict_type": "I",
            "interlaced_frame": 1,
            "top_field_first": 0,
            "repeat_pict": 0,
            "chroma_location": "topleft"
        },
        {
            "media_type": "video",
            "stream_index": 0,
            "key_frame": 1,
            "pts": 348,
            "pts_time": "11.611055",
            "pkt_dts": 348,
            "pkt_dts_time": "11.611055",
            "best_effort_timestamp": 348,
            "best_effort_timestamp_time": "11.611055",
            "duration": 1,
            "duration_time": "0.033365",
            "pkt_pos": "44121048",
            "pkt_size": "120000",
            "width": 720,
            "height": 480,
            "crop_top": 0,
            "crop_bottom": 0,
            "crop_left": 0,
            "crop_right": 0,
            "pix_fmt": "yuv411p",
            "sample_aspect_ratio": "8:9",
            "pict_type": "I",
            "interlaced_frame": 1,
            "top_field_first": 0,
            "repeat_pict": 0,
            "chroma_location": "topleft"
        },
        {
            "media_type": "video",
            "stream_index": 0,
            "key_frame": 1,
            "pts": 349,
            "pts_time": "11.644420",
            "pkt_dts": 349,
            "pkt_dts_time": "11.644420",
            "best_effort_timestamp": 349,
            "best_effort_timestamp_time": "11.644420",
            "duration": 1,
            "duration_time": "0.033365",
            "pkt_pos": "44241056",
            "pkt_size": "120000",
            "width": 720,
            "height": 480,
            "crop_top": 0,
            "crop_bottom": 0,
            "crop_left": 0,
            "crop_right": 0,
            "pix_fmt": "yuv411p",
            "sample_aspect_ratio": "8:9",
            "pict_type": "I",
            "interlaced_frame": 1,
            "top_field_first": 0,
            "repeat_pict": 0,
            "chroma_location": "topleft"
        },
        {
            "media_type": "video",
            "stream_index": 0,
            "key_frame": 1,
            "pts": 350,
            "pts_time": "11.677785",
            "pkt_dts": 350,
            "pkt_dts_time": "11.677785",
            "best_effort_timestamp": 350,
            "best_effort_timestamp_time": "11.677785",
            "duration": 1,
            "duration_time": "0.033365",
            "pkt_pos": "44361064",
            "pkt_size": "120000",
            "width": 720,
            "height": 480,
            "crop_top": 0,
            "crop_bottom": 0,
            "crop_left": 0,
            "crop_right": 0,
            "pix_fmt": "yuv411p",
            "sample_aspect_ratio": "8:9",
            "pict_type": "I",
            "interlaced_frame": 1,
            "top_field_first": 0,
            "repeat_pict": 0,
            "chroma_location": "topleft"
        },
        {
            "media_type": "video",
            "stream_index": 0,
            "key_frame": 1,
            "pts": 351,
            "pts_time": "11.711150",
            "pkt_dts": 351,
            "pkt_dts_time": "11.711150",
            "best_effort_timestamp": 351,
            "best_effort_timestamp_time": "11.711150",
            "duration": 1,
            "duration_time": "0.033365",
            "pkt_pos": "44481072",
            "pkt_size": "120000",
            "width": 720,
            "height": 480,
            "crop_top": 0,
            "crop_bottom": 0,
            "crop_left": 0,
            "crop_right": 0,
            "pix_fmt": "yuv411p",
            "sample_aspect_ratio": "8:9",
            "pict_type": "I",
            "interlaced_frame": 1,
            "top_field_first": 0,
            "repeat_pict": 0,
            "chroma_location": "topleft"
        },
        {
            "media_type": "video",
            "stream_index": 0,
            "key_frame": 1,
            "pts": 352,
            "pts_time": "11.744515",
            "pkt_dts": 352,
            "pkt_dts_time": "11.744515",
            "best_effort_timestamp": 352,
            "best_effort_timestamp_time": "11.744515",
            "duration": 1,
            "duration_time": "0.033365",
            "pkt_pos": "44601080",
            "pkt_size": "120000",
            "width": 720,
            "height": 480,
            "crop_top": 0,
            "crop_bottom": 0,
            "crop_left": 0,
            "crop_right": 0,
            "pix_fmt": "yuv411p",
            "sample_aspect_ratio": "8:9",
            "pict_type": "I",
            "interlaced_frame": 1,
            "top_field_first": 0,
            "repeat_pict": 0,
            "chroma_location": "topleft"
        },
        {
            "media_type": "video",
            "stream_index": 0,
            "key_frame": 1,
            "pts": 353,
            "pts_time": "11.777880",
            "pkt_dts": 353,
            "pkt_dts_time": "11.777880",
            "best_effort_timestamp": 353,
            "best_effort_timestamp_time": "11.777880",
            "duration": 1,
            "duration_time": "0.033365",
            "pkt_pos": "44721088",
            "pkt_size": "120000",
            "width": 720,
            "height": 480,
            "crop_top": 0,
            "crop_bottom": 0,
            "crop_left": 0,
            "crop_right": 0,
            "pix_fmt": "yuv411p",
            "sample_aspect_ratio": "8:9",
            "pict_type": "I",
            "interlaced_frame": 1,
            "top_field_first": 0,
            "repeat_pict": 0,
            "chroma_location": "topleft"
        },
        {
            "media_type": "video",
            "stream_index": 0,
            "key_frame": 1,
            "pts": 354,
            "pts_time": "11.811245",
            "pkt_dts": 354,
            "pkt_dts_time": "11.811245",
            "best_effort_timestamp": 354,
            "best_effort_timestamp_time": "11.811245",
            "duration": 1,
            "duration_time": "0.033365",
            "pkt_pos": "44841096",
            "pkt_size": "120000",
            "width": 720,
            "height": 480,
            "crop_top": 0,
            "crop_bottom": 0,
            "crop_left": 0,
            "crop_right": 0,
            "pix_fmt": "yuv411p",
            "sample_aspect_ratio": "8:9",
            "pict_type": "I",
            "interlaced_frame": 1,
            "top_field_first": 0,
            "repeat_pict": 0,
            "chroma_location": "topleft"
        },
        {
            "media_type": "video",
            "stream_index": 0,
            "key_frame": 1,
            "pts": 355,
            "pts_time": "11.844610",
            "pkt_dts": 355,
            "pkt_dts_time": "11.844610",
            "best_effort_timestamp": 355,
            "best_effort_timestamp_time": "11.844610",
            "duration": 1,
            "duration_time": "0.033365",
            "pkt_pos": "44961104",
            "pkt_size": "120000",
            "width": 720,
            "height": 480,
            "crop_top": 0,
            "crop_bottom": 0,
            "crop_left": 0,
            "crop_right": 0,
            "pix_fmt": "yuv411p",
            "sample_aspect_ratio": "8:9",
            "pict_type": "I",
            "interlaced_frame": 1,
            "top_field_first": 0,
            "repeat_pict": 0,
            "chroma_location": "topleft"
        },
        {
            "media_type": "video",
            "stream_index": 0,
            "key_frame": 1,
            "pts": 356,
            "pts_time": "11.877976",
            "pkt_dts": 356,
            "pkt_dts_time": "11.877976",
            "best_effort_timestamp": 356,
            "best_effort_timestamp_time": "11.877976",
            "duration": 1,
            "duration_time": "0.033365",
            "pkt_pos": "45081112",
            "pkt_size": "120000",
            "width": 720,
            "height": 480,
            "crop_top": 0,
            "crop_bottom": 0,
            "crop_left": 0,
            "crop_right": 0,
            "pix_fmt": "yuv411p",
            "sample_aspect_ratio": "8:9",
            "pict_type": "I",
            "interlaced_frame": 1,
            "top_field_first": 0,
            "repeat_pict": 0,
            "chroma_location": "topleft"
        },
        {
            "media_type": "video",
            "stream_index": 0,
            "key_frame": 1,
            "pts": 357,
            "pts_time": "11.911341",
            "pkt_dts": 357,
            "pkt_dts_time": "11.911341",
            "best_effort_timestamp": 357,
            "best_effort_timestamp_time": "11.911341",
            "duration": 1,
            "duration_time": "0.033365",
            "pkt_pos": "45201120",
            "pkt_size": "120000",
            "width": 720,
            "height": 480,
            "crop_top": 0,
            "crop_bottom": 0,
            "crop_left": 0,
            "crop_right": 0,
            "pix_fmt": "yuv411p",
            "sample_aspect_ratio": "8:9",
            "pict_type": "I",
            "interlaced_frame": 1,
            "top_field_first": 0,
            "repeat_pict": 0,
            "chroma_location": "topleft"
        },
        {
            "media_type": "video",
            "stream_index": 0,
            "key_frame": 1,
            "pts": 358,
            "pts_time": "11.944706",
            "pkt_dts": 358,
            "pkt_dts_time": "11.944706",
            "best_effort_timestamp": 358,
            "best_effort_timestamp_time": "11.944706",
            "duration": 1,
            "duration_time": "0.033365",
            "pkt_pos": "45321128",
            "pkt_size": "120000",
            "width": 720,
            "height": 480,
            "crop_top": 0,
            "crop_bottom": 0,
            "crop_left": 0,
            "crop_right": 0,
            "pix_fmt": "yuv411p",
            "sample_aspect_ratio": "8:9",
            "pict_type": "I",
            "interlaced_frame": 1,
            "top_field_first": 0,
            "repeat_pict": 0,
            "chroma_location": "topleft"
        },
        {
            "media_type": "video",
            "stream_index": 0,
            "key_frame": 1,
            "pts": 359,
            "pts_time": "11.978071",
            "pkt_dts": 359,
            "pkt_dts_time": "11.978071",
            "best_effort_timestamp": 359,
            "best_effort_timestamp_time": "11.978071",
            "duration": 1,
            "duration_time": "0.033365",
            "pkt_pos": "45441136",
            "pkt_size": "120000",
            "width": 720,
            "height": 480,
            "crop_top": 0,
            "crop_bottom": 0,
            "crop_left": 0,
            "crop_right": 0,
            "pix_fmt": "yuv411p",
            "sample_aspect_ratio": "8:9",
            "pict_type": "I",
            "interlaced_frame": 1,
            "top_field_first": 0,
            "repeat_pict": 0,
            "chroma_location": "topleft"
        },
        {
            "media_type": "video",
            "stream_index": 0,
            "key_frame": 1,
            "pts": 360,
            "pts_time": "12.011436",
            "pkt_dts": 360,
            "pkt_dts_time": "12.011436",
            "best_effort_timestamp": 360,
            "best_effort_timestamp_time": "12.011436",
            "duration": 1,
            "duration_time": "0.033365",
            "pkt_pos": "45561144",
            "pkt_size": "120000",
            "width": 720,
            "height": 480,
            "crop_top": 0,
            "crop_bottom": 0,
            "crop_left": 0,
            "crop_right": 0,
            "pix_fmt": "yuv411p",
            "sample_aspect_ratio": "8:9",
            "pict_type": "I",
            "interlaced_frame": 1,
            "top_field_first": 0,
            "repeat_pict": 0,
            "chroma_location": "topleft"
        },
        {
            "media_type": "video",
            "stream_index": 0,
            "key_frame": 1,
            "pts": 361,
            "pts_time": "12.044801",
            "pkt_dts": 361,
            "pkt_dts_time": "12.044801",
            "best_effort_timestamp": 361,
            "best_effort_timestamp_time": "12.044801",
            "duration": 1,
            "duration_time": "0.033365",
            "pkt_pos": "45681152",
            "pkt_size": "120000",
            "width": 720,
            "height": 480,
            "crop_top": 0,
            "crop_bottom": 0,
            "crop_left": 0,
            "crop_right": 0,
            "pix_fmt": "yuv411p",
            "sample_aspect_ratio": "8:9",
            "pict_type": "I",
            "interlaced_frame": 1,
            "top_field_first": 0,
            "repeat_pict": 0,
            "chroma_location": "topleft"
        },
        {
            "media_type": "video",
            "stream_index": 0,
            "key_frame": 1,
            "pts": 362,
            "pts_time": "12.078166",
            "pkt_dts": 362,
            "pkt_dts_time": "12.078166",
            "best_effort_timestamp": 362,
            "best_effort_timestamp_time": "12.078166",
            "duration": 1,
            "duration_time": "0.033365",
            "pkt_pos": "45801160",
            "pkt_size": "120000",
            "width": 720,
            "height": 480,
            "crop_top": 0,
            "crop_bottom": 0,
            "crop_left": 0,
            "crop_right": 0,
            "pix_fmt": "yuv411p",
            "sample_aspect_ratio": "8:9",
            "pict_type": "I",
            "interlaced_frame": 1,
            "top_field_first": 0,
            "repeat_pict": 0,
            "chroma_location": "topleft"
        },
        {
            "media_type": "video",
            "stream_index": 0,
            "key_frame": 1,
            "pts": 363,
            "pts_time": "12.111531",
            "pkt_dts": 363,
            "pkt_dts_time": "12.111531",
            "best_effort_timestamp": 363,
            "best_effort_timestamp_time": "12.111531",
            "duration": 1,
            "duration_time": "0.033365",
            "pkt_pos": "45921168",
            "pkt_size": "120000",
            "width": 720,
            "height": 480,
            "crop_top": 0,
            "crop_bottom": 0,
            "crop_left": 0,
            "crop_right": 0,
            "pix_fmt": "yuv411p",
            "sample_aspect_ratio": "8:9",
            "pict_type": "I",
            "interlaced_frame": 1,
            "top_field_first": 0,
            "repeat_pict": 0,
            "chroma_location": "topleft"
        },
        {
            "media_type": "video",
            "stream_index": 0,
            "key_frame": 1,
            "pts": 364,
            "pts_time": "12.144896",
            "pkt_dts": 364,
            "pkt_dts_time": "12.144896",
            "best_effort_timestamp": 364,
            "best_effort_timestamp_time": "12.144896",
            "duration": 1,
            "duration_time": "0.033365",
            "pkt_pos": "46041176",
            "pkt_size": "120000",
            "width": 720,
            "height": 480,
            "crop_top": 0,
            "crop_bottom": 0,
            "crop_left": 0,
            "crop_right": 0,
            "pix_fmt": "yuv411p",
            "sample_aspect_ratio": "8:9",
            "pict_type": "I",
            "interlaced_frame": 1,
            "top_field_first": 0,
            "repeat_pict": 0,
            "chroma_location": "topleft"
        },
        {
            "media_type": "video",
            "stream_index": 0,
            "key_frame": 1,
            "pts": 365,
            "pts_time": "12.178262",
            "pkt_dts": 365,
            "pkt_dts_time": "12.178262",
            "best_effort_timestamp": 365,
            "best_effort_timestamp_time": "12.178262",
            "duration": 1,
            "duration_time": "0.033365",
            "pkt_pos": "46161184",
            "pkt_size": "120000",
            "width": 720,
            "height": 480,
            "crop_top": 0,
            "crop_bottom": 0,
            "crop_left": 0,
            "crop_right": 0,
            "pix_fmt": "yuv411p",
            "sample_aspect_ratio": "8:9",
            "pict_type": "I",
            "interlaced_frame": 1,
            "top_field_first": 0,
            "repeat_pict": 0,
            "chroma_location": "topleft"
        },
        {
            "media_type": "video",
            "stream_index": 0,
            "key_frame": 1,
            "pts": 366,
            "pts_time": "12.211627",
            "pkt_dts": 366,
            "pkt_dts_time": "12.211627",
            "best_effort_timestamp": 366,
            "best_effort_timestamp_time": "12.211627",
            "duration": 1,
            "duration_time": "0.033365",
            "pkt_pos": "46281192",
            "pkt_size": "120000",
            "width": 720,
            "height": 480,
            "crop_top": 0,
            "crop_bottom": 0,
            "crop_left": 0,
            "crop_right": 0,
            "pix_fmt": "yuv411p",
            "sample_aspect_ratio": "8:9",
            "pict_type": "I",
            "interlaced_frame": 1,
            "top_field_first": 0,
            "repeat_pict": 0,
            "chroma_location": "topleft"
        },
        {
            "media_type": "video",
            "stream_index": 0,
            "key_frame": 1,
            "pts": 367,
            "pts_time": "12.244992",
            "pkt_dts": 367,
            "pkt_dts_time": "12.244992",
            "best_effort_timestamp": 367,
            "best_effort_timestamp_time": "12.244992",
            "duration": 1,
            "duration_time": "0.033365",
            "pkt_pos": "46401200",
            "pkt_size": "120000",
            "width": 720,
            "height": 480,
            "crop_top": 0,
            "crop_bottom": 0,
            "crop_left": 0,
            "crop_right": 0,
            "pix_fmt": "yuv411p",
            "sample_aspect_ratio": "8:9",
            "pict_type": "I",
            "interlaced_frame": 1,
            "top_field_first": 0,
            "repeat_pict": 0,
            "chroma_location": "topleft"
        },
        {
            "media_type": "video",
            "stream_index": 0,
            "key_frame": 1,
            "pts": 368,
            "pts_time": "12.278357",
            "pkt_dts": 368,
            "pkt_dts_time": "12.278357",
            "best_effort_timestamp": 368,
            "best_effort_timestamp_time": "12.278357",
            "duration": 1,
            "duration_time": "0.033365",
            "pkt_pos": "46521208",
            "pkt_size": "120000",
            "width": 720,
            "height": 480,
            "crop_top": 0,
            "crop_bottom": 0,
            "crop_left": 0,
            "crop_right": 0,
            "pix_fmt": "yuv411p",
            "sample_aspect_ratio": "8:9",
            "pict_type": "I",
            "interlaced_frame": 1,
            "top_field_first": 0,
            "repeat_pict": 0,
            "chroma_location": "topleft"
        },
        {
            "media_type": "video",
            "stream_index": 0,
            "key_frame": 1,
            "pts": 369,
            "pts_time": "12.311722",
            "pkt_dts": 369,
            "pkt_dts_time": "12.311722",
            "best_effort_timestamp": 369,
            "best_effort_timestamp_time": "12.311722",
            "duration": 1,
            "duration_time": "0.033365",
            "pkt_pos": "46641216",
            "pkt_size": "120000",
            "width": 720,
            "height": 480,
            "crop_top": 0,
            "crop_bottom": 0,
            "crop_left": 0,
            "crop_right": 0,
            "pix_fmt": "yuv411p",
            "sample_aspect_ratio": "8:9",
            "pict_type": "I",
            "interlaced_frame": 1,
            "top_field_first": 0,
            "repeat_pict": 0,
            "chroma_location": "topleft"
        },
        {
            "media_type": "video",
            "stream_index": 0,
            "key_frame": 1,
            "pts": 370,
            "pts_time": "12.345087",
            "pkt_dts": 370,
            "pkt_dts_time": "12.345087",
            "best_effort_timestamp": 370,
            "best_effort_timestamp_time": "12.345087",
            "duration": 1,
            "duration_time": "0.033365",
            "pkt_pos": "46761224",
            "pkt_size": "120000",
            "width": 720,
            "height": 480,
            "crop_top": 0,
            "crop_bottom": 0,
            "crop_left": 0,
            "crop_right": 0,
            "pix_fmt": "yuv411p",
            "sample_aspect_ratio": "8:9",
            "pict_type": "I",
            "interlaced_frame": 1,
            "top_field_first": 0,
            "repeat_pict": 0,
            "chroma_location": "topleft"
        },
        {
            "media_type": "video",
            "stream_index": 0,
            "key_frame": 1,
            "pts": 371,
            "pts_time": "12.378452",
            "pkt_dts": 371,
            "pkt_dts_time": "12.378452",
            "best_effort_timestamp": 371,
            "best_effort_timestamp_time": "12.378452",
            "duration": 1,
            "duration_time": "0.033365",
            "pkt_pos": "46881232",
            "pkt_size": "120000",
            "width": 720,
            "height": 480,
            "crop_top": 0,
            "crop_bottom": 0,
            "crop_left": 0,
            "crop_right": 0,
            "pix_fmt": "yuv411p",
            "sample_aspect_ratio": "8:9",
            "pict_type": "I",
            "interlaced_frame": 1,
            "top_field_first": 0,
            "repeat_pict": 0,
            "chroma_location": "topleft"
        },
        {
            "media_type": "video",
            "stream_index": 0,
            "key_frame": 1,
            "pts": 372,
            "pts_time": "12.411817",
            "pkt_dts": 372,
            "pkt_dts_time": "12.411817",
            "best_effort_timestamp": 372,
            "best_effort_timestamp_time": "12.411817",
            "duration": 1,
            "duration_time": "0.033365",
            "pkt_pos": "47001240",
            "pkt_size": "120000",
            "width": 720,
            "height": 480,
            "crop_top": 0,
            "crop_bottom": 0,
            "crop_left": 0,
            "crop_right": 0,
            "pix_fmt": "yuv411p",
            "sample_aspect_ratio": "8:9",
            "pict_type": "I",
            "interlaced_frame": 1,
            "top_field_first": 0,
            "repeat_pict": 0,
            "chroma_location": "topleft"
        },
        {
            "media_type": "video",
            "stream_index": 0,
            "key_frame": 1,
            "pts": 373,
            "pts_time": "12.445182",
            "pkt_dts": 373,
            "pkt_dts_time": "12.445182",
            "best_effort_timestamp": 373,
            "best_effort_timestamp_time": "12.445182",
            "duration": 1,
            "duration_time": "0.033365",
            "pkt_pos": "47121248",
            "pkt_size": "120000",
            "width": 720,
            "height": 480,
            "crop_top": 0,
            "crop_bottom": 0,
            "crop_left": 0,
            "crop_right": 0,
            "pix_fmt": "yuv411p",
            "sample_aspect_ratio": "8:9",
            "pict_type": "I",
            "interlaced_frame": 1,
            "top_field_first": 0,
            "repeat_pict": 0,
            "chroma_location": "topleft"
        },
        {
            "media_type": "video",
            "stream_index": 0,
            "key_frame": 1,
            "pts": 374,
            "pts_time": "12.478547",
            "pkt_dts": 374,
            "pkt_dts_time": "12.478547",
            "best_effort_timestamp": 374,
            "best_effort_timestamp_time": "12.478547",
            "duration": 1,
            "duration_time": "0.033365",
            "pkt_pos": "47241256",
            "pkt_size": "120000",
            "width": 720,
            "height": 480,
            "crop_top": 0,
            "crop_bottom": 0,
            "crop_left": 0,
            "crop_right": 0,
            "pix_fmt": "yuv411p",
            "sample_aspect_ratio": "8:9",
            "pict_type": "I",
            "interlaced_frame": 1,
            "top_field_first": 0,
            "repeat_pict": 0,
            "chroma_location": "topleft"
        },
        {
            "media_type": "video",
            "stream_index": 0,
            "key_frame": 1,
            "pts": 375,
            "pts_time": "12.511913",
            "pkt_dts": 375,
            "pkt_dts_time": "12.511913",
            "best_effort_timestamp": 375,
            "best_effort_timestamp_time": "12.511913",
            "duration": 1,
            "duration_time": "0.033365",
            "pkt_pos": "47361264",
            "pkt_size": "120000",
            "width": 720,
            "height": 480,
            "crop_top": 0,
            "crop_bottom": 0,
            "crop_left": 0,
            "crop_right": 0,
            "pix_fmt": "yuv411p",
            "sample_aspect_ratio": "8:9",
            "pict_type": "I",
            "interlaced_frame": 1,
            "top_field_first": 0,
            "repeat_pict": 0,
            "chroma_location": "topleft"
        },
        {
            "media_type": "video",
            "stream_index": 0,
            "key_frame": 1,
            "pts": 376,
            "pts_time": "12.545278",
            "pkt_dts": 376,
            "pkt_dts_time": "12.545278",
            "best_effort_timestamp": 376,
            "best_effort_timestamp_time": "12.545278",
            "duration": 1,
            "duration_time": "0.033365",
            "pkt_pos": "47481272",
            "pkt_size": "120000",
            "width": 720,
            "height": 480,
            "crop_top": 0,
            "crop_bottom": 0,
            "crop_left": 0,
            "crop_right": 0,
            "pix_fmt": "yuv411p",
            "sample_aspect_ratio": "8:9",
            "pict_type": "I",
            "interlaced_frame": 1,
            "top_field_first": 0,
            "repeat_pict": 0,
            "chroma_location": "topleft"
        },
        {
            "media_type": "video",
            "stream_index": 0,
            "key_frame": 1,
            "pts": 377,
            "pts_time": "12.578643",
            "pkt_dts": 377,
            "pkt_dts_time": "12.578643",
            "best_effort_timestamp": 377,
            "best_effort_timestamp_time": "12.578643",
            "duration": 1,
            "duration_time": "0.033365",
            "pkt_pos": "47787072",
            "pkt_size": "120000",
            "width": 720,
            "height": 480,
            "crop_top": 0,
            "crop_bottom": 0,
            "crop_left": 0,
            "crop_right": 0,
            "pix_fmt": "yuv411p",
            "sample_aspect_ratio": "8:9",
            "pict_type": "I",
            "interlaced_frame": 1,
            "top_field_first": 0,
            "repeat_pict": 0,
            "chroma_location": "topleft"
        },
        {
            "media_type": "video",
            "stream_index": 0,
            "key_frame": 1,
            "pts": 378,
            "pts_time": "12.612008",
            "pkt_dts": 378,
            "pkt_dts_time": "12.612008",
            "best_effort_timestamp": 378,
            "best_effort_timestamp_time": "12.612008",
            "duration": 1,
            "duration_time": "0.033365",
            "pkt_pos": "47907080",
            "pkt_size": "120000",
            "width": 720,
            "height": 480,
            "crop_top": 0,
            "crop_bottom": 0,
            "crop_left": 0,
            "crop_right": 0,
            "pix_fmt": "yuv411p",
            "sample_aspect_ratio": "8:9",
            "pict_type": "I",
            "interlaced_frame": 1,
            "top_field_first": 0,
            "repeat_pict": 0,
            "chroma_location": "topleft"
        },
        {
            "media_type": "video",
            "stream_index": 0,
            "key_frame": 1,
            "pts": 379,
            "pts_time": "12.645373",
            "pkt_dts": 379,
            "pkt_dts_time": "12.645373",
            "best_effort_timestamp": 379,
            "best_effort_timestamp_time": "12.645373",
            "duration": 1,
            "duration_time": "0.033365",
            "pkt_pos": "48027088",
            "pkt_size": "120000",
            "width": 720,
            "height": 480,
            "crop_top": 0,
            "crop_bottom": 0,
            "crop_left": 0,
            "crop_right": 0,
            "pix_fmt": "yuv411p",
            "sample_aspect_ratio": "8:9",
            "pict_type": "I",
            "interlaced_frame": 1,
            "top_field_first": 0,
            "repeat_pict": 0,
            "chroma_location": "topleft"
        },
        {
            "media_type": "video",
            "stream_index": 0,
            "key_frame": 1,
            "pts": 380,
            "pts_time": "12.678738",
            "pkt_dts": 380,
            "pkt_dts_time": "12.678738",
            "best_effort_timestamp": 380,
            "best_effort_timestamp_time": "12.678738",
            "duration": 1,
            "duration_time": "0.033365",
            "pkt_pos": "48147096",
            "pkt_size": "120000",
            "width": 720,
            "height": 480,
            "crop_top": 0,
            "crop_bottom": 0,
            "crop_left": 0,
            "crop_right": 0,
            "pix_fmt": "yuv411p",
            "sample_aspect_ratio": "8:9",
            "pict_type": "I",
            "interlaced_frame": 1,
            "top_field_first": 0,
            "repeat_pict": 0,
            "chroma_location": "topleft"
        },
        {
            "media_type": "video",
            "stream_index": 0,
            "key_frame": 1,
            "pts": 381,
            "pts_time": "12.712103",
            "pkt_dts": 381,
            "pkt_dts_time": "12.712103",
            "best_effort_timestamp": 381,
            "best_effort_timestamp_time": "12.712103",
            "duration": 1,
            "duration_time": "0.033365",
            "pkt_pos": "48267104",
            "pkt_size": "120000",
            "width": 720,
            "height": 480,
            "crop_top": 0,
            "crop_bottom": 0,
            "crop_left": 0,
            "crop_right": 0,
            "pix_fmt": "yuv411p",
            "sample_aspect_ratio": "8:9",
            "pict_type": "I",
            "interlaced_frame": 1,
            "top_field_first": 0,
            "repeat_pict": 0,
            "chroma_location": "topleft"
        },
        {
            "media_type": "video",
            "stream_index": 0,
            "key_frame": 1,
            "pts": 382,
            "pts_time": "12.745468",
            "pkt_dts": 382,
            "pkt_dts_time": "12.745468",
            "best_effort_timestamp": 382,
            "best_effort_timestamp_time": "12.745468",
            "duration": 1,
            "duration_time": "0.033365",
            "pkt_pos": "48387112",
            "pkt_size": "120000",
            "width": 720,
            "height": 480,
            "crop_top": 0,
            "crop_bottom": 0,
            "crop_left": 0,
            "crop_right": 0,
            "pix_fmt": "yuv411p",
            "sample_aspect_ratio": "8:9",
            "pict_type": "I",
            "interlaced_frame": 1,
            "top_field_first": 0,
            "repeat_pict": 0,
            "chroma_location": "topleft"
        },
        {
            "media_type": "video",
            "stream_index": 0,
            "key_frame": 1,
            "pts": 383,
            "pts_time": "12.778833",
            "pkt_dts": 383,
            "pkt_dts_time": "12.778833",
            "best_effort_timestamp": 383,
            "best_effort_timestamp_time": "12.778833",
            "duration": 1,
            "duration_time": "0.033365",
            "pkt_pos": "48507120",
            "pkt_size": "120000",
            "width": 720,
            "height": 480,
            "crop_top": 0,
            "crop_bottom": 0,
            "crop_left": 0,
            "crop_right": 0,
            "pix_fmt": "yuv411p",
            "sample_aspect_ratio": "8:9",
            "pict_type": "I",
            "interlaced_frame": 1,
            "top_field_first": 0,
            "repeat_pict": 0,
            "chroma_location": "topleft"
        },
        {
            "media_type": "video",
            "stream_index": 0,
            "key_frame": 1,
            "pts": 384,
            "pts_time": "12.812198",
            "pkt_dts": 384,
            "pkt_dts_time": "12.812198",
            "best_effort_timestamp": 384,
            "best_effort_timestamp_time": "12.812198",
            "duration": 1,
            "duration_time": "0.033365",
            "pkt_pos": "48627128",
            "pkt_size": "120000",
            "width": 720,
            "height": 480,
            "crop_top": 0,
            "crop_bottom": 0,
            "crop_left": 0,
            "crop_right": 0,
            "pix_fmt": "yuv411p",
            "sample_aspect_ratio": "8:9",
            "pict_type": "I",
            "interlaced_frame": 1,
            "top_field_first": 0,
            "repeat_pict": 0,
            "chroma_location": "topleft"
        },
        {
            "media_type": "video",
            "stream_index": 0,
            "key_frame": 1,
            "pts": 385,
            "pts_time": "12.845564",
            "pkt_dts": 385,
            "pkt_dts_time": "12.845564",
            "best_effort_timestamp": 385,
            "best_effort_timestamp_time": "12.845564",
            "duration": 1,
            "duration_time": "0.033365",
            "pkt_pos": "48747136",
            "pkt_size": "120000",
            "width": 720,
            "height": 480,
            "crop_top": 0,
            "crop_bottom": 0,
            "crop_left": 0,
            "crop_right": 0,
            "pix_fmt": "yuv411p",
            "sample_aspect_ratio": "8:9",
            "pict_type": "I",
            "interlaced_frame": 1,
            "top_field_first": 0,
            "repeat_pict": 0,
            "chroma_location": "topleft"
        },
        {
            "media_type": "video",
            "stream_index": 0,
            "key_frame": 1,
            "pts": 386,
            "pts_time": "12.878929",
            "pkt_dts": 386,
            "pkt_dts_time": "12.878929",
            "best_effort_timestamp": 386,
            "best_effort_timestamp_time": "12.878929",
            "duration": 1,
            "duration_time": "0.033365",
            "pkt_pos": "48867144",
            "pkt_size": "120000",
            "width": 720,
            "height": 480,
            "crop_top": 0,
            "crop_bottom": 0,
            "crop_left": 0,
            "crop_right": 0,
            "pix_fmt": "yuv411p",
            "sample_aspect_ratio": "8:9",
            "pict_type": "I",
            "interlaced_frame": 1,
            "top_field_first": 0,
            "repeat_pict": 0,
            "chroma_location": "topleft"
        },
        {
            "media_type": "video",
            "stream_index": 0,
            "key_frame": 1,
            "pts": 387,
            "pts_time": "12.912294",
            "pkt_dts": 387,
            "pkt_dts_time": "12.912294",
            "best_effort_timestamp": 387,
            "best_effort_timestamp_time": "12.912294",
            "duration": 1,
            "duration_time": "0.033365",
            "pkt_pos": "48987152",
            "pkt_size": "120000",
            "width": 720,
            "height": 480,
            "crop_top": 0,
            "crop_bottom": 0,
            "crop_left": 0,
            "crop_right": 0,
            "pix_fmt": "yuv411p",
            "sample_aspect_ratio": "8:9",
            "pict_type": "I",
            "interlaced_frame": 1,
            "top_field_first": 0,
            "repeat_pict": 0,
            "chroma_location": "topleft"
        },
        {
            "media_type": "video",
            "stream_index": 0,
            "key_frame": 1,
            "pts": 388,
            "pts_time": "12.945659",
            "pkt_dts": 388,
            "pkt_dts_time": "12.945659",
            "best_effort_timestamp": 388,
            "best_effort_timestamp_time": "12.945659",
            "duration": 1,
            "duration_time": "0.033365",
            "pkt_pos": "49107160",
            "pkt_size": "120000",
            "width": 720,
            "height": 480,
            "crop_top": 0,
            "crop_bottom": 0,
            "crop_left": 0,
            "crop_right": 0,
            "pix_fmt": "yuv411p",
            "sample_aspect_ratio": "8:9",
            "pict_type": "I",
            "interlaced_frame": 1,
            "top_field_first": 0,
            "repeat_pict": 0,
            "chroma_location": "topleft"
        },
        {
            "media_type": "video",
            "stream_index": 0,
            "key_frame": 1,
            "pts": 389,
            "pts_time": "12.979024",
            "pkt_dts": 389,
            "pkt_dts_time": "12.979024",
            "best_effort_timestamp": 389,
            "best_effort_timestamp_time": "12.979024",
            "duration": 1,
            "duration_time": "0.033365",
            "pkt_pos": "49227168",
            "pkt_size": "120000",
            "width": 720,
            "height": 480,
            "crop_top": 0,
            "crop_bottom": 0,
            "crop_left": 0,
            "crop_right": 0,
            "pix_fmt": "yuv411p",
            "sample_aspect_ratio": "8:9",
            "pict_type": "I",
            "interlaced_frame": 1,
            "top_field_first": 0,
            "repeat_pict": 0,
            "chroma_location": "topleft"
        },
        {
            "media_type": "video",
            "stream_index": 0,
            "key_frame": 1,
            "pts": 390,
            "pts_time": "13.012389",
            "pkt_dts": 390,
            "pkt_dts_time": "13.012389",
            "best_effort_timestamp": 390,
            "best_effort_timestamp_time": "13.012389",
            "duration": 1,
            "duration_time": "0.033365",
            "pkt_pos": "49347176",
            "pkt_size": "120000",
            "width": 720,
            "height": 480,
            "crop_top": 0,
            "crop_bottom": 0,
            "crop_left": 0,
            "crop_right": 0,
            "pix_fmt": "yuv411p",
            "sample_aspect_ratio": "8:9",
            "pict_type": "I",
            "interlaced_frame": 1,
            "top_field_first": 0,
            "repeat_pict": 0,
            "chroma_location": "topleft"
        },
        {
            "media_type": "video",
            "stream_index": 0,
            "key_frame": 1,
            "pts": 391,
            "pts_time": "13.045754",
            "pkt_dts": 391,
            "pkt_dts_time": "13.045754",
            "best_effort_timestamp": 391,
            "best_effort_timestamp_time": "13.045754",
            "duration": 1,
            "duration_time": "0.033365",
            "pkt_pos": "49467184",
            "pkt_size": "120000",
            "width": 720,
            "height": 480,
            "crop_top": 0,
            "crop_bottom": 0,
            "crop_left": 0,
            "crop_right": 0,
            "pix_fmt": "yuv411p",
            "sample_aspect_ratio": "8:9",
            "pict_type": "I",
            "interlaced_frame": 1,
            "top_field_first": 0,
            "repeat_pict": 0,
            "chroma_location": "topleft"
        },
        {
            "media_type": "video",
            "stream_index": 0,
            "key_frame": 1,
            "pts": 392,
            "pts_time": "13.079119",
            "pkt_dts": 392,
            "pkt_dts_time": "13.079119",
            "best_effort_timestamp": 392,
            "best_effort_timestamp_time": "13.079119",
            "duration": 1,
            "duration_time": "0.033365",
            "pkt_pos": "49587192",
            "pkt_size": "120000",
            "width": 720,
            "height": 480,
            "crop_top": 0,
            "crop_bottom": 0,
            "crop_left": 0,
            "crop_right": 0,
            "pix_fmt": "yuv411p",
            "sample_aspect_ratio": "8:9",
            "pict_type": "I",
            "interlaced_frame": 1,
            "top_field_first": 0,
            "repeat_pict": 0,
            "chroma_location": "topleft"
        },
        {
            "media_type": "video",
            "stream_index": 0,
            "key_frame": 1,
            "pts": 393,
            "pts_time": "13.112484",
            "pkt_dts": 393,
            "pkt_dts_time": "13.112484",
            "best_effort_timestamp": 393,
            "best_effort_timestamp_time": "13.112484",
            "duration": 1,
            "duration_time": "0.033365",
            "pkt_pos": "49707200",
            "pkt_size": "120000",
            "width": 720,
            "height": 480,
            "crop_top": 0,
            "crop_bottom": 0,
            "crop_left": 0,
            "crop_right": 0,
            "pix_fmt": "yuv411p",
            "sample_aspect_ratio": "8:9",
            "pict_type": "I",
            "interlaced_frame": 1,
            "top_field_first": 0,
            "repeat_pict": 0,
            "chroma_location": "topleft"
        },
        {
            "media_type": "video",
            "stream_index": 0,
            "key_frame": 1,
            "pts": 394,
            "pts_time": "13.145849",
            "pkt_dts": 394,
            "pkt_dts_time": "13.145849",
            "best_effort_timestamp": 394,
            "best_effort_timestamp_time": "13.145849",
            "duration": 1,
            "duration_time": "0.033365",
            "pkt_pos": "49827208",
            "pkt_size": "120000",
            "width": 720,
            "height": 480,
            "crop_top": 0,
            "crop_bottom": 0,
            "crop_left": 0,
            "crop_right": 0,
            "pix_fmt": "yuv411p",
            "sample_aspect_ratio": "8:9",
            "pict_type": "I",
            "interlaced_frame": 1,
            "top_field_first": 0,
            "repeat_pict": 0,
            "chroma_location": "topleft"
        },
        {
            "media_type": "video",
            "stream_index": 0,
            "key_frame": 1,
            "pts": 395,
            "pts_time": "13.179215",
            "pkt_dts": 395,
            "pkt_dts_time": "13.179215",
            "best_effort_timestamp": 395,
            "best_effort_timestamp_time": "13.179215",
            "duration": 1,
            "duration_time": "0.033365",
            "pkt_pos": "49947216",
            "pkt_size": "120000",
            "width": 720,
            "height": 480,
            "crop_top": 0,
            "crop_bottom": 0,
            "crop_left": 0,
            "crop_right": 0,
            "pix_fmt": "yuv411p",
            "sample_aspect_ratio": "8:9",
            "pict_type": "I",
            "interlaced_frame": 1,
            "top_field_first": 0,
            "repeat_pict": 0,
            "chroma_location": "topleft"
        },
        {
            "media_type": "video",
            "stream_index": 0,
            "key_frame": 1,
            "pts": 396,
            "pts_time": "13.212580",
            "pkt_dts": 396,
            "pkt_dts_time": "13.212580",
            "best_effort_timestamp": 396,
            "best_effort_timestamp_time": "13.212580",
            "duration": 1,
            "duration_time": "0.033365",
            "pkt_pos": "50067224",
            "pkt_size": "120000",
            "width": 720,
            "height": 480,
            "crop_top": 0,
            "crop_bottom": 0,
            "crop_left": 0,
            "crop_right": 0,
            "pix_fmt": "yuv411p",
            "sample_aspect_ratio": "8:9",
            "pict_type": "I",
            "interlaced_frame": 1,
            "top_field_first": 0,
            "repeat_pict": 0,
            "chroma_location": "topleft"
        },
        {
            "media_type": "video",
            "stream_index": 0,
            "key_frame": 1,
            "pts": 397,
            "pts_time": "13.245945",
            "pkt_dts": 397,
            "pkt_dts_time": "13.245945",
            "best_effort_timestamp": 397,
            "best_effort_timestamp_time": "13.245945",
            "duration": 1,
            "duration_time": "0.033365",
            "pkt_pos": "50187232",
            "pkt_size": "120000",
            "width": 720,
            "height": 480,
            "crop_top": 0,
            "crop_bottom": 0,
            "crop_left": 0,
            "crop_right": 0,
            "pix_fmt": "yuv411p",
            "sample_aspect_ratio": "8:9",
            "pict_type": "I",
            "interlaced_frame": 1,
            "top_field_first": 0,
            "repeat_pict": 0,
            "chroma_location": "topleft"
        },
        {
            "media_type": "video",
            "stream_index": 0,
            "key_frame": 1,
            "pts": 398,
            "pts_time": "13.279310",
            "pkt_dts": 398,
            "pkt_dts_time": "13.279310",
            "best_effort_timestamp": 398,
            "best_effort_timestamp_time": "13.279310",
            "duration": 1,
            "duration_time": "0.033365",
            "pkt_pos": "50307240",
            "pkt_size": "120000",
            "width": 720,
            "height": 480,
            "crop_top": 0,
            "crop_bottom": 0,
            "crop_left": 0,
            "crop_right": 0,
            "pix_fmt": "yuv411p",
            "sample_aspect_ratio": "8:9",
            "pict_type": "I",
            "interlaced_frame": 1,
            "top_field_first": 0,
            "repeat_pict": 0,
            "chroma_location": "topleft"
        },
        {
            "media_type": "video",
            "stream_index": 0,
            "key_frame": 1,
            "pts": 399,
            "pts_time": "13.312675",
            "pkt_dts": 399,
            "pkt_dts_time": "13.312675",
            "best_effort_timestamp": 399,
            "best_effort_timestamp_time": "13.312675",
            "duration": 1,
            "duration_time": "0.033365",
            "pkt_pos": "50427248",
            "pkt_size": "120000",
            "width": 720,
            "height": 480,
            "crop_top": 0,
            "crop_bottom": 0,
            "crop_left": 0,
            "crop_right": 0,
            "pix_fmt": "yuv411p",
            "sample_aspect_ratio": "8:9",
            "pict_type": "I",
            "interlaced_frame": 1,
            "top_field_first": 0,
            "repeat_pict": 0,
            "chroma_location": "topleft"
        },
        {
            "media_type": "video",
            "stream_index": 0,
            "key_frame": 1,
            "pts": 400,
            "pts_time": "13.346040",
            "pkt_dts": 400,
            "pkt_dts_time": "13.346040",
            "best_effort_timestamp": 400,
            "best_effort_timestamp_time": "13.346040",
            "duration": 1,
            "duration_time": "0.033365",
            "pkt_pos": "50547256",
            "pkt_size": "120000",
            "width": 720,
            "height": 480,
            "crop_top": 0,
            "crop_bottom": 0,
            "crop_left": 0,
            "crop_right": 0,
            "pix_fmt": "yuv411p",
            "sample_aspect_ratio": "8:9",
            "pict_type": "I",
            "interlaced_frame": 1,
            "top_field_first": 0,
            "repeat_pict": 0,
            "chroma_location": "topleft"
        },
        {
            "media_type": "video",
            "stream_index": 0,
            "key_frame": 1,
            "pts": 401,
            "pts_time": "13.379405",
            "pkt_dts": 401,
            "pkt_dts_time": "13.379405",
            "best_effort_timestamp": 401,
            "best_effort_timestamp_time": "13.379405",
            "duration": 1,
            "duration_time": "0.033365",
            "pkt_pos": "50667264",
            "pkt_size": "120000",
            "width": 720,
            "height": 480,
            "crop_top": 0,
            "crop_bottom": 0,
            "crop_left": 0,
            "crop_right": 0,
            "pix_fmt": "yuv411p",
            "sample_aspect_ratio": "8:9",
            "pict_type": "I",
            "interlaced_frame": 1,
            "top_field_first": 0,
            "repeat_pict": 0,
            "chroma_location": "topleft"
        },
        {
            "media_type": "video",
            "stream_index": 0,
            "key_frame": 1,
            "pts": 402,
            "pts_time": "13.412770",
            "pkt_dts": 402,
            "pkt_dts_time": "13.412770",
            "best_effort_timestamp": 402,
            "best_effort_timestamp_time": "13.412770",
            "duration": 1,
            "duration_time": "0.033365",
            "pkt_pos": "50787272",
            "pkt_size": "120000",
            "width": 720,
            "height": 480,
            "crop_top": 0,
            "crop_bottom": 0,
            "crop_left": 0,
            "crop_right": 0,
            "pix_fmt": "yuv411p",
            "sample_aspect_ratio": "8:9",
            "pict_type": "I",
            "interlaced_frame": 1,
            "top_field_first": 0,
            "repeat_pict": 0,
            "chroma_location": "topleft"
        },
        {
            "media_type": "video",
            "stream_index": 0,
            "key_frame": 1,
            "pts": 403,
            "pts_time": "13.446135",
            "pkt_dts": 403,
            "pkt_dts_time": "13.446135",
            "best_effort_timestamp": 403,
            "best_effort_timestamp_time": "13.446135",
            "duration": 1,
            "duration_time": "0.033365",
            "pkt_pos": "50907280",
            "pkt_size": "120000",
            "width": 720,
            "height": 480,
            "crop_top": 0,
            "crop_bottom": 0,
            "crop_left": 0,
            "crop_right": 0,
            "pix_fmt": "yuv411p",
            "sample_aspect_ratio": "8:9",
            "pict_type": "I",
            "interlaced_frame": 1,
            "top_field_first": 0,
            "repeat_pict": 0,
            "chroma_location": "topleft"
        },
        {
            "media_type": "video",
            "stream_index": 0,
            "key_frame": 1,
            "pts": 404,
            "pts_time": "13.479500",
            "pkt_dts": 404,
            "pkt_dts_time": "13.479500",
            "best_effort_timestamp": 404,
            "best_effort_timestamp_time": "13.479500",
            "duration": 1,
            "duration_time": "0.033365",
            "pkt_pos": "51027288",
            "pkt_size": "120000",
            "width": 720,
            "height": 480,
            "crop_top": 0,
            "crop_bottom": 0,
            "crop_left": 0,
            "crop_right": 0,
            "pix_fmt": "yuv411p",
            "sample_aspect_ratio": "8:9",
            "pict_type": "I",
            "interlaced_frame": 1,
            "top_field_first": 0,
            "repeat_pict": 0,
            "chroma_location": "topleft"
        },
        {
            "media_type": "video",
            "stream_index": 0,
            "key_frame": 1,
            "pts": 405,
            "pts_time": "13.512866",
            "pkt_dts": 405,
            "pkt_dts_time": "13.512866",
            "best_effort_timestamp": 405,
            "best_effort_timestamp_time": "13.512866",
            "duration": 1,
            "duration_time": "0.033365",
            "pkt_pos": "51147296",
            "pkt_size": "120000",
            "width": 720,
            "height": 480,
            "crop_top": 0,
            "crop_bottom": 0,
            "crop_left": 0,
            "crop_right": 0,
            "pix_fmt": "yuv411p",
            "sample_aspect_ratio": "8:9",
            "pict_type": "I",
            "interlaced_frame": 1,
            "top_field_first": 0,
            "repeat_pict": 0,
            "chroma_location": "topleft"
        },
        {
            "media_type": "video",
            "stream_index": 0,
            "key_frame": 1,
            "pts": 406,
            "pts_time": "13.546231",
            "pkt_dts": 406,
            "pkt_dts_time": "13.546231",
            "best_effort_timestamp": 406,
            "best_effort_timestamp_time": "13.546231",
            "duration": 1,
            "duration_time": "0.033365",
            "pkt_pos": "51453100",
            "pkt_size": "120000",
            "width": 720,
            "height": 480,
            "crop_top": 0,
            "crop_bottom": 0,
            "crop_left": 0,
            "crop_right": 0,
            "pix_fmt": "yuv411p",
            "sample_aspect_ratio": "8:9",
            "pict_type": "I",
            "interlaced_frame": 1,
            "top_field_first": 0,
            "repeat_pict": 0,
            "chroma_location": "topleft"
        },
        {
            "media_type": "video",
            "stream_index": 0,
            "key_frame": 1,
            "pts": 407,
            "pts_time": "13.579596",
            "pkt_dts": 407,
            "pkt_dts_time": "13.579596",
            "best_effort_timestamp": 407,
            "best_effort_timestamp_time": "13.579596",
            "duration": 1,
            "duration_time": "0.033365",
            "pkt_pos": "51573108",
            "pkt_size": "120000",
            "width": 720,
            "height": 480,
            "crop_top": 0,
            "crop_bottom": 0,
            "crop_left": 0,
            "crop_right": 0,
            "pix_fmt": "yuv411p",
            "sample_aspect_ratio": "8:9",
            "pict_type": "I",
            "interlaced_frame": 1,
            "top_field_first": 0,
            "repeat_pict": 0,
            "chroma_location": "topleft"
        },
        {
            "media_type": "video",
            "stream_index": 0,
            "key_frame": 1,
            "pts": 408,
            "pts_time": "13.612961",
            "pkt_dts": 408,
            "pkt_dts_time": "13.612961",
            "best_effort_timestamp": 408,
            "best_effort_timestamp_time": "13.612961",
            "duration": 1,
            "duration_time": "0.033365",
            "pkt_pos": "51693116",
            "pkt_size": "120000",
            "width": 720,
            "height": 480,
            "crop_top": 0,
            "crop_bottom": 0,
            "crop_left": 0,
            "crop_right": 0,
            "pix_fmt": "yuv411p",
            "sample_aspect_ratio": "8:9",
            "pict_type": "I",
            "interlaced_frame": 1,
            "top_field_first": 0,
            "repeat_pict": 0,
            "chroma_location": "topleft"
        },
        {
            "media_type": "video",
            "stream_index": 0,
            "key_frame": 1,
            "pts": 409,
            "pts_time": "13.646326",
            "pkt_dts": 409,
            "pkt_dts_time": "13.646326",
            "best_effort_timestamp": 409,
            "best_effort_timestamp_time": "13.646326",
            "duration": 1,
            "duration_time": "0.033365",
            "pkt_pos": "51813124",
            "pkt_size": "120000",
            "width": 720,
            "height": 480,
            "crop_top": 0,
            "crop_bottom": 0,
            "crop_left": 0,
            "crop_right": 0,
            "pix_fmt": "yuv411p",
            "sample_aspect_ratio": "8:9",
            "pict_type": "I",
            "interlaced_frame": 1,
            "top_field_first": 0,
            "repeat_pict": 0,
            "chroma_location": "topleft"
        },
        {
            "media_type": "video",
            "stream_index": 0,
            "key_frame": 1,
            "pts": 410,
            "pts_time": "13.679691",
            "pkt_dts": 410,
            "pkt_dts_time": "13.679691",
            "best_effort_timestamp": 410,
            "best_effort_timestamp_time": "13.679691",
            "duration": 1,
            "duration_time": "0.033365",
            "pkt_pos": "51933132",
            "pkt_size": "120000",
            "width": 720,
            "height": 480,
            "crop_top": 0,
            "crop_bottom": 0,
            "crop_left": 0,
            "crop_right": 0,
            "pix_fmt": "yuv411p",
            "sample_aspect_ratio": "8:9",
            "pict_type": "I",
            "interlaced_frame": 1,
            "top_field_first": 0,
            "repeat_pict": 0,
            "chroma_location": "topleft"
        },
        {
            "media_type": "video",
            "stream_index": 0,
            "key_frame": 1,
            "pts": 411,
            "pts_time": "13.713056",
            "pkt_dts": 411,
            "pkt_dts_time": "13.713056",
            "best_effort_timestamp": 411,
            "best_effort_timestamp_time": "13.713056",
            "duration": 1,
            "duration_time": "0.033365",
            "pkt_pos": "52053140",
            "pkt_size": "120000",
            "width": 720,
            "height": 480,
            "crop_top": 0,
            "crop_bottom": 0,
            "crop_left": 0,
            "crop_right": 0,
            "pix_fmt": "yuv411p",
            "sample_aspect_ratio": "8:9",
            "pict_type": "I",
            "interlaced_frame": 1,
            "top_field_first": 0,
            "repeat_pict": 0,
            "chroma_location": "topleft"
        },
        {
            "media_type": "video",
            "stream_index": 0,
            "key_frame": 1,
            "pts": 412,
            "pts_time": "13.746421",
            "pkt_dts": 412,
            "pkt_dts_time": "13.746421",
            "best_effort_timestamp": 412,
            "best_effort_timestamp_time": "13.746421",
            "duration": 1,
            "duration_time": "0.033365",
            "pkt_pos": "52173148",
            "pkt_size": "120000",
            "width": 720,
            "height": 480,
            "crop_top": 0,
            "crop_bottom": 0,
            "crop_left": 0,
            "crop_right": 0,
            "pix_fmt": "yuv411p",
            "sample_aspect_ratio": "8:9",
            "pict_type": "I",
            "interlaced_frame": 1,
            "top_field_first": 0,
            "repeat_pict": 0,
            "chroma_location": "topleft"
        },
        {
            "media_type": "video",
            "stream_index": 0,
            "key_frame": 1,
            "pts": 413,
            "pts_time": "13.779786",
            "pkt_dts": 413,
            "pkt_dts_time": "13.779786",
            "best_effort_timestamp": 413,
            "best_effort_timestamp_time": "13.779786",
            "duration": 1,
            "duration_time": "0.033365",
            "pkt_pos": "52293156",
            "pkt_size": "120000",
            "width": 720,
            "height": 480,
            "crop_top": 0,
            "crop_bottom": 0,
            "crop_left": 0,
            "crop_right": 0,
            "pix_fmt": "yuv411p",
            "sample_aspect_ratio": "8:9",
            "pict_type": "I",
            "interlaced_frame": 1,
            "top_field_first": 0,
            "repeat_pict": 0,
            "chroma_location": "topleft"
        },
        {
            "media_type": "video",
            "stream_index": 0,
            "key_frame": 1,
            "pts": 414,
            "pts_time": "13.813151",
            "pkt_dts": 414,
            "pkt_dts_time": "13.813151",
            "best_effort_timestamp": 414,
            "best_effort_timestamp_time": "13.813151",
            "duration": 1,
            "duration_time": "0.033365",
            "pkt_pos": "52413164",
            "pkt_size": "120000",
            "width": 720,
            "height": 480,
            "crop_top": 0,
            "crop_bottom": 0,
            "crop_left": 0,
            "crop_right": 0,
            "pix_fmt": "yuv411p",
            "sample_aspect_ratio": "8:9",
            "pict_type": "I",
            "interlaced_frame": 1,
            "top_field_first": 0,
            "repeat_pict": 0,
            "chroma_location": "topleft"
        },
        {
            "media_type": "video",
            "stream_index": 0,
            "key_frame": 1,
            "pts": 415,
            "pts_time": "13.846516",
            "pkt_dts": 415,
            "pkt_dts_time": "13.846516",
            "best_effort_timestamp": 415,
            "best_effort_timestamp_time": "13.846516",
            "duration": 1,
            "duration_time": "0.033365",
            "pkt_pos": "52533172",
            "pkt_size": "120000",
            "width": 720,
            "height": 480,
            "crop_top": 0,
            "crop_bottom": 0,
            "crop_left": 0,
            "crop_right": 0,
            "pix_fmt": "yuv411p",
            "sample_aspect_ratio": "8:9",
            "pict_type": "I",
            "interlaced_frame": 1,
            "top_field_first": 0,
            "repeat_pict": 0,
            "chroma_location": "topleft"
        },
        {
            "media_type": "video",
            "stream_index": 0,
            "key_frame": 1,
            "pts": 416,
            "pts_time": "13.879882",
            "pkt_dts": 416,
            "pkt_dts_time": "13.879882",
            "best_effort_timestamp": 416,
            "best_effort_timestamp_time": "13.879882",
            "duration": 1,
            "duration_time": "0.033365",
            "pkt_pos": "52653180",
            "pkt_size": "120000",
            "width": 720,
            "height": 480,
            "crop_top": 0,
            "crop_bottom": 0,
            "crop_left": 0,
            "crop_right": 0,
            "pix_fmt": "yuv411p",
            "sample_aspect_ratio": "8:9",
            "pict_type": "I",
            "interlaced_frame": 1,
            "top_field_first": 0,
            "repeat_pict": 0,
            "chroma_location": "topleft"
        },
        {
            "media_type": "video",
            "stream_index": 0,
            "key_frame": 1,
            "pts": 417,
            "pts_time": "13.913247",
            "pkt_dts": 417,
            "pkt_dts_time": "13.913247",
            "best_effort_timestamp": 417,
            "best_effort_timestamp_time": "13.913247",
            "duration": 1,
            "duration_time": "0.033365",
            "pkt_pos": "52773188",
            "pkt_size": "120000",
            "width": 720,
            "height": 480,
            "crop_top": 0,
            "crop_bottom": 0,
            "crop_left": 0,
            "crop_right": 0,
            "pix_fmt": "yuv411p",
            "sample_aspect_ratio": "8:9",
            "pict_type": "I",
            "interlaced_frame": 1,
            "top_field_first": 0,
            "repeat_pict": 0,
            "chroma_location": "topleft"
        },
        {
            "media_type": "video",
            "stream_index": 0,
            "key_frame": 1,
            "pts": 418,
            "pts_time": "13.946612",
            "pkt_dts": 418,
            "pkt_dts_time": "13.946612",
            "best_effort_timestamp": 418,
            "best_effort_timestamp_time": "13.946612",
            "duration": 1,
            "duration_time": "0.033365",
            "pkt_pos": "52893196",
            "pkt_size": "120000",
            "width": 720,
            "height": 480,
            "crop_top": 0,
            "crop_bottom": 0,
            "crop_left": 0,
            "crop_right": 0,
            "pix_fmt": "yuv411p",
            "sample_aspect_ratio": "8:9",
            "pict_type": "I",
            "interlaced_frame": 1,
            "top_field_first": 0,
            "repeat_pict": 0,
            "chroma_location": "topleft"
        },
        {
            "media_type": "video",
            "stream_index": 0,
            "key_frame": 1,
            "pts": 419,
            "pts_time": "13.979977",
            "pkt_dts": 419,
            "pkt_dts_time": "13.979977",
            "best_effort_timestamp": 419,
            "best_effort_timestamp_time": "13.979977",
            "duration": 1,
            "duration_time": "0.033365",
            "pkt_pos": "53013204",
            "pkt_size": "120000",
            "width": 720,
            "height": 480,
            "crop_top": 0,
            "crop_bottom": 0,
            "crop_left": 0,
            "crop_right": 0,
            "pix_fmt": "yuv411p",
            "sample_aspect_ratio": "8:9",
            "pict_type": "I",
            "interlaced_frame": 1,
            "top_field_first": 0,
            "repeat_pict": 0,
            "chroma_location": "topleft"
        },
        {
            "media_type": "video",
            "stream_index": 0,
            "key_frame": 1,
            "pts": 420,
            "pts_time": "14.013342",
            "pkt_dts": 420,
            "pkt_dts_time": "14.013342",
            "best_effort_timestamp": 420,
            "best_effort_timestamp_time": "14.013342",
            "duration": 1,
            "duration_time": "0.033365",
            "pkt_pos": "53133212",
            "pkt_size": "120000",
            "width": 720,
            "height": 480,
            "crop_top": 0,
            "crop_bottom": 0,
            "crop_left": 0,
            "crop_right": 0,
            "pix_fmt": "yuv411p",
            "sample_aspect_ratio": "8:9",
            "pict_type": "I",
            "interlaced_frame": 1,
            "top_field_first": 0,
            "repeat_pict": 0,
            "chroma_location": "topleft"
        },
        {
            "media_type": "video",
            "stream_index": 0,
            "key_frame": 1,
            "pts": 421,
            "pts_time": "14.046707",
            "pkt_dts": 421,
            "pkt_dts_time": "14.046707",
            "best_effort_timestamp": 421,
            "best_effort_timestamp_time": "14.046707",
            "duration": 1,
            "duration_time": "0.033365",
            "pkt_pos": "53253220",
            "pkt_size": "120000",
            "width": 720,
            "height": 480,
            "crop_top": 0,
            "crop_bottom": 0,
            "crop_left": 0,
            "crop_right": 0,
            "pix_fmt": "yuv411p",
            "sample_aspect_ratio": "8:9",
            "pict_type": "I",
            "interlaced_frame": 1,
            "top_field_first": 0,
            "repeat_pict": 0,
            "chroma_location": "topleft"
        },
        {
            "media_type": "video",
            "stream_index": 0,
            "key_frame": 1,
            "pts": 422,
            "pts_time": "14.080072",
            "pkt_dts": 422,
            "pkt_dts_time": "14.080072",
            "best_effort_timestamp": 422,
            "best_effort_timestamp_time": "14.080072",
            "duration": 1,
            "duration_time": "0.033365",
            "pkt_pos": "53373228",
            "pkt_size": "120000",
            "width": 720,
            "height": 480,
            "crop_top": 0,
            "crop_bottom": 0,
            "crop_left": 0,
            "crop_right": 0,
            "pix_fmt": "yuv411p",
            "sample_aspect_ratio": "8:9",
            "pict_type": "I",
            "interlaced_frame": 1,
            "top_field_first": 0,
            "repeat_pict": 0,
            "chroma_location": "topleft"
        },
        {
            "media_type": "video",
            "stream_index": 0,
            "key_frame": 1,
            "pts": 423,
            "pts_time": "14.113437",
            "pkt_dts": 423,
            "pkt_dts_time": "14.113437",
            "best_effort_timestamp": 423,
            "best_effort_timestamp_time": "14.113437",
            "duration": 1,
            "duration_time": "0.033365",
            "pkt_pos": "53493236",
            "pkt_size": "120000",
            "width": 720,
            "height": 480,
            "crop_top": 0,
            "crop_bottom": 0,
            "crop_left": 0,
            "crop_right": 0,
            "pix_fmt": "yuv411p",
            "sample_aspect_ratio": "8:9",
            "pict_type": "I",
            "interlaced_frame": 1,
            "top_field_first": 0,
            "repeat_pict": 0,
            "chroma_location": "topleft"
        },
        {
            "media_type": "video",
            "stream_index": 0,
            "key_frame": 1,
            "pts": 424,
            "pts_time": "14.146802",
            "pkt_dts": 424,
            "pkt_dts_time": "14.146802",
            "best_effort_timestamp": 424,
            "best_effort_timestamp_time": "14.146802",
            "duration": 1,
            "duration_time": "0.033365",
            "pkt_pos": "53613244",
            "pkt_size": "120000",
            "width": 720,
            "height": 480,
            "crop_top": 0,
            "crop_bottom": 0,
            "crop_left": 0,
            "crop_right": 0,
            "pix_fmt": "yuv411p",
            "sample_aspect_ratio": "8:9",
            "pict_type": "I",
            "interlaced_frame": 1,
            "top_field_first": 0,
            "repeat_pict": 0,
            "chroma_location": "topleft"
        },
        {
            "media_type": "video",
            "stream_index": 0,
            "key_frame": 1,
            "pts": 425,
            "pts_time": "14.180168",
            "pkt_dts": 425,
            "pkt_dts_time": "14.180168",
            "best_effort_timestamp": 425,
            "best_effort_timestamp_time": "14.180168",
            "duration": 1,
            "duration_time": "0.033365",
            "pkt_pos": "53733252",
            "pkt_size": "120000",
            "width": 720,
            "height": 480,
            "crop_top": 0,
            "crop_bottom": 0,
            "crop_left": 0,
            "crop_right": 0,
            "pix_fmt": "yuv411p",
            "sample_aspect_ratio": "8:9",
            "pict_type": "I",
            "interlaced_frame": 1,
            "top_field_first": 0,
            "repeat_pict": 0,
            "chroma_location": "topleft"
        },
        {
            "media_type": "video",
            "stream_index": 0,
            "key_frame": 1,
            "pts": 426,
            "pts_time": "14.213533",
            "pkt_dts": 426,
            "pkt_dts_time": "14.213533",
            "best_effort_timestamp": 426,
            "best_effort_timestamp_time": "14.213533",
            "duration": 1,
            "duration_time": "0.033365",
            "pkt_pos": "53853260",
            "pkt_size": "120000",
            "width": 720,
            "height": 480,
            "crop_top": 0,
            "crop_bottom": 0,
            "crop_left": 0,
            "crop_right": 0,
            "pix_fmt": "yuv411p",
            "sample_aspect_ratio": "8:9",
            "pict_type": "I",
            "interlaced_frame": 1,
            "top_field_first": 0,
            "repeat_pict": 0,
            "chroma_location": "topleft"
        },
        {
            "media_type": "video",
            "stream_index": 0,
            "key_frame": 1,
            "pts": 427,
            "pts_time": "14.246898",
            "pkt_dts": 427,
            "pkt_dts_time": "14.246898",
            "best_effort_timestamp": 427,
            "best_effort_timestamp_time": "14.246898",
            "duration": 1,
            "duration_time": "0.033365",
            "pkt_pos": "53973268",
            "pkt_size": "120000",
            "width": 720,
            "height": 480,
            "crop_top": 0,
            "crop_bottom": 0,
            "crop_left": 0,
            "crop_right": 0,
            "pix_fmt": "yuv411p",
            "sample_aspect_ratio": "8:9",
            "pict_type": "I",
            "interlaced_frame": 1,
            "top_field_first": 0,
            "repeat_pict": 0,
            "chroma_location": "topleft"
        },
        {
            "media_type": "video",
            "stream_index": 0,
            "key_frame": 1,
            "pts": 428,
            "pts_time": "14.280263",
            "pkt_dts": 428,
            "pkt_dts_time": "14.280263",
            "best_effort_timestamp": 428,
            "best_effort_timestamp_time": "14.280263",
            "duration": 1,
            "duration_time": "0.033365",
            "pkt_pos": "54093276",
            "pkt_size": "120000",
            "width": 720,
            "height": 480,
            "crop_top": 0,
            "crop_bottom": 0,
            "crop_left": 0,
            "crop_right": 0,
            "pix_fmt": "yuv411p",
            "sample_aspect_ratio": "8:9",
            "pict_type": "I",
            "interlaced_frame": 1,
            "top_field_first": 0,
            "repeat_pict": 0,
            "chroma_location": "topleft"
        },
        {
            "media_type": "video",
            "stream_index": 0,
            "key_frame": 1,
            "pts": 429,
            "pts_time": "14.313628",
            "pkt_dts": 429,
            "pkt_dts_time": "14.313628",
            "best_effort_timestamp": 429,
            "best_effort_timestamp_time": "14.313628",
            "duration": 1,
            "duration_time": "0.033365",
            "pkt_pos": "54213284",
            "pkt_size": "120000",
            "width": 720,
            "height": 480,
            "crop_top": 0,
            "crop_bottom": 0,
            "crop_left": 0,
            "crop_right": 0,
            "pix_fmt": "yuv411p",
            "sample_aspect_ratio": "8:9",
            "pict_type": "I",
            "interlaced_frame": 1,
            "top_field_first": 0,
            "repeat_pict": 0,
            "chroma_location": "topleft"
        },
        {
            "media_type": "video",
            "stream_index": 0,
            "key_frame": 1,
            "pts": 430,
            "pts_time": "14.346993",
            "pkt_dts": 430,
            "pkt_dts_time": "14.346993",
            "best_effort_timestamp": 430,
            "best_effort_timestamp_time": "14.346993",
            "duration": 1,
            "duration_time": "0.033365",
            "pkt_pos": "54333292",
            "pkt_size": "120000",
            "width": 720,
            "height": 480,
            "crop_top": 0,
            "crop_bottom": 0,
            "crop_left": 0,
            "crop_right": 0,
            "pix_fmt": "yuv411p",
            "sample_aspect_ratio": "8:9",
            "pict_type": "I",
            "interlaced_frame": 1,
            "top_field_first": 0,
            "repeat_pict": 0,
            "chroma_location": "topleft"
        },
        {
            "media_type": "video",
            "stream_index": 0,
            "key_frame": 1,
            "pts": 431,
            "pts_time": "14.380358",
            "pkt_dts": 431,
            "pkt_dts_time": "14.380358",
            "best_effort_timestamp": 431,
            "best_effort_timestamp_time": "14.380358",
            "duration": 1,
            "duration_time": "0.033365",
            "pkt_pos": "54453300",
            "pkt_size": "120000",
            "width": 720,
            "height": 480,
            "crop_top": 0,
            "crop_bottom": 0,
            "crop_left": 0,
            "crop_right": 0,
            "pix_fmt": "yuv411p",
            "sample_aspect_ratio": "8:9",
            "pict_type": "I",
            "interlaced_frame": 1,
            "top_field_first": 0,
            "repeat_pict": 0,
            "chroma_location": "topleft"
        },
        {
            "media_type": "video",
            "stream_index": 0,
            "key_frame": 1,
            "pts": 432,
            "pts_time": "14.413723",
            "pkt_dts": 432,
            "pkt_dts_time": "14.413723",
            "best_effort_timestamp": 432,
            "best_effort_timestamp_time": "14.413723",
            "duration": 1,
            "duration_time": "0.033365",
            "pkt_pos": "54573308",
            "pkt_size": "120000",
            "width": 720,
            "height": 480,
            "crop_top": 0,
            "crop_bottom": 0,
            "crop_left": 0,
            "crop_right": 0,
            "pix_fmt": "yuv411p",
            "sample_aspect_ratio": "8:9",
            "pict_type": "I",
            "interlaced_frame": 1,
            "top_field_first": 0,
            "repeat_pict": 0,
            "chroma_location": "topleft"
        },
        {
            "media_type": "video",
            "stream_index": 0,
            "key_frame": 1,
            "pts": 433,
            "pts_time": "14.447088",
            "pkt_dts": 433,
            "pkt_dts_time": "14.447088",
            "best_effort_timestamp": 433,
            "best_effort_timestamp_time": "14.447088",
            "duration": 1,
            "duration_time": "0.033365",
            "pkt_pos": "54693316",
            "pkt_size": "120000",
            "width": 720,
            "height": 480,
            "crop_top": 0,
            "crop_bottom": 0,
            "crop_left": 0,
            "crop_right": 0,
            "pix_fmt": "yuv411p",
            "sample_aspect_ratio": "8:9",
            "pict_type": "I",
            "interlaced_frame": 1,
            "top_field_first": 0,
            "repeat_pict": 0,
            "chroma_location": "topleft"
        },
        {
            "media_type": "video",
            "stream_index": 0,
            "key_frame": 1,
            "pts": 434,
            "pts_time": "14.480453",
            "pkt_dts": 434,
            "pkt_dts_time": "14.480453",
            "best_effort_timestamp": 434,
            "best_effort_timestamp_time": "14.480453",
            "duration": 1,
            "duration_time": "0.033365",
            "pkt_pos": "54813324",
            "pkt_size": "120000",
            "width": 720,
            "height": 480,
            "crop_top": 0,
            "crop_bottom": 0,
            "crop_left": 0,
            "crop_right": 0,
            "pix_fmt": "yuv411p",
            "sample_aspect_ratio": "8:9",
            "pict_type": "I",
            "interlaced_frame": 1,
            "top_field_first": 0,
            "repeat_pict": 0,
            "chroma_location": "topleft"
        },
        {
            "media_type": "video",
            "stream_index": 0,
            "key_frame": 1,
            "pts": 435,
            "pts_time": "14.513819",
            "pkt_dts": 435,
            "pkt_dts_time": "14.513819",
            "best_effort_timestamp": 435,
            "best_effort_timestamp_time": "14.513819",
            "duration": 1,
            "duration_time": "0.033365",
            "pkt_pos": "55119124",
            "pkt_size": "120000",
            "width": 720,
            "height": 480,
            "crop_top": 0,
            "crop_bottom": 0,
            "crop_left": 0,
            "crop_right": 0,
            "pix_fmt": "yuv411p",
            "sample_aspect_ratio": "8:9",
            "pict_type": "I",
            "interlaced_frame": 1,
            "top_field_first": 0,
            "repeat_pict": 0,
            "chroma_location": "topleft"
        },
        {
            "media_type": "video",
            "stream_index": 0,
            "key_frame": 1,
            "pts": 436,
            "pts_time": "14.547184",
            "pkt_dts": 436,
            "pkt_dts_time": "14.547184",
            "best_effort_timestamp": 436,
            "best_effort_timestamp_time": "14.547184",
            "duration": 1,
            "duration_time": "0.033365",
            "pkt_pos": "55239132",
            "pkt_size": "120000",
            "width": 720,
            "height": 480,
            "crop_top": 0,
            "crop_bottom": 0,
            "crop_left": 0,
            "crop_right": 0,
            "pix_fmt": "yuv411p",
            "sample_aspect_ratio": "8:9",
            "pict_type": "I",
            "interlaced_frame": 1,
            "top_field_first": 0,
            "repeat_pict": 0,
            "chroma_location": "topleft"
        },
        {
            "media_type": "video",
            "stream_index": 0,
            "key_frame": 1,
            "pts": 437,
            "pts_time": "14.580549",
            "pkt_dts": 437,
            "pkt_dts_time": "14.580549",
            "best_effort_timestamp": 437,
            "best_effort_timestamp_time": "14.580549",
            "duration": 1,
            "duration_time": "0.033365",
            "pkt_pos": "55359140",
            "pkt_size": "120000",
            "width": 720,
            "height": 480,
            "crop_top": 0,
            "crop_bottom": 0,
            "crop_left": 0,
            "crop_right": 0,
            "pix_fmt": "yuv411p",
            "sample_aspect_ratio": "8:9",
            "pict_type": "I",
            "interlaced_frame": 1,
            "top_field_first": 0,
            "repeat_pict": 0,
            "chroma_location": "topleft"
        },
        {
            "media_type": "video",
            "stream_index": 0,
            "key_frame": 1,
            "pts": 438,
            "pts_time": "14.613914",
            "pkt_dts": 438,
            "pkt_dts_time": "14.613914",
            "best_effort_timestamp": 438,
            "best_effort_timestamp_time": "14.613914",
            "duration": 1,
            "duration_time": "0.033365",
            "pkt_pos": "55479148",
            "pkt_size": "120000",
            "width": 720,
            "height": 480,
            "crop_top": 0,
            "crop_bottom": 0,
            "crop_left": 0,
            "crop_right": 0,
            "pix_fmt": "yuv411p",
            "sample_aspect_ratio": "8:9",
            "pict_type": "I",
            "interlaced_frame": 1,
            "top_field_first": 0,
            "repeat_pict": 0,
            "chroma_location": "topleft"
        },
        {
            "media_type": "video",
            "stream_index": 0,
            "key_frame": 1,
            "pts": 439,
            "pts_time": "14.647279",
            "pkt_dts": 439,
            "pkt_dts_time": "14.647279",
            "best_effort_timestamp": 439,
            "best_effort_timestamp_time": "14.647279",
            "duration": 1,
            "duration_time": "0.033365",
            "pkt_pos": "55599156",
            "pkt_size": "120000",
            "width": 720,
            "height": 480,
            "crop_top": 0,
            "crop_bottom": 0,
            "crop_left": 0,
            "crop_right": 0,
            "pix_fmt": "yuv411p",
            "sample_aspect_ratio": "8:9",
            "pict_type": "I",
            "interlaced_frame": 1,
            "top_field_first": 0,
            "repeat_pict": 0,
            "chroma_location": "topleft"
        },
        {
            "media_type": "video",
            "stream_index": 0,
            "key_frame": 1,
            "pts": 440,
            "pts_time": "14.680644",
            "pkt_dts": 440,
            "pkt_dts_time": "14.680644",
            "best_effort_timestamp": 440,
            "best_effort_timestamp_time": "14.680644",
            "duration": 1,
            "duration_time": "0.033365",
            "pkt_pos": "55719164",
            "pkt_size": "120000",
            "width": 720,
            "height": 480,
            "crop_top": 0,
            "crop_bottom": 0,
            "crop_left": 0,
            "crop_right": 0,
            "pix_fmt": "yuv411p",
            "sample_aspect_ratio": "8:9",
            "pict_type": "I",
            "interlaced_frame": 1,
            "top_field_first": 0,
            "repeat_pict": 0,
            "chroma_location": "topleft"
        },
        {
            "media_type": "video",
            "stream_index": 0,
            "key_frame": 1,
            "pts": 441,
            "pts_time": "14.714009",
            "pkt_dts": 441,
            "pkt_dts_time": "14.714009",
            "best_effort_timestamp": 441,
            "best_effort_timestamp_time": "14.714009",
            "duration": 1,
            "duration_time": "0.033365",
            "pkt_pos": "55839172",
            "pkt_size": "120000",
            "width": 720,
            "height": 480,
            "crop_top": 0,
            "crop_bottom": 0,
            "crop_left": 0,
            "crop_right": 0,
            "pix_fmt": "yuv411p",
            "sample_aspect_ratio": "8:9",
            "pict_type": "I",
            "interlaced_frame": 1,
            "top_field_first": 0,
            "repeat_pict": 0,
            "chroma_location": "topleft"
        },
        {
            "media_type": "video",
            "stream_index": 0,
            "key_frame": 1,
            "pts": 442,
            "pts_time": "14.747374",
            "pkt_dts": 442,
            "pkt_dts_time": "14.747374",
            "best_effort_timestamp": 442,
            "best_effort_timestamp_time": "14.747374",
            "duration": 1,
            "duration_time": "0.033365",
            "pkt_pos": "55959180",
            "pkt_size": "120000",
            "width": 720,
            "height": 480,
            "crop_top": 0,
            "crop_bottom": 0,
            "crop_left": 0,
            "crop_right": 0,
            "pix_fmt": "yuv411p",
            "sample_aspect_ratio": "8:9",
            "pict_type": "I",
            "interlaced_frame": 1,
            "top_field_first": 0,
            "repeat_pict": 0,
            "chroma_location": "topleft"
        },
        {
            "media_type": "video",
            "stream_index": 0,
            "key_frame": 1,
            "pts": 443,
            "pts_time": "14.780739",
            "pkt_dts": 443,
            "pkt_dts_time": "14.780739",
            "best_effort_timestamp": 443,
            "best_effort_timestamp_time": "14.780739",
            "duration": 1,
            "duration_time": "0.033365",
            "pkt_pos": "56079188",
            "pkt_size": "120000",
            "width": 720,
            "height": 480,
            "crop_top": 0,
            "crop_bottom": 0,
            "crop_left": 0,
            "crop_right": 0,
            "pix_fmt": "yuv411p",
            "sample_aspect_ratio": "8:9",
            "pict_type": "I",
            "interlaced_frame": 1,
            "top_field_first": 0,
            "repeat_pict": 0,
            "chroma_location": "topleft"
        },
        {
            "media_type": "video",
            "stream_index": 0,
            "key_frame": 1,
            "pts": 444,
            "pts_time": "14.814104",
            "pkt_dts": 444,
            "pkt_dts_time": "14.814104",
            "best_effort_timestamp": 444,
            "best_effort_timestamp_time": "14.814104",
            "duration": 1,
            "duration_time": "0.033365",
            "pkt_pos": "56199196",
            "pkt_size": "120000",
            "width": 720,
            "height": 480,
            "crop_top": 0,
            "crop_bottom": 0,
            "crop_left": 0,
            "crop_right": 0,
            "pix_fmt": "yuv411p",
            "sample_aspect_ratio": "8:9",
            "pict_type": "I",
            "interlaced_frame": 1,
            "top_field_first": 0,
            "repeat_pict": 0,
            "chroma_location": "topleft"
        },
        {
            "media_type": "video",
            "stream_index": 0,
            "key_frame": 1,
            "pts": 445,
            "pts_time": "14.847470",
            "pkt_dts": 445,
            "pkt_dts_time": "14.847470",
            "best_effort_timestamp": 445,
            "best_effort_timestamp_time": "14.847470",
            "duration": 1,
            "duration_time": "0.033365",
            "pkt_pos": "56319204",
            "pkt_size": "120000",
            "width": 720,
            "height": 480,
            "crop_top": 0,
            "crop_bottom": 0,
            "crop_left": 0,
            "crop_right": 0,
            "pix_fmt": "yuv411p",
            "sample_aspect_ratio": "8:9",
            "pict_type": "I",
            "interlaced_frame": 1,
            "top_field_first": 0,
            "repeat_pict": 0,
            "chroma_location": "topleft"
        },
        {
            "media_type": "video",
            "stream_index": 0,
            "key_frame": 1,
            "pts": 446,
            "pts_time": "14.880835",
            "pkt_dts": 446,
            "pkt_dts_time": "14.880835",
            "best_effort_timestamp": 446,
            "best_effort_timestamp_time": "14.880835",
            "duration": 1,
            "duration_time": "0.033365",
            "pkt_pos": "56439212",
            "pkt_size": "120000",
            "width": 720,
            "height": 480,
            "crop_top": 0,
            "crop_bottom": 0,
            "crop_left": 0,
            "crop_right": 0,
            "pix_fmt": "yuv411p",
            "sample_aspect_ratio": "8:9",
            "pict_type": "I",
            "interlaced_frame": 1,
            "top_field_first": 0,
            "repeat_pict": 0,
            "chroma_location": "topleft"
        },
        {
            "media_type": "video",
            "stream_index": 0,
            "key_frame": 1,
            "pts": 447,
            "pts_time": "14.914200",
            "pkt_dts": 447,
            "pkt_dts_time": "14.914200",
            "best_effort_timestamp": 447,
            "best_effort_timestamp_time": "14.914200",
            "duration": 1,
            "duration_time": "0.033365",
            "pkt_pos": "56559220",
            "pkt_size": "120000",
            "width": 720,
            "height": 480,
            "crop_top": 0,
            "crop_bottom": 0,
            "crop_left": 0,
            "crop_right": 0,
            "pix_fmt": "yuv411p",
            "sample_aspect_ratio": "8:9",
            "pict_type": "I",
            "interlaced_frame": 1,
            "top_field_first": 0,
            "repeat_pict": 0,
            "chroma_location": "topleft"
        },
        {
            "media_type": "video",
            "stream_index": 0,
            "key_frame": 1,
            "pts": 448,
            "pts_time": "14.947565",
            "pkt_dts": 448,
            "pkt_dts_time": "14.947565",
            "best_effort_timestamp": 448,
            "best_effort_timestamp_time": "14.947565",
            "duration": 1,
            "duration_time": "0.033365",
            "pkt_pos": "56679228",
            "pkt_size": "120000",
            "width": 720,
            "height": 480,
            "crop_top": 0,
            "crop_bottom": 0,
            "crop_left": 0,
            "crop_right": 0,
            "pix_fmt": "yuv411p",
            "sample_aspect_ratio": "8:9",
            "pict_type": "I",
            "interlaced_frame": 1,
            "top_field_first": 0,
            "repeat_pict": 0,
            "chroma_location": "topleft"
        },
        {
            "media_type": "video",
            "stream_index": 0,
            "key_frame": 1,
            "pts": 449,
            "pts_time": "14.980930",
            "pkt_dts": 449,
            "pkt_dts_time": "14.980930",
            "best_effort_timestamp": 449,
            "best_effort_timestamp_time": "14.980930",
            "duration": 1,
            "duration_time": "0.033365",
            "pkt_pos": "56799236",
            "pkt_size": "120000",
            "width": 720,
            "height": 480,
            "crop_top": 0,
            "crop_bottom": 0,
            "crop_left": 0,
            "crop_right": 0,
            "pix_fmt": "yuv411p",
            "sample_aspect_ratio": "8:9",
            "pict_type": "I",
            "interlaced_frame": 1,
            "top_field_first": 0,
            "repeat_pict": 0,
            "chroma_location": "topleft"
        },
        {
            "media_type": "video",
            "stream_index": 0,
            "key_frame": 1,
            "pts": 450,
            "pts_time": "15.014295",
            "pkt_dts": 450,
            "pkt_dts_time": "15.014295",
            "best_effort_timestamp": 450,
            "best_effort_timestamp_time": "15.014295",
            "duration": 1,
            "duration_time": "0.033365",
            "pkt_pos": "56919244",
            "pkt_size": "120000",
            "width": 720,
            "height": 480,
            "crop_top": 0,
            "crop_bottom": 0,
            "crop_left": 0,
            "crop_right": 0,
            "pix_fmt": "yuv411p",
            "sample_aspect_ratio": "8:9",
            "pict_type": "I",
            "interlaced_frame": 1,
            "top_field_first": 0,
            "repeat_pict": 0,
            "chroma_location": "topleft"
        },
        {
            "media_type": "video",
            "stream_index": 0,
            "key_frame": 1,
            "pts": 451,
            "pts_time": "15.047660",
            "pkt_dts": 451,
            "pkt_dts_time": "15.047660",
            "best_effort_timestamp": 451,
            "best_effort_timestamp_time": "15.047660",
            "duration": 1,
            "duration_time": "0.033365",
            "pkt_pos": "57039252",
            "pkt_size": "120000",
            "width": 720,
            "height": 480,
            "crop_top": 0,
            "crop_bottom": 0,
            "crop_left": 0,
            "crop_right": 0,
            "pix_fmt": "yuv411p",
            "sample_aspect_ratio": "8:9",
            "pict_type": "I",
            "interlaced_frame": 1,
            "top_field_first": 0,
            "repeat_pict": 0,
            "chroma_location": "topleft"
        },
        {
            "media_type": "video",
            "stream_index": 0,
            "key_frame": 1,
            "pts": 452,
            "pts_time": "15.081025",
            "pkt_dts": 452,
            "pkt_dts_time": "15.081025",
            "best_effort_timestamp": 452,
            "best_effort_timestamp_time": "15.081025",
            "duration": 1,
            "duration_time": "0.033365",
            "pkt_pos": "57159260",
            "pkt_size": "120000",
            "width": 720,
            "height": 480,
            "crop_top": 0,
            "crop_bottom": 0,
            "crop_left": 0,
            "crop_right": 0,
            "pix_fmt": "yuv411p",
            "sample_aspect_ratio": "8:9",
            "pict_type": "I",
            "interlaced_frame": 1,
            "top_field_first": 0,
            "repeat_pict": 0,
            "chroma_location": "topleft"
        },
        {
            "media_type": "video",
            "stream_index": 0,
            "key_frame": 1,
            "pts": 453,
            "pts_time": "15.114390",
            "pkt_dts": 453,
            "pkt_dts_time": "15.114390",
            "best_effort_timestamp": 453,
            "best_effort_timestamp_time": "15.114390",
            "duration": 1,
            "duration_time": "0.033365",
            "pkt_pos": "57279268",
            "pkt_size": "120000",
            "width": 720,
            "height": 480,
            "crop_top": 0,
            "crop_bottom": 0,
            "crop_left": 0,
            "crop_right": 0,
            "pix_fmt": "yuv411p",
            "sample_aspect_ratio": "8:9",
            "pict_type": "I",
            "interlaced_frame": 1,
            "top_field_first": 0,
            "repeat_pict": 0,
            "chroma_location": "topleft"
        },
        {
            "media_type": "video",
            "stream_index": 0,
            "key_frame": 1,
            "pts": 454,
            "pts_time": "15.147755",
            "pkt_dts": 454,
            "pkt_dts_time": "15.147755",
            "best_effort_timestamp": 454,
            "best_effort_timestamp_time": "15.147755",
            "duration": 1,
            "duration_time": "0.033365",
            "pkt_pos": "57399276",
            "pkt_size": "120000",
            "width": 720,
            "height": 480,
            "crop_top": 0,
            "crop_bottom": 0,
            "crop_left": 0,
            "crop_right": 0,
            "pix_fmt": "yuv411p",
            "sample_aspect_ratio": "8:9",
            "pict_type": "I",
            "interlaced_frame": 1,
            "top_field_first": 0,
            "repeat_pict": 0,
            "chroma_location": "topleft"
        },
        {
            "media_type": "video",
            "stream_index": 0,
            "key_frame": 1,
            "pts": 455,
            "pts_time": "15.181121",
            "pkt_dts": 455,
            "pkt_dts_time": "15.181121",
            "best_effort_timestamp": 455,
            "best_effort_timestamp_time": "15.181121",
            "duration": 1,
            "duration_time": "0.033365",
            "pkt_pos": "57519284",
            "pkt_size": "120000",
            "width": 720,
            "height": 480,
            "crop_top": 0,
            "crop_bottom": 0,
            "crop_left": 0,
            "crop_right": 0,
            "pix_fmt": "yuv411p",
            "sample_aspect_ratio": "8:9",
            "pict_type": "I",
            "interlaced_frame": 1,
            "top_field_first": 0,
            "repeat_pict": 0,
            "chroma_location": "topleft"
        },
        {
            "media_type": "video",
            "stream_index": 0,
            "key_frame": 1,
            "pts": 456,
            "pts_time": "15.214486",
            "pkt_dts": 456,
            "pkt_dts_time": "15.214486",
            "best_effort_timestamp": 456,
            "best_effort_timestamp_time": "15.214486",
            "duration": 1,
            "duration_time": "0.033365",
            "pkt_pos": "57639292",
            "pkt_size": "120000",
            "width": 720,
            "height": 480,
            "crop_top": 0,
            "crop_bottom": 0,
            "crop_left": 0,
            "crop_right": 0,
            "pix_fmt": "yuv411p",
            "sample_aspect_ratio": "8:9",
            "pict_type": "I",
            "interlaced_frame": 1,
            "top_field_first": 0,
            "repeat_pict": 0,
            "chroma_location": "topleft"
        },
        {
            "media_type": "video",
            "stream_index": 0,
            "key_frame": 1,
            "pts": 457,
            "pts_time": "15.247851",
            "pkt_dts": 457,
            "pkt_dts_time": "15.247851",
            "best_effort_timestamp": 457,
            "best_effort_timestamp_time": "15.247851",
            "duration": 1,
            "duration_time": "0.033365",
            "pkt_pos": "57759300",
            "pkt_size": "120000",
            "width": 720,
            "height": 480,
            "crop_top": 0,
            "crop_bottom": 0,
            "crop_left": 0,
            "crop_right": 0,
            "pix_fmt": "yuv411p",
            "sample_aspect_ratio": "8:9",
            "pict_type": "I",
            "interlaced_frame": 1,
            "top_field_first": 0,
            "repeat_pict": 0,
            "chroma_location": "topleft"
        },
        {
            "media_type": "video",
            "stream_index": 0,
            "key_frame": 1,
            "pts": 458,
            "pts_time": "15.281216",
            "pkt_dts": 458,
            "pkt_dts_time": "15.281216",
            "best_effort_timestamp": 458,
            "best_effort_timestamp_time": "15.281216",
            "duration": 1,
            "duration_time": "0.033365",
            "pkt_pos": "57879308",
            "pkt_size": "120000",
            "width": 720,
            "height": 480,
            "crop_top": 0,
            "crop_bottom": 0,
            "crop_left": 0,
            "crop_right": 0,
            "pix_fmt": "yuv411p",
            "sample_aspect_ratio": "8:9",
            "pict_type": "I",
            "interlaced_frame": 1,
            "top_field_first": 0,
            "repeat_pict": 0,
            "chroma_location": "topleft"
        },
        {
            "media_type": "video",
            "stream_index": 0,
            "key_frame": 1,
            "pts": 459,
            "pts_time": "15.314581",
            "pkt_dts": 459,
            "pkt_dts_time": "15.314581",
            "best_effort_timestamp": 459,
            "best_effort_timestamp_time": "15.314581",
            "duration": 1,
            "duration_time": "0.033365",
            "pkt_pos": "57999316",
            "pkt_size": "120000",
            "width": 720,
            "height": 480,
            "crop_top": 0,
            "crop_bottom": 0,
            "crop_left": 0,
            "crop_right": 0,
            "pix_fmt": "yuv411p",
            "sample_aspect_ratio": "8:9",
            "pict_type": "I",
            "interlaced_frame": 1,
            "top_field_first": 0,
            "repeat_pict": 0,
            "chroma_location": "topleft"
        },
        {
            "media_type": "video",
            "stream_index": 0,
            "key_frame": 1,
            "pts": 460,
            "pts_time": "15.347946",
            "pkt_dts": 460,
            "pkt_dts_time": "15.347946",
            "best_effort_timestamp": 460,
            "best_effort_timestamp_time": "15.347946",
            "duration": 1,
            "duration_time": "0.033365",
            "pkt_pos": "58119324",
            "pkt_size": "120000",
            "width": 720,
            "height": 480,
            "crop_top": 0,
            "crop_bottom": 0,
            "crop_left": 0,
            "crop_right": 0,
            "pix_fmt": "yuv411p",
            "sample_aspect_ratio": "8:9",
            "pict_type": "I",
            "interlaced_frame": 1,
            "top_field_first": 0,
            "repeat_pict": 0,
            "chroma_location": "topleft"
        },
        {
            "media_type": "video",
            "stream_index": 0,
            "key_frame": 1,
            "pts": 461,
            "pts_time": "15.381311",
            "pkt_dts": 461,
            "pkt_dts_time": "15.381311",
            "best_effort_timestamp": 461,
            "best_effort_timestamp_time": "15.381311",
            "duration": 1,
            "duration_time": "0.033365",
            "pkt_pos": "58239332",
            "pkt_size": "120000",
            "width": 720,
            "height": 480,
            "crop_top": 0,
            "crop_bottom": 0,
            "crop_left": 0,
            "crop_right": 0,
            "pix_fmt": "yuv411p",
            "sample_aspect_ratio": "8:9",
            "pict_type": "I",
            "interlaced_frame": 1,
            "top_field_first": 0,
            "repeat_pict": 0,
            "chroma_location": "topleft"
        },
        {
            "media_type": "video",
            "stream_index": 0,
            "key_frame": 1,
            "pts": 462,
            "pts_time": "15.414676",
            "pkt_dts": 462,
            "pkt_dts_time": "15.414676",
            "best_effort_timestamp": 462,
            "best_effort_timestamp_time": "15.414676",
            "duration": 1,
            "duration_time": "0.033365",
            "pkt_pos": "58359340",
            "pkt_size": "120000",
            "width": 720,
            "height": 480,
            "crop_top": 0,
            "crop_bottom": 0,
            "crop_left": 0,
            "crop_right": 0,
            "pix_fmt": "yuv411p",
            "sample_aspect_ratio": "8:9",
            "pict_type": "I",
            "interlaced_frame": 1,
            "top_field_first": 0,
            "repeat_pict": 0,
            "chroma_location": "topleft"
        },
        {
            "media_type": "video",
            "stream_index": 0,
            "key_frame": 1,
            "pts": 463,
            "pts_time": "15.448041",
            "pkt_dts": 463,
            "pkt_dts_time": "15.448041",
            "best_effort_timestamp": 463,
            "best_effort_timestamp_time": "15.448041",
            "duration": 1,
            "duration_time": "0.033365",
            "pkt_pos": "58479348",
            "pkt_size": "120000",
            "width": 720,
            "height": 480,
            "crop_top": 0,
            "crop_bottom": 0,
            "crop_left": 0,
            "crop_right": 0,
            "pix_fmt": "yuv411p",
            "sample_aspect_ratio": "8:9",
            "pict_type": "I",
            "interlaced_frame": 1,
            "top_field_first": 0,
            "repeat_pict": 0,
            "chroma_location": "topleft"
        },
        {
            "media_type": "video",
            "stream_index": 0,
            "key_frame": 1,
            "pts": 464,
            "pts_time": "15.481406",
            "pkt_dts": 464,
            "pkt_dts_time": "15.481406",
            "best_effort_timestamp": 464,
            "best_effort_timestamp_time": "15.481406",
            "duration": 1,
            "duration_time": "0.033365",
            "pkt_pos": "58785152",
            "pkt_size": "120000",
            "width": 720,
            "height": 480,
            "crop_top": 0,
            "crop_bottom": 0,
            "crop_left": 0,
            "crop_right": 0,
            "pix_fmt": "yuv411p",
            "sample_aspect_ratio": "8:9",
            "pict_type": "I",
            "interlaced_frame": 1,
            "top_field_first": 0,
            "repeat_pict": 0,
            "chroma_location": "topleft"
        },
        {
            "media_type": "video",
            "stream_index": 0,
            "key_frame": 1,
            "pts": 465,
            "pts_time": "15.514772",
            "pkt_dts": 465,
            "pkt_dts_time": "15.514772",
            "best_effort_timestamp": 465,
            "best_effort_timestamp_time": "15.514772",
            "duration": 1,
            "duration_time": "0.033365",
            "pkt_pos": "58905160",
            "pkt_size": "120000",
            "width": 720,
            "height": 480,
            "crop_top": 0,
            "crop_bottom": 0,
            "crop_left": 0,
            "crop_right": 0,
            "pix_fmt": "yuv411p",
            "sample_aspect_ratio": "8:9",
            "pict_type": "I",
            "interlaced_frame": 1,
            "top_field_first": 0,
            "repeat_pict": 0,
            "chroma_location": "topleft"
        },
        {
            "media_type": "video",
            "stream_index": 0,
            "key_frame": 1,
            "pts": 466,
            "pts_time": "15.548137",
            "pkt_dts": 466,
            "pkt_dts_time": "15.548137",
            "best_effort_timestamp": 466,
            "best_effort_timestamp_time": "15.548137",
            "duration": 1,
            "duration_time": "0.033365",
            "pkt_pos": "59025168",
            "pkt_size": "120000",
            "width": 720,
            "height": 480,
            "crop_top": 0,
            "crop_bottom": 0,
            "crop_left": 0,
            "crop_right": 0,
            "pix_fmt": "yuv411p",
            "sample_aspect_ratio": "8:9",
            "pict_type": "I",
            "interlaced_frame": 1,
            "top_field_first": 0,
            "repeat_pict": 0,
            "chroma_location": "topleft"
        },
        {
            "media_type": "video",
            "stream_index": 0,
            "key_frame": 1,
            "pts": 467,
            "pts_time": "15.581502",
            "pkt_dts": 467,
            "pkt_dts_time": "15.581502",
            "best_effort_timestamp": 467,
            "best_effort_timestamp_time": "15.581502",
            "duration": 1,
            "duration_time": "0.033365",
            "pkt_pos": "59145176",
            "pkt_size": "120000",
            "width": 720,
            "height": 480,
            "crop_top": 0,
            "crop_bottom": 0,
            "crop_left": 0,
            "crop_right": 0,
            "pix_fmt": "yuv411p",
            "sample_aspect_ratio": "8:9",
            "pict_type": "I",
            "interlaced_frame": 1,
            "top_field_first": 0,
            "repeat_pict": 0,
            "chroma_location": "topleft"
        },
        {
            "media_type": "video",
            "stream_index": 0,
            "key_frame": 1,
            "pts": 468,
            "pts_time": "15.614867",
            "pkt_dts": 468,
            "pkt_dts_time": "15.614867",
            "best_effort_timestamp": 468,
            "best_effort_timestamp_time": "15.614867",
            "duration": 1,
            "duration_time": "0.033365",
            "pkt_pos": "59265184",
            "pkt_size": "120000",
            "width": 720,
            "height": 480,
            "crop_top": 0,
            "crop_bottom": 0,
            "crop_left": 0,
            "crop_right": 0,
            "pix_fmt": "yuv411p",
            "sample_aspect_ratio": "8:9",
            "pict_type": "I",
            "interlaced_frame": 1,
            "top_field_first": 0,
            "repeat_pict": 0,
            "chroma_location": "topleft"
        },
        {
            "media_type": "video",
            "stream_index": 0,
            "key_frame": 1,
            "pts": 469,
            "pts_time": "15.648232",
            "pkt_dts": 469,
            "pkt_dts_time": "15.648232",
            "best_effort_timestamp": 469,
            "best_effort_timestamp_time": "15.648232",
            "duration": 1,
            "duration_time": "0.033365",
            "pkt_pos": "59385192",
            "pkt_size": "120000",
            "width": 720,
            "height": 480,
            "crop_top": 0,
            "crop_bottom": 0,
            "crop_left": 0,
            "crop_right": 0,
            "pix_fmt": "yuv411p",
            "sample_aspect_ratio": "8:9",
            "pict_type": "I",
            "interlaced_frame": 1,
            "top_field_first": 0,
            "repeat_pict": 0,
            "chroma_location": "topleft"
        },
        {
            "media_type": "video",
            "stream_index": 0,
            "key_frame": 1,
            "pts": 470,
            "pts_time": "15.681597",
            "pkt_dts": 470,
            "pkt_dts_time": "15.681597",
            "best_effort_timestamp": 470,
            "best_effort_timestamp_time": "15.681597",
            "duration": 1,
            "duration_time": "0.033365",
            "pkt_pos": "59505200",
            "pkt_size": "120000",
            "width": 720,
            "height": 480,
            "crop_top": 0,
            "crop_bottom": 0,
            "crop_left": 0,
            "crop_right": 0,
            "pix_fmt": "yuv411p",
            "sample_aspect_ratio": "8:9",
            "pict_type": "I",
            "interlaced_frame": 1,
            "top_field_first": 0,
            "repeat_pict": 0,
            "chroma_location": "topleft"
        },
        {
            "media_type": "video",
            "stream_index": 0,
            "key_frame": 1,
            "pts": 471,
            "pts_time": "15.714962",
            "pkt_dts": 471,
            "pkt_dts_time": "15.714962",
            "best_effort_timestamp": 471,
            "best_effort_timestamp_time": "15.714962",
            "duration": 1,
            "duration_time": "0.033365",
            "pkt_pos": "59625208",
            "pkt_size": "120000",
            "width": 720,
            "height": 480,
            "crop_top": 0,
            "crop_bottom": 0,
            "crop_left": 0,
            "crop_right": 0,
            "pix_fmt": "yuv411p",
            "sample_aspect_ratio": "8:9",
            "pict_type": "I",
            "interlaced_frame": 1,
            "top_field_first": 0,
            "repeat_pict": 0,
            "chroma_location": "topleft"
        },
        {
            "media_type": "video",
            "stream_index": 0,
            "key_frame": 1,
            "pts": 472,
            "pts_time": "15.748327",
            "pkt_dts": 472,
            "pkt_dts_time": "15.748327",
            "best_effort_timestamp": 472,
            "best_effort_timestamp_time": "15.748327",
            "duration": 1,
            "duration_time": "0.033365",
            "pkt_pos": "59745216",
            "pkt_size": "120000",
            "width": 720,
            "height": 480,
            "crop_top": 0,
            "crop_bottom": 0,
            "crop_left": 0,
            "crop_right": 0,
            "pix_fmt": "yuv411p",
            "sample_aspect_ratio": "8:9",
            "pict_type": "I",
            "interlaced_frame": 1,
            "top_field_first": 0,
            "repeat_pict": 0,
            "chroma_location": "topleft"
        },
        {
            "media_type": "video",
            "stream_index": 0,
            "key_frame": 1,
            "pts": 473,
            "pts_time": "15.781692",
            "pkt_dts": 473,
            "pkt_dts_time": "15.781692",
            "best_effort_timestamp": 473,
            "best_effort_timestamp_time": "15.781692",
            "duration": 1,
            "duration_time": "0.033365",
            "pkt_pos": "59865224",
            "pkt_size": "120000",
            "width": 720,
            "height": 480,
            "crop_top": 0,
            "crop_bottom": 0,
            "crop_left": 0,
            "crop_right": 0,
            "pix_fmt": "yuv411p",
            "sample_aspect_ratio": "8:9",
            "pict_type": "I",
            "interlaced_frame": 1,
            "top_field_first": 0,
            "repeat_pict": 0,
            "chroma_location": "topleft"
        },
        {
            "media_type": "video",
            "stream_index": 0,
            "key_frame": 1,
            "pts": 474,
            "pts_time": "15.815057",
            "pkt_dts": 474,
            "pkt_dts_time": "15.815057",
            "best_effort_timestamp": 474,
            "best_effort_timestamp_time": "15.815057",
            "duration": 1,
            "duration_time": "0.033365",
            "pkt_pos": "59985232",
            "pkt_size": "120000",
            "width": 720,
            "height": 480,
            "crop_top": 0,
            "crop_bottom": 0,
            "crop_left": 0,
            "crop_right": 0,
            "pix_fmt": "yuv411p",
            "sample_aspect_ratio": "8:9",
            "pict_type": "I",
            "interlaced_frame": 1,
            "top_field_first": 0,
            "repeat_pict": 0,
            "chroma_location": "topleft"
        },
        {
            "media_type": "video",
            "stream_index": 0,
            "key_frame": 1,
            "pts": 475,
            "pts_time": "15.848423",
            "pkt_dts": 475,
            "pkt_dts_time": "15.848423",
            "best_effort_timestamp": 475,
            "best_effort_timestamp_time": "15.848423",
            "duration": 1,
            "duration_time": "0.033365",
            "pkt_pos": "60105240",
            "pkt_size": "120000",
            "width": 720,
            "height": 480,
            "crop_top": 0,
            "crop_bottom": 0,
            "crop_left": 0,
            "crop_right": 0,
            "pix_fmt": "yuv411p",
            "sample_aspect_ratio": "8:9",
            "pict_type": "I",
            "interlaced_frame": 1,
            "top_field_first": 0,
            "repeat_pict": 0,
            "chroma_location": "topleft"
        },
        {
            "media_type": "video",
            "stream_index": 0,
            "key_frame": 1,
            "pts": 476,
            "pts_time": "15.881788",
            "pkt_dts": 476,
            "pkt_dts_time": "15.881788",
            "best_effort_timestamp": 476,
            "best_effort_timestamp_time": "15.881788",
            "duration": 1,
            "duration_time": "0.033365",
            "pkt_pos": "60225248",
            "pkt_size": "120000",
            "width": 720,
            "height": 480,
            "crop_top": 0,
            "crop_bottom": 0,
            "crop_left": 0,
            "crop_right": 0,
            "pix_fmt": "yuv411p",
            "sample_aspect_ratio": "8:9",
            "pict_type": "I",
            "interlaced_frame": 1,
            "top_field_first": 0,
            "repeat_pict": 0,
            "chroma_location": "topleft"
        },
        {
            "media_type": "video",
            "stream_index": 0,
            "key_frame": 1,
            "pts": 477,
            "pts_time": "15.915153",
            "pkt_dts": 477,
            "pkt_dts_time": "15.915153",
            "best_effort_timestamp": 477,
            "best_effort_timestamp_time": "15.915153",
            "duration": 1,
            "duration_time": "0.033365",
            "pkt_pos": "60345256",
            "pkt_size": "120000",
            "width": 720,
            "height": 480,
            "crop_top": 0,
            "crop_bottom": 0,
            "crop_left": 0,
            "crop_right": 0,
            "pix_fmt": "yuv411p",
            "sample_aspect_ratio": "8:9",
            "pict_type": "I",
            "interlaced_frame": 1,
            "top_field_first": 0,
            "repeat_pict": 0,
            "chroma_location": "topleft"
        },
        {
            "media_type": "video",
            "stream_index": 0,
            "key_frame": 1,
            "pts": 478,
            "pts_time": "15.948518",
            "pkt_dts": 478,
            "pkt_dts_time": "15.948518",
            "best_effort_timestamp": 478,
            "best_effort_timestamp_time": "15.948518",
            "duration": 1,
            "duration_time": "0.033365",
            "pkt_pos": "60465264",
            "pkt_size": "120000",
            "width": 720,
            "height": 480,
            "crop_top": 0,
            "crop_bottom": 0,
            "crop_left": 0,
            "crop_right": 0,
            "pix_fmt": "yuv411p",
            "sample_aspect_ratio": "8:9",
            "pict_type": "I",
            "interlaced_frame": 1,
            "top_field_first": 0,
            "repeat_pict": 0,
            "chroma_location": "topleft"
        },
        {
            "media_type": "video",
            "stream_index": 0,
            "key_frame": 1,
            "pts": 479,
            "pts_time": "15.981883",
            "pkt_dts": 479,
            "pkt_dts_time": "15.981883",
            "best_effort_timestamp": 479,
            "best_effort_timestamp_time": "15.981883",
            "duration": 1,
            "duration_time": "0.033365",
            "pkt_pos": "60585272",
            "pkt_size": "120000",
            "width": 720,
            "height": 480,
            "crop_top": 0,
            "crop_bottom": 0,
            "crop_left": 0,
            "crop_right": 0,
            "pix_fmt": "yuv411p",
            "sample_aspect_ratio": "8:9",
            "pict_type": "I",
            "interlaced_frame": 1,
            "top_field_first": 0,
            "repeat_pict": 0,
            "chroma_location": "topleft"
        },
        {
            "media_type": "video",
            "stream_index": 0,
            "key_frame": 1,
            "pts": 480,
            "pts_time": "16.015248",
            "pkt_dts": 480,
            "pkt_dts_time": "16.015248",
            "best_effort_timestamp": 480,
            "best_effort_timestamp_time": "16.015248",
            "duration": 1,
            "duration_time": "0.033365",
            "pkt_pos": "60705280",
            "pkt_size": "120000",
            "width": 720,
            "height": 480,
            "crop_top": 0,
            "crop_bottom": 0,
            "crop_left": 0,
            "crop_right": 0,
            "pix_fmt": "yuv411p",
            "sample_aspect_ratio": "8:9",
            "pict_type": "I",
            "interlaced_frame": 1,
            "top_field_first": 0,
            "repeat_pict": 0,
            "chroma_location": "topleft"
        },
        {
            "media_type": "video",
            "stream_index": 0,
            "key_frame": 1,
            "pts": 481,
            "pts_time": "16.048613",
            "pkt_dts": 481,
            "pkt_dts_time": "16.048613",
            "best_effort_timestamp": 481,
            "best_effort_timestamp_time": "16.048613",
            "duration": 1,
            "duration_time": "0.033365",
            "pkt_pos": "60825288",
            "pkt_size": "120000",
            "width": 720,
            "height": 480,
            "crop_top": 0,
            "crop_bottom": 0,
            "crop_left": 0,
            "crop_right": 0,
            "pix_fmt": "yuv411p",
            "sample_aspect_ratio": "8:9",
            "pict_type": "I",
            "interlaced_frame": 1,
            "top_field_first": 0,
            "repeat_pict": 0,
            "chroma_location": "topleft"
        },
        {
            "media_type": "video",
            "stream_index": 0,
            "key_frame": 1,
            "pts": 482,
            "pts_time": "16.081978",
            "pkt_dts": 482,
            "pkt_dts_time": "16.081978",
            "best_effort_timestamp": 482,
            "best_effort_timestamp_time": "16.081978",
            "duration": 1,
            "duration_time": "0.033365",
            "pkt_pos": "60945296",
            "pkt_size": "120000",
            "width": 720,
            "height": 480,
            "crop_top": 0,
            "crop_bottom": 0,
            "crop_left": 0,
            "crop_right": 0,
            "pix_fmt": "yuv411p",
            "sample_aspect_ratio": "8:9",
            "pict_type": "I",
            "interlaced_frame": 1,
            "top_field_first": 0,
            "repeat_pict": 0,
            "chroma_location": "topleft"
        },
        {
            "media_type": "video",
            "stream_index": 0,
            "key_frame": 1,
            "pts": 483,
            "pts_time": "16.115343",
            "pkt_dts": 483,
            "pkt_dts_time": "16.115343",
            "best_effort_timestamp": 483,
            "best_effort_timestamp_time": "16.115343",
            "duration": 1,
            "duration_time": "0.033365",
            "pkt_pos": "61065304",
            "pkt_size": "120000",
            "width": 720,
            "height": 480,
            "crop_top": 0,
            "crop_bottom": 0,
            "crop_left": 0,
            "crop_right": 0,
            "pix_fmt": "yuv411p",
            "sample_aspect_ratio": "8:9",
            "pict_type": "I",
            "interlaced_frame": 1,
            "top_field_first": 0,
            "repeat_pict": 0,
            "chroma_location": "topleft"
        },
        {
            "media_type": "video",
            "stream_index": 0,
            "key_frame": 1,
            "pts": 484,
            "pts_time": "16.148708",
            "pkt_dts": 484,
            "pkt_dts_time": "16.148708",
            "best_effort_timestamp": 484,
            "best_effort_timestamp_time": "16.148708",
            "duration": 1,
            "duration_time": "0.033365",
            "pkt_pos": "61185312",
            "pkt_size": "120000",
            "width": 720,
            "height": 480,
            "crop_top": 0,
            "crop_bottom": 0,
            "crop_left": 0,
            "crop_right": 0,
            "pix_fmt": "yuv411p",
            "sample_aspect_ratio": "8:9",
            "pict_type": "I",
            "interlaced_frame": 1,
            "top_field_first": 0,
            "repeat_pict": 0,
            "chroma_location": "topleft"
        },
        {
            "media_type": "video",
            "stream_index": 0,
            "key_frame": 1,
            "pts": 485,
            "pts_time": "16.182074",
            "pkt_dts": 485,
            "pkt_dts_time": "16.182074",
            "best_effort_timestamp": 485,
            "best_effort_timestamp_time": "16.182074",
            "duration": 1,
            "duration_time": "0.033365",
            "pkt_pos": "61305320",
            "pkt_size": "120000",
            "width": 720,
            "height": 480,
            "crop_top": 0,
            "crop_bottom": 0,
            "crop_left": 0,
            "crop_right": 0,
            "pix_fmt": "yuv411p",
            "sample_aspect_ratio": "8:9",
            "pict_type": "I",
            "interlaced_frame": 1,
            "top_field_first": 0,
            "repeat_pict": 0,
            "chroma_location": "topleft"
        },
        {
            "media_type": "video",
            "stream_index": 0,
            "key_frame": 1,
            "pts": 486,
            "pts_time": "16.215439",
            "pkt_dts": 486,
            "pkt_dts_time": "16.215439",
            "best_effort_timestamp": 486,
            "best_effort_timestamp_time": "16.215439",
            "duration": 1,
            "duration_time": "0.033365",
            "pkt_pos": "61425328",
            "pkt_size": "120000",
            "width": 720,
            "height": 480,
            "crop_top": 0,
            "crop_bottom": 0,
            "crop_left": 0,
            "crop_right": 0,
            "pix_fmt": "yuv411p",
            "sample_aspect_ratio": "8:9",
            "pict_type": "I",
            "interlaced_frame": 1,
            "top_field_first": 0,
            "repeat_pict": 0,
            "chroma_location": "topleft"
        },
        {
            "media_type": "video",
            "stream_index": 0,
            "key_frame": 1,
            "pts": 487,
            "pts_time": "16.248804",
            "pkt_dts": 487,
            "pkt_dts_time": "16.248804",
            "best_effort_timestamp": 487,
            "best_effort_timestamp_time": "16.248804",
            "duration": 1,
            "duration_time": "0.033365",
            "pkt_pos": "61545336",
            "pkt_size": "120000",
            "width": 720,
            "height": 480,
            "crop_top": 0,
            "crop_bottom": 0,
            "crop_left": 0,
            "crop_right": 0,
            "pix_fmt": "yuv411p",
            "sample_aspect_ratio": "8:9",
            "pict_type": "I",
            "interlaced_frame": 1,
            "top_field_first": 0,
            "repeat_pict": 0,
            "chroma_location": "topleft"
        },
        {
            "media_type": "video",
            "stream_index": 0,
            "key_frame": 1,
            "pts": 488,
            "pts_time": "16.282169",
            "pkt_dts": 488,
            "pkt_dts_time": "16.282169",
            "best_effort_timestamp": 488,
            "best_effort_timestamp_time": "16.282169",
            "duration": 1,
            "duration_time": "0.033365",
            "pkt_pos": "61665344",
            "pkt_size": "120000",
            "width": 720,
            "height": 480,
            "crop_top": 0,
            "crop_bottom": 0,
            "crop_left": 0,
            "crop_right": 0,
            "pix_fmt": "yuv411p",
            "sample_aspect_ratio": "8:9",
            "pict_type": "I",
            "interlaced_frame": 1,
            "top_field_first": 0,
            "repeat_pict": 0,
            "chroma_location": "topleft"
        },
        {
            "media_type": "video",
            "stream_index": 0,
            "key_frame": 1,
            "pts": 489,
            "pts_time": "16.315534",
            "pkt_dts": 489,
            "pkt_dts_time": "16.315534",
            "best_effort_timestamp": 489,
            "best_effort_timestamp_time": "16.315534",
            "duration": 1,
            "duration_time": "0.033365",
            "pkt_pos": "61785352",
            "pkt_size": "120000",
            "width": 720,
            "height": 480,
            "crop_top": 0,
            "crop_bottom": 0,
            "crop_left": 0,
            "crop_right": 0,
            "pix_fmt": "yuv411p",
            "sample_aspect_ratio": "8:9",
            "pict_type": "I",
            "interlaced_frame": 1,
            "top_field_first": 0,
            "repeat_pict": 0,
            "chroma_location": "topleft"
        },
        {
            "media_type": "video",
            "stream_index": 0,
            "key_frame": 1,
            "pts": 490,
            "pts_time": "16.348899",
            "pkt_dts": 490,
            "pkt_dts_time": "16.348899",
            "best_effort_timestamp": 490,
            "best_effort_timestamp_time": "16.348899",
            "duration": 1,
            "duration_time": "0.033365",
            "pkt_pos": "61905360",
            "pkt_size": "120000",
            "width": 720,
            "height": 480,
            "crop_top": 0,
            "crop_bottom": 0,
            "crop_left": 0,
            "crop_right": 0,
            "pix_fmt": "yuv411p",
            "sample_aspect_ratio": "8:9",
            "pict_type": "I",
            "interlaced_frame": 1,
            "top_field_first": 0,
            "repeat_pict": 0,
            "chroma_location": "topleft"
        },
        {
            "media_type": "video",
            "stream_index": 0,
            "key_frame": 1,
            "pts": 491,
            "pts_time": "16.382264",
            "pkt_dts": 491,
            "pkt_dts_time": "16.382264",
            "best_effort_timestamp": 491,
            "best_effort_timestamp_time": "16.382264",
            "duration": 1,
            "duration_time": "0.033365",
            "pkt_pos": "62025368",
            "pkt_size": "120000",
            "width": 720,
            "height": 480,
            "crop_top": 0,
            "crop_bottom": 0,
            "crop_left": 0,
            "crop_right": 0,
            "pix_fmt": "yuv411p",
            "sample_aspect_ratio": "8:9",
            "pict_type": "I",
            "interlaced_frame": 1,
            "top_field_first": 0,
            "repeat_pict": 0,
            "chroma_location": "topleft"
        },
        {
            "media_type": "video",
            "stream_index": 0,
            "key_frame": 1,
            "pts": 492,
            "pts_time": "16.415629",
            "pkt_dts": 492,
            "pkt_dts_time": "16.415629",
            "best_effort_timestamp": 492,
            "best_effort_timestamp_time": "16.415629",
            "duration": 1,
            "duration_time": "0.033365",
            "pkt_pos": "62145376",
            "pkt_size": "120000",
            "width": 720,
            "height": 480,
            "crop_top": 0,
            "crop_bottom": 0,
            "crop_left": 0,
            "crop_right": 0,
            "pix_fmt": "yuv411p",
            "sample_aspect_ratio": "8:9",
            "pict_type": "I",
            "interlaced_frame": 1,
            "top_field_first": 0,
            "repeat_pict": 0,
            "chroma_location": "topleft"
        },
        {
            "media_type": "video",
            "stream_index": 0,
            "key_frame": 1,
            "pts": 493,
            "pts_time": "16.448994",
            "pkt_dts": 493,
            "pkt_dts_time": "16.448994",
            "best_effort_timestamp": 493,
            "best_effort_timestamp_time": "16.448994",
            "duration": 1,
            "duration_time": "0.033365",
            "pkt_pos": "62451176",
            "pkt_size": "120000",
            "width": 720,
            "height": 480,
            "crop_top": 0,
            "crop_bottom": 0,
            "crop_left": 0,
            "crop_right": 0,
            "pix_fmt": "yuv411p",
            "sample_aspect_ratio": "8:9",
            "pict_type": "I",
            "interlaced_frame": 1,
            "top_field_first": 0,
            "repeat_pict": 0,
            "chroma_location": "topleft"
        },
        {
            "media_type": "video",
            "stream_index": 0,
            "key_frame": 1,
            "pts": 494,
            "pts_time": "16.482359",
            "pkt_dts": 494,
            "pkt_dts_time": "16.482359",
            "best_effort_timestamp": 494,
            "best_effort_timestamp_time": "16.482359",
            "duration": 1,
            "duration_time": "0.033365",
            "pkt_pos": "62571184",
            "pkt_size": "120000",
            "width": 720,
            "height": 480,
            "crop_top": 0,
            "crop_bottom": 0,
            "crop_left": 0,
            "crop_right": 0,
            "pix_fmt": "yuv411p",
            "sample_aspect_ratio": "8:9",
            "pict_type": "I",
            "interlaced_frame": 1,
            "top_field_first": 0,
            "repeat_pict": 0,
            "chroma_location": "topleft"
        },
        {
            "media_type": "video",
            "stream_index": 0,
            "key_frame": 1,
            "pts": 495,
            "pts_time": "16.515725",
            "pkt_dts": 495,
            "pkt_dts_time": "16.515725",
            "best_effort_timestamp": 495,
            "best_effort_timestamp_time": "16.515725",
            "duration": 1,
            "duration_time": "0.033365",
            "pkt_pos": "62691192",
            "pkt_size": "120000",
            "width": 720,
            "height": 480,
            "crop_top": 0,
            "crop_bottom": 0,
            "crop_left": 0,
            "crop_right": 0,
            "pix_fmt": "yuv411p",
            "sample_aspect_ratio": "8:9",
            "pict_type": "I",
            "interlaced_frame": 1,
            "top_field_first": 0,
            "repeat_pict": 0,
            "chroma_location": "topleft"
        },
        {
            "media_type": "video",
            "stream_index": 0,
            "key_frame": 1,
            "pts": 496,
            "pts_time": "16.549090",
            "pkt_dts": 496,
            "pkt_dts_time": "16.549090",
            "best_effort_timestamp": 496,
            "best_effort_timestamp_time": "16.549090",
            "duration": 1,
            "duration_time": "0.033365",
            "pkt_pos": "62811200",
            "pkt_size": "120000",
            "width": 720,
            "height": 480,
            "crop_top": 0,
            "crop_bottom": 0,
            "crop_left": 0,
            "crop_right": 0,
            "pix_fmt": "yuv411p",
            "sample_aspect_ratio": "8:9",
            "pict_type": "I",
            "interlaced_frame": 1,
            "top_field_first": 0,
            "repeat_pict": 0,
            "chroma_location": "topleft"
        },
        {
            "media_type": "video",
            "stream_index": 0,
            "key_frame": 1,
            "pts": 497,
            "pts_time": "16.582455",
            "pkt_dts": 497,
            "pkt_dts_time": "16.582455",
            "best_effort_timestamp": 497,
            "best_effort_timestamp_time": "16.582455",
            "duration": 1,
            "duration_time": "0.033365",
            "pkt_pos": "62931208",
            "pkt_size": "120000",
            "width": 720,
            "height": 480,
            "crop_top": 0,
            "crop_bottom": 0,
            "crop_left": 0,
            "crop_right": 0,
            "pix_fmt": "yuv411p",
            "sample_aspect_ratio": "8:9",
            "pict_type": "I",
            "interlaced_frame": 1,
            "top_field_first": 0,
            "repeat_pict": 0,
            "chroma_location": "topleft"
        },
        {
            "media_type": "video",
            "stream_index": 0,
            "key_frame": 1,
            "pts": 498,
            "pts_time": "16.615820",
            "pkt_dts": 498,
            "pkt_dts_time": "16.615820",
            "best_effort_timestamp": 498,
            "best_effort_timestamp_time": "16.615820",
            "duration": 1,
            "duration_time": "0.033365",
            "pkt_pos": "63051216",
            "pkt_size": "120000",
            "width": 720,
            "height": 480,
            "crop_top": 0,
            "crop_bottom": 0,
            "crop_left": 0,
            "crop_right": 0,
            "pix_fmt": "yuv411p",
            "sample_aspect_ratio": "8:9",
            "pict_type": "I",
            "interlaced_frame": 1,
            "top_field_first": 0,
            "repeat_pict": 0,
            "chroma_location": "topleft"
        },
        {
            "media_type": "video",
            "stream_index": 0,
            "key_frame": 1,
            "pts": 499,
            "pts_time": "16.649185",
            "pkt_dts": 499,
            "pkt_dts_time": "16.649185",
            "best_effort_timestamp": 499,
            "best_effort_timestamp_time": "16.649185",
            "duration": 1,
            "duration_time": "0.033365",
            "pkt_pos": "63171224",
            "pkt_size": "120000",
            "width": 720,
            "height": 480,
            "crop_top": 0,
            "crop_bottom": 0,
            "crop_left": 0,
            "crop_right": 0,
            "pix_fmt": "yuv411p",
            "sample_aspect_ratio": "8:9",
            "pict_type": "I",
            "interlaced_frame": 1,
            "top_field_first": 0,
            "repeat_pict": 0,
            "chroma_location": "topleft"
        },
        {
            "media_type": "video",
            "stream_index": 0,
            "key_frame": 1,
            "pts": 500,
            "pts_time": "16.682550",
            "pkt_dts": 500,
            "pkt_dts_time": "16.682550",
            "best_effort_timestamp": 500,
            "best_effort_timestamp_time": "16.682550",
            "duration": 1,
            "duration_time": "0.033365",
            "pkt_pos": "63291232",
            "pkt_size": "120000",
            "width": 720,
            "height": 480,
            "crop_top": 0,
            "crop_bottom": 0,
            "crop_left": 0,
            "crop_right": 0,
            "pix_fmt": "yuv411p",
            "sample_aspect_ratio": "8:9",
            "pict_type": "I",
            "interlaced_frame": 1,
            "top_field_first": 0,
            "repeat_pict": 0,
            "chroma_location": "topleft"
        },
        {
            "media_type": "video",
            "stream_index": 0,
            "key_frame": 1,
            "pts": 501,
            "pts_time": "16.715915",
            "pkt_dts": 501,
            "pkt_dts_time": "16.715915",
            "best_effort_timestamp": 501,
            "best_effort_timestamp_time": "16.715915",
            "duration": 1,
            "duration_time": "0.033365",
            "pkt_pos": "63411240",
            "pkt_size": "120000",
            "width": 720,
            "height": 480,
            "crop_top": 0,
            "crop_bottom": 0,
            "crop_left": 0,
            "crop_right": 0,
            "pix_fmt": "yuv411p",
            "sample_aspect_ratio": "8:9",
            "pict_type": "I",
            "interlaced_frame": 1,
            "top_field_first": 0,
            "repeat_pict": 0,
            "chroma_location": "topleft"
        },
        {
            "media_type": "video",
            "stream_index": 0,
            "key_frame": 1,
            "pts": 502,
            "pts_time": "16.749280",
            "pkt_dts": 502,
            "pkt_dts_time": "16.749280",
            "best_effort_timestamp": 502,
            "best_effort_timestamp_time": "16.749280",
            "duration": 1,
            "duration_time": "0.033365",
            "pkt_pos": "63531248",
            "pkt_size": "120000",
            "width": 720,
            "height": 480,
            "crop_top": 0,
            "crop_bottom": 0,
            "crop_left": 0,
            "crop_right": 0,
            "pix_fmt": "yuv411p",
            "sample_aspect_ratio": "8:9",
            "pict_type": "I",
            "interlaced_frame": 1,
            "top_field_first": 0,
            "repeat_pict": 0,
            "chroma_location": "topleft"
        },
        {
            "media_type": "video",
            "stream_index": 0,
            "key_frame": 1,
            "pts": 503,
            "pts_time": "16.782645",
            "pkt_dts": 503,
            "pkt_dts_time": "16.782645",
            "best_effort_timestamp": 503,
            "best_effort_timestamp_time": "16.782645",
            "duration": 1,
            "duration_time": "0.033365",
            "pkt_pos": "63651256",
            "pkt_size": "120000",
            "width": 720,
            "height": 480,
            "crop_top": 0,
            "crop_bottom": 0,
            "crop_left": 0,
            "crop_right": 0,
            "pix_fmt": "yuv411p",
            "sample_aspect_ratio": "8:9",
            "pict_type": "I",
            "interlaced_frame": 1,
            "top_field_first": 0,
            "repeat_pict": 0,
            "chroma_location": "topleft"
        },
        {
            "media_type": "video",
            "stream_index": 0,
            "key_frame": 1,
            "pts": 504,
            "pts_time": "16.816010",
            "pkt_dts": 504,
            "pkt_dts_time": "16.816010",
            "best_effort_timestamp": 504,
            "best_effort_timestamp_time": "16.816010",
            "duration": 1,
            "duration_time": "0.033365",
            "pkt_pos": "63771264",
            "pkt_size": "120000",
            "width": 720,
            "height": 480,
            "crop_top": 0,
            "crop_bottom": 0,
            "crop_left": 0,
            "crop_right": 0,
            "pix_fmt": "yuv411p",
            "sample_aspect_ratio": "8:9",
            "pict_type": "I",
            "interlaced_frame": 1,
            "top_field_first": 0,
            "repeat_pict": 0,
            "chroma_location": "topleft"
        },
        {
            "media_type": "video",
            "stream_index": 0,
            "key_frame": 1,
            "pts": 505,
            "pts_time": "16.849376",
            "pkt_dts": 505,
            "pkt_dts_time": "16.849376",
            "best_effort_timestamp": 505,
            "best_effort_timestamp_time": "16.849376",
            "duration": 1,
            "duration_time": "0.033365",
            "pkt_pos": "63891272",
            "pkt_size": "120000",
            "width": 720,
            "height": 480,
            "crop_top": 0,
            "crop_bottom": 0,
            "crop_left": 0,
            "crop_right": 0,
            "pix_fmt": "yuv411p",
            "sample_aspect_ratio": "8:9",
            "pict_type": "I",
            "interlaced_frame": 1,
            "top_field_first": 0,
            "repeat_pict": 0,
            "chroma_location": "topleft"
        },
        {
            "media_type": "video",
            "stream_index": 0,
            "key_frame": 1,
            "pts": 506,
            "pts_time": "16.882741",
            "pkt_dts": 506,
            "pkt_dts_time": "16.882741",
            "best_effort_timestamp": 506,
            "best_effort_timestamp_time": "16.882741",
            "duration": 1,
            "duration_time": "0.033365",
            "pkt_pos": "64011280",
            "pkt_size": "120000",
            "width": 720,
            "height": 480,
            "crop_top": 0,
            "crop_bottom": 0,
            "crop_left": 0,
            "crop_right": 0,
            "pix_fmt": "yuv411p",
            "sample_aspect_ratio": "8:9",
            "pict_type": "I",
            "interlaced_frame": 1,
            "top_field_first": 0,
            "repeat_pict": 0,
            "chroma_location": "topleft"
        },
        {
            "media_type": "video",
            "stream_index": 0,
            "key_frame": 1,
            "pts": 507,
            "pts_time": "16.916106",
            "pkt_dts": 507,
            "pkt_dts_time": "16.916106",
            "best_effort_timestamp": 507,
            "best_effort_timestamp_time": "16.916106",
            "duration": 1,
            "duration_time": "0.033365",
            "pkt_pos": "64131288",
            "pkt_size": "120000",
            "width": 720,
            "height": 480,
            "crop_top": 0,
            "crop_bottom": 0,
            "crop_left": 0,
            "crop_right": 0,
            "pix_fmt": "yuv411p",
            "sample_aspect_ratio": "8:9",
            "pict_type": "I",
            "interlaced_frame": 1,
            "top_field_first": 0,
            "repeat_pict": 0,
            "chroma_location": "topleft"
        },
        {
            "media_type": "video",
            "stream_index": 0,
            "key_frame": 1,
            "pts": 508,
            "pts_time": "16.949471",
            "pkt_dts": 508,
            "pkt_dts_time": "16.949471",
            "best_effort_timestamp": 508,
            "best_effort_timestamp_time": "16.949471",
            "duration": 1,
            "duration_time": "0.033365",
            "pkt_pos": "64251296",
            "pkt_size": "120000",
            "width": 720,
            "height": 480,
            "crop_top": 0,
            "crop_bottom": 0,
            "crop_left": 0,
            "crop_right": 0,
            "pix_fmt": "yuv411p",
            "sample_aspect_ratio": "8:9",
            "pict_type": "I",
            "interlaced_frame": 1,
            "top_field_first": 0,
            "repeat_pict": 0,
            "chroma_location": "topleft"
        },
        {
            "media_type": "video",
            "stream_index": 0,
            "key_frame": 1,
            "pts": 509,
            "pts_time": "16.982836",
            "pkt_dts": 509,
            "pkt_dts_time": "16.982836",
            "best_effort_timestamp": 509,
            "best_effort_timestamp_time": "16.982836",
            "duration": 1,
            "duration_time": "0.033365",
            "pkt_pos": "64371304",
            "pkt_size": "120000",
            "width": 720,
            "height": 480,
            "crop_top": 0,
            "crop_bottom": 0,
            "crop_left": 0,
            "crop_right": 0,
            "pix_fmt": "yuv411p",
            "sample_aspect_ratio": "8:9",
            "pict_type": "I",
            "interlaced_frame": 1,
            "top_field_first": 0,
            "repeat_pict": 0,
            "chroma_location": "topleft"
        },
        {
            "media_type": "video",
            "stream_index": 0,
            "key_frame": 1,
            "pts": 510,
            "pts_time": "17.016201",
            "pkt_dts": 510,
            "pkt_dts_time": "17.016201",
            "best_effort_timestamp": 510,
            "best_effort_timestamp_time": "17.016201",
            "duration": 1,
            "duration_time": "0.033365",
            "pkt_pos": "64491312",
            "pkt_size": "120000",
            "width": 720,
            "height": 480,
            "crop_top": 0,
            "crop_bottom": 0,
            "crop_left": 0,
            "crop_right": 0,
            "pix_fmt": "yuv411p",
            "sample_aspect_ratio": "8:9",
            "pict_type": "I",
            "interlaced_frame": 1,
            "top_field_first": 0,
            "repeat_pict": 0,
            "chroma_location": "topleft"
        },
        {
            "media_type": "video",
            "stream_index": 0,
            "key_frame": 1,
            "pts": 511,
            "pts_time": "17.049566",
            "pkt_dts": 511,
            "pkt_dts_time": "17.049566",
            "best_effort_timestamp": 511,
            "best_effort_timestamp_time": "17.049566",
            "duration": 1,
            "duration_time": "0.033365",
            "pkt_pos": "64611320",
            "pkt_size": "120000",
            "width": 720,
            "height": 480,
            "crop_top": 0,
            "crop_bottom": 0,
            "crop_left": 0,
            "crop_right": 0,
            "pix_fmt": "yuv411p",
            "sample_aspect_ratio": "8:9",
            "pict_type": "I",
            "interlaced_frame": 1,
            "top_field_first": 0,
            "repeat_pict": 0,
            "chroma_location": "topleft"
        },
        {
            "media_type": "video",
            "stream_index": 0,
            "key_frame": 1,
            "pts": 512,
            "pts_time": "17.082931",
            "pkt_dts": 512,
            "pkt_dts_time": "17.082931",
            "best_effort_timestamp": 512,
            "best_effort_timestamp_time": "17.082931",
            "duration": 1,
            "duration_time": "0.033365",
            "pkt_pos": "64731328",
            "pkt_size": "120000",
            "width": 720,
            "height": 480,
            "crop_top": 0,
            "crop_bottom": 0,
            "crop_left": 0,
            "crop_right": 0,
            "pix_fmt": "yuv411p",
            "sample_aspect_ratio": "8:9",
            "pict_type": "I",
            "interlaced_frame": 1,
            "top_field_first": 0,
            "repeat_pict": 0,
            "chroma_location": "topleft"
        },
        {
            "media_type": "video",
            "stream_index": 0,
            "key_frame": 1,
            "pts": 513,
            "pts_time": "17.116296",
            "pkt_dts": 513,
            "pkt_dts_time": "17.116296",
            "best_effort_timestamp": 513,
            "best_effort_timestamp_time": "17.116296",
            "duration": 1,
            "duration_time": "0.033365",
            "pkt_pos": "64851336",
            "pkt_size": "120000",
            "width": 720,
            "height": 480,
            "crop_top": 0,
            "crop_bottom": 0,
            "crop_left": 0,
            "crop_right": 0,
            "pix_fmt": "yuv411p",
            "sample_aspect_ratio": "8:9",
            "pict_type": "I",
            "interlaced_frame": 1,
            "top_field_first": 0,
            "repeat_pict": 0,
            "chroma_location": "topleft"
        },
        {
            "media_type": "video",
            "stream_index": 0,
            "key_frame": 1,
            "pts": 514,
            "pts_time": "17.149661",
            "pkt_dts": 514,
            "pkt_dts_time": "17.149661",
            "best_effort_timestamp": 514,
            "best_effort_timestamp_time": "17.149661",
            "duration": 1,
            "duration_time": "0.033365",
            "pkt_pos": "64971344",
            "pkt_size": "120000",
            "width": 720,
            "height": 480,
            "crop_top": 0,
            "crop_bottom": 0,
            "crop_left": 0,
            "crop_right": 0,
            "pix_fmt": "yuv411p",
            "sample_aspect_ratio": "8:9",
            "pict_type": "I",
            "interlaced_frame": 1,
            "top_field_first": 0,
            "repeat_pict": 0,
            "chroma_location": "topleft"
        },
        {
            "media_type": "video",
            "stream_index": 0,
            "key_frame": 1,
            "pts": 515,
            "pts_time": "17.183027",
            "pkt_dts": 515,
            "pkt_dts_time": "17.183027",
            "best_effort_timestamp": 515,
            "best_effort_timestamp_time": "17.183027",
            "duration": 1,
            "duration_time": "0.033365",
            "pkt_pos": "65091352",
            "pkt_size": "120000",
            "width": 720,
            "height": 480,
            "crop_top": 0,
            "crop_bottom": 0,
            "crop_left": 0,
            "crop_right": 0,
            "pix_fmt": "yuv411p",
            "sample_aspect_ratio": "8:9",
            "pict_type": "I",
            "interlaced_frame": 1,
            "top_field_first": 0,
            "repeat_pict": 0,
            "chroma_location": "topleft"
        },
        {
            "media_type": "video",
            "stream_index": 0,
            "key_frame": 1,
            "pts": 516,
            "pts_time": "17.216392",
            "pkt_dts": 516,
            "pkt_dts_time": "17.216392",
            "best_effort_timestamp": 516,
            "best_effort_timestamp_time": "17.216392",
            "duration": 1,
            "duration_time": "0.033365",
            "pkt_pos": "65211360",
            "pkt_size": "120000",
            "width": 720,
            "height": 480,
            "crop_top": 0,
            "crop_bottom": 0,
            "crop_left": 0,
            "crop_right": 0,
            "pix_fmt": "yuv411p",
            "sample_aspect_ratio": "8:9",
            "pict_type": "I",
            "interlaced_frame": 1,
            "top_field_first": 0,
            "repeat_pict": 0,
            "chroma_location": "topleft"
        },
        {
            "media_type": "video",
            "stream_index": 0,
            "key_frame": 1,
            "pts": 517,
            "pts_time": "17.249757",
            "pkt_dts": 517,
            "pkt_dts_time": "17.249757",
            "best_effort_timestamp": 517,
            "best_effort_timestamp_time": "17.249757",
            "duration": 1,
            "duration_time": "0.033365",
            "pkt_pos": "65331368",
            "pkt_size": "120000",
            "width": 720,
            "height": 480,
            "crop_top": 0,
            "crop_bottom": 0,
            "crop_left": 0,
            "crop_right": 0,
            "pix_fmt": "yuv411p",
            "sample_aspect_ratio": "8:9",
            "pict_type": "I",
            "interlaced_frame": 1,
            "top_field_first": 0,
            "repeat_pict": 0,
            "chroma_location": "topleft"
        },
        {
            "media_type": "video",
            "stream_index": 0,
            "key_frame": 1,
            "pts": 518,
            "pts_time": "17.283122",
            "pkt_dts": 518,
            "pkt_dts_time": "17.283122",
            "best_effort_timestamp": 518,
            "best_effort_timestamp_time": "17.283122",
            "duration": 1,
            "duration_time": "0.033365",
            "pkt_pos": "65451376",
            "pkt_size": "120000",
            "width": 720,
            "height": 480,
            "crop_top": 0,
            "crop_bottom": 0,
            "crop_left": 0,
            "crop_right": 0,
            "pix_fmt": "yuv411p",
            "sample_aspect_ratio": "8:9",
            "pict_type": "I",
            "interlaced_frame": 1,
            "top_field_first": 0,
            "repeat_pict": 0,
            "chroma_location": "topleft"
        },
        {
            "media_type": "video",
            "stream_index": 0,
            "key_frame": 1,
            "pts": 519,
            "pts_time": "17.316487",
            "pkt_dts": 519,
            "pkt_dts_time": "17.316487",
            "best_effort_timestamp": 519,
            "best_effort_timestamp_time": "17.316487",
            "duration": 1,
            "duration_time": "0.033365",
            "pkt_pos": "65571384",
            "pkt_size": "120000",
            "width": 720,
            "height": 480,
            "crop_top": 0,
            "crop_bottom": 0,
            "crop_left": 0,
            "crop_right": 0,
            "pix_fmt": "yuv411p",
            "sample_aspect_ratio": "8:9",
            "pict_type": "I",
            "interlaced_frame": 1,
            "top_field_first": 0,
            "repeat_pict": 0,
            "chroma_location": "topleft"
        },
        {
            "media_type": "video",
            "stream_index": 0,
            "key_frame": 1,
            "pts": 520,
            "pts_time": "17.349852",
            "pkt_dts": 520,
            "pkt_dts_time": "17.349852",
            "best_effort_timestamp": 520,
            "best_effort_timestamp_time": "17.349852",
            "duration": 1,
            "duration_time": "0.033365",
            "pkt_pos": "65691392",
            "pkt_size": "120000",
            "width": 720,
            "height": 480,
            "crop_top": 0,
            "crop_bottom": 0,
            "crop_left": 0,
            "crop_right": 0,
            "pix_fmt": "yuv411p",
            "sample_aspect_ratio": "8:9",
            "pict_type": "I",
            "interlaced_frame": 1,
            "top_field_first": 0,
            "repeat_pict": 0,
            "chroma_location": "topleft"
        },
        {
            "media_type": "video",
            "stream_index": 0,
            "key_frame": 1,
            "pts": 521,
            "pts_time": "17.383217",
            "pkt_dts": 521,
            "pkt_dts_time": "17.383217",
            "best_effort_timestamp": 521,
            "best_effort_timestamp_time": "17.383217",
            "duration": 1,
            "duration_time": "0.033365",
            "pkt_pos": "65811400",
            "pkt_size": "120000",
            "width": 720,
            "height": 480,
            "crop_top": 0,
            "crop_bottom": 0,
            "crop_left": 0,
            "crop_right": 0,
            "pix_fmt": "yuv411p",
            "sample_aspect_ratio": "8:9",
            "pict_type": "I",
            "interlaced_frame": 1,
            "top_field_first": 0,
            "repeat_pict": 0,
            "chroma_location": "topleft"
        },
        {
            "media_type": "video",
            "stream_index": 0,
            "key_frame": 1,
            "pts": 522,
            "pts_time": "17.416582",
            "pkt_dts": 522,
            "pkt_dts_time": "17.416582",
            "best_effort_timestamp": 522,
            "best_effort_timestamp_time": "17.416582",
            "duration": 1,
            "duration_time": "0.033365",
            "pkt_pos": "66117204",
            "pkt_size": "120000",
            "width": 720,
            "height": 480,
            "crop_top": 0,
            "crop_bottom": 0,
            "crop_left": 0,
            "crop_right": 0,
            "pix_fmt": "yuv411p",
            "sample_aspect_ratio": "8:9",
            "pict_type": "I",
            "interlaced_frame": 1,
            "top_field_first": 0,
            "repeat_pict": 0,
            "chroma_location": "topleft"
        },
        {
            "media_type": "video",
            "stream_index": 0,
            "key_frame": 1,
            "pts": 523,
            "pts_time": "17.449947",
            "pkt_dts": 523,
            "pkt_dts_time": "17.449947",
            "best_effort_timestamp": 523,
            "best_effort_timestamp_time": "17.449947",
            "duration": 1,
            "duration_time": "0.033365",
            "pkt_pos": "66237212",
            "pkt_size": "120000",
            "width": 720,
            "height": 480,
            "crop_top": 0,
            "crop_bottom": 0,
            "crop_left": 0,
            "crop_right": 0,
            "pix_fmt": "yuv411p",
            "sample_aspect_ratio": "8:9",
            "pict_type": "I",
            "interlaced_frame": 1,
            "top_field_first": 0,
            "repeat_pict": 0,
            "chroma_location": "topleft"
        },
        {
            "media_type": "video",
            "stream_index": 0,
            "key_frame": 1,
            "pts": 524,
            "pts_time": "17.483312",
            "pkt_dts": 524,
            "pkt_dts_time": "17.483312",
            "best_effort_timestamp": 524,
            "best_effort_timestamp_time": "17.483312",
            "duration": 1,
            "duration_time": "0.033365",
            "pkt_pos": "66357220",
            "pkt_size": "120000",
            "width": 720,
            "height": 480,
            "crop_top": 0,
            "crop_bottom": 0,
            "crop_left": 0,
            "crop_right": 0,
            "pix_fmt": "yuv411p",
            "sample_aspect_ratio": "8:9",
            "pict_type": "I",
            "interlaced_frame": 1,
            "top_field_first": 0,
            "repeat_pict": 0,
            "chroma_location": "topleft"
        },
        {
            "media_type": "video",
            "stream_index": 0,
            "key_frame": 1,
            "pts": 525,
            "pts_time": "17.516678",
            "pkt_dts": 525,
            "pkt_dts_time": "17.516678",
            "best_effort_timestamp": 525,
            "best_effort_timestamp_time": "17.516678",
            "duration": 1,
            "duration_time": "0.033365",
            "pkt_pos": "66477228",
            "pkt_size": "120000",
            "width": 720,
            "height": 480,
            "crop_top": 0,
            "crop_bottom": 0,
            "crop_left": 0,
            "crop_right": 0,
            "pix_fmt": "yuv411p",
            "sample_aspect_ratio": "8:9",
            "pict_type": "I",
            "interlaced_frame": 1,
            "top_field_first": 0,
            "repeat_pict": 0,
            "chroma_location": "topleft"
        },
        {
            "media_type": "video",
            "stream_index": 0,
            "key_frame": 1,
            "pts": 526,
            "pts_time": "17.550043",
            "pkt_dts": 526,
            "pkt_dts_time": "17.550043",
            "best_effort_timestamp": 526,
            "best_effort_timestamp_time": "17.550043",
            "duration": 1,
            "duration_time": "0.033365",
            "pkt_pos": "66597236",
            "pkt_size": "120000",
            "width": 720,
            "height": 480,
            "crop_top": 0,
            "crop_bottom": 0,
            "crop_left": 0,
            "crop_right": 0,
            "pix_fmt": "yuv411p",
            "sample_aspect_ratio": "8:9",
            "pict_type": "I",
            "interlaced_frame": 1,
            "top_field_first": 0,
            "repeat_pict": 0,
            "chroma_location": "topleft"
        },
        {
            "media_type": "video",
            "stream_index": 0,
            "key_frame": 1,
            "pts": 527,
            "pts_time": "17.583408",
            "pkt_dts": 527,
            "pkt_dts_time": "17.583408",
            "best_effort_timestamp": 527,
            "best_effort_timestamp_time": "17.583408",
            "duration": 1,
            "duration_time": "0.033365",
            "pkt_pos": "66717244",
            "pkt_size": "120000",
            "width": 720,
            "height": 480,
            "crop_top": 0,
            "crop_bottom": 0,
            "crop_left": 0,
            "crop_right": 0,
            "pix_fmt": "yuv411p",
            "sample_aspect_ratio": "8:9",
            "pict_type": "I",
            "interlaced_frame": 1,
            "top_field_first": 0,
            "repeat_pict": 0,
            "chroma_location": "topleft"
        },
        {
            "media_type": "video",
            "stream_index": 0,
            "key_frame": 1,
            "pts": 528,
            "pts_time": "17.616773",
            "pkt_dts": 528,
            "pkt_dts_time": "17.616773",
            "best_effort_timestamp": 528,
            "best_effort_timestamp_time": "17.616773",
            "duration": 1,
            "duration_time": "0.033365",
            "pkt_pos": "66837252",
            "pkt_size": "120000",
            "width": 720,
            "height": 480,
            "crop_top": 0,
            "crop_bottom": 0,
            "crop_left": 0,
            "crop_right": 0,
            "pix_fmt": "yuv411p",
            "sample_aspect_ratio": "8:9",
            "pict_type": "I",
            "interlaced_frame": 1,
            "top_field_first": 0,
            "repeat_pict": 0,
            "chroma_location": "topleft"
        },
        {
            "media_type": "video",
            "stream_index": 0,
            "key_frame": 1,
            "pts": 529,
            "pts_time": "17.650138",
            "pkt_dts": 529,
            "pkt_dts_time": "17.650138",
            "best_effort_timestamp": 529,
            "best_effort_timestamp_time": "17.650138",
            "duration": 1,
            "duration_time": "0.033365",
            "pkt_pos": "66957260",
            "pkt_size": "120000",
            "width": 720,
            "height": 480,
            "crop_top": 0,
            "crop_bottom": 0,
            "crop_left": 0,
            "crop_right": 0,
            "pix_fmt": "yuv411p",
            "sample_aspect_ratio": "8:9",
            "pict_type": "I",
            "interlaced_frame": 1,
            "top_field_first": 0,
            "repeat_pict": 0,
            "chroma_location": "topleft"
        },
        {
            "media_type": "video",
            "stream_index": 0,
            "key_frame": 1,
            "pts": 530,
            "pts_time": "17.683503",
            "pkt_dts": 530,
            "pkt_dts_time": "17.683503",
            "best_effort_timestamp": 530,
            "best_effort_timestamp_time": "17.683503",
            "duration": 1,
            "duration_time": "0.033365",
            "pkt_pos": "67077268",
            "pkt_size": "120000",
            "width": 720,
            "height": 480,
            "crop_top": 0,
            "crop_bottom": 0,
            "crop_left": 0,
            "crop_right": 0,
            "pix_fmt": "yuv411p",
            "sample_aspect_ratio": "8:9",
            "pict_type": "I",
            "interlaced_frame": 1,
            "top_field_first": 0,
            "repeat_pict": 0,
            "chroma_location": "topleft"
        },
        {
            "media_type": "video",
            "stream_index": 0,
            "key_frame": 1,
            "pts": 531,
            "pts_time": "17.716868",
            "pkt_dts": 531,
            "pkt_dts_time": "17.716868",
            "best_effort_timestamp": 531,
            "best_effort_timestamp_time": "17.716868",
            "duration": 1,
            "duration_time": "0.033365",
            "pkt_pos": "67197276",
            "pkt_size": "120000",
            "width": 720,
            "height": 480,
            "crop_top": 0,
            "crop_bottom": 0,
            "crop_left": 0,
            "crop_right": 0,
            "pix_fmt": "yuv411p",
            "sample_aspect_ratio": "8:9",
            "pict_type": "I",
            "interlaced_frame": 1,
            "top_field_first": 0,
            "repeat_pict": 0,
            "chroma_location": "topleft"
        },
        {
            "media_type": "video",
            "stream_index": 0,
            "key_frame": 1,
            "pts": 532,
            "pts_time": "17.750233",
            "pkt_dts": 532,
            "pkt_dts_time": "17.750233",
            "best_effort_timestamp": 532,
            "best_effort_timestamp_time": "17.750233",
            "duration": 1,
            "duration_time": "0.033365",
            "pkt_pos": "67317284",
            "pkt_size": "120000",
            "width": 720,
            "height": 480,
            "crop_top": 0,
            "crop_bottom": 0,
            "crop_left": 0,
            "crop_right": 0,
            "pix_fmt": "yuv411p",
            "sample_aspect_ratio": "8:9",
            "pict_type": "I",
            "interlaced_frame": 1,
            "top_field_first": 0,
            "repeat_pict": 0,
            "chroma_location": "topleft"
        },
        {
            "media_type": "video",
            "stream_index": 0,
            "key_frame": 1,
            "pts": 533,
            "pts_time": "17.783598",
            "pkt_dts": 533,
            "pkt_dts_time": "17.783598",
            "best_effort_timestamp": 533,
            "best_effort_timestamp_time": "17.783598",
            "duration": 1,
            "duration_time": "0.033365",
            "pkt_pos": "67437292",
            "pkt_size": "120000",
            "width": 720,
            "height": 480,
            "crop_top": 0,
            "crop_bottom": 0,
            "crop_left": 0,
            "crop_right": 0,
            "pix_fmt": "yuv411p",
            "sample_aspect_ratio": "8:9",
            "pict_type": "I",
            "interlaced_frame": 1,
            "top_field_first": 0,
            "repeat_pict": 0,
            "chroma_location": "topleft"
        },
        {
            "media_type": "video",
            "stream_index": 0,
            "key_frame": 1,
            "pts": 534,
            "pts_time": "17.816963",
            "pkt_dts": 534,
            "pkt_dts_time": "17.816963",
            "best_effort_timestamp": 534,
            "best_effort_timestamp_time": "17.816963",
            "duration": 1,
            "duration_time": "0.033365",
            "pkt_pos": "67557300",
            "pkt_size": "120000",
            "width": 720,
            "height": 480,
            "crop_top": 0,
            "crop_bottom": 0,
            "crop_left": 0,
            "crop_right": 0,
            "pix_fmt": "yuv411p",
            "sample_aspect_ratio": "8:9",
            "pict_type": "I",
            "interlaced_frame": 1,
            "top_field_first": 0,
            "repeat_pict": 0,
            "chroma_location": "topleft"
        },
        {
            "media_type": "video",
            "stream_index": 0,
            "key_frame": 1,
            "pts": 535,
            "pts_time": "17.850328",
            "pkt_dts": 535,
            "pkt_dts_time": "17.850328",
            "best_effort_timestamp": 535,
            "best_effort_timestamp_time": "17.850328",
            "duration": 1,
            "duration_time": "0.033365",
            "pkt_pos": "67677308",
            "pkt_size": "120000",
            "width": 720,
            "height": 480,
            "crop_top": 0,
            "crop_bottom": 0,
            "crop_left": 0,
            "crop_right": 0,
            "pix_fmt": "yuv411p",
            "sample_aspect_ratio": "8:9",
            "pict_type": "I",
            "interlaced_frame": 1,
            "top_field_first": 0,
            "repeat_pict": 0,
            "chroma_location": "topleft"
        },
        {
            "media_type": "video",
            "stream_index": 0,
            "key_frame": 1,
            "pts": 536,
            "pts_time": "17.883694",
            "pkt_dts": 536,
            "pkt_dts_time": "17.883694",
            "best_effort_timestamp": 536,
            "best_effort_timestamp_time": "17.883694",
            "duration": 1,
            "duration_time": "0.033365",
            "pkt_pos": "67797316",
            "pkt_size": "120000",
            "width": 720,
            "height": 480,
            "crop_top": 0,
            "crop_bottom": 0,
            "crop_left": 0,
            "crop_right": 0,
            "pix_fmt": "yuv411p",
            "sample_aspect_ratio": "8:9",
            "pict_type": "I",
            "interlaced_frame": 1,
            "top_field_first": 0,
            "repeat_pict": 0,
            "chroma_location": "topleft"
        },
        {
            "media_type": "video",
            "stream_index": 0,
            "key_frame": 1,
            "pts": 537,
            "pts_time": "17.917059",
            "pkt_dts": 537,
            "pkt_dts_time": "17.917059",
            "best_effort_timestamp": 537,
            "best_effort_timestamp_time": "17.917059",
            "duration": 1,
            "duration_time": "0.033365",
            "pkt_pos": "67917324",
            "pkt_size": "120000",
            "width": 720,
            "height": 480,
            "crop_top": 0,
            "crop_bottom": 0,
            "crop_left": 0,
            "crop_right": 0,
            "pix_fmt": "yuv411p",
            "sample_aspect_ratio": "8:9",
            "pict_type": "I",
            "interlaced_frame": 1,
            "top_field_first": 0,
            "repeat_pict": 0,
            "chroma_location": "topleft"
        },
        {
            "media_type": "video",
            "stream_index": 0,
            "key_frame": 1,
            "pts": 538,
            "pts_time": "17.950424",
            "pkt_dts": 538,
            "pkt_dts_time": "17.950424",
            "best_effort_timestamp": 538,
            "best_effort_timestamp_time": "17.950424",
            "duration": 1,
            "duration_time": "0.033365",
            "pkt_pos": "68037332",
            "pkt_size": "120000",
            "width": 720,
            "height": 480,
            "crop_top": 0,
            "crop_bottom": 0,
            "crop_left": 0,
            "crop_right": 0,
            "pix_fmt": "yuv411p",
            "sample_aspect_ratio": "8:9",
            "pict_type": "I",
            "interlaced_frame": 1,
            "top_field_first": 0,
            "repeat_pict": 0,
            "chroma_location": "topleft"
        },
        {
            "media_type": "video",
            "stream_index": 0,
            "key_frame": 1,
            "pts": 539,
            "pts_time": "17.983789",
            "pkt_dts": 539,
            "pkt_dts_time": "17.983789",
            "best_effort_timestamp": 539,
            "best_effort_timestamp_time": "17.983789",
            "duration": 1,
            "duration_time": "0.033365",
            "pkt_pos": "68157340",
            "pkt_size": "120000",
            "width": 720,
            "height": 480,
            "crop_top": 0,
            "crop_bottom": 0,
            "crop_left": 0,
            "crop_right": 0,
            "pix_fmt": "yuv411p",
            "sample_aspect_ratio": "8:9",
            "pict_type": "I",
            "interlaced_frame": 1,
            "top_field_first": 0,
            "repeat_pict": 0,
            "chroma_location": "topleft"
        },
        {
            "media_type": "video",
            "stream_index": 0,
            "key_frame": 1,
            "pts": 540,
            "pts_time": "18.017154",
            "pkt_dts": 540,
            "pkt_dts_time": "18.017154",
            "best_effort_timestamp": 540,
            "best_effort_timestamp_time": "18.017154",
            "duration": 1,
            "duration_time": "0.033365",
            "pkt_pos": "68277348",
            "pkt_size": "120000",
            "width": 720,
            "height": 480,
            "crop_top": 0,
            "crop_bottom": 0,
            "crop_left": 0,
            "crop_right": 0,
            "pix_fmt": "yuv411p",
            "sample_aspect_ratio": "8:9",
            "pict_type": "I",
            "interlaced_frame": 1,
            "top_field_first": 0,
            "repeat_pict": 0,
            "chroma_location": "topleft"
        },
        {
            "media_type": "video",
            "stream_index": 0,
            "key_frame": 1,
            "pts": 541,
            "pts_time": "18.050519",
            "pkt_dts": 541,
            "pkt_dts_time": "18.050519",
            "best_effort_timestamp": 541,
            "best_effort_timestamp_time": "18.050519",
            "duration": 1,
            "duration_time": "0.033365",
            "pkt_pos": "68397356",
            "pkt_size": "120000",
            "width": 720,
            "height": 480,
            "crop_top": 0,
            "crop_bottom": 0,
            "crop_left": 0,
            "crop_right": 0,
            "pix_fmt": "yuv411p",
            "sample_aspect_ratio": "8:9",
            "pict_type": "I",
            "interlaced_frame": 1,
            "top_field_first": 0,
            "repeat_pict": 0,
            "chroma_location": "topleft"
        },
        {
            "media_type": "video",
            "stream_index": 0,
            "key_frame": 1,
            "pts": 542,
            "pts_time": "18.083884",
            "pkt_dts": 542,
            "pkt_dts_time": "18.083884",
            "best_effort_timestamp": 542,
            "best_effort_timestamp_time": "18.083884",
            "duration": 1,
            "duration_time": "0.033365",
            "pkt_pos": "68517364",
            "pkt_size": "120000",
            "width": 720,
            "height": 480,
            "crop_top": 0,
            "crop_bottom": 0,
            "crop_left": 0,
            "crop_right": 0,
            "pix_fmt": "yuv411p",
            "sample_aspect_ratio": "8:9",
            "pict_type": "I",
            "interlaced_frame": 1,
            "top_field_first": 0,
            "repeat_pict": 0,
            "chroma_location": "topleft"
        },
        {
            "media_type": "video",
            "stream_index": 0,
            "key_frame": 1,
            "pts": 543,
            "pts_time": "18.117249",
            "pkt_dts": 543,
            "pkt_dts_time": "18.117249",
            "best_effort_timestamp": 543,
            "best_effort_timestamp_time": "18.117249",
            "duration": 1,
            "duration_time": "0.033365",
            "pkt_pos": "68637372",
            "pkt_size": "120000",
            "width": 720,
            "height": 480,
            "crop_top": 0,
            "crop_bottom": 0,
            "crop_left": 0,
            "crop_right": 0,
            "pix_fmt": "yuv411p",
            "sample_aspect_ratio": "8:9",
            "pict_type": "I",
            "interlaced_frame": 1,
            "top_field_first": 0,
            "repeat_pict": 0,
            "chroma_location": "topleft"
        },
        {
            "media_type": "video",
            "stream_index": 0,
            "key_frame": 1,
            "pts": 544,
            "pts_time": "18.150614",
            "pkt_dts": 544,
            "pkt_dts_time": "18.150614",
            "best_effort_timestamp": 544,
            "best_effort_timestamp_time": "18.150614",
            "duration": 1,
            "duration_time": "0.033365",
            "pkt_pos": "68757380",
            "pkt_size": "120000",
            "width": 720,
            "height": 480,
            "crop_top": 0,
            "crop_bottom": 0,
            "crop_left": 0,
            "crop_right": 0,
            "pix_fmt": "yuv411p",
            "sample_aspect_ratio": "8:9",
            "pict_type": "I",
            "interlaced_frame": 1,
            "top_field_first": 0,
            "repeat_pict": 0,
            "chroma_location": "topleft"
        },
        {
            "media_type": "video",
            "stream_index": 0,
            "key_frame": 1,
            "pts": 545,
            "pts_time": "18.183979",
            "pkt_dts": 545,
            "pkt_dts_time": "18.183979",
            "best_effort_timestamp": 545,
            "best_effort_timestamp_time": "18.183979",
            "duration": 1,
            "duration_time": "0.033365",
            "pkt_pos": "68877388",
            "pkt_size": "120000",
            "width": 720,
            "height": 480,
            "crop_top": 0,
            "crop_bottom": 0,
            "crop_left": 0,
            "crop_right": 0,
            "pix_fmt": "yuv411p",
            "sample_aspect_ratio": "8:9",
            "pict_type": "I",
            "interlaced_frame": 1,
            "top_field_first": 0,
            "repeat_pict": 0,
            "chroma_location": "topleft"
        },
        {
            "media_type": "video",
            "stream_index": 0,
            "key_frame": 1,
            "pts": 546,
            "pts_time": "18.217345",
            "pkt_dts": 546,
            "pkt_dts_time": "18.217345",
            "best_effort_timestamp": 546,
            "best_effort_timestamp_time": "18.217345",
            "duration": 1,
            "duration_time": "0.033365",
            "pkt_pos": "68997396",
            "pkt_size": "120000",
            "width": 720,
            "height": 480,
            "crop_top": 0,
            "crop_bottom": 0,
            "crop_left": 0,
            "crop_right": 0,
            "pix_fmt": "yuv411p",
            "sample_aspect_ratio": "8:9",
            "pict_type": "I",
            "interlaced_frame": 1,
            "top_field_first": 0,
            "repeat_pict": 0,
            "chroma_location": "topleft"
        },
        {
            "media_type": "video",
            "stream_index": 0,
            "key_frame": 1,
            "pts": 547,
            "pts_time": "18.250710",
            "pkt_dts": 547,
            "pkt_dts_time": "18.250710",
            "best_effort_timestamp": 547,
            "best_effort_timestamp_time": "18.250710",
            "duration": 1,
            "duration_time": "0.033365",
            "pkt_pos": "69117404",
            "pkt_size": "120000",
            "width": 720,
            "height": 480,
            "crop_top": 0,
            "crop_bottom": 0,
            "crop_left": 0,
            "crop_right": 0,
            "pix_fmt": "yuv411p",
            "sample_aspect_ratio": "8:9",
            "pict_type": "I",
            "interlaced_frame": 1,
            "top_field_first": 0,
            "repeat_pict": 0,
            "chroma_location": "topleft"
        },
        {
            "media_type": "video",
            "stream_index": 0,
            "key_frame": 1,
            "pts": 548,
            "pts_time": "18.284075",
            "pkt_dts": 548,
            "pkt_dts_time": "18.284075",
            "best_effort_timestamp": 548,
            "best_effort_timestamp_time": "18.284075",
            "duration": 1,
            "duration_time": "0.033365",
            "pkt_pos": "69237412",
            "pkt_size": "120000",
            "width": 720,
            "height": 480,
            "crop_top": 0,
            "crop_bottom": 0,
            "crop_left": 0,
            "crop_right": 0,
            "pix_fmt": "yuv411p",
            "sample_aspect_ratio": "8:9",
            "pict_type": "I",
            "interlaced_frame": 1,
            "top_field_first": 0,
            "repeat_pict": 0,
            "chroma_location": "topleft"
        },
        {
            "media_type": "video",
            "stream_index": 0,
            "key_frame": 1,
            "pts": 549,
            "pts_time": "18.317440",
            "pkt_dts": 549,
            "pkt_dts_time": "18.317440",
            "best_effort_timestamp": 549,
            "best_effort_timestamp_time": "18.317440",
            "duration": 1,
            "duration_time": "0.033365",
            "pkt_pos": "69357420",
            "pkt_size": "120000",
            "width": 720,
            "height": 480,
            "crop_top": 0,
            "crop_bottom": 0,
            "crop_left": 0,
            "crop_right": 0,
            "pix_fmt": "yuv411p",
            "sample_aspect_ratio": "8:9",
            "pict_type": "I",
            "interlaced_frame": 1,
            "top_field_first": 0,
            "repeat_pict": 0,
            "chroma_location": "topleft"
        },
        {
            "media_type": "video",
            "stream_index": 0,
            "key_frame": 1,
            "pts": 550,
            "pts_time": "18.350805",
            "pkt_dts": 550,
            "pkt_dts_time": "18.350805",
            "best_effort_timestamp": 550,
            "best_effort_timestamp_time": "18.350805",
            "duration": 1,
            "duration_time": "0.033365",
            "pkt_pos": "69477428",
            "pkt_size": "120000",
            "width": 720,
            "height": 480,
            "crop_top": 0,
            "crop_bottom": 0,
            "crop_left": 0,
            "crop_right": 0,
            "pix_fmt": "yuv411p",
            "sample_aspect_ratio": "8:9",
            "pict_type": "I",
            "interlaced_frame": 1,
            "top_field_first": 0,
            "repeat_pict": 0,
            "chroma_location": "topleft"
        },
        {
            "media_type": "video",
            "stream_index": 0,
            "key_frame": 1,
            "pts": 551,
            "pts_time": "18.384170",
            "pkt_dts": 551,
            "pkt_dts_time": "18.384170",
            "best_effort_timestamp": 551,
            "best_effort_timestamp_time": "18.384170",
            "duration": 1,
            "duration_time": "0.033365",
            "pkt_pos": "69783228",
            "pkt_size": "120000",
            "width": 720,
            "height": 480,
            "crop_top": 0,
            "crop_bottom": 0,
            "crop_left": 0,
            "crop_right": 0,
            "pix_fmt": "yuv411p",
            "sample_aspect_ratio": "8:9",
            "pict_type": "I",
            "interlaced_frame": 1,
            "top_field_first": 0,
            "repeat_pict": 0,
            "chroma_location": "topleft"
        },
        {
            "media_type": "video",
            "stream_index": 0,
            "key_frame": 1,
            "pts": 552,
            "pts_time": "18.417535",
            "pkt_dts": 552,
            "pkt_dts_time": "18.417535",
            "best_effort_timestamp": 552,
            "best_effort_timestamp_time": "18.417535",
            "duration": 1,
            "duration_time": "0.033365",
            "pkt_pos": "69903236",
            "pkt_size": "120000",
            "width": 720,
            "height": 480,
            "crop_top": 0,
            "crop_bottom": 0,
            "crop_left": 0,
            "crop_right": 0,
            "pix_fmt": "yuv411p",
            "sample_aspect_ratio": "8:9",
            "pict_type": "I",
            "interlaced_frame": 1,
            "top_field_first": 0,
            "repeat_pict": 0,
            "chroma_location": "topleft"
        },
        {
            "media_type": "video",
            "stream_index": 0,
            "key_frame": 1,
            "pts": 553,
            "pts_time": "18.450900",
            "pkt_dts": 553,
            "pkt_dts_time": "18.450900",
            "best_effort_timestamp": 553,
            "best_effort_timestamp_time": "18.450900",
            "duration": 1,
            "duration_time": "0.033365",
            "pkt_pos": "70023244",
            "pkt_size": "120000",
            "width": 720,
            "height": 480,
            "crop_top": 0,
            "crop_bottom": 0,
            "crop_left": 0,
            "crop_right": 0,
            "pix_fmt": "yuv411p",
            "sample_aspect_ratio": "8:9",
            "pict_type": "I",
            "interlaced_frame": 1,
            "top_field_first": 0,
            "repeat_pict": 0,
            "chroma_location": "topleft"
        },
        {
            "media_type": "video",
            "stream_index": 0,
            "key_frame": 1,
            "pts": 554,
            "pts_time": "18.484265",
            "pkt_dts": 554,
            "pkt_dts_time": "18.484265",
            "best_effort_timestamp": 554,
            "best_effort_timestamp_time": "18.484265",
            "duration": 1,
            "duration_time": "0.033365",
            "pkt_pos": "70143252",
            "pkt_size": "120000",
            "width": 720,
            "height": 480,
            "crop_top": 0,
            "crop_bottom": 0,
            "crop_left": 0,
            "crop_right": 0,
            "pix_fmt": "yuv411p",
            "sample_aspect_ratio": "8:9",
            "pict_type": "I",
            "interlaced_frame": 1,
            "top_field_first": 0,
            "repeat_pict": 0,
            "chroma_location": "topleft"
        },
        {
            "media_type": "video",
            "stream_index": 0,
            "key_frame": 1,
            "pts": 555,
            "pts_time": "18.517630",
            "pkt_dts": 555,
            "pkt_dts_time": "18.517630",
            "best_effort_timestamp": 555,
            "best_effort_timestamp_time": "18.517630",
            "duration": 1,
            "duration_time": "0.033365",
            "pkt_pos": "70263260",
            "pkt_size": "120000",
            "width": 720,
            "height": 480,
            "crop_top": 0,
            "crop_bottom": 0,
            "crop_left": 0,
            "crop_right": 0,
            "pix_fmt": "yuv411p",
            "sample_aspect_ratio": "8:9",
            "pict_type": "I",
            "interlaced_frame": 1,
            "top_field_first": 0,
            "repeat_pict": 0,
            "chroma_location": "topleft"
        },
        {
            "media_type": "video",
            "stream_index": 0,
            "key_frame": 1,
            "pts": 556,
            "pts_time": "18.550996",
            "pkt_dts": 556,
            "pkt_dts_time": "18.550996",
            "best_effort_timestamp": 556,
            "best_effort_timestamp_time": "18.550996",
            "duration": 1,
            "duration_time": "0.033365",
            "pkt_pos": "70383268",
            "pkt_size": "120000",
            "width": 720,
            "height": 480,
            "crop_top": 0,
            "crop_bottom": 0,
            "crop_left": 0,
            "crop_right": 0,
            "pix_fmt": "yuv411p",
            "sample_aspect_ratio": "8:9",
            "pict_type": "I",
            "interlaced_frame": 1,
            "top_field_first": 0,
            "repeat_pict": 0,
            "chroma_location": "topleft"
        },
        {
            "media_type": "video",
            "stream_index": 0,
            "key_frame": 1,
            "pts": 557,
            "pts_time": "18.584361",
            "pkt_dts": 557,
            "pkt_dts_time": "18.584361",
            "best_effort_timestamp": 557,
            "best_effort_timestamp_time": "18.584361",
            "duration": 1,
            "duration_time": "0.033365",
            "pkt_pos": "70503276",
            "pkt_size": "120000",
            "width": 720,
            "height": 480,
            "crop_top": 0,
            "crop_bottom": 0,
            "crop_left": 0,
            "crop_right": 0,
            "pix_fmt": "yuv411p",
            "sample_aspect_ratio": "8:9",
            "pict_type": "I",
            "interlaced_frame": 1,
            "top_field_first": 0,
            "repeat_pict": 0,
            "chroma_location": "topleft"
        },
        {
            "media_type": "video",
            "stream_index": 0,
            "key_frame": 1,
            "pts": 558,
            "pts_time": "18.617726",
            "pkt_dts": 558,
            "pkt_dts_time": "18.617726",
            "best_effort_timestamp": 558,
            "best_effort_timestamp_time": "18.617726",
            "duration": 1,
            "duration_time": "0.033365",
            "pkt_pos": "70623284",
            "pkt_size": "120000",
            "width": 720,
            "height": 480,
            "crop_top": 0,
            "crop_bottom": 0,
            "crop_left": 0,
            "crop_right": 0,
            "pix_fmt": "yuv411p",
            "sample_aspect_ratio": "8:9",
            "pict_type": "I",
            "interlaced_frame": 1,
            "top_field_first": 0,
            "repeat_pict": 0,
            "chroma_location": "topleft"
        },
        {
            "media_type": "video",
            "stream_index": 0,
            "key_frame": 1,
            "pts": 559,
            "pts_time": "18.651091",
            "pkt_dts": 559,
            "pkt_dts_time": "18.651091",
            "best_effort_timestamp": 559,
            "best_effort_timestamp_time": "18.651091",
            "duration": 1,
            "duration_time": "0.033365",
            "pkt_pos": "70743292",
            "pkt_size": "120000",
            "width": 720,
            "height": 480,
            "crop_top": 0,
            "crop_bottom": 0,
            "crop_left": 0,
            "crop_right": 0,
            "pix_fmt": "yuv411p",
            "sample_aspect_ratio": "8:9",
            "pict_type": "I",
            "interlaced_frame": 1,
            "top_field_first": 0,
            "repeat_pict": 0,
            "chroma_location": "topleft"
        },
        {
            "media_type": "video",
            "stream_index": 0,
            "key_frame": 1,
            "pts": 560,
            "pts_time": "18.684456",
            "pkt_dts": 560,
            "pkt_dts_time": "18.684456",
            "best_effort_timestamp": 560,
            "best_effort_timestamp_time": "18.684456",
            "duration": 1,
            "duration_time": "0.033365",
            "pkt_pos": "70863300",
            "pkt_size": "120000",
            "width": 720,
            "height": 480,
            "crop_top": 0,
            "crop_bottom": 0,
            "crop_left": 0,
            "crop_right": 0,
            "pix_fmt": "yuv411p",
            "sample_aspect_ratio": "8:9",
            "pict_type": "I",
            "interlaced_frame": 1,
            "top_field_first": 0,
            "repeat_pict": 0,
            "chroma_location": "topleft"
        },
        {
            "media_type": "video",
            "stream_index": 0,
            "key_frame": 1,
            "pts": 561,
            "pts_time": "18.717821",
            "pkt_dts": 561,
            "pkt_dts_time": "18.717821",
            "best_effort_timestamp": 561,
            "best_effort_timestamp_time": "18.717821",
            "duration": 1,
            "duration_time": "0.033365",
            "pkt_pos": "70983308",
            "pkt_size": "120000",
            "width": 720,
            "height": 480,
            "crop_top": 0,
            "crop_bottom": 0,
            "crop_left": 0,
            "crop_right": 0,
            "pix_fmt": "yuv411p",
            "sample_aspect_ratio": "8:9",
            "pict_type": "I",
            "interlaced_frame": 1,
            "top_field_first": 0,
            "repeat_pict": 0,
            "chroma_location": "topleft"
        },
        {
            "media_type": "video",
            "stream_index": 0,
            "key_frame": 1,
            "pts": 562,
            "pts_time": "18.751186",
            "pkt_dts": 562,
            "pkt_dts_time": "18.751186",
            "best_effort_timestamp": 562,
            "best_effort_timestamp_time": "18.751186",
            "duration": 1,
            "duration_time": "0.033365",
            "pkt_pos": "71103316",
            "pkt_size": "120000",
            "width": 720,
            "height": 480,
            "crop_top": 0,
            "crop_bottom": 0,
            "crop_left": 0,
            "crop_right": 0,
            "pix_fmt": "yuv411p",
            "sample_aspect_ratio": "8:9",
            "pict_type": "I",
            "interlaced_frame": 1,
            "top_field_first": 0,
            "repeat_pict": 0,
            "chroma_location": "topleft"
        },
        {
            "media_type": "video",
            "stream_index": 0,
            "key_frame": 1,
            "pts": 563,
            "pts_time": "18.784551",
            "pkt_dts": 563,
            "pkt_dts_time": "18.784551",
            "best_effort_timestamp": 563,
            "best_effort_timestamp_time": "18.784551",
            "duration": 1,
            "duration_time": "0.033365",
            "pkt_pos": "71223324",
            "pkt_size": "120000",
            "width": 720,
            "height": 480,
            "crop_top": 0,
            "crop_bottom": 0,
            "crop_left": 0,
            "crop_right": 0,
            "pix_fmt": "yuv411p",
            "sample_aspect_ratio": "8:9",
            "pict_type": "I",
            "interlaced_frame": 1,
            "top_field_first": 0,
            "repeat_pict": 0,
            "chroma_location": "topleft"
        },
        {
            "media_type": "video",
            "stream_index": 0,
            "key_frame": 1,
            "pts": 564,
            "pts_time": "18.817916",
            "pkt_dts": 564,
            "pkt_dts_time": "18.817916",
            "best_effort_timestamp": 564,
            "best_effort_timestamp_time": "18.817916",
            "duration": 1,
            "duration_time": "0.033365",
            "pkt_pos": "71343332",
            "pkt_size": "120000",
            "width": 720,
            "height": 480,
            "crop_top": 0,
            "crop_bottom": 0,
            "crop_left": 0,
            "crop_right": 0,
            "pix_fmt": "yuv411p",
            "sample_aspect_ratio": "8:9",
            "pict_type": "I",
            "interlaced_frame": 1,
            "top_field_first": 0,
            "repeat_pict": 0,
            "chroma_location": "topleft"
        },
        {
            "media_type": "video",
            "stream_index": 0,
            "key_frame": 1,
            "pts": 565,
            "pts_time": "18.851282",
            "pkt_dts": 565,
            "pkt_dts_time": "18.851282",
            "best_effort_timestamp": 565,
            "best_effort_timestamp_time": "18.851282",
            "duration": 1,
            "duration_time": "0.033365",
            "pkt_pos": "71463340",
            "pkt_size": "120000",
            "width": 720,
            "height": 480,
            "crop_top": 0,
            "crop_bottom": 0,
            "crop_left": 0,
            "crop_right": 0,
            "pix_fmt": "yuv411p",
            "sample_aspect_ratio": "8:9",
            "pict_type": "I",
            "interlaced_frame": 1,
            "top_field_first": 0,
            "repeat_pict": 0,
            "chroma_location": "topleft"
        },
        {
            "media_type": "video",
            "stream_index": 0,
            "key_frame": 1,
            "pts": 566,
            "pts_time": "18.884647",
            "pkt_dts": 566,
            "pkt_dts_time": "18.884647",
            "best_effort_timestamp": 566,
            "best_effort_timestamp_time": "18.884647",
            "duration": 1,
            "duration_time": "0.033365",
            "pkt_pos": "71583348",
            "pkt_size": "120000",
            "width": 720,
            "height": 480,
            "crop_top": 0,
            "crop_bottom": 0,
            "crop_left": 0,
            "crop_right": 0,
            "pix_fmt": "yuv411p",
            "sample_aspect_ratio": "8:9",
            "pict_type": "I",
            "interlaced_frame": 1,
            "top_field_first": 0,
            "repeat_pict": 0,
            "chroma_location": "topleft"
        },
        {
            "media_type": "video",
            "stream_index": 0,
            "key_frame": 1,
            "pts": 567,
            "pts_time": "18.918012",
            "pkt_dts": 567,
            "pkt_dts_time": "18.918012",
            "best_effort_timestamp": 567,
            "best_effort_timestamp_time": "18.918012",
            "duration": 1,
            "duration_time": "0.033365",
            "pkt_pos": "71703356",
            "pkt_size": "120000",
            "width": 720,
            "height": 480,
            "crop_top": 0,
            "crop_bottom": 0,
            "crop_left": 0,
            "crop_right": 0,
            "pix_fmt": "yuv411p",
            "sample_aspect_ratio": "8:9",
            "pict_type": "I",
            "interlaced_frame": 1,
            "top_field_first": 0,
            "repeat_pict": 0,
            "chroma_location": "topleft"
        },
        {
            "media_type": "video",
            "stream_index": 0,
            "key_frame": 1,
            "pts": 568,
            "pts_time": "18.951377",
            "pkt_dts": 568,
            "pkt_dts_time": "18.951377",
            "best_effort_timestamp": 568,
            "best_effort_timestamp_time": "18.951377",
            "duration": 1,
            "duration_time": "0.033365",
            "pkt_pos": "71823364",
            "pkt_size": "120000",
            "width": 720,
            "height": 480,
            "crop_top": 0,
            "crop_bottom": 0,
            "crop_left": 0,
            "crop_right": 0,
            "pix_fmt": "yuv411p",
            "sample_aspect_ratio": "8:9",
            "pict_type": "I",
            "interlaced_frame": 1,
            "top_field_first": 0,
            "repeat_pict": 0,
            "chroma_location": "topleft"
        },
        {
            "media_type": "video",
            "stream_index": 0,
            "key_frame": 1,
            "pts": 569,
            "pts_time": "18.984742",
            "pkt_dts": 569,
            "pkt_dts_time": "18.984742",
            "best_effort_timestamp": 569,
            "best_effort_timestamp_time": "18.984742",
            "duration": 1,
            "duration_time": "0.033365",
            "pkt_pos": "71943372",
            "pkt_size": "120000",
            "width": 720,
            "height": 480,
            "crop_top": 0,
            "crop_bottom": 0,
            "crop_left": 0,
            "crop_right": 0,
            "pix_fmt": "yuv411p",
            "sample_aspect_ratio": "8:9",
            "pict_type": "I",
            "interlaced_frame": 1,
            "top_field_first": 0,
            "repeat_pict": 0,
            "chroma_location": "topleft"
        },
        {
            "media_type": "video",
            "stream_index": 0,
            "key_frame": 1,
            "pts": 570,
            "pts_time": "19.018107",
            "pkt_dts": 570,
            "pkt_dts_time": "19.018107",
            "best_effort_timestamp": 570,
            "best_effort_timestamp_time": "19.018107",
            "duration": 1,
            "duration_time": "0.033365",
            "pkt_pos": "72063380",
            "pkt_size": "120000",
            "width": 720,
            "height": 480,
            "crop_top": 0,
            "crop_bottom": 0,
            "crop_left": 0,
            "crop_right": 0,
            "pix_fmt": "yuv411p",
            "sample_aspect_ratio": "8:9",
            "pict_type": "I",
            "interlaced_frame": 1,
            "top_field_first": 0,
            "repeat_pict": 0,
            "chroma_location": "topleft"
        },
        {
            "media_type": "video",
            "stream_index": 0,
            "key_frame": 1,
            "pts": 571,
            "pts_time": "19.051472",
            "pkt_dts": 571,
            "pkt_dts_time": "19.051472",
            "best_effort_timestamp": 571,
            "best_effort_timestamp_time": "19.051472",
            "duration": 1,
            "duration_time": "0.033365",
            "pkt_pos": "72183388",
            "pkt_size": "120000",
            "width": 720,
            "height": 480,
            "crop_top": 0,
            "crop_bottom": 0,
            "crop_left": 0,
            "crop_right": 0,
            "pix_fmt": "yuv411p",
            "sample_aspect_ratio": "8:9",
            "pict_type": "I",
            "interlaced_frame": 1,
            "top_field_first": 0,
            "repeat_pict": 0,
            "chroma_location": "topleft"
        },
        {
            "media_type": "video",
            "stream_index": 0,
            "key_frame": 1,
            "pts": 572,
            "pts_time": "19.084837",
            "pkt_dts": 572,
            "pkt_dts_time": "19.084837",
            "best_effort_timestamp": 572,
            "best_effort_timestamp_time": "19.084837",
            "duration": 1,
            "duration_time": "0.033365",
            "pkt_pos": "72303396",
            "pkt_size": "120000",
            "width": 720,
            "height": 480,
            "crop_top": 0,
            "crop_bottom": 0,
            "crop_left": 0,
            "crop_right": 0,
            "pix_fmt": "yuv411p",
            "sample_aspect_ratio": "8:9",
            "pict_type": "I",
            "interlaced_frame": 1,
            "top_field_first": 0,
            "repeat_pict": 0,
            "chroma_location": "topleft"
        },
        {
            "media_type": "video",
            "stream_index": 0,
            "key_frame": 1,
            "pts": 573,
            "pts_time": "19.118202",
            "pkt_dts": 573,
            "pkt_dts_time": "19.118202",
            "best_effort_timestamp": 573,
            "best_effort_timestamp_time": "19.118202",
            "duration": 1,
            "duration_time": "0.033365",
            "pkt_pos": "72423404",
            "pkt_size": "120000",
            "width": 720,
            "height": 480,
            "crop_top": 0,
            "crop_bottom": 0,
            "crop_left": 0,
            "crop_right": 0,
            "pix_fmt": "yuv411p",
            "sample_aspect_ratio": "8:9",
            "pict_type": "I",
            "interlaced_frame": 1,
            "top_field_first": 0,
            "repeat_pict": 0,
            "chroma_location": "topleft"
        },
        {
            "media_type": "video",
            "stream_index": 0,
            "key_frame": 1,
            "pts": 574,
            "pts_time": "19.151567",
            "pkt_dts": 574,
            "pkt_dts_time": "19.151567",
            "best_effort_timestamp": 574,
            "best_effort_timestamp_time": "19.151567",
            "duration": 1,
            "duration_time": "0.033365",
            "pkt_pos": "72543412",
            "pkt_size": "120000",
            "width": 720,
            "height": 480,
            "crop_top": 0,
            "crop_bottom": 0,
            "crop_left": 0,
            "crop_right": 0,
            "pix_fmt": "yuv411p",
            "sample_aspect_ratio": "8:9",
            "pict_type": "I",
            "interlaced_frame": 1,
            "top_field_first": 0,
            "repeat_pict": 0,
            "chroma_location": "topleft"
        },
        {
            "media_type": "video",
            "stream_index": 0,
            "key_frame": 1,
            "pts": 575,
            "pts_time": "19.184933",
            "pkt_dts": 575,
            "pkt_dts_time": "19.184933",
            "best_effort_timestamp": 575,
            "best_effort_timestamp_time": "19.184933",
            "duration": 1,
            "duration_time": "0.033365",
            "pkt_pos": "72663420",
            "pkt_size": "120000",
            "width": 720,
            "height": 480,
            "crop_top": 0,
            "crop_bottom": 0,
            "crop_left": 0,
            "crop_right": 0,
            "pix_fmt": "yuv411p",
            "sample_aspect_ratio": "8:9",
            "pict_type": "I",
            "interlaced_frame": 1,
            "top_field_first": 0,
            "repeat_pict": 0,
            "chroma_location": "topleft"
        },
        {
            "media_type": "video",
            "stream_index": 0,
            "key_frame": 1,
            "pts": 576,
            "pts_time": "19.218298",
            "pkt_dts": 576,
            "pkt_dts_time": "19.218298",
            "best_effort_timestamp": 576,
            "best_effort_timestamp_time": "19.218298",
            "duration": 1,
            "duration_time": "0.033365",
            "pkt_pos": "72783428",
            "pkt_size": "120000",
            "width": 720,
            "height": 480,
            "crop_top": 0,
            "crop_bottom": 0,
            "crop_left": 0,
            "crop_right": 0,
            "pix_fmt": "yuv411p",
            "sample_aspect_ratio": "8:9",
            "pict_type": "I",
            "interlaced_frame": 1,
            "top_field_first": 0,
            "repeat_pict": 0,
            "chroma_location": "topleft"
        },
        {
            "media_type": "video",
            "stream_index": 0,
            "key_frame": 1,
            "pts": 577,
            "pts_time": "19.251663",
            "pkt_dts": 577,
            "pkt_dts_time": "19.251663",
            "best_effort_timestamp": 577,
            "best_effort_timestamp_time": "19.251663",
            "duration": 1,
            "duration_time": "0.033365",
            "pkt_pos": "72903436",
            "pkt_size": "120000",
            "width": 720,
            "height": 480,
            "crop_top": 0,
            "crop_bottom": 0,
            "crop_left": 0,
            "crop_right": 0,
            "pix_fmt": "yuv411p",
            "sample_aspect_ratio": "8:9",
            "pict_type": "I",
            "interlaced_frame": 1,
            "top_field_first": 0,
            "repeat_pict": 0,
            "chroma_location": "topleft"
        }
    ],
    "streams": [
        {
            "index": 0,
            "codec_name": "dvvideo",
            "codec_long_name": "DV (Digital Video)",
            "codec_type": "video",
            "codec_tag_string": "dvsd",
            "codec_tag": "0x64737664",
            "width": 720,
            "height": 480,
            "coded_width": 720,
            "coded_height": 480,
            "closed_captions": 0,
            "film_grain": 0,
            "has_b_frames": 0,
            "sample_aspect_ratio": "8:9",
            "display_aspect_ratio": "4:3",
            "pix_fmt": "yuv411p",
            "level": -99,
            "chroma_location": "topleft",
            "refs": 1,
            "r_frame_rate": "30000/1001",
            "avg_frame_rate": "10000000/333651",
            "time_base": "333651/10000000",
            "start_pts": 0,
            "start_time": "0.000000",
            "duration_ts": 578,
            "duration": "19.285028",
            "bit_rate": "28771229",
            "nb_frames": "578",
            "nb_read_frames": "578",
            "disposition": {
                "default": 0,
                "dub": 0,
                "original": 0,
                "comment": 0,
                "lyrics": 0,
                "karaoke": 0,
                "forced": 0,
                "hearing_impaired": 0,
                "visual_impaired": 0,
                "clean_effects": 0,
                "attached_pic": 0,
                "timed_thumbnails": 0,
                "non_diegetic": 0,
                "captions": 0,
                "descriptions": 0,
                "metadata": 0,
                "dependent": 0,
                "still_image": 0,
                "multilayer": 0
            }
        }
    ],
    "format": {
        "filename": "/Users/admin/docs/911-worktrees/sherlock-wtc7-investigation/research/sherlock-wtc7-investigation/late-fire-sequence/sources/cbs-net-dub5-14.avi",
        "nb_streams": 2,
        "nb_programs": 0,
        "nb_stream_groups": 0,
        "format_name": "avi",
        "format_long_name": "AVI (Audio Video Interleaved)",
        "start_time": "0.000000",
        "duration": "19.285028",
        "size": "73206324",
        "bit_rate": "30368148",
        "probe_score": 100
    }
}
