{
    "frames": [
        {
            "media_type": "video",
            "stream_index": 0,
            "key_frame": 1,
            "pts": 0,
            "pts_time": "0.000000",
            "pkt_dts": 0,
            "pkt_dts_time": "0.000000",
            "best_effort_timestamp": 0,
            "best_effort_timestamp_time": "0.000000",
            "duration": 1,
            "duration_time": "0.033367",
            "pkt_pos": "128740",
            "pkt_size": "120000",
            "width": 720,
            "height": 480,
            "crop_top": 0,
            "crop_bottom": 0,
            "crop_left": 0,
            "crop_right": 0,
            "pix_fmt": "yuv411p",
            "sample_aspect_ratio": "8:9",
            "pict_type": "I",
            "interlaced_frame": 1,
            "top_field_first": 0,
            "repeat_pict": 0,
            "chroma_location": "topleft"
        },
        {
            "media_type": "video",
            "stream_index": 0,
            "key_frame": 1,
            "pts": 1,
            "pts_time": "0.033367",
            "pkt_dts": 1,
            "pkt_dts_time": "0.033367",
            "best_effort_timestamp": 1,
            "best_effort_timestamp_time": "0.033367",
            "duration": 1,
            "duration_time": "0.033367",
            "pkt_pos": "248748",
            "pkt_size": "120000",
            "width": 720,
            "height": 480,
            "crop_top": 0,
            "crop_bottom": 0,
            "crop_left": 0,
            "crop_right": 0,
            "pix_fmt": "yuv411p",
            "sample_aspect_ratio": "8:9",
            "pict_type": "I",
            "interlaced_frame": 1,
            "top_field_first": 0,
            "repeat_pict": 0,
            "chroma_location": "topleft"
        },
        {
            "media_type": "video",
            "stream_index": 0,
            "key_frame": 1,
            "pts": 2,
            "pts_time": "0.066735",
            "pkt_dts": 2,
            "pkt_dts_time": "0.066735",
            "best_effort_timestamp": 2,
            "best_effort_timestamp_time": "0.066735",
            "duration": 1,
            "duration_time": "0.033367",
            "pkt_pos": "368756",
            "pkt_size": "120000",
            "width": 720,
            "height": 480,
            "crop_top": 0,
            "crop_bottom": 0,
            "crop_left": 0,
            "crop_right": 0,
            "pix_fmt": "yuv411p",
            "sample_aspect_ratio": "8:9",
            "pict_type": "I",
            "interlaced_frame": 1,
            "top_field_first": 0,
            "repeat_pict": 0,
            "chroma_location": "topleft"
        },
        {
            "media_type": "video",
            "stream_index": 0,
            "key_frame": 1,
            "pts": 3,
            "pts_time": "0.100102",
            "pkt_dts": 3,
            "pkt_dts_time": "0.100102",
            "best_effort_timestamp": 3,
            "best_effort_timestamp_time": "0.100102",
            "duration": 1,
            "duration_time": "0.033367",
            "pkt_pos": "488764",
            "pkt_size": "120000",
            "width": 720,
            "height": 480,
            "crop_top": 0,
            "crop_bottom": 0,
            "crop_left": 0,
            "crop_right": 0,
            "pix_fmt": "yuv411p",
            "sample_aspect_ratio": "8:9",
            "pict_type": "I",
            "interlaced_frame": 1,
            "top_field_first": 0,
            "repeat_pict": 0,
            "chroma_location": "topleft"
        },
        {
            "media_type": "video",
            "stream_index": 0,
            "key_frame": 1,
            "pts": 4,
            "pts_time": "0.133470",
            "pkt_dts": 4,
            "pkt_dts_time": "0.133470",
            "best_effort_timestamp": 4,
            "best_effort_timestamp_time": "0.133470",
            "duration": 1,
            "duration_time": "0.033367",
            "pkt_pos": "608772",
            "pkt_size": "120000",
            "width": 720,
            "height": 480,
            "crop_top": 0,
            "crop_bottom": 0,
            "crop_left": 0,
            "crop_right": 0,
            "pix_fmt": "yuv411p",
            "sample_aspect_ratio": "8:9",
            "pict_type": "I",
            "interlaced_frame": 1,
            "top_field_first": 0,
            "repeat_pict": 0,
            "chroma_location": "topleft"
        },
        {
            "media_type": "video",
            "stream_index": 0,
            "key_frame": 1,
            "pts": 5,
            "pts_time": "0.166837",
            "pkt_dts": 5,
            "pkt_dts_time": "0.166837",
            "best_effort_timestamp": 5,
            "best_effort_timestamp_time": "0.166837",
            "duration": 1,
            "duration_time": "0.033367",
            "pkt_pos": "728780",
            "pkt_size": "120000",
            "width": 720,
            "height": 480,
            "crop_top": 0,
            "crop_bottom": 0,
            "crop_left": 0,
            "crop_right": 0,
            "pix_fmt": "yuv411p",
            "sample_aspect_ratio": "8:9",
            "pict_type": "I",
            "interlaced_frame": 1,
            "top_field_first": 0,
            "repeat_pict": 0,
            "chroma_location": "topleft"
        },
        {
            "media_type": "video",
            "stream_index": 0,
            "key_frame": 1,
            "pts": 6,
            "pts_time": "0.200204",
            "pkt_dts": 6,
            "pkt_dts_time": "0.200204",
            "best_effort_timestamp": 6,
            "best_effort_timestamp_time": "0.200204",
            "duration": 1,
            "duration_time": "0.033367",
            "pkt_pos": "848788",
            "pkt_size": "120000",
            "width": 720,
            "height": 480,
            "crop_top": 0,
            "crop_bottom": 0,
            "crop_left": 0,
            "crop_right": 0,
            "pix_fmt": "yuv411p",
            "sample_aspect_ratio": "8:9",
            "pict_type": "I",
            "interlaced_frame": 1,
            "top_field_first": 0,
            "repeat_pict": 0,
            "chroma_location": "topleft"
        },
        {
            "media_type": "video",
            "stream_index": 0,
            "key_frame": 1,
            "pts": 7,
            "pts_time": "0.233572",
            "pkt_dts": 7,
            "pkt_dts_time": "0.233572",
            "best_effort_timestamp": 7,
            "best_effort_timestamp_time": "0.233572",
            "duration": 1,
            "duration_time": "0.033367",
            "pkt_pos": "968796",
            "pkt_size": "120000",
            "width": 720,
            "height": 480,
            "crop_top": 0,
            "crop_bottom": 0,
            "crop_left": 0,
            "crop_right": 0,
            "pix_fmt": "yuv411p",
            "sample_aspect_ratio": "8:9",
            "pict_type": "I",
            "interlaced_frame": 1,
            "top_field_first": 0,
            "repeat_pict": 0,
            "chroma_location": "topleft"
        },
        {
            "media_type": "video",
            "stream_index": 0,
            "key_frame": 1,
            "pts": 8,
            "pts_time": "0.266939",
            "pkt_dts": 8,
            "pkt_dts_time": "0.266939",
            "best_effort_timestamp": 8,
            "best_effort_timestamp_time": "0.266939",
            "duration": 1,
            "duration_time": "0.033367",
            "pkt_pos": "1088804",
            "pkt_size": "120000",
            "width": 720,
            "height": 480,
            "crop_top": 0,
            "crop_bottom": 0,
            "crop_left": 0,
            "crop_right": 0,
            "pix_fmt": "yuv411p",
            "sample_aspect_ratio": "8:9",
            "pict_type": "I",
            "interlaced_frame": 1,
            "top_field_first": 0,
            "repeat_pict": 0,
            "chroma_location": "topleft"
        },
        {
            "media_type": "video",
            "stream_index": 0,
            "key_frame": 1,
            "pts": 9,
            "pts_time": "0.300307",
            "pkt_dts": 9,
            "pkt_dts_time": "0.300307",
            "best_effort_timestamp": 9,
            "best_effort_timestamp_time": "0.300307",
            "duration": 1,
            "duration_time": "0.033367",
            "pkt_pos": "1208812",
            "pkt_size": "120000",
            "width": 720,
            "height": 480,
            "crop_top": 0,
            "crop_bottom": 0,
            "crop_left": 0,
            "crop_right": 0,
            "pix_fmt": "yuv411p",
            "sample_aspect_ratio": "8:9",
            "pict_type": "I",
            "interlaced_frame": 1,
            "top_field_first": 0,
            "repeat_pict": 0,
            "chroma_location": "topleft"
        },
        {
            "media_type": "video",
            "stream_index": 0,
            "key_frame": 1,
            "pts": 10,
            "pts_time": "0.333674",
            "pkt_dts": 10,
            "pkt_dts_time": "0.333674",
            "best_effort_timestamp": 10,
            "best_effort_timestamp_time": "0.333674",
            "duration": 1,
            "duration_time": "0.033367",
            "pkt_pos": "1328820",
            "pkt_size": "120000",
            "width": 720,
            "height": 480,
            "crop_top": 0,
            "crop_bottom": 0,
            "crop_left": 0,
            "crop_right": 0,
            "pix_fmt": "yuv411p",
            "sample_aspect_ratio": "8:9",
            "pict_type": "I",
            "interlaced_frame": 1,
            "top_field_first": 0,
            "repeat_pict": 0,
            "chroma_location": "topleft"
        },
        {
            "media_type": "video",
            "stream_index": 0,
            "key_frame": 1,
            "pts": 11,
            "pts_time": "0.367041",
            "pkt_dts": 11,
            "pkt_dts_time": "0.367041",
            "best_effort_timestamp": 11,
            "best_effort_timestamp_time": "0.367041",
            "duration": 1,
            "duration_time": "0.033367",
            "pkt_pos": "1448828",
            "pkt_size": "120000",
            "width": 720,
            "height": 480,
            "crop_top": 0,
            "crop_bottom": 0,
            "crop_left": 0,
            "crop_right": 0,
            "pix_fmt": "yuv411p",
            "sample_aspect_ratio": "8:9",
            "pict_type": "I",
            "interlaced_frame": 1,
            "top_field_first": 0,
            "repeat_pict": 0,
            "chroma_location": "topleft"
        },
        {
            "media_type": "video",
            "stream_index": 0,
            "key_frame": 1,
            "pts": 12,
            "pts_time": "0.400409",
            "pkt_dts": 12,
            "pkt_dts_time": "0.400409",
            "best_effort_timestamp": 12,
            "best_effort_timestamp_time": "0.400409",
            "duration": 1,
            "duration_time": "0.033367",
            "pkt_pos": "1568836",
            "pkt_size": "120000",
            "width": 720,
            "height": 480,
            "crop_top": 0,
            "crop_bottom": 0,
            "crop_left": 0,
            "crop_right": 0,
            "pix_fmt": "yuv411p",
            "sample_aspect_ratio": "8:9",
            "pict_type": "I",
            "interlaced_frame": 1,
            "top_field_first": 0,
            "repeat_pict": 0,
            "chroma_location": "topleft"
        },
        {
            "media_type": "video",
            "stream_index": 0,
            "key_frame": 1,
            "pts": 13,
            "pts_time": "0.433776",
            "pkt_dts": 13,
            "pkt_dts_time": "0.433776",
            "best_effort_timestamp": 13,
            "best_effort_timestamp_time": "0.433776",
            "duration": 1,
            "duration_time": "0.033367",
            "pkt_pos": "1688844",
            "pkt_size": "120000",
            "width": 720,
            "height": 480,
            "crop_top": 0,
            "crop_bottom": 0,
            "crop_left": 0,
            "crop_right": 0,
            "pix_fmt": "yuv411p",
            "sample_aspect_ratio": "8:9",
            "pict_type": "I",
            "interlaced_frame": 1,
            "top_field_first": 0,
            "repeat_pict": 0,
            "chroma_location": "topleft"
        },
        {
            "media_type": "video",
            "stream_index": 0,
            "key_frame": 1,
            "pts": 14,
            "pts_time": "0.467144",
            "pkt_dts": 14,
            "pkt_dts_time": "0.467144",
            "best_effort_timestamp": 14,
            "best_effort_timestamp_time": "0.467144",
            "duration": 1,
            "duration_time": "0.033367",
            "pkt_pos": "1808852",
            "pkt_size": "120000",
            "width": 720,
            "height": 480,
            "crop_top": 0,
            "crop_bottom": 0,
            "crop_left": 0,
            "crop_right": 0,
            "pix_fmt": "yuv411p",
            "sample_aspect_ratio": "8:9",
            "pict_type": "I",
            "interlaced_frame": 1,
            "top_field_first": 0,
            "repeat_pict": 0,
            "chroma_location": "topleft"
        },
        {
            "media_type": "video",
            "stream_index": 0,
            "key_frame": 1,
            "pts": 15,
            "pts_time": "0.500511",
            "pkt_dts": 15,
            "pkt_dts_time": "0.500511",
            "best_effort_timestamp": 15,
            "best_effort_timestamp_time": "0.500511",
            "duration": 1,
            "duration_time": "0.033367",
            "pkt_pos": "1928860",
            "pkt_size": "120000",
            "width": 720,
            "height": 480,
            "crop_top": 0,
            "crop_bottom": 0,
            "crop_left": 0,
            "crop_right": 0,
            "pix_fmt": "yuv411p",
            "sample_aspect_ratio": "8:9",
            "pict_type": "I",
            "interlaced_frame": 1,
            "top_field_first": 0,
            "repeat_pict": 0,
            "chroma_location": "topleft"
        },
        {
            "media_type": "video",
            "stream_index": 0,
            "key_frame": 1,
            "pts": 16,
            "pts_time": "0.533878",
            "pkt_dts": 16,
            "pkt_dts_time": "0.533878",
            "best_effort_timestamp": 16,
            "best_effort_timestamp_time": "0.533878",
            "duration": 1,
            "duration_time": "0.033367",
            "pkt_pos": "2048868",
            "pkt_size": "120000",
            "width": 720,
            "height": 480,
            "crop_top": 0,
            "crop_bottom": 0,
            "crop_left": 0,
            "crop_right": 0,
            "pix_fmt": "yuv411p",
            "sample_aspect_ratio": "8:9",
            "pict_type": "I",
            "interlaced_frame": 1,
            "top_field_first": 0,
            "repeat_pict": 0,
            "chroma_location": "topleft"
        },
        {
            "media_type": "video",
            "stream_index": 0,
            "key_frame": 1,
            "pts": 17,
            "pts_time": "0.567246",
            "pkt_dts": 17,
            "pkt_dts_time": "0.567246",
            "best_effort_timestamp": 17,
            "best_effort_timestamp_time": "0.567246",
            "duration": 1,
            "duration_time": "0.033367",
            "pkt_pos": "2168876",
            "pkt_size": "120000",
            "width": 720,
            "height": 480,
            "crop_top": 0,
            "crop_bottom": 0,
            "crop_left": 0,
            "crop_right": 0,
            "pix_fmt": "yuv411p",
            "sample_aspect_ratio": "8:9",
            "pict_type": "I",
            "interlaced_frame": 1,
            "top_field_first": 0,
            "repeat_pict": 0,
            "chroma_location": "topleft"
        },
        {
            "media_type": "video",
            "stream_index": 0,
            "key_frame": 1,
            "pts": 18,
            "pts_time": "0.600613",
            "pkt_dts": 18,
            "pkt_dts_time": "0.600613",
            "best_effort_timestamp": 18,
            "best_effort_timestamp_time": "0.600613",
            "duration": 1,
            "duration_time": "0.033367",
            "pkt_pos": "2288884",
            "pkt_size": "120000",
            "width": 720,
            "height": 480,
            "crop_top": 0,
            "crop_bottom": 0,
            "crop_left": 0,
            "crop_right": 0,
            "pix_fmt": "yuv411p",
            "sample_aspect_ratio": "8:9",
            "pict_type": "I",
            "interlaced_frame": 1,
            "top_field_first": 0,
            "repeat_pict": 0,
            "chroma_location": "topleft"
        },
        {
            "media_type": "video",
            "stream_index": 0,
            "key_frame": 1,
            "pts": 19,
            "pts_time": "0.633981",
            "pkt_dts": 19,
            "pkt_dts_time": "0.633981",
            "best_effort_timestamp": 19,
            "best_effort_timestamp_time": "0.633981",
            "duration": 1,
            "duration_time": "0.033367",
            "pkt_pos": "2408892",
            "pkt_size": "120000",
            "width": 720,
            "height": 480,
            "crop_top": 0,
            "crop_bottom": 0,
            "crop_left": 0,
            "crop_right": 0,
            "pix_fmt": "yuv411p",
            "sample_aspect_ratio": "8:9",
            "pict_type": "I",
            "interlaced_frame": 1,
            "top_field_first": 0,
            "repeat_pict": 0,
            "chroma_location": "topleft"
        },
        {
            "media_type": "video",
            "stream_index": 0,
            "key_frame": 1,
            "pts": 20,
            "pts_time": "0.667348",
            "pkt_dts": 20,
            "pkt_dts_time": "0.667348",
            "best_effort_timestamp": 20,
            "best_effort_timestamp_time": "0.667348",
            "duration": 1,
            "duration_time": "0.033367",
            "pkt_pos": "2528900",
            "pkt_size": "120000",
            "width": 720,
            "height": 480,
            "crop_top": 0,
            "crop_bottom": 0,
            "crop_left": 0,
            "crop_right": 0,
            "pix_fmt": "yuv411p",
            "sample_aspect_ratio": "8:9",
            "pict_type": "I",
            "interlaced_frame": 1,
            "top_field_first": 0,
            "repeat_pict": 0,
            "chroma_location": "topleft"
        },
        {
            "media_type": "video",
            "stream_index": 0,
            "key_frame": 1,
            "pts": 21,
            "pts_time": "0.700715",
            "pkt_dts": 21,
            "pkt_dts_time": "0.700715",
            "best_effort_timestamp": 21,
            "best_effort_timestamp_time": "0.700715",
            "duration": 1,
            "duration_time": "0.033367",
            "pkt_pos": "2648908",
            "pkt_size": "120000",
            "width": 720,
            "height": 480,
            "crop_top": 0,
            "crop_bottom": 0,
            "crop_left": 0,
            "crop_right": 0,
            "pix_fmt": "yuv411p",
            "sample_aspect_ratio": "8:9",
            "pict_type": "I",
            "interlaced_frame": 1,
            "top_field_first": 0,
            "repeat_pict": 0,
            "chroma_location": "topleft"
        },
        {
            "media_type": "video",
            "stream_index": 0,
            "key_frame": 1,
            "pts": 22,
            "pts_time": "0.734083",
            "pkt_dts": 22,
            "pkt_dts_time": "0.734083",
            "best_effort_timestamp": 22,
            "best_effort_timestamp_time": "0.734083",
            "duration": 1,
            "duration_time": "0.033367",
            "pkt_pos": "2768916",
            "pkt_size": "120000",
            "width": 720,
            "height": 480,
            "crop_top": 0,
            "crop_bottom": 0,
            "crop_left": 0,
            "crop_right": 0,
            "pix_fmt": "yuv411p",
            "sample_aspect_ratio": "8:9",
            "pict_type": "I",
            "interlaced_frame": 1,
            "top_field_first": 0,
            "repeat_pict": 0,
            "chroma_location": "topleft"
        },
        {
            "media_type": "video",
            "stream_index": 0,
            "key_frame": 1,
            "pts": 23,
            "pts_time": "0.767450",
            "pkt_dts": 23,
            "pkt_dts_time": "0.767450",
            "best_effort_timestamp": 23,
            "best_effort_timestamp_time": "0.767450",
            "duration": 1,
            "duration_time": "0.033367",
            "pkt_pos": "2888924",
            "pkt_size": "120000",
            "width": 720,
            "height": 480,
            "crop_top": 0,
            "crop_bottom": 0,
            "crop_left": 0,
            "crop_right": 0,
            "pix_fmt": "yuv411p",
            "sample_aspect_ratio": "8:9",
            "pict_type": "I",
            "interlaced_frame": 1,
            "top_field_first": 0,
            "repeat_pict": 0,
            "chroma_location": "topleft"
        },
        {
            "media_type": "video",
            "stream_index": 0,
            "key_frame": 1,
            "pts": 24,
            "pts_time": "0.800818",
            "pkt_dts": 24,
            "pkt_dts_time": "0.800818",
            "best_effort_timestamp": 24,
            "best_effort_timestamp_time": "0.800818",
            "duration": 1,
            "duration_time": "0.033367",
            "pkt_pos": "3008932",
            "pkt_size": "120000",
            "width": 720,
            "height": 480,
            "crop_top": 0,
            "crop_bottom": 0,
            "crop_left": 0,
            "crop_right": 0,
            "pix_fmt": "yuv411p",
            "sample_aspect_ratio": "8:9",
            "pict_type": "I",
            "interlaced_frame": 1,
            "top_field_first": 0,
            "repeat_pict": 0,
            "chroma_location": "topleft"
        },
        {
            "media_type": "video",
            "stream_index": 0,
            "key_frame": 1,
            "pts": 25,
            "pts_time": "0.834185",
            "pkt_dts": 25,
            "pkt_dts_time": "0.834185",
            "best_effort_timestamp": 25,
            "best_effort_timestamp_time": "0.834185",
            "duration": 1,
            "duration_time": "0.033367",
            "pkt_pos": "3128940",
            "pkt_size": "120000",
            "width": 720,
            "height": 480,
            "crop_top": 0,
            "crop_bottom": 0,
            "crop_left": 0,
            "crop_right": 0,
            "pix_fmt": "yuv411p",
            "sample_aspect_ratio": "8:9",
            "pict_type": "I",
            "interlaced_frame": 1,
            "top_field_first": 0,
            "repeat_pict": 0,
            "chroma_location": "topleft"
        },
        {
            "media_type": "video",
            "stream_index": 0,
            "key_frame": 1,
            "pts": 26,
            "pts_time": "0.867552",
            "pkt_dts": 26,
            "pkt_dts_time": "0.867552",
            "best_effort_timestamp": 26,
            "best_effort_timestamp_time": "0.867552",
            "duration": 1,
            "duration_time": "0.033367",
            "pkt_pos": "3248948",
            "pkt_size": "120000",
            "width": 720,
            "height": 480,
            "crop_top": 0,
            "crop_bottom": 0,
            "crop_left": 0,
            "crop_right": 0,
            "pix_fmt": "yuv411p",
            "sample_aspect_ratio": "8:9",
            "pict_type": "I",
            "interlaced_frame": 1,
            "top_field_first": 0,
            "repeat_pict": 0,
            "chroma_location": "topleft"
        },
        {
            "media_type": "video",
            "stream_index": 0,
            "key_frame": 1,
            "pts": 27,
            "pts_time": "0.900920",
            "pkt_dts": 27,
            "pkt_dts_time": "0.900920",
            "best_effort_timestamp": 27,
            "best_effort_timestamp_time": "0.900920",
            "duration": 1,
            "duration_time": "0.033367",
            "pkt_pos": "3368956",
            "pkt_size": "120000",
            "width": 720,
            "height": 480,
            "crop_top": 0,
            "crop_bottom": 0,
            "crop_left": 0,
            "crop_right": 0,
            "pix_fmt": "yuv411p",
            "sample_aspect_ratio": "8:9",
            "pict_type": "I",
            "interlaced_frame": 1,
            "top_field_first": 0,
            "repeat_pict": 0,
            "chroma_location": "topleft"
        },
        {
            "media_type": "video",
            "stream_index": 0,
            "key_frame": 1,
            "pts": 28,
            "pts_time": "0.934287",
            "pkt_dts": 28,
            "pkt_dts_time": "0.934287",
            "best_effort_timestamp": 28,
            "best_effort_timestamp_time": "0.934287",
            "duration": 1,
            "duration_time": "0.033367",
            "pkt_pos": "3488964",
            "pkt_size": "120000",
            "width": 720,
            "height": 480,
            "crop_top": 0,
            "crop_bottom": 0,
            "crop_left": 0,
            "crop_right": 0,
            "pix_fmt": "yuv411p",
            "sample_aspect_ratio": "8:9",
            "pict_type": "I",
            "interlaced_frame": 1,
            "top_field_first": 0,
            "repeat_pict": 0,
            "chroma_location": "topleft"
        },
        {
            "media_type": "video",
            "stream_index": 0,
            "key_frame": 1,
            "pts": 29,
            "pts_time": "0.967655",
            "pkt_dts": 29,
            "pkt_dts_time": "0.967655",
            "best_effort_timestamp": 29,
            "best_effort_timestamp_time": "0.967655",
            "duration": 1,
            "duration_time": "0.033367",
            "pkt_pos": "3732836",
            "pkt_size": "120000",
            "width": 720,
            "height": 480,
            "crop_top": 0,
            "crop_bottom": 0,
            "crop_left": 0,
            "crop_right": 0,
            "pix_fmt": "yuv411p",
            "sample_aspect_ratio": "8:9",
            "pict_type": "I",
            "interlaced_frame": 1,
            "top_field_first": 0,
            "repeat_pict": 0,
            "chroma_location": "topleft"
        },
        {
            "media_type": "video",
            "stream_index": 0,
            "key_frame": 1,
            "pts": 30,
            "pts_time": "1.001022",
            "pkt_dts": 30,
            "pkt_dts_time": "1.001022",
            "best_effort_timestamp": 30,
            "best_effort_timestamp_time": "1.001022",
            "duration": 1,
            "duration_time": "0.033367",
            "pkt_pos": "3852844",
            "pkt_size": "120000",
            "width": 720,
            "height": 480,
            "crop_top": 0,
            "crop_bottom": 0,
            "crop_left": 0,
            "crop_right": 0,
            "pix_fmt": "yuv411p",
            "sample_aspect_ratio": "8:9",
            "pict_type": "I",
            "interlaced_frame": 1,
            "top_field_first": 0,
            "repeat_pict": 0,
            "chroma_location": "topleft"
        },
        {
            "media_type": "video",
            "stream_index": 0,
            "key_frame": 1,
            "pts": 31,
            "pts_time": "1.034389",
            "pkt_dts": 31,
            "pkt_dts_time": "1.034389",
            "best_effort_timestamp": 31,
            "best_effort_timestamp_time": "1.034389",
            "duration": 1,
            "duration_time": "0.033367",
            "pkt_pos": "3972852",
            "pkt_size": "120000",
            "width": 720,
            "height": 480,
            "crop_top": 0,
            "crop_bottom": 0,
            "crop_left": 0,
            "crop_right": 0,
            "pix_fmt": "yuv411p",
            "sample_aspect_ratio": "8:9",
            "pict_type": "I",
            "interlaced_frame": 1,
            "top_field_first": 0,
            "repeat_pict": 0,
            "chroma_location": "topleft"
        },
        {
            "media_type": "video",
            "stream_index": 0,
            "key_frame": 1,
            "pts": 32,
            "pts_time": "1.067757",
            "pkt_dts": 32,
            "pkt_dts_time": "1.067757",
            "best_effort_timestamp": 32,
            "best_effort_timestamp_time": "1.067757",
            "duration": 1,
            "duration_time": "0.033367",
            "pkt_pos": "4092860",
            "pkt_size": "120000",
            "width": 720,
            "height": 480,
            "crop_top": 0,
            "crop_bottom": 0,
            "crop_left": 0,
            "crop_right": 0,
            "pix_fmt": "yuv411p",
            "sample_aspect_ratio": "8:9",
            "pict_type": "I",
            "interlaced_frame": 1,
            "top_field_first": 0,
            "repeat_pict": 0,
            "chroma_location": "topleft"
        },
        {
            "media_type": "video",
            "stream_index": 0,
            "key_frame": 1,
            "pts": 33,
            "pts_time": "1.101124",
            "pkt_dts": 33,
            "pkt_dts_time": "1.101124",
            "best_effort_timestamp": 33,
            "best_effort_timestamp_time": "1.101124",
            "duration": 1,
            "duration_time": "0.033367",
            "pkt_pos": "4212868",
            "pkt_size": "120000",
            "width": 720,
            "height": 480,
            "crop_top": 0,
            "crop_bottom": 0,
            "crop_left": 0,
            "crop_right": 0,
            "pix_fmt": "yuv411p",
            "sample_aspect_ratio": "8:9",
            "pict_type": "I",
            "interlaced_frame": 1,
            "top_field_first": 0,
            "repeat_pict": 0,
            "chroma_location": "topleft"
        },
        {
            "media_type": "video",
            "stream_index": 0,
            "key_frame": 1,
            "pts": 34,
            "pts_time": "1.134492",
            "pkt_dts": 34,
            "pkt_dts_time": "1.134492",
            "best_effort_timestamp": 34,
            "best_effort_timestamp_time": "1.134492",
            "duration": 1,
            "duration_time": "0.033367",
            "pkt_pos": "4332876",
            "pkt_size": "120000",
            "width": 720,
            "height": 480,
            "crop_top": 0,
            "crop_bottom": 0,
            "crop_left": 0,
            "crop_right": 0,
            "pix_fmt": "yuv411p",
            "sample_aspect_ratio": "8:9",
            "pict_type": "I",
            "interlaced_frame": 1,
            "top_field_first": 0,
            "repeat_pict": 0,
            "chroma_location": "topleft"
        },
        {
            "media_type": "video",
            "stream_index": 0,
            "key_frame": 1,
            "pts": 35,
            "pts_time": "1.167859",
            "pkt_dts": 35,
            "pkt_dts_time": "1.167859",
            "best_effort_timestamp": 35,
            "best_effort_timestamp_time": "1.167859",
            "duration": 1,
            "duration_time": "0.033367",
            "pkt_pos": "4452884",
            "pkt_size": "120000",
            "width": 720,
            "height": 480,
            "crop_top": 0,
            "crop_bottom": 0,
            "crop_left": 0,
            "crop_right": 0,
            "pix_fmt": "yuv411p",
            "sample_aspect_ratio": "8:9",
            "pict_type": "I",
            "interlaced_frame": 1,
            "top_field_first": 0,
            "repeat_pict": 0,
            "chroma_location": "topleft"
        },
        {
            "media_type": "video",
            "stream_index": 0,
            "key_frame": 1,
            "pts": 36,
            "pts_time": "1.201226",
            "pkt_dts": 36,
            "pkt_dts_time": "1.201226",
            "best_effort_timestamp": 36,
            "best_effort_timestamp_time": "1.201226",
            "duration": 1,
            "duration_time": "0.033367",
            "pkt_pos": "4572892",
            "pkt_size": "120000",
            "width": 720,
            "height": 480,
            "crop_top": 0,
            "crop_bottom": 0,
            "crop_left": 0,
            "crop_right": 0,
            "pix_fmt": "yuv411p",
            "sample_aspect_ratio": "8:9",
            "pict_type": "I",
            "interlaced_frame": 1,
            "top_field_first": 0,
            "repeat_pict": 0,
            "chroma_location": "topleft"
        },
        {
            "media_type": "video",
            "stream_index": 0,
            "key_frame": 1,
            "pts": 37,
            "pts_time": "1.234594",
            "pkt_dts": 37,
            "pkt_dts_time": "1.234594",
            "best_effort_timestamp": 37,
            "best_effort_timestamp_time": "1.234594",
            "duration": 1,
            "duration_time": "0.033367",
            "pkt_pos": "4692900",
            "pkt_size": "120000",
            "width": 720,
            "height": 480,
            "crop_top": 0,
            "crop_bottom": 0,
            "crop_left": 0,
            "crop_right": 0,
            "pix_fmt": "yuv411p",
            "sample_aspect_ratio": "8:9",
            "pict_type": "I",
            "interlaced_frame": 1,
            "top_field_first": 0,
            "repeat_pict": 0,
            "chroma_location": "topleft"
        },
        {
            "media_type": "video",
            "stream_index": 0,
            "key_frame": 1,
            "pts": 38,
            "pts_time": "1.267961",
            "pkt_dts": 38,
            "pkt_dts_time": "1.267961",
            "best_effort_timestamp": 38,
            "best_effort_timestamp_time": "1.267961",
            "duration": 1,
            "duration_time": "0.033367",
            "pkt_pos": "4812908",
            "pkt_size": "120000",
            "width": 720,
            "height": 480,
            "crop_top": 0,
            "crop_bottom": 0,
            "crop_left": 0,
            "crop_right": 0,
            "pix_fmt": "yuv411p",
            "sample_aspect_ratio": "8:9",
            "pict_type": "I",
            "interlaced_frame": 1,
            "top_field_first": 0,
            "repeat_pict": 0,
            "chroma_location": "topleft"
        },
        {
            "media_type": "video",
            "stream_index": 0,
            "key_frame": 1,
            "pts": 39,
            "pts_time": "1.301329",
            "pkt_dts": 39,
            "pkt_dts_time": "1.301329",
            "best_effort_timestamp": 39,
            "best_effort_timestamp_time": "1.301329",
            "duration": 1,
            "duration_time": "0.033367",
            "pkt_pos": "4932916",
            "pkt_size": "120000",
            "width": 720,
            "height": 480,
            "crop_top": 0,
            "crop_bottom": 0,
            "crop_left": 0,
            "crop_right": 0,
            "pix_fmt": "yuv411p",
            "sample_aspect_ratio": "8:9",
            "pict_type": "I",
            "interlaced_frame": 1,
            "top_field_first": 0,
            "repeat_pict": 0,
            "chroma_location": "topleft"
        },
        {
            "media_type": "video",
            "stream_index": 0,
            "key_frame": 1,
            "pts": 40,
            "pts_time": "1.334696",
            "pkt_dts": 40,
            "pkt_dts_time": "1.334696",
            "best_effort_timestamp": 40,
            "best_effort_timestamp_time": "1.334696",
            "duration": 1,
            "duration_time": "0.033367",
            "pkt_pos": "5052924",
            "pkt_size": "120000",
            "width": 720,
            "height": 480,
            "crop_top": 0,
            "crop_bottom": 0,
            "crop_left": 0,
            "crop_right": 0,
            "pix_fmt": "yuv411p",
            "sample_aspect_ratio": "8:9",
            "pict_type": "I",
            "interlaced_frame": 1,
            "top_field_first": 0,
            "repeat_pict": 0,
            "chroma_location": "topleft"
        },
        {
            "media_type": "video",
            "stream_index": 0,
            "key_frame": 1,
            "pts": 41,
            "pts_time": "1.368063",
            "pkt_dts": 41,
            "pkt_dts_time": "1.368063",
            "best_effort_timestamp": 41,
            "best_effort_timestamp_time": "1.368063",
            "duration": 1,
            "duration_time": "0.033367",
            "pkt_pos": "5172932",
            "pkt_size": "120000",
            "width": 720,
            "height": 480,
            "crop_top": 0,
            "crop_bottom": 0,
            "crop_left": 0,
            "crop_right": 0,
            "pix_fmt": "yuv411p",
            "sample_aspect_ratio": "8:9",
            "pict_type": "I",
            "interlaced_frame": 1,
            "top_field_first": 0,
            "repeat_pict": 0,
            "chroma_location": "topleft"
        },
        {
            "media_type": "video",
            "stream_index": 0,
            "key_frame": 1,
            "pts": 42,
            "pts_time": "1.401431",
            "pkt_dts": 42,
            "pkt_dts_time": "1.401431",
            "best_effort_timestamp": 42,
            "best_effort_timestamp_time": "1.401431",
            "duration": 1,
            "duration_time": "0.033367",
            "pkt_pos": "5292940",
            "pkt_size": "120000",
            "width": 720,
            "height": 480,
            "crop_top": 0,
            "crop_bottom": 0,
            "crop_left": 0,
            "crop_right": 0,
            "pix_fmt": "yuv411p",
            "sample_aspect_ratio": "8:9",
            "pict_type": "I",
            "interlaced_frame": 1,
            "top_field_first": 0,
            "repeat_pict": 0,
            "chroma_location": "topleft"
        },
        {
            "media_type": "video",
            "stream_index": 0,
            "key_frame": 1,
            "pts": 43,
            "pts_time": "1.434798",
            "pkt_dts": 43,
            "pkt_dts_time": "1.434798",
            "best_effort_timestamp": 43,
            "best_effort_timestamp_time": "1.434798",
            "duration": 1,
            "duration_time": "0.033367",
            "pkt_pos": "5412948",
            "pkt_size": "120000",
            "width": 720,
            "height": 480,
            "crop_top": 0,
            "crop_bottom": 0,
            "crop_left": 0,
            "crop_right": 0,
            "pix_fmt": "yuv411p",
            "sample_aspect_ratio": "8:9",
            "pict_type": "I",
            "interlaced_frame": 1,
            "top_field_first": 0,
            "repeat_pict": 0,
            "chroma_location": "topleft"
        },
        {
            "media_type": "video",
            "stream_index": 0,
            "key_frame": 1,
            "pts": 44,
            "pts_time": "1.468166",
            "pkt_dts": 44,
            "pkt_dts_time": "1.468166",
            "best_effort_timestamp": 44,
            "best_effort_timestamp_time": "1.468166",
            "duration": 1,
            "duration_time": "0.033367",
            "pkt_pos": "5532956",
            "pkt_size": "120000",
            "width": 720,
            "height": 480,
            "crop_top": 0,
            "crop_bottom": 0,
            "crop_left": 0,
            "crop_right": 0,
            "pix_fmt": "yuv411p",
            "sample_aspect_ratio": "8:9",
            "pict_type": "I",
            "interlaced_frame": 1,
            "top_field_first": 0,
            "repeat_pict": 0,
            "chroma_location": "topleft"
        },
        {
            "media_type": "video",
            "stream_index": 0,
            "key_frame": 1,
            "pts": 45,
            "pts_time": "1.501533",
            "pkt_dts": 45,
            "pkt_dts_time": "1.501533",
            "best_effort_timestamp": 45,
            "best_effort_timestamp_time": "1.501533",
            "duration": 1,
            "duration_time": "0.033367",
            "pkt_pos": "5652964",
            "pkt_size": "120000",
            "width": 720,
            "height": 480,
            "crop_top": 0,
            "crop_bottom": 0,
            "crop_left": 0,
            "crop_right": 0,
            "pix_fmt": "yuv411p",
            "sample_aspect_ratio": "8:9",
            "pict_type": "I",
            "interlaced_frame": 1,
            "top_field_first": 0,
            "repeat_pict": 0,
            "chroma_location": "topleft"
        },
        {
            "media_type": "video",
            "stream_index": 0,
            "key_frame": 1,
            "pts": 46,
            "pts_time": "1.534900",
            "pkt_dts": 46,
            "pkt_dts_time": "1.534900",
            "best_effort_timestamp": 46,
            "best_effort_timestamp_time": "1.534900",
            "duration": 1,
            "duration_time": "0.033367",
            "pkt_pos": "5772972",
            "pkt_size": "120000",
            "width": 720,
            "height": 480,
            "crop_top": 0,
            "crop_bottom": 0,
            "crop_left": 0,
            "crop_right": 0,
            "pix_fmt": "yuv411p",
            "sample_aspect_ratio": "8:9",
            "pict_type": "I",
            "interlaced_frame": 1,
            "top_field_first": 0,
            "repeat_pict": 0,
            "chroma_location": "topleft"
        },
        {
            "media_type": "video",
            "stream_index": 0,
            "key_frame": 1,
            "pts": 47,
            "pts_time": "1.568268",
            "pkt_dts": 47,
            "pkt_dts_time": "1.568268",
            "best_effort_timestamp": 47,
            "best_effort_timestamp_time": "1.568268",
            "duration": 1,
            "duration_time": "0.033367",
            "pkt_pos": "5892980",
            "pkt_size": "120000",
            "width": 720,
            "height": 480,
            "crop_top": 0,
            "crop_bottom": 0,
            "crop_left": 0,
            "crop_right": 0,
            "pix_fmt": "yuv411p",
            "sample_aspect_ratio": "8:9",
            "pict_type": "I",
            "interlaced_frame": 1,
            "top_field_first": 0,
            "repeat_pict": 0,
            "chroma_location": "topleft"
        },
        {
            "media_type": "video",
            "stream_index": 0,
            "key_frame": 1,
            "pts": 48,
            "pts_time": "1.601635",
            "pkt_dts": 48,
            "pkt_dts_time": "1.601635",
            "best_effort_timestamp": 48,
            "best_effort_timestamp_time": "1.601635",
            "duration": 1,
            "duration_time": "0.033367",
            "pkt_pos": "6012988",
            "pkt_size": "120000",
            "width": 720,
            "height": 480,
            "crop_top": 0,
            "crop_bottom": 0,
            "crop_left": 0,
            "crop_right": 0,
            "pix_fmt": "yuv411p",
            "sample_aspect_ratio": "8:9",
            "pict_type": "I",
            "interlaced_frame": 1,
            "top_field_first": 0,
            "repeat_pict": 0,
            "chroma_location": "topleft"
        },
        {
            "media_type": "video",
            "stream_index": 0,
            "key_frame": 1,
            "pts": 49,
            "pts_time": "1.635003",
            "pkt_dts": 49,
            "pkt_dts_time": "1.635003",
            "best_effort_timestamp": 49,
            "best_effort_timestamp_time": "1.635003",
            "duration": 1,
            "duration_time": "0.033367",
            "pkt_pos": "6132996",
            "pkt_size": "120000",
            "width": 720,
            "height": 480,
            "crop_top": 0,
            "crop_bottom": 0,
            "crop_left": 0,
            "crop_right": 0,
            "pix_fmt": "yuv411p",
            "sample_aspect_ratio": "8:9",
            "pict_type": "I",
            "interlaced_frame": 1,
            "top_field_first": 0,
            "repeat_pict": 0,
            "chroma_location": "topleft"
        },
        {
            "media_type": "video",
            "stream_index": 0,
            "key_frame": 1,
            "pts": 50,
            "pts_time": "1.668370",
            "pkt_dts": 50,
            "pkt_dts_time": "1.668370",
            "best_effort_timestamp": 50,
            "best_effort_timestamp_time": "1.668370",
            "duration": 1,
            "duration_time": "0.033367",
            "pkt_pos": "6253004",
            "pkt_size": "120000",
            "width": 720,
            "height": 480,
            "crop_top": 0,
            "crop_bottom": 0,
            "crop_left": 0,
            "crop_right": 0,
            "pix_fmt": "yuv411p",
            "sample_aspect_ratio": "8:9",
            "pict_type": "I",
            "interlaced_frame": 1,
            "top_field_first": 0,
            "repeat_pict": 0,
            "chroma_location": "topleft"
        },
        {
            "media_type": "video",
            "stream_index": 0,
            "key_frame": 1,
            "pts": 51,
            "pts_time": "1.701737",
            "pkt_dts": 51,
            "pkt_dts_time": "1.701737",
            "best_effort_timestamp": 51,
            "best_effort_timestamp_time": "1.701737",
            "duration": 1,
            "duration_time": "0.033367",
            "pkt_pos": "6373012",
            "pkt_size": "120000",
            "width": 720,
            "height": 480,
            "crop_top": 0,
            "crop_bottom": 0,
            "crop_left": 0,
            "crop_right": 0,
            "pix_fmt": "yuv411p",
            "sample_aspect_ratio": "8:9",
            "pict_type": "I",
            "interlaced_frame": 1,
            "top_field_first": 0,
            "repeat_pict": 0,
            "chroma_location": "topleft"
        },
        {
            "media_type": "video",
            "stream_index": 0,
            "key_frame": 1,
            "pts": 52,
            "pts_time": "1.735105",
            "pkt_dts": 52,
            "pkt_dts_time": "1.735105",
            "best_effort_timestamp": 52,
            "best_effort_timestamp_time": "1.735105",
            "duration": 1,
            "duration_time": "0.033367",
            "pkt_pos": "6493020",
            "pkt_size": "120000",
            "width": 720,
            "height": 480,
            "crop_top": 0,
            "crop_bottom": 0,
            "crop_left": 0,
            "crop_right": 0,
            "pix_fmt": "yuv411p",
            "sample_aspect_ratio": "8:9",
            "pict_type": "I",
            "interlaced_frame": 1,
            "top_field_first": 0,
            "repeat_pict": 0,
            "chroma_location": "topleft"
        },
        {
            "media_type": "video",
            "stream_index": 0,
            "key_frame": 1,
            "pts": 53,
            "pts_time": "1.768472",
            "pkt_dts": 53,
            "pkt_dts_time": "1.768472",
            "best_effort_timestamp": 53,
            "best_effort_timestamp_time": "1.768472",
            "duration": 1,
            "duration_time": "0.033367",
            "pkt_pos": "6613028",
            "pkt_size": "120000",
            "width": 720,
            "height": 480,
            "crop_top": 0,
            "crop_bottom": 0,
            "crop_left": 0,
            "crop_right": 0,
            "pix_fmt": "yuv411p",
            "sample_aspect_ratio": "8:9",
            "pict_type": "I",
            "interlaced_frame": 1,
            "top_field_first": 0,
            "repeat_pict": 0,
            "chroma_location": "topleft"
        },
        {
            "media_type": "video",
            "stream_index": 0,
            "key_frame": 1,
            "pts": 54,
            "pts_time": "1.801840",
            "pkt_dts": 54,
            "pkt_dts_time": "1.801840",
            "best_effort_timestamp": 54,
            "best_effort_timestamp_time": "1.801840",
            "duration": 1,
            "duration_time": "0.033367",
            "pkt_pos": "6733036",
            "pkt_size": "120000",
            "width": 720,
            "height": 480,
            "crop_top": 0,
            "crop_bottom": 0,
            "crop_left": 0,
            "crop_right": 0,
            "pix_fmt": "yuv411p",
            "sample_aspect_ratio": "8:9",
            "pict_type": "I",
            "interlaced_frame": 1,
            "top_field_first": 0,
            "repeat_pict": 0,
            "chroma_location": "topleft"
        },
        {
            "media_type": "video",
            "stream_index": 0,
            "key_frame": 1,
            "pts": 55,
            "pts_time": "1.835207",
            "pkt_dts": 55,
            "pkt_dts_time": "1.835207",
            "best_effort_timestamp": 55,
            "best_effort_timestamp_time": "1.835207",
            "duration": 1,
            "duration_time": "0.033367",
            "pkt_pos": "6853044",
            "pkt_size": "120000",
            "width": 720,
            "height": 480,
            "crop_top": 0,
            "crop_bottom": 0,
            "crop_left": 0,
            "crop_right": 0,
            "pix_fmt": "yuv411p",
            "sample_aspect_ratio": "8:9",
            "pict_type": "I",
            "interlaced_frame": 1,
            "top_field_first": 0,
            "repeat_pict": 0,
            "chroma_location": "topleft"
        },
        {
            "media_type": "video",
            "stream_index": 0,
            "key_frame": 1,
            "pts": 56,
            "pts_time": "1.868574",
            "pkt_dts": 56,
            "pkt_dts_time": "1.868574",
            "best_effort_timestamp": 56,
            "best_effort_timestamp_time": "1.868574",
            "duration": 1,
            "duration_time": "0.033367",
            "pkt_pos": "6973052",
            "pkt_size": "120000",
            "width": 720,
            "height": 480,
            "crop_top": 0,
            "crop_bottom": 0,
            "crop_left": 0,
            "crop_right": 0,
            "pix_fmt": "yuv411p",
            "sample_aspect_ratio": "8:9",
            "pict_type": "I",
            "interlaced_frame": 1,
            "top_field_first": 0,
            "repeat_pict": 0,
            "chroma_location": "topleft"
        },
        {
            "media_type": "video",
            "stream_index": 0,
            "key_frame": 1,
            "pts": 57,
            "pts_time": "1.901942",
            "pkt_dts": 57,
            "pkt_dts_time": "1.901942",
            "best_effort_timestamp": 57,
            "best_effort_timestamp_time": "1.901942",
            "duration": 1,
            "duration_time": "0.033367",
            "pkt_pos": "7093060",
            "pkt_size": "120000",
            "width": 720,
            "height": 480,
            "crop_top": 0,
            "crop_bottom": 0,
            "crop_left": 0,
            "crop_right": 0,
            "pix_fmt": "yuv411p",
            "sample_aspect_ratio": "8:9",
            "pict_type": "I",
            "interlaced_frame": 1,
            "top_field_first": 0,
            "repeat_pict": 0,
            "chroma_location": "topleft"
        },
        {
            "media_type": "video",
            "stream_index": 0,
            "key_frame": 1,
            "pts": 58,
            "pts_time": "1.935309",
            "pkt_dts": 58,
            "pkt_dts_time": "1.935309",
            "best_effort_timestamp": 58,
            "best_effort_timestamp_time": "1.935309",
            "duration": 1,
            "duration_time": "0.033367",
            "pkt_pos": "7336932",
            "pkt_size": "120000",
            "width": 720,
            "height": 480,
            "crop_top": 0,
            "crop_bottom": 0,
            "crop_left": 0,
            "crop_right": 0,
            "pix_fmt": "yuv411p",
            "sample_aspect_ratio": "8:9",
            "pict_type": "I",
            "interlaced_frame": 1,
            "top_field_first": 0,
            "repeat_pict": 0,
            "chroma_location": "topleft"
        },
        {
            "media_type": "video",
            "stream_index": 0,
            "key_frame": 1,
            "pts": 59,
            "pts_time": "1.968677",
            "pkt_dts": 59,
            "pkt_dts_time": "1.968677",
            "best_effort_timestamp": 59,
            "best_effort_timestamp_time": "1.968677",
            "duration": 1,
            "duration_time": "0.033367",
            "pkt_pos": "7456940",
            "pkt_size": "120000",
            "width": 720,
            "height": 480,
            "crop_top": 0,
            "crop_bottom": 0,
            "crop_left": 0,
            "crop_right": 0,
            "pix_fmt": "yuv411p",
            "sample_aspect_ratio": "8:9",
            "pict_type": "I",
            "interlaced_frame": 1,
            "top_field_first": 0,
            "repeat_pict": 0,
            "chroma_location": "topleft"
        },
        {
            "media_type": "video",
            "stream_index": 0,
            "key_frame": 1,
            "pts": 60,
            "pts_time": "2.002044",
            "pkt_dts": 60,
            "pkt_dts_time": "2.002044",
            "best_effort_timestamp": 60,
            "best_effort_timestamp_time": "2.002044",
            "duration": 1,
            "duration_time": "0.033367",
            "pkt_pos": "7576948",
            "pkt_size": "120000",
            "width": 720,
            "height": 480,
            "crop_top": 0,
            "crop_bottom": 0,
            "crop_left": 0,
            "crop_right": 0,
            "pix_fmt": "yuv411p",
            "sample_aspect_ratio": "8:9",
            "pict_type": "I",
            "interlaced_frame": 1,
            "top_field_first": 0,
            "repeat_pict": 0,
            "chroma_location": "topleft"
        },
        {
            "media_type": "video",
            "stream_index": 0,
            "key_frame": 1,
            "pts": 61,
            "pts_time": "2.035411",
            "pkt_dts": 61,
            "pkt_dts_time": "2.035411",
            "best_effort_timestamp": 61,
            "best_effort_timestamp_time": "2.035411",
            "duration": 1,
            "duration_time": "0.033367",
            "pkt_pos": "7696956",
            "pkt_size": "120000",
            "width": 720,
            "height": 480,
            "crop_top": 0,
            "crop_bottom": 0,
            "crop_left": 0,
            "crop_right": 0,
            "pix_fmt": "yuv411p",
            "sample_aspect_ratio": "8:9",
            "pict_type": "I",
            "interlaced_frame": 1,
            "top_field_first": 0,
            "repeat_pict": 0,
            "chroma_location": "topleft"
        },
        {
            "media_type": "video",
            "stream_index": 0,
            "key_frame": 1,
            "pts": 62,
            "pts_time": "2.068779",
            "pkt_dts": 62,
            "pkt_dts_time": "2.068779",
            "best_effort_timestamp": 62,
            "best_effort_timestamp_time": "2.068779",
            "duration": 1,
            "duration_time": "0.033367",
            "pkt_pos": "7816964",
            "pkt_size": "120000",
            "width": 720,
            "height": 480,
            "crop_top": 0,
            "crop_bottom": 0,
            "crop_left": 0,
            "crop_right": 0,
            "pix_fmt": "yuv411p",
            "sample_aspect_ratio": "8:9",
            "pict_type": "I",
            "interlaced_frame": 1,
            "top_field_first": 0,
            "repeat_pict": 0,
            "chroma_location": "topleft"
        },
        {
            "media_type": "video",
            "stream_index": 0,
            "key_frame": 1,
            "pts": 63,
            "pts_time": "2.102146",
            "pkt_dts": 63,
            "pkt_dts_time": "2.102146",
            "best_effort_timestamp": 63,
            "best_effort_timestamp_time": "2.102146",
            "duration": 1,
            "duration_time": "0.033367",
            "pkt_pos": "7936972",
            "pkt_size": "120000",
            "width": 720,
            "height": 480,
            "crop_top": 0,
            "crop_bottom": 0,
            "crop_left": 0,
            "crop_right": 0,
            "pix_fmt": "yuv411p",
            "sample_aspect_ratio": "8:9",
            "pict_type": "I",
            "interlaced_frame": 1,
            "top_field_first": 0,
            "repeat_pict": 0,
            "chroma_location": "topleft"
        },
        {
            "media_type": "video",
            "stream_index": 0,
            "key_frame": 1,
            "pts": 64,
            "pts_time": "2.135514",
            "pkt_dts": 64,
            "pkt_dts_time": "2.135514",
            "best_effort_timestamp": 64,
            "best_effort_timestamp_time": "2.135514",
            "duration": 1,
            "duration_time": "0.033367",
            "pkt_pos": "8056980",
            "pkt_size": "120000",
            "width": 720,
            "height": 480,
            "crop_top": 0,
            "crop_bottom": 0,
            "crop_left": 0,
            "crop_right": 0,
            "pix_fmt": "yuv411p",
            "sample_aspect_ratio": "8:9",
            "pict_type": "I",
            "interlaced_frame": 1,
            "top_field_first": 0,
            "repeat_pict": 0,
            "chroma_location": "topleft"
        },
        {
            "media_type": "video",
            "stream_index": 0,
            "key_frame": 1,
            "pts": 65,
            "pts_time": "2.168881",
            "pkt_dts": 65,
            "pkt_dts_time": "2.168881",
            "best_effort_timestamp": 65,
            "best_effort_timestamp_time": "2.168881",
            "duration": 1,
            "duration_time": "0.033367",
            "pkt_pos": "8176988",
            "pkt_size": "120000",
            "width": 720,
            "height": 480,
            "crop_top": 0,
            "crop_bottom": 0,
            "crop_left": 0,
            "crop_right": 0,
            "pix_fmt": "yuv411p",
            "sample_aspect_ratio": "8:9",
            "pict_type": "I",
            "interlaced_frame": 1,
            "top_field_first": 0,
            "repeat_pict": 0,
            "chroma_location": "topleft"
        },
        {
            "media_type": "video",
            "stream_index": 0,
            "key_frame": 1,
            "pts": 66,
            "pts_time": "2.202248",
            "pkt_dts": 66,
            "pkt_dts_time": "2.202248",
            "best_effort_timestamp": 66,
            "best_effort_timestamp_time": "2.202248",
            "duration": 1,
            "duration_time": "0.033367",
            "pkt_pos": "8296996",
            "pkt_size": "120000",
            "width": 720,
            "height": 480,
            "crop_top": 0,
            "crop_bottom": 0,
            "crop_left": 0,
            "crop_right": 0,
            "pix_fmt": "yuv411p",
            "sample_aspect_ratio": "8:9",
            "pict_type": "I",
            "interlaced_frame": 1,
            "top_field_first": 0,
            "repeat_pict": 0,
            "chroma_location": "topleft"
        },
        {
            "media_type": "video",
            "stream_index": 0,
            "key_frame": 1,
            "pts": 67,
            "pts_time": "2.235616",
            "pkt_dts": 67,
            "pkt_dts_time": "2.235616",
            "best_effort_timestamp": 67,
            "best_effort_timestamp_time": "2.235616",
            "duration": 1,
            "duration_time": "0.033367",
            "pkt_pos": "8417004",
            "pkt_size": "120000",
            "width": 720,
            "height": 480,
            "crop_top": 0,
            "crop_bottom": 0,
            "crop_left": 0,
            "crop_right": 0,
            "pix_fmt": "yuv411p",
            "sample_aspect_ratio": "8:9",
            "pict_type": "I",
            "interlaced_frame": 1,
            "top_field_first": 0,
            "repeat_pict": 0,
            "chroma_location": "topleft"
        },
        {
            "media_type": "video",
            "stream_index": 0,
            "key_frame": 1,
            "pts": 68,
            "pts_time": "2.268983",
            "pkt_dts": 68,
            "pkt_dts_time": "2.268983",
            "best_effort_timestamp": 68,
            "best_effort_timestamp_time": "2.268983",
            "duration": 1,
            "duration_time": "0.033367",
            "pkt_pos": "8537012",
            "pkt_size": "120000",
            "width": 720,
            "height": 480,
            "crop_top": 0,
            "crop_bottom": 0,
            "crop_left": 0,
            "crop_right": 0,
            "pix_fmt": "yuv411p",
            "sample_aspect_ratio": "8:9",
            "pict_type": "I",
            "interlaced_frame": 1,
            "top_field_first": 0,
            "repeat_pict": 0,
            "chroma_location": "topleft"
        },
        {
            "media_type": "video",
            "stream_index": 0,
            "key_frame": 1,
            "pts": 69,
            "pts_time": "2.302351",
            "pkt_dts": 69,
            "pkt_dts_time": "2.302351",
            "best_effort_timestamp": 69,
            "best_effort_timestamp_time": "2.302351",
            "duration": 1,
            "duration_time": "0.033367",
            "pkt_pos": "8657020",
            "pkt_size": "120000",
            "width": 720,
            "height": 480,
            "crop_top": 0,
            "crop_bottom": 0,
            "crop_left": 0,
            "crop_right": 0,
            "pix_fmt": "yuv411p",
            "sample_aspect_ratio": "8:9",
            "pict_type": "I",
            "interlaced_frame": 1,
            "top_field_first": 0,
            "repeat_pict": 0,
            "chroma_location": "topleft"
        },
        {
            "media_type": "video",
            "stream_index": 0,
            "key_frame": 1,
            "pts": 70,
            "pts_time": "2.335718",
            "pkt_dts": 70,
            "pkt_dts_time": "2.335718",
            "best_effort_timestamp": 70,
            "best_effort_timestamp_time": "2.335718",
            "duration": 1,
            "duration_time": "0.033367",
            "pkt_pos": "8777028",
            "pkt_size": "120000",
            "width": 720,
            "height": 480,
            "crop_top": 0,
            "crop_bottom": 0,
            "crop_left": 0,
            "crop_right": 0,
            "pix_fmt": "yuv411p",
            "sample_aspect_ratio": "8:9",
            "pict_type": "I",
            "interlaced_frame": 1,
            "top_field_first": 0,
            "repeat_pict": 0,
            "chroma_location": "topleft"
        },
        {
            "media_type": "video",
            "stream_index": 0,
            "key_frame": 1,
            "pts": 71,
            "pts_time": "2.369085",
            "pkt_dts": 71,
            "pkt_dts_time": "2.369085",
            "best_effort_timestamp": 71,
            "best_effort_timestamp_time": "2.369085",
            "duration": 1,
            "duration_time": "0.033367",
            "pkt_pos": "8897036",
            "pkt_size": "120000",
            "width": 720,
            "height": 480,
            "crop_top": 0,
            "crop_bottom": 0,
            "crop_left": 0,
            "crop_right": 0,
            "pix_fmt": "yuv411p",
            "sample_aspect_ratio": "8:9",
            "pict_type": "I",
            "interlaced_frame": 1,
            "top_field_first": 0,
            "repeat_pict": 0,
            "chroma_location": "topleft"
        },
        {
            "media_type": "video",
            "stream_index": 0,
            "key_frame": 1,
            "pts": 72,
            "pts_time": "2.402453",
            "pkt_dts": 72,
            "pkt_dts_time": "2.402453",
            "best_effort_timestamp": 72,
            "best_effort_timestamp_time": "2.402453",
            "duration": 1,
            "duration_time": "0.033367",
            "pkt_pos": "9017044",
            "pkt_size": "120000",
            "width": 720,
            "height": 480,
            "crop_top": 0,
            "crop_bottom": 0,
            "crop_left": 0,
            "crop_right": 0,
            "pix_fmt": "yuv411p",
            "sample_aspect_ratio": "8:9",
            "pict_type": "I",
            "interlaced_frame": 1,
            "top_field_first": 0,
            "repeat_pict": 0,
            "chroma_location": "topleft"
        },
        {
            "media_type": "video",
            "stream_index": 0,
            "key_frame": 1,
            "pts": 73,
            "pts_time": "2.435820",
            "pkt_dts": 73,
            "pkt_dts_time": "2.435820",
            "best_effort_timestamp": 73,
            "best_effort_timestamp_time": "2.435820",
            "duration": 1,
            "duration_time": "0.033367",
            "pkt_pos": "9137052",
            "pkt_size": "120000",
            "width": 720,
            "height": 480,
            "crop_top": 0,
            "crop_bottom": 0,
            "crop_left": 0,
            "crop_right": 0,
            "pix_fmt": "yuv411p",
            "sample_aspect_ratio": "8:9",
            "pict_type": "I",
            "interlaced_frame": 1,
            "top_field_first": 0,
            "repeat_pict": 0,
            "chroma_location": "topleft"
        },
        {
            "media_type": "video",
            "stream_index": 0,
            "key_frame": 1,
            "pts": 74,
            "pts_time": "2.469188",
            "pkt_dts": 74,
            "pkt_dts_time": "2.469188",
            "best_effort_timestamp": 74,
            "best_effort_timestamp_time": "2.469188",
            "duration": 1,
            "duration_time": "0.033367",
            "pkt_pos": "9257060",
            "pkt_size": "120000",
            "width": 720,
            "height": 480,
            "crop_top": 0,
            "crop_bottom": 0,
            "crop_left": 0,
            "crop_right": 0,
            "pix_fmt": "yuv411p",
            "sample_aspect_ratio": "8:9",
            "pict_type": "I",
            "interlaced_frame": 1,
            "top_field_first": 0,
            "repeat_pict": 0,
            "chroma_location": "topleft"
        },
        {
            "media_type": "video",
            "stream_index": 0,
            "key_frame": 1,
            "pts": 75,
            "pts_time": "2.502555",
            "pkt_dts": 75,
            "pkt_dts_time": "2.502555",
            "best_effort_timestamp": 75,
            "best_effort_timestamp_time": "2.502555",
            "duration": 1,
            "duration_time": "0.033367",
            "pkt_pos": "9377068",
            "pkt_size": "120000",
            "width": 720,
            "height": 480,
            "crop_top": 0,
            "crop_bottom": 0,
            "crop_left": 0,
            "crop_right": 0,
            "pix_fmt": "yuv411p",
            "sample_aspect_ratio": "8:9",
            "pict_type": "I",
            "interlaced_frame": 1,
            "top_field_first": 0,
            "repeat_pict": 0,
            "chroma_location": "topleft"
        },
        {
            "media_type": "video",
            "stream_index": 0,
            "key_frame": 1,
            "pts": 76,
            "pts_time": "2.535922",
            "pkt_dts": 76,
            "pkt_dts_time": "2.535922",
            "best_effort_timestamp": 76,
            "best_effort_timestamp_time": "2.535922",
            "duration": 1,
            "duration_time": "0.033367",
            "pkt_pos": "9497076",
            "pkt_size": "120000",
            "width": 720,
            "height": 480,
            "crop_top": 0,
            "crop_bottom": 0,
            "crop_left": 0,
            "crop_right": 0,
            "pix_fmt": "yuv411p",
            "sample_aspect_ratio": "8:9",
            "pict_type": "I",
            "interlaced_frame": 1,
            "top_field_first": 0,
            "repeat_pict": 0,
            "chroma_location": "topleft"
        },
        {
            "media_type": "video",
            "stream_index": 0,
            "key_frame": 1,
            "pts": 77,
            "pts_time": "2.569290",
            "pkt_dts": 77,
            "pkt_dts_time": "2.569290",
            "best_effort_timestamp": 77,
            "best_effort_timestamp_time": "2.569290",
            "duration": 1,
            "duration_time": "0.033367",
            "pkt_pos": "9617084",
            "pkt_size": "120000",
            "width": 720,
            "height": 480,
            "crop_top": 0,
            "crop_bottom": 0,
            "crop_left": 0,
            "crop_right": 0,
            "pix_fmt": "yuv411p",
            "sample_aspect_ratio": "8:9",
            "pict_type": "I",
            "interlaced_frame": 1,
            "top_field_first": 0,
            "repeat_pict": 0,
            "chroma_location": "topleft"
        },
        {
            "media_type": "video",
            "stream_index": 0,
            "key_frame": 1,
            "pts": 78,
            "pts_time": "2.602657",
            "pkt_dts": 78,
            "pkt_dts_time": "2.602657",
            "best_effort_timestamp": 78,
            "best_effort_timestamp_time": "2.602657",
            "duration": 1,
            "duration_time": "0.033367",
            "pkt_pos": "9737092",
            "pkt_size": "120000",
            "width": 720,
            "height": 480,
            "crop_top": 0,
            "crop_bottom": 0,
            "crop_left": 0,
            "crop_right": 0,
            "pix_fmt": "yuv411p",
            "sample_aspect_ratio": "8:9",
            "pict_type": "I",
            "interlaced_frame": 1,
            "top_field_first": 0,
            "repeat_pict": 0,
            "chroma_location": "topleft"
        },
        {
            "media_type": "video",
            "stream_index": 0,
            "key_frame": 1,
            "pts": 79,
            "pts_time": "2.636025",
            "pkt_dts": 79,
            "pkt_dts_time": "2.636025",
            "best_effort_timestamp": 79,
            "best_effort_timestamp_time": "2.636025",
            "duration": 1,
            "duration_time": "0.033367",
            "pkt_pos": "9857100",
            "pkt_size": "120000",
            "width": 720,
            "height": 480,
            "crop_top": 0,
            "crop_bottom": 0,
            "crop_left": 0,
            "crop_right": 0,
            "pix_fmt": "yuv411p",
            "sample_aspect_ratio": "8:9",
            "pict_type": "I",
            "interlaced_frame": 1,
            "top_field_first": 0,
            "repeat_pict": 0,
            "chroma_location": "topleft"
        },
        {
            "media_type": "video",
            "stream_index": 0,
            "key_frame": 1,
            "pts": 80,
            "pts_time": "2.669392",
            "pkt_dts": 80,
            "pkt_dts_time": "2.669392",
            "best_effort_timestamp": 80,
            "best_effort_timestamp_time": "2.669392",
            "duration": 1,
            "duration_time": "0.033367",
            "pkt_pos": "9977108",
            "pkt_size": "120000",
            "width": 720,
            "height": 480,
            "crop_top": 0,
            "crop_bottom": 0,
            "crop_left": 0,
            "crop_right": 0,
            "pix_fmt": "yuv411p",
            "sample_aspect_ratio": "8:9",
            "pict_type": "I",
            "interlaced_frame": 1,
            "top_field_first": 0,
            "repeat_pict": 0,
            "chroma_location": "topleft"
        },
        {
            "media_type": "video",
            "stream_index": 0,
            "key_frame": 1,
            "pts": 81,
            "pts_time": "2.702759",
            "pkt_dts": 81,
            "pkt_dts_time": "2.702759",
            "best_effort_timestamp": 81,
            "best_effort_timestamp_time": "2.702759",
            "duration": 1,
            "duration_time": "0.033367",
            "pkt_pos": "10097116",
            "pkt_size": "120000",
            "width": 720,
            "height": 480,
            "crop_top": 0,
            "crop_bottom": 0,
            "crop_left": 0,
            "crop_right": 0,
            "pix_fmt": "yuv411p",
            "sample_aspect_ratio": "8:9",
            "pict_type": "I",
            "interlaced_frame": 1,
            "top_field_first": 0,
            "repeat_pict": 0,
            "chroma_location": "topleft"
        },
        {
            "media_type": "video",
            "stream_index": 0,
            "key_frame": 1,
            "pts": 82,
            "pts_time": "2.736127",
            "pkt_dts": 82,
            "pkt_dts_time": "2.736127",
            "best_effort_timestamp": 82,
            "best_effort_timestamp_time": "2.736127",
            "duration": 1,
            "duration_time": "0.033367",
            "pkt_pos": "10217124",
            "pkt_size": "120000",
            "width": 720,
            "height": 480,
            "crop_top": 0,
            "crop_bottom": 0,
            "crop_left": 0,
            "crop_right": 0,
            "pix_fmt": "yuv411p",
            "sample_aspect_ratio": "8:9",
            "pict_type": "I",
            "interlaced_frame": 1,
            "top_field_first": 0,
            "repeat_pict": 0,
            "chroma_location": "topleft"
        },
        {
            "media_type": "video",
            "stream_index": 0,
            "key_frame": 1,
            "pts": 83,
            "pts_time": "2.769494",
            "pkt_dts": 83,
            "pkt_dts_time": "2.769494",
            "best_effort_timestamp": 83,
            "best_effort_timestamp_time": "2.769494",
            "duration": 1,
            "duration_time": "0.033367",
            "pkt_pos": "10337132",
            "pkt_size": "120000",
            "width": 720,
            "height": 480,
            "crop_top": 0,
            "crop_bottom": 0,
            "crop_left": 0,
            "crop_right": 0,
            "pix_fmt": "yuv411p",
            "sample_aspect_ratio": "8:9",
            "pict_type": "I",
            "interlaced_frame": 1,
            "top_field_first": 0,
            "repeat_pict": 0,
            "chroma_location": "topleft"
        },
        {
            "media_type": "video",
            "stream_index": 0,
            "key_frame": 1,
            "pts": 84,
            "pts_time": "2.802862",
            "pkt_dts": 84,
            "pkt_dts_time": "2.802862",
            "best_effort_timestamp": 84,
            "best_effort_timestamp_time": "2.802862",
            "duration": 1,
            "duration_time": "0.033367",
            "pkt_pos": "10457140",
            "pkt_size": "120000",
            "width": 720,
            "height": 480,
            "crop_top": 0,
            "crop_bottom": 0,
            "crop_left": 0,
            "crop_right": 0,
            "pix_fmt": "yuv411p",
            "sample_aspect_ratio": "8:9",
            "pict_type": "I",
            "interlaced_frame": 1,
            "top_field_first": 0,
            "repeat_pict": 0,
            "chroma_location": "topleft"
        },
        {
            "media_type": "video",
            "stream_index": 0,
            "key_frame": 1,
            "pts": 85,
            "pts_time": "2.836229",
            "pkt_dts": 85,
            "pkt_dts_time": "2.836229",
            "best_effort_timestamp": 85,
            "best_effort_timestamp_time": "2.836229",
            "duration": 1,
            "duration_time": "0.033367",
            "pkt_pos": "10577148",
            "pkt_size": "120000",
            "width": 720,
            "height": 480,
            "crop_top": 0,
            "crop_bottom": 0,
            "crop_left": 0,
            "crop_right": 0,
            "pix_fmt": "yuv411p",
            "sample_aspect_ratio": "8:9",
            "pict_type": "I",
            "interlaced_frame": 1,
            "top_field_first": 0,
            "repeat_pict": 0,
            "chroma_location": "topleft"
        },
        {
            "media_type": "video",
            "stream_index": 0,
            "key_frame": 1,
            "pts": 86,
            "pts_time": "2.869596",
            "pkt_dts": 86,
            "pkt_dts_time": "2.869596",
            "best_effort_timestamp": 86,
            "best_effort_timestamp_time": "2.869596",
            "duration": 1,
            "duration_time": "0.033367",
            "pkt_pos": "10697156",
            "pkt_size": "120000",
            "width": 720,
            "height": 480,
            "crop_top": 0,
            "crop_bottom": 0,
            "crop_left": 0,
            "crop_right": 0,
            "pix_fmt": "yuv411p",
            "sample_aspect_ratio": "8:9",
            "pict_type": "I",
            "interlaced_frame": 1,
            "top_field_first": 0,
            "repeat_pict": 0,
            "chroma_location": "topleft"
        },
        {
            "media_type": "video",
            "stream_index": 0,
            "key_frame": 1,
            "pts": 87,
            "pts_time": "2.902964",
            "pkt_dts": 87,
            "pkt_dts_time": "2.902964",
            "best_effort_timestamp": 87,
            "best_effort_timestamp_time": "2.902964",
            "duration": 1,
            "duration_time": "0.033367",
            "pkt_pos": "10941028",
            "pkt_size": "120000",
            "width": 720,
            "height": 480,
            "crop_top": 0,
            "crop_bottom": 0,
            "crop_left": 0,
            "crop_right": 0,
            "pix_fmt": "yuv411p",
            "sample_aspect_ratio": "8:9",
            "pict_type": "I",
            "interlaced_frame": 1,
            "top_field_first": 0,
            "repeat_pict": 0,
            "chroma_location": "topleft"
        },
        {
            "media_type": "video",
            "stream_index": 0,
            "key_frame": 1,
            "pts": 88,
            "pts_time": "2.936331",
            "pkt_dts": 88,
            "pkt_dts_time": "2.936331",
            "best_effort_timestamp": 88,
            "best_effort_timestamp_time": "2.936331",
            "duration": 1,
            "duration_time": "0.033367",
            "pkt_pos": "11061036",
            "pkt_size": "120000",
            "width": 720,
            "height": 480,
            "crop_top": 0,
            "crop_bottom": 0,
            "crop_left": 0,
            "crop_right": 0,
            "pix_fmt": "yuv411p",
            "sample_aspect_ratio": "8:9",
            "pict_type": "I",
            "interlaced_frame": 1,
            "top_field_first": 0,
            "repeat_pict": 0,
            "chroma_location": "topleft"
        },
        {
            "media_type": "video",
            "stream_index": 0,
            "key_frame": 1,
            "pts": 89,
            "pts_time": "2.969699",
            "pkt_dts": 89,
            "pkt_dts_time": "2.969699",
            "best_effort_timestamp": 89,
            "best_effort_timestamp_time": "2.969699",
            "duration": 1,
            "duration_time": "0.033367",
            "pkt_pos": "11181044",
            "pkt_size": "120000",
            "width": 720,
            "height": 480,
            "crop_top": 0,
            "crop_bottom": 0,
            "crop_left": 0,
            "crop_right": 0,
            "pix_fmt": "yuv411p",
            "sample_aspect_ratio": "8:9",
            "pict_type": "I",
            "interlaced_frame": 1,
            "top_field_first": 0,
            "repeat_pict": 0,
            "chroma_location": "topleft"
        },
        {
            "media_type": "video",
            "stream_index": 0,
            "key_frame": 1,
            "pts": 90,
            "pts_time": "3.003066",
            "pkt_dts": 90,
            "pkt_dts_time": "3.003066",
            "best_effort_timestamp": 90,
            "best_effort_timestamp_time": "3.003066",
            "duration": 1,
            "duration_time": "0.033367",
            "pkt_pos": "11301052",
            "pkt_size": "120000",
            "width": 720,
            "height": 480,
            "crop_top": 0,
            "crop_bottom": 0,
            "crop_left": 0,
            "crop_right": 0,
            "pix_fmt": "yuv411p",
            "sample_aspect_ratio": "8:9",
            "pict_type": "I",
            "interlaced_frame": 1,
            "top_field_first": 0,
            "repeat_pict": 0,
            "chroma_location": "topleft"
        },
        {
            "media_type": "video",
            "stream_index": 0,
            "key_frame": 1,
            "pts": 91,
            "pts_time": "3.036433",
            "pkt_dts": 91,
            "pkt_dts_time": "3.036433",
            "best_effort_timestamp": 91,
            "best_effort_timestamp_time": "3.036433",
            "duration": 1,
            "duration_time": "0.033367",
            "pkt_pos": "11421060",
            "pkt_size": "120000",
            "width": 720,
            "height": 480,
            "crop_top": 0,
            "crop_bottom": 0,
            "crop_left": 0,
            "crop_right": 0,
            "pix_fmt": "yuv411p",
            "sample_aspect_ratio": "8:9",
            "pict_type": "I",
            "interlaced_frame": 1,
            "top_field_first": 0,
            "repeat_pict": 0,
            "chroma_location": "topleft"
        },
        {
            "media_type": "video",
            "stream_index": 0,
            "key_frame": 1,
            "pts": 92,
            "pts_time": "3.069801",
            "pkt_dts": 92,
            "pkt_dts_time": "3.069801",
            "best_effort_timestamp": 92,
            "best_effort_timestamp_time": "3.069801",
            "duration": 1,
            "duration_time": "0.033367",
            "pkt_pos": "11541068",
            "pkt_size": "120000",
            "width": 720,
            "height": 480,
            "crop_top": 0,
            "crop_bottom": 0,
            "crop_left": 0,
            "crop_right": 0,
            "pix_fmt": "yuv411p",
            "sample_aspect_ratio": "8:9",
            "pict_type": "I",
            "interlaced_frame": 1,
            "top_field_first": 0,
            "repeat_pict": 0,
            "chroma_location": "topleft"
        },
        {
            "media_type": "video",
            "stream_index": 0,
            "key_frame": 1,
            "pts": 93,
            "pts_time": "3.103168",
            "pkt_dts": 93,
            "pkt_dts_time": "3.103168",
            "best_effort_timestamp": 93,
            "best_effort_timestamp_time": "3.103168",
            "duration": 1,
            "duration_time": "0.033367",
            "pkt_pos": "11661076",
            "pkt_size": "120000",
            "width": 720,
            "height": 480,
            "crop_top": 0,
            "crop_bottom": 0,
            "crop_left": 0,
            "crop_right": 0,
            "pix_fmt": "yuv411p",
            "sample_aspect_ratio": "8:9",
            "pict_type": "I",
            "interlaced_frame": 1,
            "top_field_first": 0,
            "repeat_pict": 0,
            "chroma_location": "topleft"
        },
        {
            "media_type": "video",
            "stream_index": 0,
            "key_frame": 1,
            "pts": 94,
            "pts_time": "3.136536",
            "pkt_dts": 94,
            "pkt_dts_time": "3.136536",
            "best_effort_timestamp": 94,
            "best_effort_timestamp_time": "3.136536",
            "duration": 1,
            "duration_time": "0.033367",
            "pkt_pos": "11781084",
            "pkt_size": "120000",
            "width": 720,
            "height": 480,
            "crop_top": 0,
            "crop_bottom": 0,
            "crop_left": 0,
            "crop_right": 0,
            "pix_fmt": "yuv411p",
            "sample_aspect_ratio": "8:9",
            "pict_type": "I",
            "interlaced_frame": 1,
            "top_field_first": 0,
            "repeat_pict": 0,
            "chroma_location": "topleft"
        },
        {
            "media_type": "video",
            "stream_index": 0,
            "key_frame": 1,
            "pts": 95,
            "pts_time": "3.169903",
            "pkt_dts": 95,
            "pkt_dts_time": "3.169903",
            "best_effort_timestamp": 95,
            "best_effort_timestamp_time": "3.169903",
            "duration": 1,
            "duration_time": "0.033367",
            "pkt_pos": "11901092",
            "pkt_size": "120000",
            "width": 720,
            "height": 480,
            "crop_top": 0,
            "crop_bottom": 0,
            "crop_left": 0,
            "crop_right": 0,
            "pix_fmt": "yuv411p",
            "sample_aspect_ratio": "8:9",
            "pict_type": "I",
            "interlaced_frame": 1,
            "top_field_first": 0,
            "repeat_pict": 0,
            "chroma_location": "topleft"
        },
        {
            "media_type": "video",
            "stream_index": 0,
            "key_frame": 1,
            "pts": 96,
            "pts_time": "3.203270",
            "pkt_dts": 96,
            "pkt_dts_time": "3.203270",
            "best_effort_timestamp": 96,
            "best_effort_timestamp_time": "3.203270",
            "duration": 1,
            "duration_time": "0.033367",
            "pkt_pos": "12021100",
            "pkt_size": "120000",
            "width": 720,
            "height": 480,
            "crop_top": 0,
            "crop_bottom": 0,
            "crop_left": 0,
            "crop_right": 0,
            "pix_fmt": "yuv411p",
            "sample_aspect_ratio": "8:9",
            "pict_type": "I",
            "interlaced_frame": 1,
            "top_field_first": 0,
            "repeat_pict": 0,
            "chroma_location": "topleft"
        },
        {
            "media_type": "video",
            "stream_index": 0,
            "key_frame": 1,
            "pts": 97,
            "pts_time": "3.236638",
            "pkt_dts": 97,
            "pkt_dts_time": "3.236638",
            "best_effort_timestamp": 97,
            "best_effort_timestamp_time": "3.236638",
            "duration": 1,
            "duration_time": "0.033367",
            "pkt_pos": "12141108",
            "pkt_size": "120000",
            "width": 720,
            "height": 480,
            "crop_top": 0,
            "crop_bottom": 0,
            "crop_left": 0,
            "crop_right": 0,
            "pix_fmt": "yuv411p",
            "sample_aspect_ratio": "8:9",
            "pict_type": "I",
            "interlaced_frame": 1,
            "top_field_first": 0,
            "repeat_pict": 0,
            "chroma_location": "topleft"
        },
        {
            "media_type": "video",
            "stream_index": 0,
            "key_frame": 1,
            "pts": 98,
            "pts_time": "3.270005",
            "pkt_dts": 98,
            "pkt_dts_time": "3.270005",
            "best_effort_timestamp": 98,
            "best_effort_timestamp_time": "3.270005",
            "duration": 1,
            "duration_time": "0.033367",
            "pkt_pos": "12261116",
            "pkt_size": "120000",
            "width": 720,
            "height": 480,
            "crop_top": 0,
            "crop_bottom": 0,
            "crop_left": 0,
            "crop_right": 0,
            "pix_fmt": "yuv411p",
            "sample_aspect_ratio": "8:9",
            "pict_type": "I",
            "interlaced_frame": 1,
            "top_field_first": 0,
            "repeat_pict": 0,
            "chroma_location": "topleft"
        },
        {
            "media_type": "video",
            "stream_index": 0,
            "key_frame": 1,
            "pts": 99,
            "pts_time": "3.303373",
            "pkt_dts": 99,
            "pkt_dts_time": "3.303373",
            "best_effort_timestamp": 99,
            "best_effort_timestamp_time": "3.303373",
            "duration": 1,
            "duration_time": "0.033367",
            "pkt_pos": "12381124",
            "pkt_size": "120000",
            "width": 720,
            "height": 480,
            "crop_top": 0,
            "crop_bottom": 0,
            "crop_left": 0,
            "crop_right": 0,
            "pix_fmt": "yuv411p",
            "sample_aspect_ratio": "8:9",
            "pict_type": "I",
            "interlaced_frame": 1,
            "top_field_first": 0,
            "repeat_pict": 0,
            "chroma_location": "topleft"
        },
        {
            "media_type": "video",
            "stream_index": 0,
            "key_frame": 1,
            "pts": 100,
            "pts_time": "3.336740",
            "pkt_dts": 100,
            "pkt_dts_time": "3.336740",
            "best_effort_timestamp": 100,
            "best_effort_timestamp_time": "3.336740",
            "duration": 1,
            "duration_time": "0.033367",
            "pkt_pos": "12501132",
            "pkt_size": "120000",
            "width": 720,
            "height": 480,
            "crop_top": 0,
            "crop_bottom": 0,
            "crop_left": 0,
            "crop_right": 0,
            "pix_fmt": "yuv411p",
            "sample_aspect_ratio": "8:9",
            "pict_type": "I",
            "interlaced_frame": 1,
            "top_field_first": 0,
            "repeat_pict": 0,
            "chroma_location": "topleft"
        },
        {
            "media_type": "video",
            "stream_index": 0,
            "key_frame": 1,
            "pts": 101,
            "pts_time": "3.370107",
            "pkt_dts": 101,
            "pkt_dts_time": "3.370107",
            "best_effort_timestamp": 101,
            "best_effort_timestamp_time": "3.370107",
            "duration": 1,
            "duration_time": "0.033367",
            "pkt_pos": "12621140",
            "pkt_size": "120000",
            "width": 720,
            "height": 480,
            "crop_top": 0,
            "crop_bottom": 0,
            "crop_left": 0,
            "crop_right": 0,
            "pix_fmt": "yuv411p",
            "sample_aspect_ratio": "8:9",
            "pict_type": "I",
            "interlaced_frame": 1,
            "top_field_first": 0,
            "repeat_pict": 0,
            "chroma_location": "topleft"
        },
        {
            "media_type": "video",
            "stream_index": 0,
            "key_frame": 1,
            "pts": 102,
            "pts_time": "3.403475",
            "pkt_dts": 102,
            "pkt_dts_time": "3.403475",
            "best_effort_timestamp": 102,
            "best_effort_timestamp_time": "3.403475",
            "duration": 1,
            "duration_time": "0.033367",
            "pkt_pos": "12741148",
            "pkt_size": "120000",
            "width": 720,
            "height": 480,
            "crop_top": 0,
            "crop_bottom": 0,
            "crop_left": 0,
            "crop_right": 0,
            "pix_fmt": "yuv411p",
            "sample_aspect_ratio": "8:9",
            "pict_type": "I",
            "interlaced_frame": 1,
            "top_field_first": 0,
            "repeat_pict": 0,
            "chroma_location": "topleft"
        },
        {
            "media_type": "video",
            "stream_index": 0,
            "key_frame": 1,
            "pts": 103,
            "pts_time": "3.436842",
            "pkt_dts": 103,
            "pkt_dts_time": "3.436842",
            "best_effort_timestamp": 103,
            "best_effort_timestamp_time": "3.436842",
            "duration": 1,
            "duration_time": "0.033367",
            "pkt_pos": "12861156",
            "pkt_size": "120000",
            "width": 720,
            "height": 480,
            "crop_top": 0,
            "crop_bottom": 0,
            "crop_left": 0,
            "crop_right": 0,
            "pix_fmt": "yuv411p",
            "sample_aspect_ratio": "8:9",
            "pict_type": "I",
            "interlaced_frame": 1,
            "top_field_first": 0,
            "repeat_pict": 0,
            "chroma_location": "topleft"
        },
        {
            "media_type": "video",
            "stream_index": 0,
            "key_frame": 1,
            "pts": 104,
            "pts_time": "3.470210",
            "pkt_dts": 104,
            "pkt_dts_time": "3.470210",
            "best_effort_timestamp": 104,
            "best_effort_timestamp_time": "3.470210",
            "duration": 1,
            "duration_time": "0.033367",
            "pkt_pos": "12981164",
            "pkt_size": "120000",
            "width": 720,
            "height": 480,
            "crop_top": 0,
            "crop_bottom": 0,
            "crop_left": 0,
            "crop_right": 0,
            "pix_fmt": "yuv411p",
            "sample_aspect_ratio": "8:9",
            "pict_type": "I",
            "interlaced_frame": 1,
            "top_field_first": 0,
            "repeat_pict": 0,
            "chroma_location": "topleft"
        },
        {
            "media_type": "video",
            "stream_index": 0,
            "key_frame": 1,
            "pts": 105,
            "pts_time": "3.503577",
            "pkt_dts": 105,
            "pkt_dts_time": "3.503577",
            "best_effort_timestamp": 105,
            "best_effort_timestamp_time": "3.503577",
            "duration": 1,
            "duration_time": "0.033367",
            "pkt_pos": "13101172",
            "pkt_size": "120000",
            "width": 720,
            "height": 480,
            "crop_top": 0,
            "crop_bottom": 0,
            "crop_left": 0,
            "crop_right": 0,
            "pix_fmt": "yuv411p",
            "sample_aspect_ratio": "8:9",
            "pict_type": "I",
            "interlaced_frame": 1,
            "top_field_first": 0,
            "repeat_pict": 0,
            "chroma_location": "topleft"
        },
        {
            "media_type": "video",
            "stream_index": 0,
            "key_frame": 1,
            "pts": 106,
            "pts_time": "3.536944",
            "pkt_dts": 106,
            "pkt_dts_time": "3.536944",
            "best_effort_timestamp": 106,
            "best_effort_timestamp_time": "3.536944",
            "duration": 1,
            "duration_time": "0.033367",
            "pkt_pos": "13221180",
            "pkt_size": "120000",
            "width": 720,
            "height": 480,
            "crop_top": 0,
            "crop_bottom": 0,
            "crop_left": 0,
            "crop_right": 0,
            "pix_fmt": "yuv411p",
            "sample_aspect_ratio": "8:9",
            "pict_type": "I",
            "interlaced_frame": 1,
            "top_field_first": 0,
            "repeat_pict": 0,
            "chroma_location": "topleft"
        },
        {
            "media_type": "video",
            "stream_index": 0,
            "key_frame": 1,
            "pts": 107,
            "pts_time": "3.570312",
            "pkt_dts": 107,
            "pkt_dts_time": "3.570312",
            "best_effort_timestamp": 107,
            "best_effort_timestamp_time": "3.570312",
            "duration": 1,
            "duration_time": "0.033367",
            "pkt_pos": "13341188",
            "pkt_size": "120000",
            "width": 720,
            "height": 480,
            "crop_top": 0,
            "crop_bottom": 0,
            "crop_left": 0,
            "crop_right": 0,
            "pix_fmt": "yuv411p",
            "sample_aspect_ratio": "8:9",
            "pict_type": "I",
            "interlaced_frame": 1,
            "top_field_first": 0,
            "repeat_pict": 0,
            "chroma_location": "topleft"
        },
        {
            "media_type": "video",
            "stream_index": 0,
            "key_frame": 1,
            "pts": 108,
            "pts_time": "3.603679",
            "pkt_dts": 108,
            "pkt_dts_time": "3.603679",
            "best_effort_timestamp": 108,
            "best_effort_timestamp_time": "3.603679",
            "duration": 1,
            "duration_time": "0.033367",
            "pkt_pos": "13461196",
            "pkt_size": "120000",
            "width": 720,
            "height": 480,
            "crop_top": 0,
            "crop_bottom": 0,
            "crop_left": 0,
            "crop_right": 0,
            "pix_fmt": "yuv411p",
            "sample_aspect_ratio": "8:9",
            "pict_type": "I",
            "interlaced_frame": 1,
            "top_field_first": 0,
            "repeat_pict": 0,
            "chroma_location": "topleft"
        },
        {
            "media_type": "video",
            "stream_index": 0,
            "key_frame": 1,
            "pts": 109,
            "pts_time": "3.637047",
            "pkt_dts": 109,
            "pkt_dts_time": "3.637047",
            "best_effort_timestamp": 109,
            "best_effort_timestamp_time": "3.637047",
            "duration": 1,
            "duration_time": "0.033367",
            "pkt_pos": "13581204",
            "pkt_size": "120000",
            "width": 720,
            "height": 480,
            "crop_top": 0,
            "crop_bottom": 0,
            "crop_left": 0,
            "crop_right": 0,
            "pix_fmt": "yuv411p",
            "sample_aspect_ratio": "8:9",
            "pict_type": "I",
            "interlaced_frame": 1,
            "top_field_first": 0,
            "repeat_pict": 0,
            "chroma_location": "topleft"
        },
        {
            "media_type": "video",
            "stream_index": 0,
            "key_frame": 1,
            "pts": 110,
            "pts_time": "3.670414",
            "pkt_dts": 110,
            "pkt_dts_time": "3.670414",
            "best_effort_timestamp": 110,
            "best_effort_timestamp_time": "3.670414",
            "duration": 1,
            "duration_time": "0.033367",
            "pkt_pos": "13701212",
            "pkt_size": "120000",
            "width": 720,
            "height": 480,
            "crop_top": 0,
            "crop_bottom": 0,
            "crop_left": 0,
            "crop_right": 0,
            "pix_fmt": "yuv411p",
            "sample_aspect_ratio": "8:9",
            "pict_type": "I",
            "interlaced_frame": 1,
            "top_field_first": 0,
            "repeat_pict": 0,
            "chroma_location": "topleft"
        },
        {
            "media_type": "video",
            "stream_index": 0,
            "key_frame": 1,
            "pts": 111,
            "pts_time": "3.703781",
            "pkt_dts": 111,
            "pkt_dts_time": "3.703781",
            "best_effort_timestamp": 111,
            "best_effort_timestamp_time": "3.703781",
            "duration": 1,
            "duration_time": "0.033367",
            "pkt_pos": "13821220",
            "pkt_size": "120000",
            "width": 720,
            "height": 480,
            "crop_top": 0,
            "crop_bottom": 0,
            "crop_left": 0,
            "crop_right": 0,
            "pix_fmt": "yuv411p",
            "sample_aspect_ratio": "8:9",
            "pict_type": "I",
            "interlaced_frame": 1,
            "top_field_first": 0,
            "repeat_pict": 0,
            "chroma_location": "topleft"
        },
        {
            "media_type": "video",
            "stream_index": 0,
            "key_frame": 1,
            "pts": 112,
            "pts_time": "3.737149",
            "pkt_dts": 112,
            "pkt_dts_time": "3.737149",
            "best_effort_timestamp": 112,
            "best_effort_timestamp_time": "3.737149",
            "duration": 1,
            "duration_time": "0.033367",
            "pkt_pos": "13941228",
            "pkt_size": "120000",
            "width": 720,
            "height": 480,
            "crop_top": 0,
            "crop_bottom": 0,
            "crop_left": 0,
            "crop_right": 0,
            "pix_fmt": "yuv411p",
            "sample_aspect_ratio": "8:9",
            "pict_type": "I",
            "interlaced_frame": 1,
            "top_field_first": 0,
            "repeat_pict": 0,
            "chroma_location": "topleft"
        },
        {
            "media_type": "video",
            "stream_index": 0,
            "key_frame": 1,
            "pts": 113,
            "pts_time": "3.770516",
            "pkt_dts": 113,
            "pkt_dts_time": "3.770516",
            "best_effort_timestamp": 113,
            "best_effort_timestamp_time": "3.770516",
            "duration": 1,
            "duration_time": "0.033367",
            "pkt_pos": "14061236",
            "pkt_size": "120000",
            "width": 720,
            "height": 480,
            "crop_top": 0,
            "crop_bottom": 0,
            "crop_left": 0,
            "crop_right": 0,
            "pix_fmt": "yuv411p",
            "sample_aspect_ratio": "8:9",
            "pict_type": "I",
            "interlaced_frame": 1,
            "top_field_first": 0,
            "repeat_pict": 0,
            "chroma_location": "topleft"
        },
        {
            "media_type": "video",
            "stream_index": 0,
            "key_frame": 1,
            "pts": 114,
            "pts_time": "3.803884",
            "pkt_dts": 114,
            "pkt_dts_time": "3.803884",
            "best_effort_timestamp": 114,
            "best_effort_timestamp_time": "3.803884",
            "duration": 1,
            "duration_time": "0.033367",
            "pkt_pos": "14181244",
            "pkt_size": "120000",
            "width": 720,
            "height": 480,
            "crop_top": 0,
            "crop_bottom": 0,
            "crop_left": 0,
            "crop_right": 0,
            "pix_fmt": "yuv411p",
            "sample_aspect_ratio": "8:9",
            "pict_type": "I",
            "interlaced_frame": 1,
            "top_field_first": 0,
            "repeat_pict": 0,
            "chroma_location": "topleft"
        },
        {
            "media_type": "video",
            "stream_index": 0,
            "key_frame": 1,
            "pts": 115,
            "pts_time": "3.837251",
            "pkt_dts": 115,
            "pkt_dts_time": "3.837251",
            "best_effort_timestamp": 115,
            "best_effort_timestamp_time": "3.837251",
            "duration": 1,
            "duration_time": "0.033367",
            "pkt_pos": "14301252",
            "pkt_size": "120000",
            "width": 720,
            "height": 480,
            "crop_top": 0,
            "crop_bottom": 0,
            "crop_left": 0,
            "crop_right": 0,
            "pix_fmt": "yuv411p",
            "sample_aspect_ratio": "8:9",
            "pict_type": "I",
            "interlaced_frame": 1,
            "top_field_first": 0,
            "repeat_pict": 0,
            "chroma_location": "topleft"
        },
        {
            "media_type": "video",
            "stream_index": 0,
            "key_frame": 1,
            "pts": 116,
            "pts_time": "3.870618",
            "pkt_dts": 116,
            "pkt_dts_time": "3.870618",
            "best_effort_timestamp": 116,
            "best_effort_timestamp_time": "3.870618",
            "duration": 1,
            "duration_time": "0.033367",
            "pkt_pos": "14545128",
            "pkt_size": "120000",
            "width": 720,
            "height": 480,
            "crop_top": 0,
            "crop_bottom": 0,
            "crop_left": 0,
            "crop_right": 0,
            "pix_fmt": "yuv411p",
            "sample_aspect_ratio": "8:9",
            "pict_type": "I",
            "interlaced_frame": 1,
            "top_field_first": 0,
            "repeat_pict": 0,
            "chroma_location": "topleft"
        },
        {
            "media_type": "video",
            "stream_index": 0,
            "key_frame": 1,
            "pts": 117,
            "pts_time": "3.903986",
            "pkt_dts": 117,
            "pkt_dts_time": "3.903986",
            "best_effort_timestamp": 117,
            "best_effort_timestamp_time": "3.903986",
            "duration": 1,
            "duration_time": "0.033367",
            "pkt_pos": "14665136",
            "pkt_size": "120000",
            "width": 720,
            "height": 480,
            "crop_top": 0,
            "crop_bottom": 0,
            "crop_left": 0,
            "crop_right": 0,
            "pix_fmt": "yuv411p",
            "sample_aspect_ratio": "8:9",
            "pict_type": "I",
            "interlaced_frame": 1,
            "top_field_first": 0,
            "repeat_pict": 0,
            "chroma_location": "topleft"
        },
        {
            "media_type": "video",
            "stream_index": 0,
            "key_frame": 1,
            "pts": 118,
            "pts_time": "3.937353",
            "pkt_dts": 118,
            "pkt_dts_time": "3.937353",
            "best_effort_timestamp": 118,
            "best_effort_timestamp_time": "3.937353",
            "duration": 1,
            "duration_time": "0.033367",
            "pkt_pos": "14785144",
            "pkt_size": "120000",
            "width": 720,
            "height": 480,
            "crop_top": 0,
            "crop_bottom": 0,
            "crop_left": 0,
            "crop_right": 0,
            "pix_fmt": "yuv411p",
            "sample_aspect_ratio": "8:9",
            "pict_type": "I",
            "interlaced_frame": 1,
            "top_field_first": 0,
            "repeat_pict": 0,
            "chroma_location": "topleft"
        },
        {
            "media_type": "video",
            "stream_index": 0,
            "key_frame": 1,
            "pts": 119,
            "pts_time": "3.970721",
            "pkt_dts": 119,
            "pkt_dts_time": "3.970721",
            "best_effort_timestamp": 119,
            "best_effort_timestamp_time": "3.970721",
            "duration": 1,
            "duration_time": "0.033367",
            "pkt_pos": "14905152",
            "pkt_size": "120000",
            "width": 720,
            "height": 480,
            "crop_top": 0,
            "crop_bottom": 0,
            "crop_left": 0,
            "crop_right": 0,
            "pix_fmt": "yuv411p",
            "sample_aspect_ratio": "8:9",
            "pict_type": "I",
            "interlaced_frame": 1,
            "top_field_first": 0,
            "repeat_pict": 0,
            "chroma_location": "topleft"
        },
        {
            "media_type": "video",
            "stream_index": 0,
            "key_frame": 1,
            "pts": 120,
            "pts_time": "4.004088",
            "pkt_dts": 120,
            "pkt_dts_time": "4.004088",
            "best_effort_timestamp": 120,
            "best_effort_timestamp_time": "4.004088",
            "duration": 1,
            "duration_time": "0.033367",
            "pkt_pos": "15025160",
            "pkt_size": "120000",
            "width": 720,
            "height": 480,
            "crop_top": 0,
            "crop_bottom": 0,
            "crop_left": 0,
            "crop_right": 0,
            "pix_fmt": "yuv411p",
            "sample_aspect_ratio": "8:9",
            "pict_type": "I",
            "interlaced_frame": 1,
            "top_field_first": 0,
            "repeat_pict": 0,
            "chroma_location": "topleft"
        },
        {
            "media_type": "video",
            "stream_index": 0,
            "key_frame": 1,
            "pts": 121,
            "pts_time": "4.037455",
            "pkt_dts": 121,
            "pkt_dts_time": "4.037455",
            "best_effort_timestamp": 121,
            "best_effort_timestamp_time": "4.037455",
            "duration": 1,
            "duration_time": "0.033367",
            "pkt_pos": "15145168",
            "pkt_size": "120000",
            "width": 720,
            "height": 480,
            "crop_top": 0,
            "crop_bottom": 0,
            "crop_left": 0,
            "crop_right": 0,
            "pix_fmt": "yuv411p",
            "sample_aspect_ratio": "8:9",
            "pict_type": "I",
            "interlaced_frame": 1,
            "top_field_first": 0,
            "repeat_pict": 0,
            "chroma_location": "topleft"
        },
        {
            "media_type": "video",
            "stream_index": 0,
            "key_frame": 1,
            "pts": 122,
            "pts_time": "4.070823",
            "pkt_dts": 122,
            "pkt_dts_time": "4.070823",
            "best_effort_timestamp": 122,
            "best_effort_timestamp_time": "4.070823",
            "duration": 1,
            "duration_time": "0.033367",
            "pkt_pos": "15265176",
            "pkt_size": "120000",
            "width": 720,
            "height": 480,
            "crop_top": 0,
            "crop_bottom": 0,
            "crop_left": 0,
            "crop_right": 0,
            "pix_fmt": "yuv411p",
            "sample_aspect_ratio": "8:9",
            "pict_type": "I",
            "interlaced_frame": 1,
            "top_field_first": 0,
            "repeat_pict": 0,
            "chroma_location": "topleft"
        },
        {
            "media_type": "video",
            "stream_index": 0,
            "key_frame": 1,
            "pts": 123,
            "pts_time": "4.104190",
            "pkt_dts": 123,
            "pkt_dts_time": "4.104190",
            "best_effort_timestamp": 123,
            "best_effort_timestamp_time": "4.104190",
            "duration": 1,
            "duration_time": "0.033367",
            "pkt_pos": "15385184",
            "pkt_size": "120000",
            "width": 720,
            "height": 480,
            "crop_top": 0,
            "crop_bottom": 0,
            "crop_left": 0,
            "crop_right": 0,
            "pix_fmt": "yuv411p",
            "sample_aspect_ratio": "8:9",
            "pict_type": "I",
            "interlaced_frame": 1,
            "top_field_first": 0,
            "repeat_pict": 0,
            "chroma_location": "topleft"
        },
        {
            "media_type": "video",
            "stream_index": 0,
            "key_frame": 1,
            "pts": 124,
            "pts_time": "4.137558",
            "pkt_dts": 124,
            "pkt_dts_time": "4.137558",
            "best_effort_timestamp": 124,
            "best_effort_timestamp_time": "4.137558",
            "duration": 1,
            "duration_time": "0.033367",
            "pkt_pos": "15505192",
            "pkt_size": "120000",
            "width": 720,
            "height": 480,
            "crop_top": 0,
            "crop_bottom": 0,
            "crop_left": 0,
            "crop_right": 0,
            "pix_fmt": "yuv411p",
            "sample_aspect_ratio": "8:9",
            "pict_type": "I",
            "interlaced_frame": 1,
            "top_field_first": 0,
            "repeat_pict": 0,
            "chroma_location": "topleft"
        },
        {
            "media_type": "video",
            "stream_index": 0,
            "key_frame": 1,
            "pts": 125,
            "pts_time": "4.170925",
            "pkt_dts": 125,
            "pkt_dts_time": "4.170925",
            "best_effort_timestamp": 125,
            "best_effort_timestamp_time": "4.170925",
            "duration": 1,
            "duration_time": "0.033367",
            "pkt_pos": "15625200",
            "pkt_size": "120000",
            "width": 720,
            "height": 480,
            "crop_top": 0,
            "crop_bottom": 0,
            "crop_left": 0,
            "crop_right": 0,
            "pix_fmt": "yuv411p",
            "sample_aspect_ratio": "8:9",
            "pict_type": "I",
            "interlaced_frame": 1,
            "top_field_first": 0,
            "repeat_pict": 0,
            "chroma_location": "topleft"
        },
        {
            "media_type": "video",
            "stream_index": 0,
            "key_frame": 1,
            "pts": 126,
            "pts_time": "4.204292",
            "pkt_dts": 126,
            "pkt_dts_time": "4.204292",
            "best_effort_timestamp": 126,
            "best_effort_timestamp_time": "4.204292",
            "duration": 1,
            "duration_time": "0.033367",
            "pkt_pos": "15745208",
            "pkt_size": "120000",
            "width": 720,
            "height": 480,
            "crop_top": 0,
            "crop_bottom": 0,
            "crop_left": 0,
            "crop_right": 0,
            "pix_fmt": "yuv411p",
            "sample_aspect_ratio": "8:9",
            "pict_type": "I",
            "interlaced_frame": 1,
            "top_field_first": 0,
            "repeat_pict": 0,
            "chroma_location": "topleft"
        },
        {
            "media_type": "video",
            "stream_index": 0,
            "key_frame": 1,
            "pts": 127,
            "pts_time": "4.237660",
            "pkt_dts": 127,
            "pkt_dts_time": "4.237660",
            "best_effort_timestamp": 127,
            "best_effort_timestamp_time": "4.237660",
            "duration": 1,
            "duration_time": "0.033367",
            "pkt_pos": "15865216",
            "pkt_size": "120000",
            "width": 720,
            "height": 480,
            "crop_top": 0,
            "crop_bottom": 0,
            "crop_left": 0,
            "crop_right": 0,
            "pix_fmt": "yuv411p",
            "sample_aspect_ratio": "8:9",
            "pict_type": "I",
            "interlaced_frame": 1,
            "top_field_first": 0,
            "repeat_pict": 0,
            "chroma_location": "topleft"
        },
        {
            "media_type": "video",
            "stream_index": 0,
            "key_frame": 1,
            "pts": 128,
            "pts_time": "4.271027",
            "pkt_dts": 128,
            "pkt_dts_time": "4.271027",
            "best_effort_timestamp": 128,
            "best_effort_timestamp_time": "4.271027",
            "duration": 1,
            "duration_time": "0.033367",
            "pkt_pos": "15985224",
            "pkt_size": "120000",
            "width": 720,
            "height": 480,
            "crop_top": 0,
            "crop_bottom": 0,
            "crop_left": 0,
            "crop_right": 0,
            "pix_fmt": "yuv411p",
            "sample_aspect_ratio": "8:9",
            "pict_type": "I",
            "interlaced_frame": 1,
            "top_field_first": 0,
            "repeat_pict": 0,
            "chroma_location": "topleft"
        },
        {
            "media_type": "video",
            "stream_index": 0,
            "key_frame": 1,
            "pts": 129,
            "pts_time": "4.304395",
            "pkt_dts": 129,
            "pkt_dts_time": "4.304395",
            "best_effort_timestamp": 129,
            "best_effort_timestamp_time": "4.304395",
            "duration": 1,
            "duration_time": "0.033367",
            "pkt_pos": "16105232",
            "pkt_size": "120000",
            "width": 720,
            "height": 480,
            "crop_top": 0,
            "crop_bottom": 0,
            "crop_left": 0,
            "crop_right": 0,
            "pix_fmt": "yuv411p",
            "sample_aspect_ratio": "8:9",
            "pict_type": "I",
            "interlaced_frame": 1,
            "top_field_first": 0,
            "repeat_pict": 0,
            "chroma_location": "topleft"
        },
        {
            "media_type": "video",
            "stream_index": 0,
            "key_frame": 1,
            "pts": 130,
            "pts_time": "4.337762",
            "pkt_dts": 130,
            "pkt_dts_time": "4.337762",
            "best_effort_timestamp": 130,
            "best_effort_timestamp_time": "4.337762",
            "duration": 1,
            "duration_time": "0.033367",
            "pkt_pos": "16225240",
            "pkt_size": "120000",
            "width": 720,
            "height": 480,
            "crop_top": 0,
            "crop_bottom": 0,
            "crop_left": 0,
            "crop_right": 0,
            "pix_fmt": "yuv411p",
            "sample_aspect_ratio": "8:9",
            "pict_type": "I",
            "interlaced_frame": 1,
            "top_field_first": 0,
            "repeat_pict": 0,
            "chroma_location": "topleft"
        },
        {
            "media_type": "video",
            "stream_index": 0,
            "key_frame": 1,
            "pts": 131,
            "pts_time": "4.371129",
            "pkt_dts": 131,
            "pkt_dts_time": "4.371129",
            "best_effort_timestamp": 131,
            "best_effort_timestamp_time": "4.371129",
            "duration": 1,
            "duration_time": "0.033367",
            "pkt_pos": "16345248",
            "pkt_size": "120000",
            "width": 720,
            "height": 480,
            "crop_top": 0,
            "crop_bottom": 0,
            "crop_left": 0,
            "crop_right": 0,
            "pix_fmt": "yuv411p",
            "sample_aspect_ratio": "8:9",
            "pict_type": "I",
            "interlaced_frame": 1,
            "top_field_first": 0,
            "repeat_pict": 0,
            "chroma_location": "topleft"
        },
        {
            "media_type": "video",
            "stream_index": 0,
            "key_frame": 1,
            "pts": 132,
            "pts_time": "4.404497",
            "pkt_dts": 132,
            "pkt_dts_time": "4.404497",
            "best_effort_timestamp": 132,
            "best_effort_timestamp_time": "4.404497",
            "duration": 1,
            "duration_time": "0.033367",
            "pkt_pos": "16465256",
            "pkt_size": "120000",
            "width": 720,
            "height": 480,
            "crop_top": 0,
            "crop_bottom": 0,
            "crop_left": 0,
            "crop_right": 0,
            "pix_fmt": "yuv411p",
            "sample_aspect_ratio": "8:9",
            "pict_type": "I",
            "interlaced_frame": 1,
            "top_field_first": 0,
            "repeat_pict": 0,
            "chroma_location": "topleft"
        },
        {
            "media_type": "video",
            "stream_index": 0,
            "key_frame": 1,
            "pts": 133,
            "pts_time": "4.437864",
            "pkt_dts": 133,
            "pkt_dts_time": "4.437864",
            "best_effort_timestamp": 133,
            "best_effort_timestamp_time": "4.437864",
            "duration": 1,
            "duration_time": "0.033367",
            "pkt_pos": "16585264",
            "pkt_size": "120000",
            "width": 720,
            "height": 480,
            "crop_top": 0,
            "crop_bottom": 0,
            "crop_left": 0,
            "crop_right": 0,
            "pix_fmt": "yuv411p",
            "sample_aspect_ratio": "8:9",
            "pict_type": "I",
            "interlaced_frame": 1,
            "top_field_first": 0,
            "repeat_pict": 0,
            "chroma_location": "topleft"
        },
        {
            "media_type": "video",
            "stream_index": 0,
            "key_frame": 1,
            "pts": 134,
            "pts_time": "4.471232",
            "pkt_dts": 134,
            "pkt_dts_time": "4.471232",
            "best_effort_timestamp": 134,
            "best_effort_timestamp_time": "4.471232",
            "duration": 1,
            "duration_time": "0.033367",
            "pkt_pos": "16705272",
            "pkt_size": "120000",
            "width": 720,
            "height": 480,
            "crop_top": 0,
            "crop_bottom": 0,
            "crop_left": 0,
            "crop_right": 0,
            "pix_fmt": "yuv411p",
            "sample_aspect_ratio": "8:9",
            "pict_type": "I",
            "interlaced_frame": 1,
            "top_field_first": 0,
            "repeat_pict": 0,
            "chroma_location": "topleft"
        },
        {
            "media_type": "video",
            "stream_index": 0,
            "key_frame": 1,
            "pts": 135,
            "pts_time": "4.504599",
            "pkt_dts": 135,
            "pkt_dts_time": "4.504599",
            "best_effort_timestamp": 135,
            "best_effort_timestamp_time": "4.504599",
            "duration": 1,
            "duration_time": "0.033367",
            "pkt_pos": "16825280",
            "pkt_size": "120000",
            "width": 720,
            "height": 480,
            "crop_top": 0,
            "crop_bottom": 0,
            "crop_left": 0,
            "crop_right": 0,
            "pix_fmt": "yuv411p",
            "sample_aspect_ratio": "8:9",
            "pict_type": "I",
            "interlaced_frame": 1,
            "top_field_first": 0,
            "repeat_pict": 0,
            "chroma_location": "topleft"
        },
        {
            "media_type": "video",
            "stream_index": 0,
            "key_frame": 1,
            "pts": 136,
            "pts_time": "4.537966",
            "pkt_dts": 136,
            "pkt_dts_time": "4.537966",
            "best_effort_timestamp": 136,
            "best_effort_timestamp_time": "4.537966",
            "duration": 1,
            "duration_time": "0.033367",
            "pkt_pos": "16945288",
            "pkt_size": "120000",
            "width": 720,
            "height": 480,
            "crop_top": 0,
            "crop_bottom": 0,
            "crop_left": 0,
            "crop_right": 0,
            "pix_fmt": "yuv411p",
            "sample_aspect_ratio": "8:9",
            "pict_type": "I",
            "interlaced_frame": 1,
            "top_field_first": 0,
            "repeat_pict": 0,
            "chroma_location": "topleft"
        },
        {
            "media_type": "video",
            "stream_index": 0,
            "key_frame": 1,
            "pts": 137,
            "pts_time": "4.571334",
            "pkt_dts": 137,
            "pkt_dts_time": "4.571334",
            "best_effort_timestamp": 137,
            "best_effort_timestamp_time": "4.571334",
            "duration": 1,
            "duration_time": "0.033367",
            "pkt_pos": "17065296",
            "pkt_size": "120000",
            "width": 720,
            "height": 480,
            "crop_top": 0,
            "crop_bottom": 0,
            "crop_left": 0,
            "crop_right": 0,
            "pix_fmt": "yuv411p",
            "sample_aspect_ratio": "8:9",
            "pict_type": "I",
            "interlaced_frame": 1,
            "top_field_first": 0,
            "repeat_pict": 0,
            "chroma_location": "topleft"
        },
        {
            "media_type": "video",
            "stream_index": 0,
            "key_frame": 1,
            "pts": 138,
            "pts_time": "4.604701",
            "pkt_dts": 138,
            "pkt_dts_time": "4.604701",
            "best_effort_timestamp": 138,
            "best_effort_timestamp_time": "4.604701",
            "duration": 1,
            "duration_time": "0.033367",
            "pkt_pos": "17185304",
            "pkt_size": "120000",
            "width": 720,
            "height": 480,
            "crop_top": 0,
            "crop_bottom": 0,
            "crop_left": 0,
            "crop_right": 0,
            "pix_fmt": "yuv411p",
            "sample_aspect_ratio": "8:9",
            "pict_type": "I",
            "interlaced_frame": 1,
            "top_field_first": 0,
            "repeat_pict": 0,
            "chroma_location": "topleft"
        },
        {
            "media_type": "video",
            "stream_index": 0,
            "key_frame": 1,
            "pts": 139,
            "pts_time": "4.638069",
            "pkt_dts": 139,
            "pkt_dts_time": "4.638069",
            "best_effort_timestamp": 139,
            "best_effort_timestamp_time": "4.638069",
            "duration": 1,
            "duration_time": "0.033367",
            "pkt_pos": "17305312",
            "pkt_size": "120000",
            "width": 720,
            "height": 480,
            "crop_top": 0,
            "crop_bottom": 0,
            "crop_left": 0,
            "crop_right": 0,
            "pix_fmt": "yuv411p",
            "sample_aspect_ratio": "8:9",
            "pict_type": "I",
            "interlaced_frame": 1,
            "top_field_first": 0,
            "repeat_pict": 0,
            "chroma_location": "topleft"
        },
        {
            "media_type": "video",
            "stream_index": 0,
            "key_frame": 1,
            "pts": 140,
            "pts_time": "4.671436",
            "pkt_dts": 140,
            "pkt_dts_time": "4.671436",
            "best_effort_timestamp": 140,
            "best_effort_timestamp_time": "4.671436",
            "duration": 1,
            "duration_time": "0.033367",
            "pkt_pos": "17425320",
            "pkt_size": "120000",
            "width": 720,
            "height": 480,
            "crop_top": 0,
            "crop_bottom": 0,
            "crop_left": 0,
            "crop_right": 0,
            "pix_fmt": "yuv411p",
            "sample_aspect_ratio": "8:9",
            "pict_type": "I",
            "interlaced_frame": 1,
            "top_field_first": 0,
            "repeat_pict": 0,
            "chroma_location": "topleft"
        },
        {
            "media_type": "video",
            "stream_index": 0,
            "key_frame": 1,
            "pts": 141,
            "pts_time": "4.704803",
            "pkt_dts": 141,
            "pkt_dts_time": "4.704803",
            "best_effort_timestamp": 141,
            "best_effort_timestamp_time": "4.704803",
            "duration": 1,
            "duration_time": "0.033367",
            "pkt_pos": "17545328",
            "pkt_size": "120000",
            "width": 720,
            "height": 480,
            "crop_top": 0,
            "crop_bottom": 0,
            "crop_left": 0,
            "crop_right": 0,
            "pix_fmt": "yuv411p",
            "sample_aspect_ratio": "8:9",
            "pict_type": "I",
            "interlaced_frame": 1,
            "top_field_first": 0,
            "repeat_pict": 0,
            "chroma_location": "topleft"
        },
        {
            "media_type": "video",
            "stream_index": 0,
            "key_frame": 1,
            "pts": 142,
            "pts_time": "4.738171",
            "pkt_dts": 142,
            "pkt_dts_time": "4.738171",
            "best_effort_timestamp": 142,
            "best_effort_timestamp_time": "4.738171",
            "duration": 1,
            "duration_time": "0.033367",
            "pkt_pos": "17665336",
            "pkt_size": "120000",
            "width": 720,
            "height": 480,
            "crop_top": 0,
            "crop_bottom": 0,
            "crop_left": 0,
            "crop_right": 0,
            "pix_fmt": "yuv411p",
            "sample_aspect_ratio": "8:9",
            "pict_type": "I",
            "interlaced_frame": 1,
            "top_field_first": 0,
            "repeat_pict": 0,
            "chroma_location": "topleft"
        },
        {
            "media_type": "video",
            "stream_index": 0,
            "key_frame": 1,
            "pts": 143,
            "pts_time": "4.771538",
            "pkt_dts": 143,
            "pkt_dts_time": "4.771538",
            "best_effort_timestamp": 143,
            "best_effort_timestamp_time": "4.771538",
            "duration": 1,
            "duration_time": "0.033367",
            "pkt_pos": "17785344",
            "pkt_size": "120000",
            "width": 720,
            "height": 480,
            "crop_top": 0,
            "crop_bottom": 0,
            "crop_left": 0,
            "crop_right": 0,
            "pix_fmt": "yuv411p",
            "sample_aspect_ratio": "8:9",
            "pict_type": "I",
            "interlaced_frame": 1,
            "top_field_first": 0,
            "repeat_pict": 0,
            "chroma_location": "topleft"
        },
        {
            "media_type": "video",
            "stream_index": 0,
            "key_frame": 1,
            "pts": 144,
            "pts_time": "4.804906",
            "pkt_dts": 144,
            "pkt_dts_time": "4.804906",
            "best_effort_timestamp": 144,
            "best_effort_timestamp_time": "4.804906",
            "duration": 1,
            "duration_time": "0.033367",
            "pkt_pos": "17905352",
            "pkt_size": "120000",
            "width": 720,
            "height": 480,
            "crop_top": 0,
            "crop_bottom": 0,
            "crop_left": 0,
            "crop_right": 0,
            "pix_fmt": "yuv411p",
            "sample_aspect_ratio": "8:9",
            "pict_type": "I",
            "interlaced_frame": 1,
            "top_field_first": 0,
            "repeat_pict": 0,
            "chroma_location": "topleft"
        },
        {
            "media_type": "video",
            "stream_index": 0,
            "key_frame": 1,
            "pts": 145,
            "pts_time": "4.838273",
            "pkt_dts": 145,
            "pkt_dts_time": "4.838273",
            "best_effort_timestamp": 145,
            "best_effort_timestamp_time": "4.838273",
            "duration": 1,
            "duration_time": "0.033367",
            "pkt_pos": "18149224",
            "pkt_size": "120000",
            "width": 720,
            "height": 480,
            "crop_top": 0,
            "crop_bottom": 0,
            "crop_left": 0,
            "crop_right": 0,
            "pix_fmt": "yuv411p",
            "sample_aspect_ratio": "8:9",
            "pict_type": "I",
            "interlaced_frame": 1,
            "top_field_first": 0,
            "repeat_pict": 0,
            "chroma_location": "topleft"
        },
        {
            "media_type": "video",
            "stream_index": 0,
            "key_frame": 1,
            "pts": 146,
            "pts_time": "4.871640",
            "pkt_dts": 146,
            "pkt_dts_time": "4.871640",
            "best_effort_timestamp": 146,
            "best_effort_timestamp_time": "4.871640",
            "duration": 1,
            "duration_time": "0.033367",
            "pkt_pos": "18269232",
            "pkt_size": "120000",
            "width": 720,
            "height": 480,
            "crop_top": 0,
            "crop_bottom": 0,
            "crop_left": 0,
            "crop_right": 0,
            "pix_fmt": "yuv411p",
            "sample_aspect_ratio": "8:9",
            "pict_type": "I",
            "interlaced_frame": 1,
            "top_field_first": 0,
            "repeat_pict": 0,
            "chroma_location": "topleft"
        },
        {
            "media_type": "video",
            "stream_index": 0,
            "key_frame": 1,
            "pts": 147,
            "pts_time": "4.905008",
            "pkt_dts": 147,
            "pkt_dts_time": "4.905008",
            "best_effort_timestamp": 147,
            "best_effort_timestamp_time": "4.905008",
            "duration": 1,
            "duration_time": "0.033367",
            "pkt_pos": "18389240",
            "pkt_size": "120000",
            "width": 720,
            "height": 480,
            "crop_top": 0,
            "crop_bottom": 0,
            "crop_left": 0,
            "crop_right": 0,
            "pix_fmt": "yuv411p",
            "sample_aspect_ratio": "8:9",
            "pict_type": "I",
            "interlaced_frame": 1,
            "top_field_first": 0,
            "repeat_pict": 0,
            "chroma_location": "topleft"
        },
        {
            "media_type": "video",
            "stream_index": 0,
            "key_frame": 1,
            "pts": 148,
            "pts_time": "4.938375",
            "pkt_dts": 148,
            "pkt_dts_time": "4.938375",
            "best_effort_timestamp": 148,
            "best_effort_timestamp_time": "4.938375",
            "duration": 1,
            "duration_time": "0.033367",
            "pkt_pos": "18509248",
            "pkt_size": "120000",
            "width": 720,
            "height": 480,
            "crop_top": 0,
            "crop_bottom": 0,
            "crop_left": 0,
            "crop_right": 0,
            "pix_fmt": "yuv411p",
            "sample_aspect_ratio": "8:9",
            "pict_type": "I",
            "interlaced_frame": 1,
            "top_field_first": 0,
            "repeat_pict": 0,
            "chroma_location": "topleft"
        },
        {
            "media_type": "video",
            "stream_index": 0,
            "key_frame": 1,
            "pts": 149,
            "pts_time": "4.971743",
            "pkt_dts": 149,
            "pkt_dts_time": "4.971743",
            "best_effort_timestamp": 149,
            "best_effort_timestamp_time": "4.971743",
            "duration": 1,
            "duration_time": "0.033367",
            "pkt_pos": "18629256",
            "pkt_size": "120000",
            "width": 720,
            "height": 480,
            "crop_top": 0,
            "crop_bottom": 0,
            "crop_left": 0,
            "crop_right": 0,
            "pix_fmt": "yuv411p",
            "sample_aspect_ratio": "8:9",
            "pict_type": "I",
            "interlaced_frame": 1,
            "top_field_first": 0,
            "repeat_pict": 0,
            "chroma_location": "topleft"
        },
        {
            "media_type": "video",
            "stream_index": 0,
            "key_frame": 1,
            "pts": 150,
            "pts_time": "5.005110",
            "pkt_dts": 150,
            "pkt_dts_time": "5.005110",
            "best_effort_timestamp": 150,
            "best_effort_timestamp_time": "5.005110",
            "duration": 1,
            "duration_time": "0.033367",
            "pkt_pos": "18749264",
            "pkt_size": "120000",
            "width": 720,
            "height": 480,
            "crop_top": 0,
            "crop_bottom": 0,
            "crop_left": 0,
            "crop_right": 0,
            "pix_fmt": "yuv411p",
            "sample_aspect_ratio": "8:9",
            "pict_type": "I",
            "interlaced_frame": 1,
            "top_field_first": 0,
            "repeat_pict": 0,
            "chroma_location": "topleft"
        },
        {
            "media_type": "video",
            "stream_index": 0,
            "key_frame": 1,
            "pts": 151,
            "pts_time": "5.038477",
            "pkt_dts": 151,
            "pkt_dts_time": "5.038477",
            "best_effort_timestamp": 151,
            "best_effort_timestamp_time": "5.038477",
            "duration": 1,
            "duration_time": "0.033367",
            "pkt_pos": "18869272",
            "pkt_size": "120000",
            "width": 720,
            "height": 480,
            "crop_top": 0,
            "crop_bottom": 0,
            "crop_left": 0,
            "crop_right": 0,
            "pix_fmt": "yuv411p",
            "sample_aspect_ratio": "8:9",
            "pict_type": "I",
            "interlaced_frame": 1,
            "top_field_first": 0,
            "repeat_pict": 0,
            "chroma_location": "topleft"
        },
        {
            "media_type": "video",
            "stream_index": 0,
            "key_frame": 1,
            "pts": 152,
            "pts_time": "5.071845",
            "pkt_dts": 152,
            "pkt_dts_time": "5.071845",
            "best_effort_timestamp": 152,
            "best_effort_timestamp_time": "5.071845",
            "duration": 1,
            "duration_time": "0.033367",
            "pkt_pos": "18989280",
            "pkt_size": "120000",
            "width": 720,
            "height": 480,
            "crop_top": 0,
            "crop_bottom": 0,
            "crop_left": 0,
            "crop_right": 0,
            "pix_fmt": "yuv411p",
            "sample_aspect_ratio": "8:9",
            "pict_type": "I",
            "interlaced_frame": 1,
            "top_field_first": 0,
            "repeat_pict": 0,
            "chroma_location": "topleft"
        },
        {
            "media_type": "video",
            "stream_index": 0,
            "key_frame": 1,
            "pts": 153,
            "pts_time": "5.105212",
            "pkt_dts": 153,
            "pkt_dts_time": "5.105212",
            "best_effort_timestamp": 153,
            "best_effort_timestamp_time": "5.105212",
            "duration": 1,
            "duration_time": "0.033367",
            "pkt_pos": "19109288",
            "pkt_size": "120000",
            "width": 720,
            "height": 480,
            "crop_top": 0,
            "crop_bottom": 0,
            "crop_left": 0,
            "crop_right": 0,
            "pix_fmt": "yuv411p",
            "sample_aspect_ratio": "8:9",
            "pict_type": "I",
            "interlaced_frame": 1,
            "top_field_first": 0,
            "repeat_pict": 0,
            "chroma_location": "topleft"
        },
        {
            "media_type": "video",
            "stream_index": 0,
            "key_frame": 1,
            "pts": 154,
            "pts_time": "5.138580",
            "pkt_dts": 154,
            "pkt_dts_time": "5.138580",
            "best_effort_timestamp": 154,
            "best_effort_timestamp_time": "5.138580",
            "duration": 1,
            "duration_time": "0.033367",
            "pkt_pos": "19229296",
            "pkt_size": "120000",
            "width": 720,
            "height": 480,
            "crop_top": 0,
            "crop_bottom": 0,
            "crop_left": 0,
            "crop_right": 0,
            "pix_fmt": "yuv411p",
            "sample_aspect_ratio": "8:9",
            "pict_type": "I",
            "interlaced_frame": 1,
            "top_field_first": 0,
            "repeat_pict": 0,
            "chroma_location": "topleft"
        },
        {
            "media_type": "video",
            "stream_index": 0,
            "key_frame": 1,
            "pts": 155,
            "pts_time": "5.171947",
            "pkt_dts": 155,
            "pkt_dts_time": "5.171947",
            "best_effort_timestamp": 155,
            "best_effort_timestamp_time": "5.171947",
            "duration": 1,
            "duration_time": "0.033367",
            "pkt_pos": "19349304",
            "pkt_size": "120000",
            "width": 720,
            "height": 480,
            "crop_top": 0,
            "crop_bottom": 0,
            "crop_left": 0,
            "crop_right": 0,
            "pix_fmt": "yuv411p",
            "sample_aspect_ratio": "8:9",
            "pict_type": "I",
            "interlaced_frame": 1,
            "top_field_first": 0,
            "repeat_pict": 0,
            "chroma_location": "topleft"
        },
        {
            "media_type": "video",
            "stream_index": 0,
            "key_frame": 1,
            "pts": 156,
            "pts_time": "5.205314",
            "pkt_dts": 156,
            "pkt_dts_time": "5.205314",
            "best_effort_timestamp": 156,
            "best_effort_timestamp_time": "5.205314",
            "duration": 1,
            "duration_time": "0.033367",
            "pkt_pos": "19469312",
            "pkt_size": "120000",
            "width": 720,
            "height": 480,
            "crop_top": 0,
            "crop_bottom": 0,
            "crop_left": 0,
            "crop_right": 0,
            "pix_fmt": "yuv411p",
            "sample_aspect_ratio": "8:9",
            "pict_type": "I",
            "interlaced_frame": 1,
            "top_field_first": 0,
            "repeat_pict": 0,
            "chroma_location": "topleft"
        },
        {
            "media_type": "video",
            "stream_index": 0,
            "key_frame": 1,
            "pts": 157,
            "pts_time": "5.238682",
            "pkt_dts": 157,
            "pkt_dts_time": "5.238682",
            "best_effort_timestamp": 157,
            "best_effort_timestamp_time": "5.238682",
            "duration": 1,
            "duration_time": "0.033367",
            "pkt_pos": "19589320",
            "pkt_size": "120000",
            "width": 720,
            "height": 480,
            "crop_top": 0,
            "crop_bottom": 0,
            "crop_left": 0,
            "crop_right": 0,
            "pix_fmt": "yuv411p",
            "sample_aspect_ratio": "8:9",
            "pict_type": "I",
            "interlaced_frame": 1,
            "top_field_first": 0,
            "repeat_pict": 0,
            "chroma_location": "topleft"
        },
        {
            "media_type": "video",
            "stream_index": 0,
            "key_frame": 1,
            "pts": 158,
            "pts_time": "5.272049",
            "pkt_dts": 158,
            "pkt_dts_time": "5.272049",
            "best_effort_timestamp": 158,
            "best_effort_timestamp_time": "5.272049",
            "duration": 1,
            "duration_time": "0.033367",
            "pkt_pos": "19709328",
            "pkt_size": "120000",
            "width": 720,
            "height": 480,
            "crop_top": 0,
            "crop_bottom": 0,
            "crop_left": 0,
            "crop_right": 0,
            "pix_fmt": "yuv411p",
            "sample_aspect_ratio": "8:9",
            "pict_type": "I",
            "interlaced_frame": 1,
            "top_field_first": 0,
            "repeat_pict": 0,
            "chroma_location": "topleft"
        },
        {
            "media_type": "video",
            "stream_index": 0,
            "key_frame": 1,
            "pts": 159,
            "pts_time": "5.305417",
            "pkt_dts": 159,
            "pkt_dts_time": "5.305417",
            "best_effort_timestamp": 159,
            "best_effort_timestamp_time": "5.305417",
            "duration": 1,
            "duration_time": "0.033367",
            "pkt_pos": "19829336",
            "pkt_size": "120000",
            "width": 720,
            "height": 480,
            "crop_top": 0,
            "crop_bottom": 0,
            "crop_left": 0,
            "crop_right": 0,
            "pix_fmt": "yuv411p",
            "sample_aspect_ratio": "8:9",
            "pict_type": "I",
            "interlaced_frame": 1,
            "top_field_first": 0,
            "repeat_pict": 0,
            "chroma_location": "topleft"
        },
        {
            "media_type": "video",
            "stream_index": 0,
            "key_frame": 1,
            "pts": 160,
            "pts_time": "5.338784",
            "pkt_dts": 160,
            "pkt_dts_time": "5.338784",
            "best_effort_timestamp": 160,
            "best_effort_timestamp_time": "5.338784",
            "duration": 1,
            "duration_time": "0.033367",
            "pkt_pos": "19949344",
            "pkt_size": "120000",
            "width": 720,
            "height": 480,
            "crop_top": 0,
            "crop_bottom": 0,
            "crop_left": 0,
            "crop_right": 0,
            "pix_fmt": "yuv411p",
            "sample_aspect_ratio": "8:9",
            "pict_type": "I",
            "interlaced_frame": 1,
            "top_field_first": 0,
            "repeat_pict": 0,
            "chroma_location": "topleft"
        },
        {
            "media_type": "video",
            "stream_index": 0,
            "key_frame": 1,
            "pts": 161,
            "pts_time": "5.372151",
            "pkt_dts": 161,
            "pkt_dts_time": "5.372151",
            "best_effort_timestamp": 161,
            "best_effort_timestamp_time": "5.372151",
            "duration": 1,
            "duration_time": "0.033367",
            "pkt_pos": "20069352",
            "pkt_size": "120000",
            "width": 720,
            "height": 480,
            "crop_top": 0,
            "crop_bottom": 0,
            "crop_left": 0,
            "crop_right": 0,
            "pix_fmt": "yuv411p",
            "sample_aspect_ratio": "8:9",
            "pict_type": "I",
            "interlaced_frame": 1,
            "top_field_first": 0,
            "repeat_pict": 0,
            "chroma_location": "topleft"
        },
        {
            "media_type": "video",
            "stream_index": 0,
            "key_frame": 1,
            "pts": 162,
            "pts_time": "5.405519",
            "pkt_dts": 162,
            "pkt_dts_time": "5.405519",
            "best_effort_timestamp": 162,
            "best_effort_timestamp_time": "5.405519",
            "duration": 1,
            "duration_time": "0.033367",
            "pkt_pos": "20189360",
            "pkt_size": "120000",
            "width": 720,
            "height": 480,
            "crop_top": 0,
            "crop_bottom": 0,
            "crop_left": 0,
            "crop_right": 0,
            "pix_fmt": "yuv411p",
            "sample_aspect_ratio": "8:9",
            "pict_type": "I",
            "interlaced_frame": 1,
            "top_field_first": 0,
            "repeat_pict": 0,
            "chroma_location": "topleft"
        },
        {
            "media_type": "video",
            "stream_index": 0,
            "key_frame": 1,
            "pts": 163,
            "pts_time": "5.438886",
            "pkt_dts": 163,
            "pkt_dts_time": "5.438886",
            "best_effort_timestamp": 163,
            "best_effort_timestamp_time": "5.438886",
            "duration": 1,
            "duration_time": "0.033367",
            "pkt_pos": "20309368",
            "pkt_size": "120000",
            "width": 720,
            "height": 480,
            "crop_top": 0,
            "crop_bottom": 0,
            "crop_left": 0,
            "crop_right": 0,
            "pix_fmt": "yuv411p",
            "sample_aspect_ratio": "8:9",
            "pict_type": "I",
            "interlaced_frame": 1,
            "top_field_first": 0,
            "repeat_pict": 0,
            "chroma_location": "topleft"
        },
        {
            "media_type": "video",
            "stream_index": 0,
            "key_frame": 1,
            "pts": 164,
            "pts_time": "5.472254",
            "pkt_dts": 164,
            "pkt_dts_time": "5.472254",
            "best_effort_timestamp": 164,
            "best_effort_timestamp_time": "5.472254",
            "duration": 1,
            "duration_time": "0.033367",
            "pkt_pos": "20429376",
            "pkt_size": "120000",
            "width": 720,
            "height": 480,
            "crop_top": 0,
            "crop_bottom": 0,
            "crop_left": 0,
            "crop_right": 0,
            "pix_fmt": "yuv411p",
            "sample_aspect_ratio": "8:9",
            "pict_type": "I",
            "interlaced_frame": 1,
            "top_field_first": 0,
            "repeat_pict": 0,
            "chroma_location": "topleft"
        },
        {
            "media_type": "video",
            "stream_index": 0,
            "key_frame": 1,
            "pts": 165,
            "pts_time": "5.505621",
            "pkt_dts": 165,
            "pkt_dts_time": "5.505621",
            "best_effort_timestamp": 165,
            "best_effort_timestamp_time": "5.505621",
            "duration": 1,
            "duration_time": "0.033367",
            "pkt_pos": "20549384",
            "pkt_size": "120000",
            "width": 720,
            "height": 480,
            "crop_top": 0,
            "crop_bottom": 0,
            "crop_left": 0,
            "crop_right": 0,
            "pix_fmt": "yuv411p",
            "sample_aspect_ratio": "8:9",
            "pict_type": "I",
            "interlaced_frame": 1,
            "top_field_first": 0,
            "repeat_pict": 0,
            "chroma_location": "topleft"
        },
        {
            "media_type": "video",
            "stream_index": 0,
            "key_frame": 1,
            "pts": 166,
            "pts_time": "5.538988",
            "pkt_dts": 166,
            "pkt_dts_time": "5.538988",
            "best_effort_timestamp": 166,
            "best_effort_timestamp_time": "5.538988",
            "duration": 1,
            "duration_time": "0.033367",
            "pkt_pos": "20669392",
            "pkt_size": "120000",
            "width": 720,
            "height": 480,
            "crop_top": 0,
            "crop_bottom": 0,
            "crop_left": 0,
            "crop_right": 0,
            "pix_fmt": "yuv411p",
            "sample_aspect_ratio": "8:9",
            "pict_type": "I",
            "interlaced_frame": 1,
            "top_field_first": 0,
            "repeat_pict": 0,
            "chroma_location": "topleft"
        },
        {
            "media_type": "video",
            "stream_index": 0,
            "key_frame": 1,
            "pts": 167,
            "pts_time": "5.572356",
            "pkt_dts": 167,
            "pkt_dts_time": "5.572356",
            "best_effort_timestamp": 167,
            "best_effort_timestamp_time": "5.572356",
            "duration": 1,
            "duration_time": "0.033367",
            "pkt_pos": "20789400",
            "pkt_size": "120000",
            "width": 720,
            "height": 480,
            "crop_top": 0,
            "crop_bottom": 0,
            "crop_left": 0,
            "crop_right": 0,
            "pix_fmt": "yuv411p",
            "sample_aspect_ratio": "8:9",
            "pict_type": "I",
            "interlaced_frame": 1,
            "top_field_first": 0,
            "repeat_pict": 0,
            "chroma_location": "topleft"
        },
        {
            "media_type": "video",
            "stream_index": 0,
            "key_frame": 1,
            "pts": 168,
            "pts_time": "5.605723",
            "pkt_dts": 168,
            "pkt_dts_time": "5.605723",
            "best_effort_timestamp": 168,
            "best_effort_timestamp_time": "5.605723",
            "duration": 1,
            "duration_time": "0.033367",
            "pkt_pos": "20909408",
            "pkt_size": "120000",
            "width": 720,
            "height": 480,
            "crop_top": 0,
            "crop_bottom": 0,
            "crop_left": 0,
            "crop_right": 0,
            "pix_fmt": "yuv411p",
            "sample_aspect_ratio": "8:9",
            "pict_type": "I",
            "interlaced_frame": 1,
            "top_field_first": 0,
            "repeat_pict": 0,
            "chroma_location": "topleft"
        },
        {
            "media_type": "video",
            "stream_index": 0,
            "key_frame": 1,
            "pts": 169,
            "pts_time": "5.639091",
            "pkt_dts": 169,
            "pkt_dts_time": "5.639091",
            "best_effort_timestamp": 169,
            "best_effort_timestamp_time": "5.639091",
            "duration": 1,
            "duration_time": "0.033367",
            "pkt_pos": "21029416",
            "pkt_size": "120000",
            "width": 720,
            "height": 480,
            "crop_top": 0,
            "crop_bottom": 0,
            "crop_left": 0,
            "crop_right": 0,
            "pix_fmt": "yuv411p",
            "sample_aspect_ratio": "8:9",
            "pict_type": "I",
            "interlaced_frame": 1,
            "top_field_first": 0,
            "repeat_pict": 0,
            "chroma_location": "topleft"
        },
        {
            "media_type": "video",
            "stream_index": 0,
            "key_frame": 1,
            "pts": 170,
            "pts_time": "5.672458",
            "pkt_dts": 170,
            "pkt_dts_time": "5.672458",
            "best_effort_timestamp": 170,
            "best_effort_timestamp_time": "5.672458",
            "duration": 1,
            "duration_time": "0.033367",
            "pkt_pos": "21149424",
            "pkt_size": "120000",
            "width": 720,
            "height": 480,
            "crop_top": 0,
            "crop_bottom": 0,
            "crop_left": 0,
            "crop_right": 0,
            "pix_fmt": "yuv411p",
            "sample_aspect_ratio": "8:9",
            "pict_type": "I",
            "interlaced_frame": 1,
            "top_field_first": 0,
            "repeat_pict": 0,
            "chroma_location": "topleft"
        },
        {
            "media_type": "video",
            "stream_index": 0,
            "key_frame": 1,
            "pts": 171,
            "pts_time": "5.705825",
            "pkt_dts": 171,
            "pkt_dts_time": "5.705825",
            "best_effort_timestamp": 171,
            "best_effort_timestamp_time": "5.705825",
            "duration": 1,
            "duration_time": "0.033367",
            "pkt_pos": "21269432",
            "pkt_size": "120000",
            "width": 720,
            "height": 480,
            "crop_top": 0,
            "crop_bottom": 0,
            "crop_left": 0,
            "crop_right": 0,
            "pix_fmt": "yuv411p",
            "sample_aspect_ratio": "8:9",
            "pict_type": "I",
            "interlaced_frame": 1,
            "top_field_first": 0,
            "repeat_pict": 0,
            "chroma_location": "topleft"
        },
        {
            "media_type": "video",
            "stream_index": 0,
            "key_frame": 1,
            "pts": 172,
            "pts_time": "5.739193",
            "pkt_dts": 172,
            "pkt_dts_time": "5.739193",
            "best_effort_timestamp": 172,
            "best_effort_timestamp_time": "5.739193",
            "duration": 1,
            "duration_time": "0.033367",
            "pkt_pos": "21389440",
            "pkt_size": "120000",
            "width": 720,
            "height": 480,
            "crop_top": 0,
            "crop_bottom": 0,
            "crop_left": 0,
            "crop_right": 0,
            "pix_fmt": "yuv411p",
            "sample_aspect_ratio": "8:9",
            "pict_type": "I",
            "interlaced_frame": 1,
            "top_field_first": 0,
            "repeat_pict": 0,
            "chroma_location": "topleft"
        },
        {
            "media_type": "video",
            "stream_index": 0,
            "key_frame": 1,
            "pts": 173,
            "pts_time": "5.772560",
            "pkt_dts": 173,
            "pkt_dts_time": "5.772560",
            "best_effort_timestamp": 173,
            "best_effort_timestamp_time": "5.772560",
            "duration": 1,
            "duration_time": "0.033367",
            "pkt_pos": "21509448",
            "pkt_size": "120000",
            "width": 720,
            "height": 480,
            "crop_top": 0,
            "crop_bottom": 0,
            "crop_left": 0,
            "crop_right": 0,
            "pix_fmt": "yuv411p",
            "sample_aspect_ratio": "8:9",
            "pict_type": "I",
            "interlaced_frame": 1,
            "top_field_first": 0,
            "repeat_pict": 0,
            "chroma_location": "topleft"
        },
        {
            "media_type": "video",
            "stream_index": 0,
            "key_frame": 1,
            "pts": 174,
            "pts_time": "5.805928",
            "pkt_dts": 174,
            "pkt_dts_time": "5.805928",
            "best_effort_timestamp": 174,
            "best_effort_timestamp_time": "5.805928",
            "duration": 1,
            "duration_time": "0.033367",
            "pkt_pos": "21753320",
            "pkt_size": "120000",
            "width": 720,
            "height": 480,
            "crop_top": 0,
            "crop_bottom": 0,
            "crop_left": 0,
            "crop_right": 0,
            "pix_fmt": "yuv411p",
            "sample_aspect_ratio": "8:9",
            "pict_type": "I",
            "interlaced_frame": 1,
            "top_field_first": 0,
            "repeat_pict": 0,
            "chroma_location": "topleft"
        },
        {
            "media_type": "video",
            "stream_index": 0,
            "key_frame": 1,
            "pts": 175,
            "pts_time": "5.839295",
            "pkt_dts": 175,
            "pkt_dts_time": "5.839295",
            "best_effort_timestamp": 175,
            "best_effort_timestamp_time": "5.839295",
            "duration": 1,
            "duration_time": "0.033367",
            "pkt_pos": "21873328",
            "pkt_size": "120000",
            "width": 720,
            "height": 480,
            "crop_top": 0,
            "crop_bottom": 0,
            "crop_left": 0,
            "crop_right": 0,
            "pix_fmt": "yuv411p",
            "sample_aspect_ratio": "8:9",
            "pict_type": "I",
            "interlaced_frame": 1,
            "top_field_first": 0,
            "repeat_pict": 0,
            "chroma_location": "topleft"
        },
        {
            "media_type": "video",
            "stream_index": 0,
            "key_frame": 1,
            "pts": 176,
            "pts_time": "5.872662",
            "pkt_dts": 176,
            "pkt_dts_time": "5.872662",
            "best_effort_timestamp": 176,
            "best_effort_timestamp_time": "5.872662",
            "duration": 1,
            "duration_time": "0.033367",
            "pkt_pos": "21993336",
            "pkt_size": "120000",
            "width": 720,
            "height": 480,
            "crop_top": 0,
            "crop_bottom": 0,
            "crop_left": 0,
            "crop_right": 0,
            "pix_fmt": "yuv411p",
            "sample_aspect_ratio": "8:9",
            "pict_type": "I",
            "interlaced_frame": 1,
            "top_field_first": 0,
            "repeat_pict": 0,
            "chroma_location": "topleft"
        },
        {
            "media_type": "video",
            "stream_index": 0,
            "key_frame": 1,
            "pts": 177,
            "pts_time": "5.906030",
            "pkt_dts": 177,
            "pkt_dts_time": "5.906030",
            "best_effort_timestamp": 177,
            "best_effort_timestamp_time": "5.906030",
            "duration": 1,
            "duration_time": "0.033367",
            "pkt_pos": "22113344",
            "pkt_size": "120000",
            "width": 720,
            "height": 480,
            "crop_top": 0,
            "crop_bottom": 0,
            "crop_left": 0,
            "crop_right": 0,
            "pix_fmt": "yuv411p",
            "sample_aspect_ratio": "8:9",
            "pict_type": "I",
            "interlaced_frame": 1,
            "top_field_first": 0,
            "repeat_pict": 0,
            "chroma_location": "topleft"
        },
        {
            "media_type": "video",
            "stream_index": 0,
            "key_frame": 1,
            "pts": 178,
            "pts_time": "5.939397",
            "pkt_dts": 178,
            "pkt_dts_time": "5.939397",
            "best_effort_timestamp": 178,
            "best_effort_timestamp_time": "5.939397",
            "duration": 1,
            "duration_time": "0.033367",
            "pkt_pos": "22233352",
            "pkt_size": "120000",
            "width": 720,
            "height": 480,
            "crop_top": 0,
            "crop_bottom": 0,
            "crop_left": 0,
            "crop_right": 0,
            "pix_fmt": "yuv411p",
            "sample_aspect_ratio": "8:9",
            "pict_type": "I",
            "interlaced_frame": 1,
            "top_field_first": 0,
            "repeat_pict": 0,
            "chroma_location": "topleft"
        },
        {
            "media_type": "video",
            "stream_index": 0,
            "key_frame": 1,
            "pts": 179,
            "pts_time": "5.972765",
            "pkt_dts": 179,
            "pkt_dts_time": "5.972765",
            "best_effort_timestamp": 179,
            "best_effort_timestamp_time": "5.972765",
            "duration": 1,
            "duration_time": "0.033367",
            "pkt_pos": "22353360",
            "pkt_size": "120000",
            "width": 720,
            "height": 480,
            "crop_top": 0,
            "crop_bottom": 0,
            "crop_left": 0,
            "crop_right": 0,
            "pix_fmt": "yuv411p",
            "sample_aspect_ratio": "8:9",
            "pict_type": "I",
            "interlaced_frame": 1,
            "top_field_first": 0,
            "repeat_pict": 0,
            "chroma_location": "topleft"
        },
        {
            "media_type": "video",
            "stream_index": 0,
            "key_frame": 1,
            "pts": 180,
            "pts_time": "6.006132",
            "pkt_dts": 180,
            "pkt_dts_time": "6.006132",
            "best_effort_timestamp": 180,
            "best_effort_timestamp_time": "6.006132",
            "duration": 1,
            "duration_time": "0.033367",
            "pkt_pos": "22473368",
            "pkt_size": "120000",
            "width": 720,
            "height": 480,
            "crop_top": 0,
            "crop_bottom": 0,
            "crop_left": 0,
            "crop_right": 0,
            "pix_fmt": "yuv411p",
            "sample_aspect_ratio": "8:9",
            "pict_type": "I",
            "interlaced_frame": 1,
            "top_field_first": 0,
            "repeat_pict": 0,
            "chroma_location": "topleft"
        },
        {
            "media_type": "video",
            "stream_index": 0,
            "key_frame": 1,
            "pts": 181,
            "pts_time": "6.039499",
            "pkt_dts": 181,
            "pkt_dts_time": "6.039499",
            "best_effort_timestamp": 181,
            "best_effort_timestamp_time": "6.039499",
            "duration": 1,
            "duration_time": "0.033367",
            "pkt_pos": "22593376",
            "pkt_size": "120000",
            "width": 720,
            "height": 480,
            "crop_top": 0,
            "crop_bottom": 0,
            "crop_left": 0,
            "crop_right": 0,
            "pix_fmt": "yuv411p",
            "sample_aspect_ratio": "8:9",
            "pict_type": "I",
            "interlaced_frame": 1,
            "top_field_first": 0,
            "repeat_pict": 0,
            "chroma_location": "topleft"
        },
        {
            "media_type": "video",
            "stream_index": 0,
            "key_frame": 1,
            "pts": 182,
            "pts_time": "6.072867",
            "pkt_dts": 182,
            "pkt_dts_time": "6.072867",
            "best_effort_timestamp": 182,
            "best_effort_timestamp_time": "6.072867",
            "duration": 1,
            "duration_time": "0.033367",
            "pkt_pos": "22713384",
            "pkt_size": "120000",
            "width": 720,
            "height": 480,
            "crop_top": 0,
            "crop_bottom": 0,
            "crop_left": 0,
            "crop_right": 0,
            "pix_fmt": "yuv411p",
            "sample_aspect_ratio": "8:9",
            "pict_type": "I",
            "interlaced_frame": 1,
            "top_field_first": 0,
            "repeat_pict": 0,
            "chroma_location": "topleft"
        },
        {
            "media_type": "video",
            "stream_index": 0,
            "key_frame": 1,
            "pts": 183,
            "pts_time": "6.106234",
            "pkt_dts": 183,
            "pkt_dts_time": "6.106234",
            "best_effort_timestamp": 183,
            "best_effort_timestamp_time": "6.106234",
            "duration": 1,
            "duration_time": "0.033367",
            "pkt_pos": "22833392",
            "pkt_size": "120000",
            "width": 720,
            "height": 480,
            "crop_top": 0,
            "crop_bottom": 0,
            "crop_left": 0,
            "crop_right": 0,
            "pix_fmt": "yuv411p",
            "sample_aspect_ratio": "8:9",
            "pict_type": "I",
            "interlaced_frame": 1,
            "top_field_first": 0,
            "repeat_pict": 0,
            "chroma_location": "topleft"
        },
        {
            "media_type": "video",
            "stream_index": 0,
            "key_frame": 1,
            "pts": 184,
            "pts_time": "6.139602",
            "pkt_dts": 184,
            "pkt_dts_time": "6.139602",
            "best_effort_timestamp": 184,
            "best_effort_timestamp_time": "6.139602",
            "duration": 1,
            "duration_time": "0.033367",
            "pkt_pos": "22953400",
            "pkt_size": "120000",
            "width": 720,
            "height": 480,
            "crop_top": 0,
            "crop_bottom": 0,
            "crop_left": 0,
            "crop_right": 0,
            "pix_fmt": "yuv411p",
            "sample_aspect_ratio": "8:9",
            "pict_type": "I",
            "interlaced_frame": 1,
            "top_field_first": 0,
            "repeat_pict": 0,
            "chroma_location": "topleft"
        },
        {
            "media_type": "video",
            "stream_index": 0,
            "key_frame": 1,
            "pts": 185,
            "pts_time": "6.172969",
            "pkt_dts": 185,
            "pkt_dts_time": "6.172969",
            "best_effort_timestamp": 185,
            "best_effort_timestamp_time": "6.172969",
            "duration": 1,
            "duration_time": "0.033367",
            "pkt_pos": "23073408",
            "pkt_size": "120000",
            "width": 720,
            "height": 480,
            "crop_top": 0,
            "crop_bottom": 0,
            "crop_left": 0,
            "crop_right": 0,
            "pix_fmt": "yuv411p",
            "sample_aspect_ratio": "8:9",
            "pict_type": "I",
            "interlaced_frame": 1,
            "top_field_first": 0,
            "repeat_pict": 0,
            "chroma_location": "topleft"
        },
        {
            "media_type": "video",
            "stream_index": 0,
            "key_frame": 1,
            "pts": 186,
            "pts_time": "6.206336",
            "pkt_dts": 186,
            "pkt_dts_time": "6.206336",
            "best_effort_timestamp": 186,
            "best_effort_timestamp_time": "6.206336",
            "duration": 1,
            "duration_time": "0.033367",
            "pkt_pos": "23193416",
            "pkt_size": "120000",
            "width": 720,
            "height": 480,
            "crop_top": 0,
            "crop_bottom": 0,
            "crop_left": 0,
            "crop_right": 0,
            "pix_fmt": "yuv411p",
            "sample_aspect_ratio": "8:9",
            "pict_type": "I",
            "interlaced_frame": 1,
            "top_field_first": 0,
            "repeat_pict": 0,
            "chroma_location": "topleft"
        },
        {
            "media_type": "video",
            "stream_index": 0,
            "key_frame": 1,
            "pts": 187,
            "pts_time": "6.239704",
            "pkt_dts": 187,
            "pkt_dts_time": "6.239704",
            "best_effort_timestamp": 187,
            "best_effort_timestamp_time": "6.239704",
            "duration": 1,
            "duration_time": "0.033367",
            "pkt_pos": "23313424",
            "pkt_size": "120000",
            "width": 720,
            "height": 480,
            "crop_top": 0,
            "crop_bottom": 0,
            "crop_left": 0,
            "crop_right": 0,
            "pix_fmt": "yuv411p",
            "sample_aspect_ratio": "8:9",
            "pict_type": "I",
            "interlaced_frame": 1,
            "top_field_first": 0,
            "repeat_pict": 0,
            "chroma_location": "topleft"
        },
        {
            "media_type": "video",
            "stream_index": 0,
            "key_frame": 1,
            "pts": 188,
            "pts_time": "6.273071",
            "pkt_dts": 188,
            "pkt_dts_time": "6.273071",
            "best_effort_timestamp": 188,
            "best_effort_timestamp_time": "6.273071",
            "duration": 1,
            "duration_time": "0.033367",
            "pkt_pos": "23433432",
            "pkt_size": "120000",
            "width": 720,
            "height": 480,
            "crop_top": 0,
            "crop_bottom": 0,
            "crop_left": 0,
            "crop_right": 0,
            "pix_fmt": "yuv411p",
            "sample_aspect_ratio": "8:9",
            "pict_type": "I",
            "interlaced_frame": 1,
            "top_field_first": 0,
            "repeat_pict": 0,
            "chroma_location": "topleft"
        },
        {
            "media_type": "video",
            "stream_index": 0,
            "key_frame": 1,
            "pts": 189,
            "pts_time": "6.306439",
            "pkt_dts": 189,
            "pkt_dts_time": "6.306439",
            "best_effort_timestamp": 189,
            "best_effort_timestamp_time": "6.306439",
            "duration": 1,
            "duration_time": "0.033367",
            "pkt_pos": "23553440",
            "pkt_size": "120000",
            "width": 720,
            "height": 480,
            "crop_top": 0,
            "crop_bottom": 0,
            "crop_left": 0,
            "crop_right": 0,
            "pix_fmt": "yuv411p",
            "sample_aspect_ratio": "8:9",
            "pict_type": "I",
            "interlaced_frame": 1,
            "top_field_first": 0,
            "repeat_pict": 0,
            "chroma_location": "topleft"
        },
        {
            "media_type": "video",
            "stream_index": 0,
            "key_frame": 1,
            "pts": 190,
            "pts_time": "6.339806",
            "pkt_dts": 190,
            "pkt_dts_time": "6.339806",
            "best_effort_timestamp": 190,
            "best_effort_timestamp_time": "6.339806",
            "duration": 1,
            "duration_time": "0.033367",
            "pkt_pos": "23673448",
            "pkt_size": "120000",
            "width": 720,
            "height": 480,
            "crop_top": 0,
            "crop_bottom": 0,
            "crop_left": 0,
            "crop_right": 0,
            "pix_fmt": "yuv411p",
            "sample_aspect_ratio": "8:9",
            "pict_type": "I",
            "interlaced_frame": 1,
            "top_field_first": 0,
            "repeat_pict": 0,
            "chroma_location": "topleft"
        },
        {
            "media_type": "video",
            "stream_index": 0,
            "key_frame": 1,
            "pts": 191,
            "pts_time": "6.373173",
            "pkt_dts": 191,
            "pkt_dts_time": "6.373173",
            "best_effort_timestamp": 191,
            "best_effort_timestamp_time": "6.373173",
            "duration": 1,
            "duration_time": "0.033367",
            "pkt_pos": "23793456",
            "pkt_size": "120000",
            "width": 720,
            "height": 480,
            "crop_top": 0,
            "crop_bottom": 0,
            "crop_left": 0,
            "crop_right": 0,
            "pix_fmt": "yuv411p",
            "sample_aspect_ratio": "8:9",
            "pict_type": "I",
            "interlaced_frame": 1,
            "top_field_first": 0,
            "repeat_pict": 0,
            "chroma_location": "topleft"
        },
        {
            "media_type": "video",
            "stream_index": 0,
            "key_frame": 1,
            "pts": 192,
            "pts_time": "6.406541",
            "pkt_dts": 192,
            "pkt_dts_time": "6.406541",
            "best_effort_timestamp": 192,
            "best_effort_timestamp_time": "6.406541",
            "duration": 1,
            "duration_time": "0.033367",
            "pkt_pos": "23913464",
            "pkt_size": "120000",
            "width": 720,
            "height": 480,
            "crop_top": 0,
            "crop_bottom": 0,
            "crop_left": 0,
            "crop_right": 0,
            "pix_fmt": "yuv411p",
            "sample_aspect_ratio": "8:9",
            "pict_type": "I",
            "interlaced_frame": 1,
            "top_field_first": 0,
            "repeat_pict": 0,
            "chroma_location": "topleft"
        },
        {
            "media_type": "video",
            "stream_index": 0,
            "key_frame": 1,
            "pts": 193,
            "pts_time": "6.439908",
            "pkt_dts": 193,
            "pkt_dts_time": "6.439908",
            "best_effort_timestamp": 193,
            "best_effort_timestamp_time": "6.439908",
            "duration": 1,
            "duration_time": "0.033367",
            "pkt_pos": "24033472",
            "pkt_size": "120000",
            "width": 720,
            "height": 480,
            "crop_top": 0,
            "crop_bottom": 0,
            "crop_left": 0,
            "crop_right": 0,
            "pix_fmt": "yuv411p",
            "sample_aspect_ratio": "8:9",
            "pict_type": "I",
            "interlaced_frame": 1,
            "top_field_first": 0,
            "repeat_pict": 0,
            "chroma_location": "topleft"
        },
        {
            "media_type": "video",
            "stream_index": 0,
            "key_frame": 1,
            "pts": 194,
            "pts_time": "6.473276",
            "pkt_dts": 194,
            "pkt_dts_time": "6.473276",
            "best_effort_timestamp": 194,
            "best_effort_timestamp_time": "6.473276",
            "duration": 1,
            "duration_time": "0.033367",
            "pkt_pos": "24153480",
            "pkt_size": "120000",
            "width": 720,
            "height": 480,
            "crop_top": 0,
            "crop_bottom": 0,
            "crop_left": 0,
            "crop_right": 0,
            "pix_fmt": "yuv411p",
            "sample_aspect_ratio": "8:9",
            "pict_type": "I",
            "interlaced_frame": 1,
            "top_field_first": 0,
            "repeat_pict": 0,
            "chroma_location": "topleft"
        },
        {
            "media_type": "video",
            "stream_index": 0,
            "key_frame": 1,
            "pts": 195,
            "pts_time": "6.506643",
            "pkt_dts": 195,
            "pkt_dts_time": "6.506643",
            "best_effort_timestamp": 195,
            "best_effort_timestamp_time": "6.506643",
            "duration": 1,
            "duration_time": "0.033367",
            "pkt_pos": "24273488",
            "pkt_size": "120000",
            "width": 720,
            "height": 480,
            "crop_top": 0,
            "crop_bottom": 0,
            "crop_left": 0,
            "crop_right": 0,
            "pix_fmt": "yuv411p",
            "sample_aspect_ratio": "8:9",
            "pict_type": "I",
            "interlaced_frame": 1,
            "top_field_first": 0,
            "repeat_pict": 0,
            "chroma_location": "topleft"
        },
        {
            "media_type": "video",
            "stream_index": 0,
            "key_frame": 1,
            "pts": 196,
            "pts_time": "6.540010",
            "pkt_dts": 196,
            "pkt_dts_time": "6.540010",
            "best_effort_timestamp": 196,
            "best_effort_timestamp_time": "6.540010",
            "duration": 1,
            "duration_time": "0.033367",
            "pkt_pos": "24393496",
            "pkt_size": "120000",
            "width": 720,
            "height": 480,
            "crop_top": 0,
            "crop_bottom": 0,
            "crop_left": 0,
            "crop_right": 0,
            "pix_fmt": "yuv411p",
            "sample_aspect_ratio": "8:9",
            "pict_type": "I",
            "interlaced_frame": 1,
            "top_field_first": 0,
            "repeat_pict": 0,
            "chroma_location": "topleft"
        },
        {
            "media_type": "video",
            "stream_index": 0,
            "key_frame": 1,
            "pts": 197,
            "pts_time": "6.573378",
            "pkt_dts": 197,
            "pkt_dts_time": "6.573378",
            "best_effort_timestamp": 197,
            "best_effort_timestamp_time": "6.573378",
            "duration": 1,
            "duration_time": "0.033367",
            "pkt_pos": "24513504",
            "pkt_size": "120000",
            "width": 720,
            "height": 480,
            "crop_top": 0,
            "crop_bottom": 0,
            "crop_left": 0,
            "crop_right": 0,
            "pix_fmt": "yuv411p",
            "sample_aspect_ratio": "8:9",
            "pict_type": "I",
            "interlaced_frame": 1,
            "top_field_first": 0,
            "repeat_pict": 0,
            "chroma_location": "topleft"
        },
        {
            "media_type": "video",
            "stream_index": 0,
            "key_frame": 1,
            "pts": 198,
            "pts_time": "6.606745",
            "pkt_dts": 198,
            "pkt_dts_time": "6.606745",
            "best_effort_timestamp": 198,
            "best_effort_timestamp_time": "6.606745",
            "duration": 1,
            "duration_time": "0.033367",
            "pkt_pos": "24633512",
            "pkt_size": "120000",
            "width": 720,
            "height": 480,
            "crop_top": 0,
            "crop_bottom": 0,
            "crop_left": 0,
            "crop_right": 0,
            "pix_fmt": "yuv411p",
            "sample_aspect_ratio": "8:9",
            "pict_type": "I",
            "interlaced_frame": 1,
            "top_field_first": 0,
            "repeat_pict": 0,
            "chroma_location": "topleft"
        },
        {
            "media_type": "video",
            "stream_index": 0,
            "key_frame": 1,
            "pts": 199,
            "pts_time": "6.640113",
            "pkt_dts": 199,
            "pkt_dts_time": "6.640113",
            "best_effort_timestamp": 199,
            "best_effort_timestamp_time": "6.640113",
            "duration": 1,
            "duration_time": "0.033367",
            "pkt_pos": "24753520",
            "pkt_size": "120000",
            "width": 720,
            "height": 480,
            "crop_top": 0,
            "crop_bottom": 0,
            "crop_left": 0,
            "crop_right": 0,
            "pix_fmt": "yuv411p",
            "sample_aspect_ratio": "8:9",
            "pict_type": "I",
            "interlaced_frame": 1,
            "top_field_first": 0,
            "repeat_pict": 0,
            "chroma_location": "topleft"
        },
        {
            "media_type": "video",
            "stream_index": 0,
            "key_frame": 1,
            "pts": 200,
            "pts_time": "6.673480",
            "pkt_dts": 200,
            "pkt_dts_time": "6.673480",
            "best_effort_timestamp": 200,
            "best_effort_timestamp_time": "6.673480",
            "duration": 1,
            "duration_time": "0.033367",
            "pkt_pos": "24873528",
            "pkt_size": "120000",
            "width": 720,
            "height": 480,
            "crop_top": 0,
            "crop_bottom": 0,
            "crop_left": 0,
            "crop_right": 0,
            "pix_fmt": "yuv411p",
            "sample_aspect_ratio": "8:9",
            "pict_type": "I",
            "interlaced_frame": 1,
            "top_field_first": 0,
            "repeat_pict": 0,
            "chroma_location": "topleft"
        },
        {
            "media_type": "video",
            "stream_index": 0,
            "key_frame": 1,
            "pts": 201,
            "pts_time": "6.706847",
            "pkt_dts": 201,
            "pkt_dts_time": "6.706847",
            "best_effort_timestamp": 201,
            "best_effort_timestamp_time": "6.706847",
            "duration": 1,
            "duration_time": "0.033367",
            "pkt_pos": "24993536",
            "pkt_size": "120000",
            "width": 720,
            "height": 480,
            "crop_top": 0,
            "crop_bottom": 0,
            "crop_left": 0,
            "crop_right": 0,
            "pix_fmt": "yuv411p",
            "sample_aspect_ratio": "8:9",
            "pict_type": "I",
            "interlaced_frame": 1,
            "top_field_first": 0,
            "repeat_pict": 0,
            "chroma_location": "topleft"
        },
        {
            "media_type": "video",
            "stream_index": 0,
            "key_frame": 1,
            "pts": 202,
            "pts_time": "6.740215",
            "pkt_dts": 202,
            "pkt_dts_time": "6.740215",
            "best_effort_timestamp": 202,
            "best_effort_timestamp_time": "6.740215",
            "duration": 1,
            "duration_time": "0.033367",
            "pkt_pos": "25113544",
            "pkt_size": "120000",
            "width": 720,
            "height": 480,
            "crop_top": 0,
            "crop_bottom": 0,
            "crop_left": 0,
            "crop_right": 0,
            "pix_fmt": "yuv411p",
            "sample_aspect_ratio": "8:9",
            "pict_type": "I",
            "interlaced_frame": 1,
            "top_field_first": 0,
            "repeat_pict": 0,
            "chroma_location": "topleft"
        },
        {
            "media_type": "video",
            "stream_index": 0,
            "key_frame": 1,
            "pts": 203,
            "pts_time": "6.773582",
            "pkt_dts": 203,
            "pkt_dts_time": "6.773582",
            "best_effort_timestamp": 203,
            "best_effort_timestamp_time": "6.773582",
            "duration": 1,
            "duration_time": "0.033367",
            "pkt_pos": "25357420",
            "pkt_size": "120000",
            "width": 720,
            "height": 480,
            "crop_top": 0,
            "crop_bottom": 0,
            "crop_left": 0,
            "crop_right": 0,
            "pix_fmt": "yuv411p",
            "sample_aspect_ratio": "8:9",
            "pict_type": "I",
            "interlaced_frame": 1,
            "top_field_first": 0,
            "repeat_pict": 0,
            "chroma_location": "topleft"
        },
        {
            "media_type": "video",
            "stream_index": 0,
            "key_frame": 1,
            "pts": 204,
            "pts_time": "6.806950",
            "pkt_dts": 204,
            "pkt_dts_time": "6.806950",
            "best_effort_timestamp": 204,
            "best_effort_timestamp_time": "6.806950",
            "duration": 1,
            "duration_time": "0.033367",
            "pkt_pos": "25477428",
            "pkt_size": "120000",
            "width": 720,
            "height": 480,
            "crop_top": 0,
            "crop_bottom": 0,
            "crop_left": 0,
            "crop_right": 0,
            "pix_fmt": "yuv411p",
            "sample_aspect_ratio": "8:9",
            "pict_type": "I",
            "interlaced_frame": 1,
            "top_field_first": 0,
            "repeat_pict": 0,
            "chroma_location": "topleft"
        },
        {
            "media_type": "video",
            "stream_index": 0,
            "key_frame": 1,
            "pts": 205,
            "pts_time": "6.840317",
            "pkt_dts": 205,
            "pkt_dts_time": "6.840317",
            "best_effort_timestamp": 205,
            "best_effort_timestamp_time": "6.840317",
            "duration": 1,
            "duration_time": "0.033367",
            "pkt_pos": "25597436",
            "pkt_size": "120000",
            "width": 720,
            "height": 480,
            "crop_top": 0,
            "crop_bottom": 0,
            "crop_left": 0,
            "crop_right": 0,
            "pix_fmt": "yuv411p",
            "sample_aspect_ratio": "8:9",
            "pict_type": "I",
            "interlaced_frame": 1,
            "top_field_first": 0,
            "repeat_pict": 0,
            "chroma_location": "topleft"
        }
    ],
    "streams": [
        {
            "index": 0,
            "codec_name": "dvvideo",
            "codec_long_name": "DV (Digital Video)",
            "codec_type": "video",
            "codec_tag_string": "dvsd",
            "codec_tag": "0x64737664",
            "width": 720,
            "height": 480,
            "coded_width": 720,
            "coded_height": 480,
            "closed_captions": 0,
            "film_grain": 0,
            "has_b_frames": 0,
            "sample_aspect_ratio": "8:9",
            "display_aspect_ratio": "4:3",
            "pix_fmt": "yuv411p",
            "level": -99,
            "chroma_location": "topleft",
            "refs": 1,
            "r_frame_rate": "5000000/166837",
            "avg_frame_rate": "5000000/166837",
            "time_base": "166837/5000000",
            "start_pts": 0,
            "start_time": "0.000000",
            "duration_ts": 206,
            "duration": "6.873684",
            "bit_rate": "28771229",
            "nb_frames": "206",
            "nb_read_frames": "206",
            "disposition": {
                "default": 0,
                "dub": 0,
                "original": 0,
                "comment": 0,
                "lyrics": 0,
                "karaoke": 0,
                "forced": 0,
                "hearing_impaired": 0,
                "visual_impaired": 0,
                "clean_effects": 0,
                "attached_pic": 0,
                "timed_thumbnails": 0,
                "non_diegetic": 0,
                "captions": 0,
                "descriptions": 0,
                "metadata": 0,
                "dependent": 0,
                "still_image": 0,
                "multilayer": 0
            }
        }
    ],
    "format": {
        "filename": "/Users/admin/docs/911-worktrees/sherlock-wtc7-investigation/research/sherlock-wtc7-investigation/cbs-vince-source-screen/stage2/raw/clip4-attempt1.avi",
        "nb_streams": 2,
        "nb_programs": 0,
        "nb_stream_groups": 0,
        "format_name": "avi",
        "format_long_name": "AVI (Audio Video Interleaved)",
        "start_time": "0.000000",
        "duration": "6.873684",
        "size": "25734188",
        "bit_rate": "29950970",
        "probe_score": 100
    }
}
