{
    "frames": [
        {
            "media_type": "video",
            "stream_index": 0,
            "key_frame": 1,
            "pts": 0,
            "pts_time": "0.000000",
            "pkt_dts": 0,
            "pkt_dts_time": "0.000000",
            "best_effort_timestamp": 0,
            "best_effort_timestamp_time": "0.000000",
            "duration": 1,
            "duration_time": "0.033367",
            "pkt_pos": "128740",
            "pkt_size": "120000",
            "width": 720,
            "height": 480,
            "crop_top": 0,
            "crop_bottom": 0,
            "crop_left": 0,
            "crop_right": 0,
            "pix_fmt": "yuv411p",
            "sample_aspect_ratio": "8:9",
            "pict_type": "I",
            "interlaced_frame": 1,
            "top_field_first": 0,
            "repeat_pict": 0,
            "chroma_location": "topleft"
        },
        {
            "media_type": "video",
            "stream_index": 0,
            "key_frame": 1,
            "pts": 1,
            "pts_time": "0.033367",
            "pkt_dts": 1,
            "pkt_dts_time": "0.033367",
            "best_effort_timestamp": 1,
            "best_effort_timestamp_time": "0.033367",
            "duration": 1,
            "duration_time": "0.033367",
            "pkt_pos": "248748",
            "pkt_size": "120000",
            "width": 720,
            "height": 480,
            "crop_top": 0,
            "crop_bottom": 0,
            "crop_left": 0,
            "crop_right": 0,
            "pix_fmt": "yuv411p",
            "sample_aspect_ratio": "8:9",
            "pict_type": "I",
            "interlaced_frame": 1,
            "top_field_first": 0,
            "repeat_pict": 0,
            "chroma_location": "topleft"
        },
        {
            "media_type": "video",
            "stream_index": 0,
            "key_frame": 1,
            "pts": 2,
            "pts_time": "0.066735",
            "pkt_dts": 2,
            "pkt_dts_time": "0.066735",
            "best_effort_timestamp": 2,
            "best_effort_timestamp_time": "0.066735",
            "duration": 1,
            "duration_time": "0.033367",
            "pkt_pos": "368756",
            "pkt_size": "120000",
            "width": 720,
            "height": 480,
            "crop_top": 0,
            "crop_bottom": 0,
            "crop_left": 0,
            "crop_right": 0,
            "pix_fmt": "yuv411p",
            "sample_aspect_ratio": "8:9",
            "pict_type": "I",
            "interlaced_frame": 1,
            "top_field_first": 0,
            "repeat_pict": 0,
            "chroma_location": "topleft"
        },
        {
            "media_type": "video",
            "stream_index": 0,
            "key_frame": 1,
            "pts": 3,
            "pts_time": "0.100102",
            "pkt_dts": 3,
            "pkt_dts_time": "0.100102",
            "best_effort_timestamp": 3,
            "best_effort_timestamp_time": "0.100102",
            "duration": 1,
            "duration_time": "0.033367",
            "pkt_pos": "488764",
            "pkt_size": "120000",
            "width": 720,
            "height": 480,
            "crop_top": 0,
            "crop_bottom": 0,
            "crop_left": 0,
            "crop_right": 0,
            "pix_fmt": "yuv411p",
            "sample_aspect_ratio": "8:9",
            "pict_type": "I",
            "interlaced_frame": 1,
            "top_field_first": 0,
            "repeat_pict": 0,
            "chroma_location": "topleft"
        },
        {
            "media_type": "video",
            "stream_index": 0,
            "key_frame": 1,
            "pts": 4,
            "pts_time": "0.133469",
            "pkt_dts": 4,
            "pkt_dts_time": "0.133469",
            "best_effort_timestamp": 4,
            "best_effort_timestamp_time": "0.133469",
            "duration": 1,
            "duration_time": "0.033367",
            "pkt_pos": "608772",
            "pkt_size": "120000",
            "width": 720,
            "height": 480,
            "crop_top": 0,
            "crop_bottom": 0,
            "crop_left": 0,
            "crop_right": 0,
            "pix_fmt": "yuv411p",
            "sample_aspect_ratio": "8:9",
            "pict_type": "I",
            "interlaced_frame": 1,
            "top_field_first": 0,
            "repeat_pict": 0,
            "chroma_location": "topleft"
        },
        {
            "media_type": "video",
            "stream_index": 0,
            "key_frame": 1,
            "pts": 5,
            "pts_time": "0.166836",
            "pkt_dts": 5,
            "pkt_dts_time": "0.166836",
            "best_effort_timestamp": 5,
            "best_effort_timestamp_time": "0.166836",
            "duration": 1,
            "duration_time": "0.033367",
            "pkt_pos": "728780",
            "pkt_size": "120000",
            "width": 720,
            "height": 480,
            "crop_top": 0,
            "crop_bottom": 0,
            "crop_left": 0,
            "crop_right": 0,
            "pix_fmt": "yuv411p",
            "sample_aspect_ratio": "8:9",
            "pict_type": "I",
            "interlaced_frame": 1,
            "top_field_first": 0,
            "repeat_pict": 0,
            "chroma_location": "topleft"
        },
        {
            "media_type": "video",
            "stream_index": 0,
            "key_frame": 1,
            "pts": 6,
            "pts_time": "0.200204",
            "pkt_dts": 6,
            "pkt_dts_time": "0.200204",
            "best_effort_timestamp": 6,
            "best_effort_timestamp_time": "0.200204",
            "duration": 1,
            "duration_time": "0.033367",
            "pkt_pos": "848788",
            "pkt_size": "120000",
            "width": 720,
            "height": 480,
            "crop_top": 0,
            "crop_bottom": 0,
            "crop_left": 0,
            "crop_right": 0,
            "pix_fmt": "yuv411p",
            "sample_aspect_ratio": "8:9",
            "pict_type": "I",
            "interlaced_frame": 1,
            "top_field_first": 0,
            "repeat_pict": 0,
            "chroma_location": "topleft"
        },
        {
            "media_type": "video",
            "stream_index": 0,
            "key_frame": 1,
            "pts": 7,
            "pts_time": "0.233571",
            "pkt_dts": 7,
            "pkt_dts_time": "0.233571",
            "best_effort_timestamp": 7,
            "best_effort_timestamp_time": "0.233571",
            "duration": 1,
            "duration_time": "0.033367",
            "pkt_pos": "968796",
            "pkt_size": "120000",
            "width": 720,
            "height": 480,
            "crop_top": 0,
            "crop_bottom": 0,
            "crop_left": 0,
            "crop_right": 0,
            "pix_fmt": "yuv411p",
            "sample_aspect_ratio": "8:9",
            "pict_type": "I",
            "interlaced_frame": 1,
            "top_field_first": 0,
            "repeat_pict": 0,
            "chroma_location": "topleft"
        },
        {
            "media_type": "video",
            "stream_index": 0,
            "key_frame": 1,
            "pts": 8,
            "pts_time": "0.266938",
            "pkt_dts": 8,
            "pkt_dts_time": "0.266938",
            "best_effort_timestamp": 8,
            "best_effort_timestamp_time": "0.266938",
            "duration": 1,
            "duration_time": "0.033367",
            "pkt_pos": "1088804",
            "pkt_size": "120000",
            "width": 720,
            "height": 480,
            "crop_top": 0,
            "crop_bottom": 0,
            "crop_left": 0,
            "crop_right": 0,
            "pix_fmt": "yuv411p",
            "sample_aspect_ratio": "8:9",
            "pict_type": "I",
            "interlaced_frame": 1,
            "top_field_first": 0,
            "repeat_pict": 0,
            "chroma_location": "topleft"
        },
        {
            "media_type": "video",
            "stream_index": 0,
            "key_frame": 1,
            "pts": 9,
            "pts_time": "0.300306",
            "pkt_dts": 9,
            "pkt_dts_time": "0.300306",
            "best_effort_timestamp": 9,
            "best_effort_timestamp_time": "0.300306",
            "duration": 1,
            "duration_time": "0.033367",
            "pkt_pos": "1208812",
            "pkt_size": "120000",
            "width": 720,
            "height": 480,
            "crop_top": 0,
            "crop_bottom": 0,
            "crop_left": 0,
            "crop_right": 0,
            "pix_fmt": "yuv411p",
            "sample_aspect_ratio": "8:9",
            "pict_type": "I",
            "interlaced_frame": 1,
            "top_field_first": 0,
            "repeat_pict": 0,
            "chroma_location": "topleft"
        },
        {
            "media_type": "video",
            "stream_index": 0,
            "key_frame": 1,
            "pts": 10,
            "pts_time": "0.333673",
            "pkt_dts": 10,
            "pkt_dts_time": "0.333673",
            "best_effort_timestamp": 10,
            "best_effort_timestamp_time": "0.333673",
            "duration": 1,
            "duration_time": "0.033367",
            "pkt_pos": "1328820",
            "pkt_size": "120000",
            "width": 720,
            "height": 480,
            "crop_top": 0,
            "crop_bottom": 0,
            "crop_left": 0,
            "crop_right": 0,
            "pix_fmt": "yuv411p",
            "sample_aspect_ratio": "8:9",
            "pict_type": "I",
            "interlaced_frame": 1,
            "top_field_first": 0,
            "repeat_pict": 0,
            "chroma_location": "topleft"
        },
        {
            "media_type": "video",
            "stream_index": 0,
            "key_frame": 1,
            "pts": 11,
            "pts_time": "0.367040",
            "pkt_dts": 11,
            "pkt_dts_time": "0.367040",
            "best_effort_timestamp": 11,
            "best_effort_timestamp_time": "0.367040",
            "duration": 1,
            "duration_time": "0.033367",
            "pkt_pos": "1448828",
            "pkt_size": "120000",
            "width": 720,
            "height": 480,
            "crop_top": 0,
            "crop_bottom": 0,
            "crop_left": 0,
            "crop_right": 0,
            "pix_fmt": "yuv411p",
            "sample_aspect_ratio": "8:9",
            "pict_type": "I",
            "interlaced_frame": 1,
            "top_field_first": 0,
            "repeat_pict": 0,
            "chroma_location": "topleft"
        },
        {
            "media_type": "video",
            "stream_index": 0,
            "key_frame": 1,
            "pts": 12,
            "pts_time": "0.400408",
            "pkt_dts": 12,
            "pkt_dts_time": "0.400408",
            "best_effort_timestamp": 12,
            "best_effort_timestamp_time": "0.400408",
            "duration": 1,
            "duration_time": "0.033367",
            "pkt_pos": "1568836",
            "pkt_size": "120000",
            "width": 720,
            "height": 480,
            "crop_top": 0,
            "crop_bottom": 0,
            "crop_left": 0,
            "crop_right": 0,
            "pix_fmt": "yuv411p",
            "sample_aspect_ratio": "8:9",
            "pict_type": "I",
            "interlaced_frame": 1,
            "top_field_first": 0,
            "repeat_pict": 0,
            "chroma_location": "topleft"
        },
        {
            "media_type": "video",
            "stream_index": 0,
            "key_frame": 1,
            "pts": 13,
            "pts_time": "0.433775",
            "pkt_dts": 13,
            "pkt_dts_time": "0.433775",
            "best_effort_timestamp": 13,
            "best_effort_timestamp_time": "0.433775",
            "duration": 1,
            "duration_time": "0.033367",
            "pkt_pos": "1688844",
            "pkt_size": "120000",
            "width": 720,
            "height": 480,
            "crop_top": 0,
            "crop_bottom": 0,
            "crop_left": 0,
            "crop_right": 0,
            "pix_fmt": "yuv411p",
            "sample_aspect_ratio": "8:9",
            "pict_type": "I",
            "interlaced_frame": 1,
            "top_field_first": 0,
            "repeat_pict": 0,
            "chroma_location": "topleft"
        },
        {
            "media_type": "video",
            "stream_index": 0,
            "key_frame": 1,
            "pts": 14,
            "pts_time": "0.467142",
            "pkt_dts": 14,
            "pkt_dts_time": "0.467142",
            "best_effort_timestamp": 14,
            "best_effort_timestamp_time": "0.467142",
            "duration": 1,
            "duration_time": "0.033367",
            "pkt_pos": "1808852",
            "pkt_size": "120000",
            "width": 720,
            "height": 480,
            "crop_top": 0,
            "crop_bottom": 0,
            "crop_left": 0,
            "crop_right": 0,
            "pix_fmt": "yuv411p",
            "sample_aspect_ratio": "8:9",
            "pict_type": "I",
            "interlaced_frame": 1,
            "top_field_first": 0,
            "repeat_pict": 0,
            "chroma_location": "topleft"
        },
        {
            "media_type": "video",
            "stream_index": 0,
            "key_frame": 1,
            "pts": 15,
            "pts_time": "0.500510",
            "pkt_dts": 15,
            "pkt_dts_time": "0.500510",
            "best_effort_timestamp": 15,
            "best_effort_timestamp_time": "0.500510",
            "duration": 1,
            "duration_time": "0.033367",
            "pkt_pos": "1928860",
            "pkt_size": "120000",
            "width": 720,
            "height": 480,
            "crop_top": 0,
            "crop_bottom": 0,
            "crop_left": 0,
            "crop_right": 0,
            "pix_fmt": "yuv411p",
            "sample_aspect_ratio": "8:9",
            "pict_type": "I",
            "interlaced_frame": 1,
            "top_field_first": 0,
            "repeat_pict": 0,
            "chroma_location": "topleft"
        },
        {
            "media_type": "video",
            "stream_index": 0,
            "key_frame": 1,
            "pts": 16,
            "pts_time": "0.533877",
            "pkt_dts": 16,
            "pkt_dts_time": "0.533877",
            "best_effort_timestamp": 16,
            "best_effort_timestamp_time": "0.533877",
            "duration": 1,
            "duration_time": "0.033367",
            "pkt_pos": "2048868",
            "pkt_size": "120000",
            "width": 720,
            "height": 480,
            "crop_top": 0,
            "crop_bottom": 0,
            "crop_left": 0,
            "crop_right": 0,
            "pix_fmt": "yuv411p",
            "sample_aspect_ratio": "8:9",
            "pict_type": "I",
            "interlaced_frame": 1,
            "top_field_first": 0,
            "repeat_pict": 0,
            "chroma_location": "topleft"
        },
        {
            "media_type": "video",
            "stream_index": 0,
            "key_frame": 1,
            "pts": 17,
            "pts_time": "0.567244",
            "pkt_dts": 17,
            "pkt_dts_time": "0.567244",
            "best_effort_timestamp": 17,
            "best_effort_timestamp_time": "0.567244",
            "duration": 1,
            "duration_time": "0.033367",
            "pkt_pos": "2168876",
            "pkt_size": "120000",
            "width": 720,
            "height": 480,
            "crop_top": 0,
            "crop_bottom": 0,
            "crop_left": 0,
            "crop_right": 0,
            "pix_fmt": "yuv411p",
            "sample_aspect_ratio": "8:9",
            "pict_type": "I",
            "interlaced_frame": 1,
            "top_field_first": 0,
            "repeat_pict": 0,
            "chroma_location": "topleft"
        },
        {
            "media_type": "video",
            "stream_index": 0,
            "key_frame": 1,
            "pts": 18,
            "pts_time": "0.600611",
            "pkt_dts": 18,
            "pkt_dts_time": "0.600611",
            "best_effort_timestamp": 18,
            "best_effort_timestamp_time": "0.600611",
            "duration": 1,
            "duration_time": "0.033367",
            "pkt_pos": "2288884",
            "pkt_size": "120000",
            "width": 720,
            "height": 480,
            "crop_top": 0,
            "crop_bottom": 0,
            "crop_left": 0,
            "crop_right": 0,
            "pix_fmt": "yuv411p",
            "sample_aspect_ratio": "8:9",
            "pict_type": "I",
            "interlaced_frame": 1,
            "top_field_first": 0,
            "repeat_pict": 0,
            "chroma_location": "topleft"
        },
        {
            "media_type": "video",
            "stream_index": 0,
            "key_frame": 1,
            "pts": 19,
            "pts_time": "0.633979",
            "pkt_dts": 19,
            "pkt_dts_time": "0.633979",
            "best_effort_timestamp": 19,
            "best_effort_timestamp_time": "0.633979",
            "duration": 1,
            "duration_time": "0.033367",
            "pkt_pos": "2408892",
            "pkt_size": "120000",
            "width": 720,
            "height": 480,
            "crop_top": 0,
            "crop_bottom": 0,
            "crop_left": 0,
            "crop_right": 0,
            "pix_fmt": "yuv411p",
            "sample_aspect_ratio": "8:9",
            "pict_type": "I",
            "interlaced_frame": 1,
            "top_field_first": 0,
            "repeat_pict": 0,
            "chroma_location": "topleft"
        },
        {
            "media_type": "video",
            "stream_index": 0,
            "key_frame": 1,
            "pts": 20,
            "pts_time": "0.667346",
            "pkt_dts": 20,
            "pkt_dts_time": "0.667346",
            "best_effort_timestamp": 20,
            "best_effort_timestamp_time": "0.667346",
            "duration": 1,
            "duration_time": "0.033367",
            "pkt_pos": "2528900",
            "pkt_size": "120000",
            "width": 720,
            "height": 480,
            "crop_top": 0,
            "crop_bottom": 0,
            "crop_left": 0,
            "crop_right": 0,
            "pix_fmt": "yuv411p",
            "sample_aspect_ratio": "8:9",
            "pict_type": "I",
            "interlaced_frame": 1,
            "top_field_first": 0,
            "repeat_pict": 0,
            "chroma_location": "topleft"
        },
        {
            "media_type": "video",
            "stream_index": 0,
            "key_frame": 1,
            "pts": 21,
            "pts_time": "0.700713",
            "pkt_dts": 21,
            "pkt_dts_time": "0.700713",
            "best_effort_timestamp": 21,
            "best_effort_timestamp_time": "0.700713",
            "duration": 1,
            "duration_time": "0.033367",
            "pkt_pos": "2648908",
            "pkt_size": "120000",
            "width": 720,
            "height": 480,
            "crop_top": 0,
            "crop_bottom": 0,
            "crop_left": 0,
            "crop_right": 0,
            "pix_fmt": "yuv411p",
            "sample_aspect_ratio": "8:9",
            "pict_type": "I",
            "interlaced_frame": 1,
            "top_field_first": 0,
            "repeat_pict": 0,
            "chroma_location": "topleft"
        },
        {
            "media_type": "video",
            "stream_index": 0,
            "key_frame": 1,
            "pts": 22,
            "pts_time": "0.734081",
            "pkt_dts": 22,
            "pkt_dts_time": "0.734081",
            "best_effort_timestamp": 22,
            "best_effort_timestamp_time": "0.734081",
            "duration": 1,
            "duration_time": "0.033367",
            "pkt_pos": "2768916",
            "pkt_size": "120000",
            "width": 720,
            "height": 480,
            "crop_top": 0,
            "crop_bottom": 0,
            "crop_left": 0,
            "crop_right": 0,
            "pix_fmt": "yuv411p",
            "sample_aspect_ratio": "8:9",
            "pict_type": "I",
            "interlaced_frame": 1,
            "top_field_first": 0,
            "repeat_pict": 0,
            "chroma_location": "topleft"
        },
        {
            "media_type": "video",
            "stream_index": 0,
            "key_frame": 1,
            "pts": 23,
            "pts_time": "0.767448",
            "pkt_dts": 23,
            "pkt_dts_time": "0.767448",
            "best_effort_timestamp": 23,
            "best_effort_timestamp_time": "0.767448",
            "duration": 1,
            "duration_time": "0.033367",
            "pkt_pos": "2888924",
            "pkt_size": "120000",
            "width": 720,
            "height": 480,
            "crop_top": 0,
            "crop_bottom": 0,
            "crop_left": 0,
            "crop_right": 0,
            "pix_fmt": "yuv411p",
            "sample_aspect_ratio": "8:9",
            "pict_type": "I",
            "interlaced_frame": 1,
            "top_field_first": 0,
            "repeat_pict": 0,
            "chroma_location": "topleft"
        },
        {
            "media_type": "video",
            "stream_index": 0,
            "key_frame": 1,
            "pts": 24,
            "pts_time": "0.800815",
            "pkt_dts": 24,
            "pkt_dts_time": "0.800815",
            "best_effort_timestamp": 24,
            "best_effort_timestamp_time": "0.800815",
            "duration": 1,
            "duration_time": "0.033367",
            "pkt_pos": "3008932",
            "pkt_size": "120000",
            "width": 720,
            "height": 480,
            "crop_top": 0,
            "crop_bottom": 0,
            "crop_left": 0,
            "crop_right": 0,
            "pix_fmt": "yuv411p",
            "sample_aspect_ratio": "8:9",
            "pict_type": "I",
            "interlaced_frame": 1,
            "top_field_first": 0,
            "repeat_pict": 0,
            "chroma_location": "topleft"
        },
        {
            "media_type": "video",
            "stream_index": 0,
            "key_frame": 1,
            "pts": 25,
            "pts_time": "0.834183",
            "pkt_dts": 25,
            "pkt_dts_time": "0.834183",
            "best_effort_timestamp": 25,
            "best_effort_timestamp_time": "0.834183",
            "duration": 1,
            "duration_time": "0.033367",
            "pkt_pos": "3128940",
            "pkt_size": "120000",
            "width": 720,
            "height": 480,
            "crop_top": 0,
            "crop_bottom": 0,
            "crop_left": 0,
            "crop_right": 0,
            "pix_fmt": "yuv411p",
            "sample_aspect_ratio": "8:9",
            "pict_type": "I",
            "interlaced_frame": 1,
            "top_field_first": 0,
            "repeat_pict": 0,
            "chroma_location": "topleft"
        },
        {
            "media_type": "video",
            "stream_index": 0,
            "key_frame": 1,
            "pts": 26,
            "pts_time": "0.867550",
            "pkt_dts": 26,
            "pkt_dts_time": "0.867550",
            "best_effort_timestamp": 26,
            "best_effort_timestamp_time": "0.867550",
            "duration": 1,
            "duration_time": "0.033367",
            "pkt_pos": "3248948",
            "pkt_size": "120000",
            "width": 720,
            "height": 480,
            "crop_top": 0,
            "crop_bottom": 0,
            "crop_left": 0,
            "crop_right": 0,
            "pix_fmt": "yuv411p",
            "sample_aspect_ratio": "8:9",
            "pict_type": "I",
            "interlaced_frame": 1,
            "top_field_first": 0,
            "repeat_pict": 0,
            "chroma_location": "topleft"
        },
        {
            "media_type": "video",
            "stream_index": 0,
            "key_frame": 1,
            "pts": 27,
            "pts_time": "0.900917",
            "pkt_dts": 27,
            "pkt_dts_time": "0.900917",
            "best_effort_timestamp": 27,
            "best_effort_timestamp_time": "0.900917",
            "duration": 1,
            "duration_time": "0.033367",
            "pkt_pos": "3368956",
            "pkt_size": "120000",
            "width": 720,
            "height": 480,
            "crop_top": 0,
            "crop_bottom": 0,
            "crop_left": 0,
            "crop_right": 0,
            "pix_fmt": "yuv411p",
            "sample_aspect_ratio": "8:9",
            "pict_type": "I",
            "interlaced_frame": 1,
            "top_field_first": 0,
            "repeat_pict": 0,
            "chroma_location": "topleft"
        },
        {
            "media_type": "video",
            "stream_index": 0,
            "key_frame": 1,
            "pts": 28,
            "pts_time": "0.934284",
            "pkt_dts": 28,
            "pkt_dts_time": "0.934284",
            "best_effort_timestamp": 28,
            "best_effort_timestamp_time": "0.934284",
            "duration": 1,
            "duration_time": "0.033367",
            "pkt_pos": "3488964",
            "pkt_size": "120000",
            "width": 720,
            "height": 480,
            "crop_top": 0,
            "crop_bottom": 0,
            "crop_left": 0,
            "crop_right": 0,
            "pix_fmt": "yuv411p",
            "sample_aspect_ratio": "8:9",
            "pict_type": "I",
            "interlaced_frame": 1,
            "top_field_first": 0,
            "repeat_pict": 0,
            "chroma_location": "topleft"
        },
        {
            "media_type": "video",
            "stream_index": 0,
            "key_frame": 1,
            "pts": 29,
            "pts_time": "0.967652",
            "pkt_dts": 29,
            "pkt_dts_time": "0.967652",
            "best_effort_timestamp": 29,
            "best_effort_timestamp_time": "0.967652",
            "duration": 1,
            "duration_time": "0.033367",
            "pkt_pos": "3732836",
            "pkt_size": "120000",
            "width": 720,
            "height": 480,
            "crop_top": 0,
            "crop_bottom": 0,
            "crop_left": 0,
            "crop_right": 0,
            "pix_fmt": "yuv411p",
            "sample_aspect_ratio": "8:9",
            "pict_type": "I",
            "interlaced_frame": 1,
            "top_field_first": 0,
            "repeat_pict": 0,
            "chroma_location": "topleft"
        },
        {
            "media_type": "video",
            "stream_index": 0,
            "key_frame": 1,
            "pts": 30,
            "pts_time": "1.001019",
            "pkt_dts": 30,
            "pkt_dts_time": "1.001019",
            "best_effort_timestamp": 30,
            "best_effort_timestamp_time": "1.001019",
            "duration": 1,
            "duration_time": "0.033367",
            "pkt_pos": "3852844",
            "pkt_size": "120000",
            "width": 720,
            "height": 480,
            "crop_top": 0,
            "crop_bottom": 0,
            "crop_left": 0,
            "crop_right": 0,
            "pix_fmt": "yuv411p",
            "sample_aspect_ratio": "8:9",
            "pict_type": "I",
            "interlaced_frame": 1,
            "top_field_first": 0,
            "repeat_pict": 0,
            "chroma_location": "topleft"
        },
        {
            "media_type": "video",
            "stream_index": 0,
            "key_frame": 1,
            "pts": 31,
            "pts_time": "1.034386",
            "pkt_dts": 31,
            "pkt_dts_time": "1.034386",
            "best_effort_timestamp": 31,
            "best_effort_timestamp_time": "1.034386",
            "duration": 1,
            "duration_time": "0.033367",
            "pkt_pos": "3972852",
            "pkt_size": "120000",
            "width": 720,
            "height": 480,
            "crop_top": 0,
            "crop_bottom": 0,
            "crop_left": 0,
            "crop_right": 0,
            "pix_fmt": "yuv411p",
            "sample_aspect_ratio": "8:9",
            "pict_type": "I",
            "interlaced_frame": 1,
            "top_field_first": 0,
            "repeat_pict": 0,
            "chroma_location": "topleft"
        },
        {
            "media_type": "video",
            "stream_index": 0,
            "key_frame": 1,
            "pts": 32,
            "pts_time": "1.067754",
            "pkt_dts": 32,
            "pkt_dts_time": "1.067754",
            "best_effort_timestamp": 32,
            "best_effort_timestamp_time": "1.067754",
            "duration": 1,
            "duration_time": "0.033367",
            "pkt_pos": "4092860",
            "pkt_size": "120000",
            "width": 720,
            "height": 480,
            "crop_top": 0,
            "crop_bottom": 0,
            "crop_left": 0,
            "crop_right": 0,
            "pix_fmt": "yuv411p",
            "sample_aspect_ratio": "8:9",
            "pict_type": "I",
            "interlaced_frame": 1,
            "top_field_first": 0,
            "repeat_pict": 0,
            "chroma_location": "topleft"
        },
        {
            "media_type": "video",
            "stream_index": 0,
            "key_frame": 1,
            "pts": 33,
            "pts_time": "1.101121",
            "pkt_dts": 33,
            "pkt_dts_time": "1.101121",
            "best_effort_timestamp": 33,
            "best_effort_timestamp_time": "1.101121",
            "duration": 1,
            "duration_time": "0.033367",
            "pkt_pos": "4212868",
            "pkt_size": "120000",
            "width": 720,
            "height": 480,
            "crop_top": 0,
            "crop_bottom": 0,
            "crop_left": 0,
            "crop_right": 0,
            "pix_fmt": "yuv411p",
            "sample_aspect_ratio": "8:9",
            "pict_type": "I",
            "interlaced_frame": 1,
            "top_field_first": 0,
            "repeat_pict": 0,
            "chroma_location": "topleft"
        },
        {
            "media_type": "video",
            "stream_index": 0,
            "key_frame": 1,
            "pts": 34,
            "pts_time": "1.134488",
            "pkt_dts": 34,
            "pkt_dts_time": "1.134488",
            "best_effort_timestamp": 34,
            "best_effort_timestamp_time": "1.134488",
            "duration": 1,
            "duration_time": "0.033367",
            "pkt_pos": "4332876",
            "pkt_size": "120000",
            "width": 720,
            "height": 480,
            "crop_top": 0,
            "crop_bottom": 0,
            "crop_left": 0,
            "crop_right": 0,
            "pix_fmt": "yuv411p",
            "sample_aspect_ratio": "8:9",
            "pict_type": "I",
            "interlaced_frame": 1,
            "top_field_first": 0,
            "repeat_pict": 0,
            "chroma_location": "topleft"
        },
        {
            "media_type": "video",
            "stream_index": 0,
            "key_frame": 1,
            "pts": 35,
            "pts_time": "1.167856",
            "pkt_dts": 35,
            "pkt_dts_time": "1.167856",
            "best_effort_timestamp": 35,
            "best_effort_timestamp_time": "1.167856",
            "duration": 1,
            "duration_time": "0.033367",
            "pkt_pos": "4452884",
            "pkt_size": "120000",
            "width": 720,
            "height": 480,
            "crop_top": 0,
            "crop_bottom": 0,
            "crop_left": 0,
            "crop_right": 0,
            "pix_fmt": "yuv411p",
            "sample_aspect_ratio": "8:9",
            "pict_type": "I",
            "interlaced_frame": 1,
            "top_field_first": 0,
            "repeat_pict": 0,
            "chroma_location": "topleft"
        },
        {
            "media_type": "video",
            "stream_index": 0,
            "key_frame": 1,
            "pts": 36,
            "pts_time": "1.201223",
            "pkt_dts": 36,
            "pkt_dts_time": "1.201223",
            "best_effort_timestamp": 36,
            "best_effort_timestamp_time": "1.201223",
            "duration": 1,
            "duration_time": "0.033367",
            "pkt_pos": "4572892",
            "pkt_size": "120000",
            "width": 720,
            "height": 480,
            "crop_top": 0,
            "crop_bottom": 0,
            "crop_left": 0,
            "crop_right": 0,
            "pix_fmt": "yuv411p",
            "sample_aspect_ratio": "8:9",
            "pict_type": "I",
            "interlaced_frame": 1,
            "top_field_first": 0,
            "repeat_pict": 0,
            "chroma_location": "topleft"
        },
        {
            "media_type": "video",
            "stream_index": 0,
            "key_frame": 1,
            "pts": 37,
            "pts_time": "1.234590",
            "pkt_dts": 37,
            "pkt_dts_time": "1.234590",
            "best_effort_timestamp": 37,
            "best_effort_timestamp_time": "1.234590",
            "duration": 1,
            "duration_time": "0.033367",
            "pkt_pos": "4692900",
            "pkt_size": "120000",
            "width": 720,
            "height": 480,
            "crop_top": 0,
            "crop_bottom": 0,
            "crop_left": 0,
            "crop_right": 0,
            "pix_fmt": "yuv411p",
            "sample_aspect_ratio": "8:9",
            "pict_type": "I",
            "interlaced_frame": 1,
            "top_field_first": 0,
            "repeat_pict": 0,
            "chroma_location": "topleft"
        },
        {
            "media_type": "video",
            "stream_index": 0,
            "key_frame": 1,
            "pts": 38,
            "pts_time": "1.267957",
            "pkt_dts": 38,
            "pkt_dts_time": "1.267957",
            "best_effort_timestamp": 38,
            "best_effort_timestamp_time": "1.267957",
            "duration": 1,
            "duration_time": "0.033367",
            "pkt_pos": "4812908",
            "pkt_size": "120000",
            "width": 720,
            "height": 480,
            "crop_top": 0,
            "crop_bottom": 0,
            "crop_left": 0,
            "crop_right": 0,
            "pix_fmt": "yuv411p",
            "sample_aspect_ratio": "8:9",
            "pict_type": "I",
            "interlaced_frame": 1,
            "top_field_first": 0,
            "repeat_pict": 0,
            "chroma_location": "topleft"
        },
        {
            "media_type": "video",
            "stream_index": 0,
            "key_frame": 1,
            "pts": 39,
            "pts_time": "1.301325",
            "pkt_dts": 39,
            "pkt_dts_time": "1.301325",
            "best_effort_timestamp": 39,
            "best_effort_timestamp_time": "1.301325",
            "duration": 1,
            "duration_time": "0.033367",
            "pkt_pos": "4932916",
            "pkt_size": "120000",
            "width": 720,
            "height": 480,
            "crop_top": 0,
            "crop_bottom": 0,
            "crop_left": 0,
            "crop_right": 0,
            "pix_fmt": "yuv411p",
            "sample_aspect_ratio": "8:9",
            "pict_type": "I",
            "interlaced_frame": 1,
            "top_field_first": 0,
            "repeat_pict": 0,
            "chroma_location": "topleft"
        },
        {
            "media_type": "video",
            "stream_index": 0,
            "key_frame": 1,
            "pts": 40,
            "pts_time": "1.334692",
            "pkt_dts": 40,
            "pkt_dts_time": "1.334692",
            "best_effort_timestamp": 40,
            "best_effort_timestamp_time": "1.334692",
            "duration": 1,
            "duration_time": "0.033367",
            "pkt_pos": "5052924",
            "pkt_size": "120000",
            "width": 720,
            "height": 480,
            "crop_top": 0,
            "crop_bottom": 0,
            "crop_left": 0,
            "crop_right": 0,
            "pix_fmt": "yuv411p",
            "sample_aspect_ratio": "8:9",
            "pict_type": "I",
            "interlaced_frame": 1,
            "top_field_first": 0,
            "repeat_pict": 0,
            "chroma_location": "topleft"
        },
        {
            "media_type": "video",
            "stream_index": 0,
            "key_frame": 1,
            "pts": 41,
            "pts_time": "1.368059",
            "pkt_dts": 41,
            "pkt_dts_time": "1.368059",
            "best_effort_timestamp": 41,
            "best_effort_timestamp_time": "1.368059",
            "duration": 1,
            "duration_time": "0.033367",
            "pkt_pos": "5172932",
            "pkt_size": "120000",
            "width": 720,
            "height": 480,
            "crop_top": 0,
            "crop_bottom": 0,
            "crop_left": 0,
            "crop_right": 0,
            "pix_fmt": "yuv411p",
            "sample_aspect_ratio": "8:9",
            "pict_type": "I",
            "interlaced_frame": 1,
            "top_field_first": 0,
            "repeat_pict": 0,
            "chroma_location": "topleft"
        },
        {
            "media_type": "video",
            "stream_index": 0,
            "key_frame": 1,
            "pts": 42,
            "pts_time": "1.401427",
            "pkt_dts": 42,
            "pkt_dts_time": "1.401427",
            "best_effort_timestamp": 42,
            "best_effort_timestamp_time": "1.401427",
            "duration": 1,
            "duration_time": "0.033367",
            "pkt_pos": "5292940",
            "pkt_size": "120000",
            "width": 720,
            "height": 480,
            "crop_top": 0,
            "crop_bottom": 0,
            "crop_left": 0,
            "crop_right": 0,
            "pix_fmt": "yuv411p",
            "sample_aspect_ratio": "8:9",
            "pict_type": "I",
            "interlaced_frame": 1,
            "top_field_first": 0,
            "repeat_pict": 0,
            "chroma_location": "topleft"
        },
        {
            "media_type": "video",
            "stream_index": 0,
            "key_frame": 1,
            "pts": 43,
            "pts_time": "1.434794",
            "pkt_dts": 43,
            "pkt_dts_time": "1.434794",
            "best_effort_timestamp": 43,
            "best_effort_timestamp_time": "1.434794",
            "duration": 1,
            "duration_time": "0.033367",
            "pkt_pos": "5412948",
            "pkt_size": "120000",
            "width": 720,
            "height": 480,
            "crop_top": 0,
            "crop_bottom": 0,
            "crop_left": 0,
            "crop_right": 0,
            "pix_fmt": "yuv411p",
            "sample_aspect_ratio": "8:9",
            "pict_type": "I",
            "interlaced_frame": 1,
            "top_field_first": 0,
            "repeat_pict": 0,
            "chroma_location": "topleft"
        },
        {
            "media_type": "video",
            "stream_index": 0,
            "key_frame": 1,
            "pts": 44,
            "pts_time": "1.468161",
            "pkt_dts": 44,
            "pkt_dts_time": "1.468161",
            "best_effort_timestamp": 44,
            "best_effort_timestamp_time": "1.468161",
            "duration": 1,
            "duration_time": "0.033367",
            "pkt_pos": "5532956",
            "pkt_size": "120000",
            "width": 720,
            "height": 480,
            "crop_top": 0,
            "crop_bottom": 0,
            "crop_left": 0,
            "crop_right": 0,
            "pix_fmt": "yuv411p",
            "sample_aspect_ratio": "8:9",
            "pict_type": "I",
            "interlaced_frame": 1,
            "top_field_first": 0,
            "repeat_pict": 0,
            "chroma_location": "topleft"
        },
        {
            "media_type": "video",
            "stream_index": 0,
            "key_frame": 1,
            "pts": 45,
            "pts_time": "1.501529",
            "pkt_dts": 45,
            "pkt_dts_time": "1.501529",
            "best_effort_timestamp": 45,
            "best_effort_timestamp_time": "1.501529",
            "duration": 1,
            "duration_time": "0.033367",
            "pkt_pos": "5652964",
            "pkt_size": "120000",
            "width": 720,
            "height": 480,
            "crop_top": 0,
            "crop_bottom": 0,
            "crop_left": 0,
            "crop_right": 0,
            "pix_fmt": "yuv411p",
            "sample_aspect_ratio": "8:9",
            "pict_type": "I",
            "interlaced_frame": 1,
            "top_field_first": 0,
            "repeat_pict": 0,
            "chroma_location": "topleft"
        },
        {
            "media_type": "video",
            "stream_index": 0,
            "key_frame": 1,
            "pts": 46,
            "pts_time": "1.534896",
            "pkt_dts": 46,
            "pkt_dts_time": "1.534896",
            "best_effort_timestamp": 46,
            "best_effort_timestamp_time": "1.534896",
            "duration": 1,
            "duration_time": "0.033367",
            "pkt_pos": "5772972",
            "pkt_size": "120000",
            "width": 720,
            "height": 480,
            "crop_top": 0,
            "crop_bottom": 0,
            "crop_left": 0,
            "crop_right": 0,
            "pix_fmt": "yuv411p",
            "sample_aspect_ratio": "8:9",
            "pict_type": "I",
            "interlaced_frame": 1,
            "top_field_first": 0,
            "repeat_pict": 0,
            "chroma_location": "topleft"
        },
        {
            "media_type": "video",
            "stream_index": 0,
            "key_frame": 1,
            "pts": 47,
            "pts_time": "1.568263",
            "pkt_dts": 47,
            "pkt_dts_time": "1.568263",
            "best_effort_timestamp": 47,
            "best_effort_timestamp_time": "1.568263",
            "duration": 1,
            "duration_time": "0.033367",
            "pkt_pos": "5892980",
            "pkt_size": "120000",
            "width": 720,
            "height": 480,
            "crop_top": 0,
            "crop_bottom": 0,
            "crop_left": 0,
            "crop_right": 0,
            "pix_fmt": "yuv411p",
            "sample_aspect_ratio": "8:9",
            "pict_type": "I",
            "interlaced_frame": 1,
            "top_field_first": 0,
            "repeat_pict": 0,
            "chroma_location": "topleft"
        },
        {
            "media_type": "video",
            "stream_index": 0,
            "key_frame": 1,
            "pts": 48,
            "pts_time": "1.601630",
            "pkt_dts": 48,
            "pkt_dts_time": "1.601630",
            "best_effort_timestamp": 48,
            "best_effort_timestamp_time": "1.601630",
            "duration": 1,
            "duration_time": "0.033367",
            "pkt_pos": "6012988",
            "pkt_size": "120000",
            "width": 720,
            "height": 480,
            "crop_top": 0,
            "crop_bottom": 0,
            "crop_left": 0,
            "crop_right": 0,
            "pix_fmt": "yuv411p",
            "sample_aspect_ratio": "8:9",
            "pict_type": "I",
            "interlaced_frame": 1,
            "top_field_first": 0,
            "repeat_pict": 0,
            "chroma_location": "topleft"
        },
        {
            "media_type": "video",
            "stream_index": 0,
            "key_frame": 1,
            "pts": 49,
            "pts_time": "1.634998",
            "pkt_dts": 49,
            "pkt_dts_time": "1.634998",
            "best_effort_timestamp": 49,
            "best_effort_timestamp_time": "1.634998",
            "duration": 1,
            "duration_time": "0.033367",
            "pkt_pos": "6132996",
            "pkt_size": "120000",
            "width": 720,
            "height": 480,
            "crop_top": 0,
            "crop_bottom": 0,
            "crop_left": 0,
            "crop_right": 0,
            "pix_fmt": "yuv411p",
            "sample_aspect_ratio": "8:9",
            "pict_type": "I",
            "interlaced_frame": 1,
            "top_field_first": 0,
            "repeat_pict": 0,
            "chroma_location": "topleft"
        },
        {
            "media_type": "video",
            "stream_index": 0,
            "key_frame": 1,
            "pts": 50,
            "pts_time": "1.668365",
            "pkt_dts": 50,
            "pkt_dts_time": "1.668365",
            "best_effort_timestamp": 50,
            "best_effort_timestamp_time": "1.668365",
            "duration": 1,
            "duration_time": "0.033367",
            "pkt_pos": "6253004",
            "pkt_size": "120000",
            "width": 720,
            "height": 480,
            "crop_top": 0,
            "crop_bottom": 0,
            "crop_left": 0,
            "crop_right": 0,
            "pix_fmt": "yuv411p",
            "sample_aspect_ratio": "8:9",
            "pict_type": "I",
            "interlaced_frame": 1,
            "top_field_first": 0,
            "repeat_pict": 0,
            "chroma_location": "topleft"
        },
        {
            "media_type": "video",
            "stream_index": 0,
            "key_frame": 1,
            "pts": 51,
            "pts_time": "1.701732",
            "pkt_dts": 51,
            "pkt_dts_time": "1.701732",
            "best_effort_timestamp": 51,
            "best_effort_timestamp_time": "1.701732",
            "duration": 1,
            "duration_time": "0.033367",
            "pkt_pos": "6373012",
            "pkt_size": "120000",
            "width": 720,
            "height": 480,
            "crop_top": 0,
            "crop_bottom": 0,
            "crop_left": 0,
            "crop_right": 0,
            "pix_fmt": "yuv411p",
            "sample_aspect_ratio": "8:9",
            "pict_type": "I",
            "interlaced_frame": 1,
            "top_field_first": 0,
            "repeat_pict": 0,
            "chroma_location": "topleft"
        },
        {
            "media_type": "video",
            "stream_index": 0,
            "key_frame": 1,
            "pts": 52,
            "pts_time": "1.735100",
            "pkt_dts": 52,
            "pkt_dts_time": "1.735100",
            "best_effort_timestamp": 52,
            "best_effort_timestamp_time": "1.735100",
            "duration": 1,
            "duration_time": "0.033367",
            "pkt_pos": "6493020",
            "pkt_size": "120000",
            "width": 720,
            "height": 480,
            "crop_top": 0,
            "crop_bottom": 0,
            "crop_left": 0,
            "crop_right": 0,
            "pix_fmt": "yuv411p",
            "sample_aspect_ratio": "8:9",
            "pict_type": "I",
            "interlaced_frame": 1,
            "top_field_first": 0,
            "repeat_pict": 0,
            "chroma_location": "topleft"
        },
        {
            "media_type": "video",
            "stream_index": 0,
            "key_frame": 1,
            "pts": 53,
            "pts_time": "1.768467",
            "pkt_dts": 53,
            "pkt_dts_time": "1.768467",
            "best_effort_timestamp": 53,
            "best_effort_timestamp_time": "1.768467",
            "duration": 1,
            "duration_time": "0.033367",
            "pkt_pos": "6613028",
            "pkt_size": "120000",
            "width": 720,
            "height": 480,
            "crop_top": 0,
            "crop_bottom": 0,
            "crop_left": 0,
            "crop_right": 0,
            "pix_fmt": "yuv411p",
            "sample_aspect_ratio": "8:9",
            "pict_type": "I",
            "interlaced_frame": 1,
            "top_field_first": 0,
            "repeat_pict": 0,
            "chroma_location": "topleft"
        },
        {
            "media_type": "video",
            "stream_index": 0,
            "key_frame": 1,
            "pts": 54,
            "pts_time": "1.801834",
            "pkt_dts": 54,
            "pkt_dts_time": "1.801834",
            "best_effort_timestamp": 54,
            "best_effort_timestamp_time": "1.801834",
            "duration": 1,
            "duration_time": "0.033367",
            "pkt_pos": "6733036",
            "pkt_size": "120000",
            "width": 720,
            "height": 480,
            "crop_top": 0,
            "crop_bottom": 0,
            "crop_left": 0,
            "crop_right": 0,
            "pix_fmt": "yuv411p",
            "sample_aspect_ratio": "8:9",
            "pict_type": "I",
            "interlaced_frame": 1,
            "top_field_first": 0,
            "repeat_pict": 0,
            "chroma_location": "topleft"
        },
        {
            "media_type": "video",
            "stream_index": 0,
            "key_frame": 1,
            "pts": 55,
            "pts_time": "1.835202",
            "pkt_dts": 55,
            "pkt_dts_time": "1.835202",
            "best_effort_timestamp": 55,
            "best_effort_timestamp_time": "1.835202",
            "duration": 1,
            "duration_time": "0.033367",
            "pkt_pos": "6853044",
            "pkt_size": "120000",
            "width": 720,
            "height": 480,
            "crop_top": 0,
            "crop_bottom": 0,
            "crop_left": 0,
            "crop_right": 0,
            "pix_fmt": "yuv411p",
            "sample_aspect_ratio": "8:9",
            "pict_type": "I",
            "interlaced_frame": 1,
            "top_field_first": 0,
            "repeat_pict": 0,
            "chroma_location": "topleft"
        },
        {
            "media_type": "video",
            "stream_index": 0,
            "key_frame": 1,
            "pts": 56,
            "pts_time": "1.868569",
            "pkt_dts": 56,
            "pkt_dts_time": "1.868569",
            "best_effort_timestamp": 56,
            "best_effort_timestamp_time": "1.868569",
            "duration": 1,
            "duration_time": "0.033367",
            "pkt_pos": "6973052",
            "pkt_size": "120000",
            "width": 720,
            "height": 480,
            "crop_top": 0,
            "crop_bottom": 0,
            "crop_left": 0,
            "crop_right": 0,
            "pix_fmt": "yuv411p",
            "sample_aspect_ratio": "8:9",
            "pict_type": "I",
            "interlaced_frame": 1,
            "top_field_first": 0,
            "repeat_pict": 0,
            "chroma_location": "topleft"
        },
        {
            "media_type": "video",
            "stream_index": 0,
            "key_frame": 1,
            "pts": 57,
            "pts_time": "1.901936",
            "pkt_dts": 57,
            "pkt_dts_time": "1.901936",
            "best_effort_timestamp": 57,
            "best_effort_timestamp_time": "1.901936",
            "duration": 1,
            "duration_time": "0.033367",
            "pkt_pos": "7093060",
            "pkt_size": "120000",
            "width": 720,
            "height": 480,
            "crop_top": 0,
            "crop_bottom": 0,
            "crop_left": 0,
            "crop_right": 0,
            "pix_fmt": "yuv411p",
            "sample_aspect_ratio": "8:9",
            "pict_type": "I",
            "interlaced_frame": 1,
            "top_field_first": 0,
            "repeat_pict": 0,
            "chroma_location": "topleft"
        },
        {
            "media_type": "video",
            "stream_index": 0,
            "key_frame": 1,
            "pts": 58,
            "pts_time": "1.935303",
            "pkt_dts": 58,
            "pkt_dts_time": "1.935303",
            "best_effort_timestamp": 58,
            "best_effort_timestamp_time": "1.935303",
            "duration": 1,
            "duration_time": "0.033367",
            "pkt_pos": "7336932",
            "pkt_size": "120000",
            "width": 720,
            "height": 480,
            "crop_top": 0,
            "crop_bottom": 0,
            "crop_left": 0,
            "crop_right": 0,
            "pix_fmt": "yuv411p",
            "sample_aspect_ratio": "8:9",
            "pict_type": "I",
            "interlaced_frame": 1,
            "top_field_first": 0,
            "repeat_pict": 0,
            "chroma_location": "topleft"
        },
        {
            "media_type": "video",
            "stream_index": 0,
            "key_frame": 1,
            "pts": 59,
            "pts_time": "1.968671",
            "pkt_dts": 59,
            "pkt_dts_time": "1.968671",
            "best_effort_timestamp": 59,
            "best_effort_timestamp_time": "1.968671",
            "duration": 1,
            "duration_time": "0.033367",
            "pkt_pos": "7456940",
            "pkt_size": "120000",
            "width": 720,
            "height": 480,
            "crop_top": 0,
            "crop_bottom": 0,
            "crop_left": 0,
            "crop_right": 0,
            "pix_fmt": "yuv411p",
            "sample_aspect_ratio": "8:9",
            "pict_type": "I",
            "interlaced_frame": 1,
            "top_field_first": 0,
            "repeat_pict": 0,
            "chroma_location": "topleft"
        },
        {
            "media_type": "video",
            "stream_index": 0,
            "key_frame": 1,
            "pts": 60,
            "pts_time": "2.002038",
            "pkt_dts": 60,
            "pkt_dts_time": "2.002038",
            "best_effort_timestamp": 60,
            "best_effort_timestamp_time": "2.002038",
            "duration": 1,
            "duration_time": "0.033367",
            "pkt_pos": "7576948",
            "pkt_size": "120000",
            "width": 720,
            "height": 480,
            "crop_top": 0,
            "crop_bottom": 0,
            "crop_left": 0,
            "crop_right": 0,
            "pix_fmt": "yuv411p",
            "sample_aspect_ratio": "8:9",
            "pict_type": "I",
            "interlaced_frame": 1,
            "top_field_first": 0,
            "repeat_pict": 0,
            "chroma_location": "topleft"
        },
        {
            "media_type": "video",
            "stream_index": 0,
            "key_frame": 1,
            "pts": 61,
            "pts_time": "2.035405",
            "pkt_dts": 61,
            "pkt_dts_time": "2.035405",
            "best_effort_timestamp": 61,
            "best_effort_timestamp_time": "2.035405",
            "duration": 1,
            "duration_time": "0.033367",
            "pkt_pos": "7696956",
            "pkt_size": "120000",
            "width": 720,
            "height": 480,
            "crop_top": 0,
            "crop_bottom": 0,
            "crop_left": 0,
            "crop_right": 0,
            "pix_fmt": "yuv411p",
            "sample_aspect_ratio": "8:9",
            "pict_type": "I",
            "interlaced_frame": 1,
            "top_field_first": 0,
            "repeat_pict": 0,
            "chroma_location": "topleft"
        },
        {
            "media_type": "video",
            "stream_index": 0,
            "key_frame": 1,
            "pts": 62,
            "pts_time": "2.068773",
            "pkt_dts": 62,
            "pkt_dts_time": "2.068773",
            "best_effort_timestamp": 62,
            "best_effort_timestamp_time": "2.068773",
            "duration": 1,
            "duration_time": "0.033367",
            "pkt_pos": "7816964",
            "pkt_size": "120000",
            "width": 720,
            "height": 480,
            "crop_top": 0,
            "crop_bottom": 0,
            "crop_left": 0,
            "crop_right": 0,
            "pix_fmt": "yuv411p",
            "sample_aspect_ratio": "8:9",
            "pict_type": "I",
            "interlaced_frame": 1,
            "top_field_first": 0,
            "repeat_pict": 0,
            "chroma_location": "topleft"
        },
        {
            "media_type": "video",
            "stream_index": 0,
            "key_frame": 1,
            "pts": 63,
            "pts_time": "2.102140",
            "pkt_dts": 63,
            "pkt_dts_time": "2.102140",
            "best_effort_timestamp": 63,
            "best_effort_timestamp_time": "2.102140",
            "duration": 1,
            "duration_time": "0.033367",
            "pkt_pos": "7936972",
            "pkt_size": "120000",
            "width": 720,
            "height": 480,
            "crop_top": 0,
            "crop_bottom": 0,
            "crop_left": 0,
            "crop_right": 0,
            "pix_fmt": "yuv411p",
            "sample_aspect_ratio": "8:9",
            "pict_type": "I",
            "interlaced_frame": 1,
            "top_field_first": 0,
            "repeat_pict": 0,
            "chroma_location": "topleft"
        },
        {
            "media_type": "video",
            "stream_index": 0,
            "key_frame": 1,
            "pts": 64,
            "pts_time": "2.135507",
            "pkt_dts": 64,
            "pkt_dts_time": "2.135507",
            "best_effort_timestamp": 64,
            "best_effort_timestamp_time": "2.135507",
            "duration": 1,
            "duration_time": "0.033367",
            "pkt_pos": "8056980",
            "pkt_size": "120000",
            "width": 720,
            "height": 480,
            "crop_top": 0,
            "crop_bottom": 0,
            "crop_left": 0,
            "crop_right": 0,
            "pix_fmt": "yuv411p",
            "sample_aspect_ratio": "8:9",
            "pict_type": "I",
            "interlaced_frame": 1,
            "top_field_first": 0,
            "repeat_pict": 0,
            "chroma_location": "topleft"
        },
        {
            "media_type": "video",
            "stream_index": 0,
            "key_frame": 1,
            "pts": 65,
            "pts_time": "2.168875",
            "pkt_dts": 65,
            "pkt_dts_time": "2.168875",
            "best_effort_timestamp": 65,
            "best_effort_timestamp_time": "2.168875",
            "duration": 1,
            "duration_time": "0.033367",
            "pkt_pos": "8176988",
            "pkt_size": "120000",
            "width": 720,
            "height": 480,
            "crop_top": 0,
            "crop_bottom": 0,
            "crop_left": 0,
            "crop_right": 0,
            "pix_fmt": "yuv411p",
            "sample_aspect_ratio": "8:9",
            "pict_type": "I",
            "interlaced_frame": 1,
            "top_field_first": 0,
            "repeat_pict": 0,
            "chroma_location": "topleft"
        },
        {
            "media_type": "video",
            "stream_index": 0,
            "key_frame": 1,
            "pts": 66,
            "pts_time": "2.202242",
            "pkt_dts": 66,
            "pkt_dts_time": "2.202242",
            "best_effort_timestamp": 66,
            "best_effort_timestamp_time": "2.202242",
            "duration": 1,
            "duration_time": "0.033367",
            "pkt_pos": "8296996",
            "pkt_size": "120000",
            "width": 720,
            "height": 480,
            "crop_top": 0,
            "crop_bottom": 0,
            "crop_left": 0,
            "crop_right": 0,
            "pix_fmt": "yuv411p",
            "sample_aspect_ratio": "8:9",
            "pict_type": "I",
            "interlaced_frame": 1,
            "top_field_first": 0,
            "repeat_pict": 0,
            "chroma_location": "topleft"
        },
        {
            "media_type": "video",
            "stream_index": 0,
            "key_frame": 1,
            "pts": 67,
            "pts_time": "2.235609",
            "pkt_dts": 67,
            "pkt_dts_time": "2.235609",
            "best_effort_timestamp": 67,
            "best_effort_timestamp_time": "2.235609",
            "duration": 1,
            "duration_time": "0.033367",
            "pkt_pos": "8417004",
            "pkt_size": "120000",
            "width": 720,
            "height": 480,
            "crop_top": 0,
            "crop_bottom": 0,
            "crop_left": 0,
            "crop_right": 0,
            "pix_fmt": "yuv411p",
            "sample_aspect_ratio": "8:9",
            "pict_type": "I",
            "interlaced_frame": 1,
            "top_field_first": 0,
            "repeat_pict": 0,
            "chroma_location": "topleft"
        },
        {
            "media_type": "video",
            "stream_index": 0,
            "key_frame": 1,
            "pts": 68,
            "pts_time": "2.268976",
            "pkt_dts": 68,
            "pkt_dts_time": "2.268976",
            "best_effort_timestamp": 68,
            "best_effort_timestamp_time": "2.268976",
            "duration": 1,
            "duration_time": "0.033367",
            "pkt_pos": "8537012",
            "pkt_size": "120000",
            "width": 720,
            "height": 480,
            "crop_top": 0,
            "crop_bottom": 0,
            "crop_left": 0,
            "crop_right": 0,
            "pix_fmt": "yuv411p",
            "sample_aspect_ratio": "8:9",
            "pict_type": "I",
            "interlaced_frame": 1,
            "top_field_first": 0,
            "repeat_pict": 0,
            "chroma_location": "topleft"
        },
        {
            "media_type": "video",
            "stream_index": 0,
            "key_frame": 1,
            "pts": 69,
            "pts_time": "2.302344",
            "pkt_dts": 69,
            "pkt_dts_time": "2.302344",
            "best_effort_timestamp": 69,
            "best_effort_timestamp_time": "2.302344",
            "duration": 1,
            "duration_time": "0.033367",
            "pkt_pos": "8657020",
            "pkt_size": "120000",
            "width": 720,
            "height": 480,
            "crop_top": 0,
            "crop_bottom": 0,
            "crop_left": 0,
            "crop_right": 0,
            "pix_fmt": "yuv411p",
            "sample_aspect_ratio": "8:9",
            "pict_type": "I",
            "interlaced_frame": 1,
            "top_field_first": 0,
            "repeat_pict": 0,
            "chroma_location": "topleft"
        },
        {
            "media_type": "video",
            "stream_index": 0,
            "key_frame": 1,
            "pts": 70,
            "pts_time": "2.335711",
            "pkt_dts": 70,
            "pkt_dts_time": "2.335711",
            "best_effort_timestamp": 70,
            "best_effort_timestamp_time": "2.335711",
            "duration": 1,
            "duration_time": "0.033367",
            "pkt_pos": "8777028",
            "pkt_size": "120000",
            "width": 720,
            "height": 480,
            "crop_top": 0,
            "crop_bottom": 0,
            "crop_left": 0,
            "crop_right": 0,
            "pix_fmt": "yuv411p",
            "sample_aspect_ratio": "8:9",
            "pict_type": "I",
            "interlaced_frame": 1,
            "top_field_first": 0,
            "repeat_pict": 0,
            "chroma_location": "topleft"
        },
        {
            "media_type": "video",
            "stream_index": 0,
            "key_frame": 1,
            "pts": 71,
            "pts_time": "2.369078",
            "pkt_dts": 71,
            "pkt_dts_time": "2.369078",
            "best_effort_timestamp": 71,
            "best_effort_timestamp_time": "2.369078",
            "duration": 1,
            "duration_time": "0.033367",
            "pkt_pos": "8897036",
            "pkt_size": "120000",
            "width": 720,
            "height": 480,
            "crop_top": 0,
            "crop_bottom": 0,
            "crop_left": 0,
            "crop_right": 0,
            "pix_fmt": "yuv411p",
            "sample_aspect_ratio": "8:9",
            "pict_type": "I",
            "interlaced_frame": 1,
            "top_field_first": 0,
            "repeat_pict": 0,
            "chroma_location": "topleft"
        },
        {
            "media_type": "video",
            "stream_index": 0,
            "key_frame": 1,
            "pts": 72,
            "pts_time": "2.402446",
            "pkt_dts": 72,
            "pkt_dts_time": "2.402446",
            "best_effort_timestamp": 72,
            "best_effort_timestamp_time": "2.402446",
            "duration": 1,
            "duration_time": "0.033367",
            "pkt_pos": "9017044",
            "pkt_size": "120000",
            "width": 720,
            "height": 480,
            "crop_top": 0,
            "crop_bottom": 0,
            "crop_left": 0,
            "crop_right": 0,
            "pix_fmt": "yuv411p",
            "sample_aspect_ratio": "8:9",
            "pict_type": "I",
            "interlaced_frame": 1,
            "top_field_first": 0,
            "repeat_pict": 0,
            "chroma_location": "topleft"
        },
        {
            "media_type": "video",
            "stream_index": 0,
            "key_frame": 1,
            "pts": 73,
            "pts_time": "2.435813",
            "pkt_dts": 73,
            "pkt_dts_time": "2.435813",
            "best_effort_timestamp": 73,
            "best_effort_timestamp_time": "2.435813",
            "duration": 1,
            "duration_time": "0.033367",
            "pkt_pos": "9137052",
            "pkt_size": "120000",
            "width": 720,
            "height": 480,
            "crop_top": 0,
            "crop_bottom": 0,
            "crop_left": 0,
            "crop_right": 0,
            "pix_fmt": "yuv411p",
            "sample_aspect_ratio": "8:9",
            "pict_type": "I",
            "interlaced_frame": 1,
            "top_field_first": 0,
            "repeat_pict": 0,
            "chroma_location": "topleft"
        },
        {
            "media_type": "video",
            "stream_index": 0,
            "key_frame": 1,
            "pts": 74,
            "pts_time": "2.469180",
            "pkt_dts": 74,
            "pkt_dts_time": "2.469180",
            "best_effort_timestamp": 74,
            "best_effort_timestamp_time": "2.469180",
            "duration": 1,
            "duration_time": "0.033367",
            "pkt_pos": "9257060",
            "pkt_size": "120000",
            "width": 720,
            "height": 480,
            "crop_top": 0,
            "crop_bottom": 0,
            "crop_left": 0,
            "crop_right": 0,
            "pix_fmt": "yuv411p",
            "sample_aspect_ratio": "8:9",
            "pict_type": "I",
            "interlaced_frame": 1,
            "top_field_first": 0,
            "repeat_pict": 0,
            "chroma_location": "topleft"
        },
        {
            "media_type": "video",
            "stream_index": 0,
            "key_frame": 1,
            "pts": 75,
            "pts_time": "2.502548",
            "pkt_dts": 75,
            "pkt_dts_time": "2.502548",
            "best_effort_timestamp": 75,
            "best_effort_timestamp_time": "2.502548",
            "duration": 1,
            "duration_time": "0.033367",
            "pkt_pos": "9377068",
            "pkt_size": "120000",
            "width": 720,
            "height": 480,
            "crop_top": 0,
            "crop_bottom": 0,
            "crop_left": 0,
            "crop_right": 0,
            "pix_fmt": "yuv411p",
            "sample_aspect_ratio": "8:9",
            "pict_type": "I",
            "interlaced_frame": 1,
            "top_field_first": 0,
            "repeat_pict": 0,
            "chroma_location": "topleft"
        },
        {
            "media_type": "video",
            "stream_index": 0,
            "key_frame": 1,
            "pts": 76,
            "pts_time": "2.535915",
            "pkt_dts": 76,
            "pkt_dts_time": "2.535915",
            "best_effort_timestamp": 76,
            "best_effort_timestamp_time": "2.535915",
            "duration": 1,
            "duration_time": "0.033367",
            "pkt_pos": "9497076",
            "pkt_size": "120000",
            "width": 720,
            "height": 480,
            "crop_top": 0,
            "crop_bottom": 0,
            "crop_left": 0,
            "crop_right": 0,
            "pix_fmt": "yuv411p",
            "sample_aspect_ratio": "8:9",
            "pict_type": "I",
            "interlaced_frame": 1,
            "top_field_first": 0,
            "repeat_pict": 0,
            "chroma_location": "topleft"
        },
        {
            "media_type": "video",
            "stream_index": 0,
            "key_frame": 1,
            "pts": 77,
            "pts_time": "2.569282",
            "pkt_dts": 77,
            "pkt_dts_time": "2.569282",
            "best_effort_timestamp": 77,
            "best_effort_timestamp_time": "2.569282",
            "duration": 1,
            "duration_time": "0.033367",
            "pkt_pos": "9617084",
            "pkt_size": "120000",
            "width": 720,
            "height": 480,
            "crop_top": 0,
            "crop_bottom": 0,
            "crop_left": 0,
            "crop_right": 0,
            "pix_fmt": "yuv411p",
            "sample_aspect_ratio": "8:9",
            "pict_type": "I",
            "interlaced_frame": 1,
            "top_field_first": 0,
            "repeat_pict": 0,
            "chroma_location": "topleft"
        },
        {
            "media_type": "video",
            "stream_index": 0,
            "key_frame": 1,
            "pts": 78,
            "pts_time": "2.602649",
            "pkt_dts": 78,
            "pkt_dts_time": "2.602649",
            "best_effort_timestamp": 78,
            "best_effort_timestamp_time": "2.602649",
            "duration": 1,
            "duration_time": "0.033367",
            "pkt_pos": "9737092",
            "pkt_size": "120000",
            "width": 720,
            "height": 480,
            "crop_top": 0,
            "crop_bottom": 0,
            "crop_left": 0,
            "crop_right": 0,
            "pix_fmt": "yuv411p",
            "sample_aspect_ratio": "8:9",
            "pict_type": "I",
            "interlaced_frame": 1,
            "top_field_first": 0,
            "repeat_pict": 0,
            "chroma_location": "topleft"
        },
        {
            "media_type": "video",
            "stream_index": 0,
            "key_frame": 1,
            "pts": 79,
            "pts_time": "2.636017",
            "pkt_dts": 79,
            "pkt_dts_time": "2.636017",
            "best_effort_timestamp": 79,
            "best_effort_timestamp_time": "2.636017",
            "duration": 1,
            "duration_time": "0.033367",
            "pkt_pos": "9857100",
            "pkt_size": "120000",
            "width": 720,
            "height": 480,
            "crop_top": 0,
            "crop_bottom": 0,
            "crop_left": 0,
            "crop_right": 0,
            "pix_fmt": "yuv411p",
            "sample_aspect_ratio": "8:9",
            "pict_type": "I",
            "interlaced_frame": 1,
            "top_field_first": 0,
            "repeat_pict": 0,
            "chroma_location": "topleft"
        },
        {
            "media_type": "video",
            "stream_index": 0,
            "key_frame": 1,
            "pts": 80,
            "pts_time": "2.669384",
            "pkt_dts": 80,
            "pkt_dts_time": "2.669384",
            "best_effort_timestamp": 80,
            "best_effort_timestamp_time": "2.669384",
            "duration": 1,
            "duration_time": "0.033367",
            "pkt_pos": "9977108",
            "pkt_size": "120000",
            "width": 720,
            "height": 480,
            "crop_top": 0,
            "crop_bottom": 0,
            "crop_left": 0,
            "crop_right": 0,
            "pix_fmt": "yuv411p",
            "sample_aspect_ratio": "8:9",
            "pict_type": "I",
            "interlaced_frame": 1,
            "top_field_first": 0,
            "repeat_pict": 0,
            "chroma_location": "topleft"
        },
        {
            "media_type": "video",
            "stream_index": 0,
            "key_frame": 1,
            "pts": 81,
            "pts_time": "2.702751",
            "pkt_dts": 81,
            "pkt_dts_time": "2.702751",
            "best_effort_timestamp": 81,
            "best_effort_timestamp_time": "2.702751",
            "duration": 1,
            "duration_time": "0.033367",
            "pkt_pos": "10097116",
            "pkt_size": "120000",
            "width": 720,
            "height": 480,
            "crop_top": 0,
            "crop_bottom": 0,
            "crop_left": 0,
            "crop_right": 0,
            "pix_fmt": "yuv411p",
            "sample_aspect_ratio": "8:9",
            "pict_type": "I",
            "interlaced_frame": 1,
            "top_field_first": 0,
            "repeat_pict": 0,
            "chroma_location": "topleft"
        },
        {
            "media_type": "video",
            "stream_index": 0,
            "key_frame": 1,
            "pts": 82,
            "pts_time": "2.736119",
            "pkt_dts": 82,
            "pkt_dts_time": "2.736119",
            "best_effort_timestamp": 82,
            "best_effort_timestamp_time": "2.736119",
            "duration": 1,
            "duration_time": "0.033367",
            "pkt_pos": "10217124",
            "pkt_size": "120000",
            "width": 720,
            "height": 480,
            "crop_top": 0,
            "crop_bottom": 0,
            "crop_left": 0,
            "crop_right": 0,
            "pix_fmt": "yuv411p",
            "sample_aspect_ratio": "8:9",
            "pict_type": "I",
            "interlaced_frame": 1,
            "top_field_first": 0,
            "repeat_pict": 0,
            "chroma_location": "topleft"
        },
        {
            "media_type": "video",
            "stream_index": 0,
            "key_frame": 1,
            "pts": 83,
            "pts_time": "2.769486",
            "pkt_dts": 83,
            "pkt_dts_time": "2.769486",
            "best_effort_timestamp": 83,
            "best_effort_timestamp_time": "2.769486",
            "duration": 1,
            "duration_time": "0.033367",
            "pkt_pos": "10337132",
            "pkt_size": "120000",
            "width": 720,
            "height": 480,
            "crop_top": 0,
            "crop_bottom": 0,
            "crop_left": 0,
            "crop_right": 0,
            "pix_fmt": "yuv411p",
            "sample_aspect_ratio": "8:9",
            "pict_type": "I",
            "interlaced_frame": 1,
            "top_field_first": 0,
            "repeat_pict": 0,
            "chroma_location": "topleft"
        },
        {
            "media_type": "video",
            "stream_index": 0,
            "key_frame": 1,
            "pts": 84,
            "pts_time": "2.802853",
            "pkt_dts": 84,
            "pkt_dts_time": "2.802853",
            "best_effort_timestamp": 84,
            "best_effort_timestamp_time": "2.802853",
            "duration": 1,
            "duration_time": "0.033367",
            "pkt_pos": "10457140",
            "pkt_size": "120000",
            "width": 720,
            "height": 480,
            "crop_top": 0,
            "crop_bottom": 0,
            "crop_left": 0,
            "crop_right": 0,
            "pix_fmt": "yuv411p",
            "sample_aspect_ratio": "8:9",
            "pict_type": "I",
            "interlaced_frame": 1,
            "top_field_first": 0,
            "repeat_pict": 0,
            "chroma_location": "topleft"
        },
        {
            "media_type": "video",
            "stream_index": 0,
            "key_frame": 1,
            "pts": 85,
            "pts_time": "2.836221",
            "pkt_dts": 85,
            "pkt_dts_time": "2.836221",
            "best_effort_timestamp": 85,
            "best_effort_timestamp_time": "2.836221",
            "duration": 1,
            "duration_time": "0.033367",
            "pkt_pos": "10577148",
            "pkt_size": "120000",
            "width": 720,
            "height": 480,
            "crop_top": 0,
            "crop_bottom": 0,
            "crop_left": 0,
            "crop_right": 0,
            "pix_fmt": "yuv411p",
            "sample_aspect_ratio": "8:9",
            "pict_type": "I",
            "interlaced_frame": 1,
            "top_field_first": 0,
            "repeat_pict": 0,
            "chroma_location": "topleft"
        },
        {
            "media_type": "video",
            "stream_index": 0,
            "key_frame": 1,
            "pts": 86,
            "pts_time": "2.869588",
            "pkt_dts": 86,
            "pkt_dts_time": "2.869588",
            "best_effort_timestamp": 86,
            "best_effort_timestamp_time": "2.869588",
            "duration": 1,
            "duration_time": "0.033367",
            "pkt_pos": "10697156",
            "pkt_size": "120000",
            "width": 720,
            "height": 480,
            "crop_top": 0,
            "crop_bottom": 0,
            "crop_left": 0,
            "crop_right": 0,
            "pix_fmt": "yuv411p",
            "sample_aspect_ratio": "8:9",
            "pict_type": "I",
            "interlaced_frame": 1,
            "top_field_first": 0,
            "repeat_pict": 0,
            "chroma_location": "topleft"
        },
        {
            "media_type": "video",
            "stream_index": 0,
            "key_frame": 1,
            "pts": 87,
            "pts_time": "2.902955",
            "pkt_dts": 87,
            "pkt_dts_time": "2.902955",
            "best_effort_timestamp": 87,
            "best_effort_timestamp_time": "2.902955",
            "duration": 1,
            "duration_time": "0.033367",
            "pkt_pos": "10941028",
            "pkt_size": "120000",
            "width": 720,
            "height": 480,
            "crop_top": 0,
            "crop_bottom": 0,
            "crop_left": 0,
            "crop_right": 0,
            "pix_fmt": "yuv411p",
            "sample_aspect_ratio": "8:9",
            "pict_type": "I",
            "interlaced_frame": 1,
            "top_field_first": 0,
            "repeat_pict": 0,
            "chroma_location": "topleft"
        },
        {
            "media_type": "video",
            "stream_index": 0,
            "key_frame": 1,
            "pts": 88,
            "pts_time": "2.936322",
            "pkt_dts": 88,
            "pkt_dts_time": "2.936322",
            "best_effort_timestamp": 88,
            "best_effort_timestamp_time": "2.936322",
            "duration": 1,
            "duration_time": "0.033367",
            "pkt_pos": "11061036",
            "pkt_size": "120000",
            "width": 720,
            "height": 480,
            "crop_top": 0,
            "crop_bottom": 0,
            "crop_left": 0,
            "crop_right": 0,
            "pix_fmt": "yuv411p",
            "sample_aspect_ratio": "8:9",
            "pict_type": "I",
            "interlaced_frame": 1,
            "top_field_first": 0,
            "repeat_pict": 0,
            "chroma_location": "topleft"
        },
        {
            "media_type": "video",
            "stream_index": 0,
            "key_frame": 1,
            "pts": 89,
            "pts_time": "2.969690",
            "pkt_dts": 89,
            "pkt_dts_time": "2.969690",
            "best_effort_timestamp": 89,
            "best_effort_timestamp_time": "2.969690",
            "duration": 1,
            "duration_time": "0.033367",
            "pkt_pos": "11181044",
            "pkt_size": "120000",
            "width": 720,
            "height": 480,
            "crop_top": 0,
            "crop_bottom": 0,
            "crop_left": 0,
            "crop_right": 0,
            "pix_fmt": "yuv411p",
            "sample_aspect_ratio": "8:9",
            "pict_type": "I",
            "interlaced_frame": 1,
            "top_field_first": 0,
            "repeat_pict": 0,
            "chroma_location": "topleft"
        },
        {
            "media_type": "video",
            "stream_index": 0,
            "key_frame": 1,
            "pts": 90,
            "pts_time": "3.003057",
            "pkt_dts": 90,
            "pkt_dts_time": "3.003057",
            "best_effort_timestamp": 90,
            "best_effort_timestamp_time": "3.003057",
            "duration": 1,
            "duration_time": "0.033367",
            "pkt_pos": "11301052",
            "pkt_size": "120000",
            "width": 720,
            "height": 480,
            "crop_top": 0,
            "crop_bottom": 0,
            "crop_left": 0,
            "crop_right": 0,
            "pix_fmt": "yuv411p",
            "sample_aspect_ratio": "8:9",
            "pict_type": "I",
            "interlaced_frame": 1,
            "top_field_first": 0,
            "repeat_pict": 0,
            "chroma_location": "topleft"
        },
        {
            "media_type": "video",
            "stream_index": 0,
            "key_frame": 1,
            "pts": 91,
            "pts_time": "3.036424",
            "pkt_dts": 91,
            "pkt_dts_time": "3.036424",
            "best_effort_timestamp": 91,
            "best_effort_timestamp_time": "3.036424",
            "duration": 1,
            "duration_time": "0.033367",
            "pkt_pos": "11421060",
            "pkt_size": "120000",
            "width": 720,
            "height": 480,
            "crop_top": 0,
            "crop_bottom": 0,
            "crop_left": 0,
            "crop_right": 0,
            "pix_fmt": "yuv411p",
            "sample_aspect_ratio": "8:9",
            "pict_type": "I",
            "interlaced_frame": 1,
            "top_field_first": 0,
            "repeat_pict": 0,
            "chroma_location": "topleft"
        },
        {
            "media_type": "video",
            "stream_index": 0,
            "key_frame": 1,
            "pts": 92,
            "pts_time": "3.069792",
            "pkt_dts": 92,
            "pkt_dts_time": "3.069792",
            "best_effort_timestamp": 92,
            "best_effort_timestamp_time": "3.069792",
            "duration": 1,
            "duration_time": "0.033367",
            "pkt_pos": "11541068",
            "pkt_size": "120000",
            "width": 720,
            "height": 480,
            "crop_top": 0,
            "crop_bottom": 0,
            "crop_left": 0,
            "crop_right": 0,
            "pix_fmt": "yuv411p",
            "sample_aspect_ratio": "8:9",
            "pict_type": "I",
            "interlaced_frame": 1,
            "top_field_first": 0,
            "repeat_pict": 0,
            "chroma_location": "topleft"
        },
        {
            "media_type": "video",
            "stream_index": 0,
            "key_frame": 1,
            "pts": 93,
            "pts_time": "3.103159",
            "pkt_dts": 93,
            "pkt_dts_time": "3.103159",
            "best_effort_timestamp": 93,
            "best_effort_timestamp_time": "3.103159",
            "duration": 1,
            "duration_time": "0.033367",
            "pkt_pos": "11661076",
            "pkt_size": "120000",
            "width": 720,
            "height": 480,
            "crop_top": 0,
            "crop_bottom": 0,
            "crop_left": 0,
            "crop_right": 0,
            "pix_fmt": "yuv411p",
            "sample_aspect_ratio": "8:9",
            "pict_type": "I",
            "interlaced_frame": 1,
            "top_field_first": 0,
            "repeat_pict": 0,
            "chroma_location": "topleft"
        },
        {
            "media_type": "video",
            "stream_index": 0,
            "key_frame": 1,
            "pts": 94,
            "pts_time": "3.136526",
            "pkt_dts": 94,
            "pkt_dts_time": "3.136526",
            "best_effort_timestamp": 94,
            "best_effort_timestamp_time": "3.136526",
            "duration": 1,
            "duration_time": "0.033367",
            "pkt_pos": "11781084",
            "pkt_size": "120000",
            "width": 720,
            "height": 480,
            "crop_top": 0,
            "crop_bottom": 0,
            "crop_left": 0,
            "crop_right": 0,
            "pix_fmt": "yuv411p",
            "sample_aspect_ratio": "8:9",
            "pict_type": "I",
            "interlaced_frame": 1,
            "top_field_first": 0,
            "repeat_pict": 0,
            "chroma_location": "topleft"
        },
        {
            "media_type": "video",
            "stream_index": 0,
            "key_frame": 1,
            "pts": 95,
            "pts_time": "3.169894",
            "pkt_dts": 95,
            "pkt_dts_time": "3.169894",
            "best_effort_timestamp": 95,
            "best_effort_timestamp_time": "3.169894",
            "duration": 1,
            "duration_time": "0.033367",
            "pkt_pos": "11901092",
            "pkt_size": "120000",
            "width": 720,
            "height": 480,
            "crop_top": 0,
            "crop_bottom": 0,
            "crop_left": 0,
            "crop_right": 0,
            "pix_fmt": "yuv411p",
            "sample_aspect_ratio": "8:9",
            "pict_type": "I",
            "interlaced_frame": 1,
            "top_field_first": 0,
            "repeat_pict": 0,
            "chroma_location": "topleft"
        },
        {
            "media_type": "video",
            "stream_index": 0,
            "key_frame": 1,
            "pts": 96,
            "pts_time": "3.203261",
            "pkt_dts": 96,
            "pkt_dts_time": "3.203261",
            "best_effort_timestamp": 96,
            "best_effort_timestamp_time": "3.203261",
            "duration": 1,
            "duration_time": "0.033367",
            "pkt_pos": "12021100",
            "pkt_size": "120000",
            "width": 720,
            "height": 480,
            "crop_top": 0,
            "crop_bottom": 0,
            "crop_left": 0,
            "crop_right": 0,
            "pix_fmt": "yuv411p",
            "sample_aspect_ratio": "8:9",
            "pict_type": "I",
            "interlaced_frame": 1,
            "top_field_first": 0,
            "repeat_pict": 0,
            "chroma_location": "topleft"
        },
        {
            "media_type": "video",
            "stream_index": 0,
            "key_frame": 1,
            "pts": 97,
            "pts_time": "3.236628",
            "pkt_dts": 97,
            "pkt_dts_time": "3.236628",
            "best_effort_timestamp": 97,
            "best_effort_timestamp_time": "3.236628",
            "duration": 1,
            "duration_time": "0.033367",
            "pkt_pos": "12141108",
            "pkt_size": "120000",
            "width": 720,
            "height": 480,
            "crop_top": 0,
            "crop_bottom": 0,
            "crop_left": 0,
            "crop_right": 0,
            "pix_fmt": "yuv411p",
            "sample_aspect_ratio": "8:9",
            "pict_type": "I",
            "interlaced_frame": 1,
            "top_field_first": 0,
            "repeat_pict": 0,
            "chroma_location": "topleft"
        },
        {
            "media_type": "video",
            "stream_index": 0,
            "key_frame": 1,
            "pts": 98,
            "pts_time": "3.269995",
            "pkt_dts": 98,
            "pkt_dts_time": "3.269995",
            "best_effort_timestamp": 98,
            "best_effort_timestamp_time": "3.269995",
            "duration": 1,
            "duration_time": "0.033367",
            "pkt_pos": "12261116",
            "pkt_size": "120000",
            "width": 720,
            "height": 480,
            "crop_top": 0,
            "crop_bottom": 0,
            "crop_left": 0,
            "crop_right": 0,
            "pix_fmt": "yuv411p",
            "sample_aspect_ratio": "8:9",
            "pict_type": "I",
            "interlaced_frame": 1,
            "top_field_first": 0,
            "repeat_pict": 0,
            "chroma_location": "topleft"
        },
        {
            "media_type": "video",
            "stream_index": 0,
            "key_frame": 1,
            "pts": 99,
            "pts_time": "3.303363",
            "pkt_dts": 99,
            "pkt_dts_time": "3.303363",
            "best_effort_timestamp": 99,
            "best_effort_timestamp_time": "3.303363",
            "duration": 1,
            "duration_time": "0.033367",
            "pkt_pos": "12381124",
            "pkt_size": "120000",
            "width": 720,
            "height": 480,
            "crop_top": 0,
            "crop_bottom": 0,
            "crop_left": 0,
            "crop_right": 0,
            "pix_fmt": "yuv411p",
            "sample_aspect_ratio": "8:9",
            "pict_type": "I",
            "interlaced_frame": 1,
            "top_field_first": 0,
            "repeat_pict": 0,
            "chroma_location": "topleft"
        },
        {
            "media_type": "video",
            "stream_index": 0,
            "key_frame": 1,
            "pts": 100,
            "pts_time": "3.336730",
            "pkt_dts": 100,
            "pkt_dts_time": "3.336730",
            "best_effort_timestamp": 100,
            "best_effort_timestamp_time": "3.336730",
            "duration": 1,
            "duration_time": "0.033367",
            "pkt_pos": "12501132",
            "pkt_size": "120000",
            "width": 720,
            "height": 480,
            "crop_top": 0,
            "crop_bottom": 0,
            "crop_left": 0,
            "crop_right": 0,
            "pix_fmt": "yuv411p",
            "sample_aspect_ratio": "8:9",
            "pict_type": "I",
            "interlaced_frame": 1,
            "top_field_first": 0,
            "repeat_pict": 0,
            "chroma_location": "topleft"
        },
        {
            "media_type": "video",
            "stream_index": 0,
            "key_frame": 1,
            "pts": 101,
            "pts_time": "3.370097",
            "pkt_dts": 101,
            "pkt_dts_time": "3.370097",
            "best_effort_timestamp": 101,
            "best_effort_timestamp_time": "3.370097",
            "duration": 1,
            "duration_time": "0.033367",
            "pkt_pos": "12621140",
            "pkt_size": "120000",
            "width": 720,
            "height": 480,
            "crop_top": 0,
            "crop_bottom": 0,
            "crop_left": 0,
            "crop_right": 0,
            "pix_fmt": "yuv411p",
            "sample_aspect_ratio": "8:9",
            "pict_type": "I",
            "interlaced_frame": 1,
            "top_field_first": 0,
            "repeat_pict": 0,
            "chroma_location": "topleft"
        },
        {
            "media_type": "video",
            "stream_index": 0,
            "key_frame": 1,
            "pts": 102,
            "pts_time": "3.403465",
            "pkt_dts": 102,
            "pkt_dts_time": "3.403465",
            "best_effort_timestamp": 102,
            "best_effort_timestamp_time": "3.403465",
            "duration": 1,
            "duration_time": "0.033367",
            "pkt_pos": "12741148",
            "pkt_size": "120000",
            "width": 720,
            "height": 480,
            "crop_top": 0,
            "crop_bottom": 0,
            "crop_left": 0,
            "crop_right": 0,
            "pix_fmt": "yuv411p",
            "sample_aspect_ratio": "8:9",
            "pict_type": "I",
            "interlaced_frame": 1,
            "top_field_first": 0,
            "repeat_pict": 0,
            "chroma_location": "topleft"
        },
        {
            "media_type": "video",
            "stream_index": 0,
            "key_frame": 1,
            "pts": 103,
            "pts_time": "3.436832",
            "pkt_dts": 103,
            "pkt_dts_time": "3.436832",
            "best_effort_timestamp": 103,
            "best_effort_timestamp_time": "3.436832",
            "duration": 1,
            "duration_time": "0.033367",
            "pkt_pos": "12861156",
            "pkt_size": "120000",
            "width": 720,
            "height": 480,
            "crop_top": 0,
            "crop_bottom": 0,
            "crop_left": 0,
            "crop_right": 0,
            "pix_fmt": "yuv411p",
            "sample_aspect_ratio": "8:9",
            "pict_type": "I",
            "interlaced_frame": 1,
            "top_field_first": 0,
            "repeat_pict": 0,
            "chroma_location": "topleft"
        },
        {
            "media_type": "video",
            "stream_index": 0,
            "key_frame": 1,
            "pts": 104,
            "pts_time": "3.470199",
            "pkt_dts": 104,
            "pkt_dts_time": "3.470199",
            "best_effort_timestamp": 104,
            "best_effort_timestamp_time": "3.470199",
            "duration": 1,
            "duration_time": "0.033367",
            "pkt_pos": "12981164",
            "pkt_size": "120000",
            "width": 720,
            "height": 480,
            "crop_top": 0,
            "crop_bottom": 0,
            "crop_left": 0,
            "crop_right": 0,
            "pix_fmt": "yuv411p",
            "sample_aspect_ratio": "8:9",
            "pict_type": "I",
            "interlaced_frame": 1,
            "top_field_first": 0,
            "repeat_pict": 0,
            "chroma_location": "topleft"
        },
        {
            "media_type": "video",
            "stream_index": 0,
            "key_frame": 1,
            "pts": 105,
            "pts_time": "3.503567",
            "pkt_dts": 105,
            "pkt_dts_time": "3.503567",
            "best_effort_timestamp": 105,
            "best_effort_timestamp_time": "3.503567",
            "duration": 1,
            "duration_time": "0.033367",
            "pkt_pos": "13101172",
            "pkt_size": "120000",
            "width": 720,
            "height": 480,
            "crop_top": 0,
            "crop_bottom": 0,
            "crop_left": 0,
            "crop_right": 0,
            "pix_fmt": "yuv411p",
            "sample_aspect_ratio": "8:9",
            "pict_type": "I",
            "interlaced_frame": 1,
            "top_field_first": 0,
            "repeat_pict": 0,
            "chroma_location": "topleft"
        },
        {
            "media_type": "video",
            "stream_index": 0,
            "key_frame": 1,
            "pts": 106,
            "pts_time": "3.536934",
            "pkt_dts": 106,
            "pkt_dts_time": "3.536934",
            "best_effort_timestamp": 106,
            "best_effort_timestamp_time": "3.536934",
            "duration": 1,
            "duration_time": "0.033367",
            "pkt_pos": "13221180",
            "pkt_size": "120000",
            "width": 720,
            "height": 480,
            "crop_top": 0,
            "crop_bottom": 0,
            "crop_left": 0,
            "crop_right": 0,
            "pix_fmt": "yuv411p",
            "sample_aspect_ratio": "8:9",
            "pict_type": "I",
            "interlaced_frame": 1,
            "top_field_first": 0,
            "repeat_pict": 0,
            "chroma_location": "topleft"
        },
        {
            "media_type": "video",
            "stream_index": 0,
            "key_frame": 1,
            "pts": 107,
            "pts_time": "3.570301",
            "pkt_dts": 107,
            "pkt_dts_time": "3.570301",
            "best_effort_timestamp": 107,
            "best_effort_timestamp_time": "3.570301",
            "duration": 1,
            "duration_time": "0.033367",
            "pkt_pos": "13341188",
            "pkt_size": "120000",
            "width": 720,
            "height": 480,
            "crop_top": 0,
            "crop_bottom": 0,
            "crop_left": 0,
            "crop_right": 0,
            "pix_fmt": "yuv411p",
            "sample_aspect_ratio": "8:9",
            "pict_type": "I",
            "interlaced_frame": 1,
            "top_field_first": 0,
            "repeat_pict": 0,
            "chroma_location": "topleft"
        },
        {
            "media_type": "video",
            "stream_index": 0,
            "key_frame": 1,
            "pts": 108,
            "pts_time": "3.603668",
            "pkt_dts": 108,
            "pkt_dts_time": "3.603668",
            "best_effort_timestamp": 108,
            "best_effort_timestamp_time": "3.603668",
            "duration": 1,
            "duration_time": "0.033367",
            "pkt_pos": "13461196",
            "pkt_size": "120000",
            "width": 720,
            "height": 480,
            "crop_top": 0,
            "crop_bottom": 0,
            "crop_left": 0,
            "crop_right": 0,
            "pix_fmt": "yuv411p",
            "sample_aspect_ratio": "8:9",
            "pict_type": "I",
            "interlaced_frame": 1,
            "top_field_first": 0,
            "repeat_pict": 0,
            "chroma_location": "topleft"
        },
        {
            "media_type": "video",
            "stream_index": 0,
            "key_frame": 1,
            "pts": 109,
            "pts_time": "3.637036",
            "pkt_dts": 109,
            "pkt_dts_time": "3.637036",
            "best_effort_timestamp": 109,
            "best_effort_timestamp_time": "3.637036",
            "duration": 1,
            "duration_time": "0.033367",
            "pkt_pos": "13581204",
            "pkt_size": "120000",
            "width": 720,
            "height": 480,
            "crop_top": 0,
            "crop_bottom": 0,
            "crop_left": 0,
            "crop_right": 0,
            "pix_fmt": "yuv411p",
            "sample_aspect_ratio": "8:9",
            "pict_type": "I",
            "interlaced_frame": 1,
            "top_field_first": 0,
            "repeat_pict": 0,
            "chroma_location": "topleft"
        },
        {
            "media_type": "video",
            "stream_index": 0,
            "key_frame": 1,
            "pts": 110,
            "pts_time": "3.670403",
            "pkt_dts": 110,
            "pkt_dts_time": "3.670403",
            "best_effort_timestamp": 110,
            "best_effort_timestamp_time": "3.670403",
            "duration": 1,
            "duration_time": "0.033367",
            "pkt_pos": "13701212",
            "pkt_size": "120000",
            "width": 720,
            "height": 480,
            "crop_top": 0,
            "crop_bottom": 0,
            "crop_left": 0,
            "crop_right": 0,
            "pix_fmt": "yuv411p",
            "sample_aspect_ratio": "8:9",
            "pict_type": "I",
            "interlaced_frame": 1,
            "top_field_first": 0,
            "repeat_pict": 0,
            "chroma_location": "topleft"
        },
        {
            "media_type": "video",
            "stream_index": 0,
            "key_frame": 1,
            "pts": 111,
            "pts_time": "3.703770",
            "pkt_dts": 111,
            "pkt_dts_time": "3.703770",
            "best_effort_timestamp": 111,
            "best_effort_timestamp_time": "3.703770",
            "duration": 1,
            "duration_time": "0.033367",
            "pkt_pos": "13821220",
            "pkt_size": "120000",
            "width": 720,
            "height": 480,
            "crop_top": 0,
            "crop_bottom": 0,
            "crop_left": 0,
            "crop_right": 0,
            "pix_fmt": "yuv411p",
            "sample_aspect_ratio": "8:9",
            "pict_type": "I",
            "interlaced_frame": 1,
            "top_field_first": 0,
            "repeat_pict": 0,
            "chroma_location": "topleft"
        },
        {
            "media_type": "video",
            "stream_index": 0,
            "key_frame": 1,
            "pts": 112,
            "pts_time": "3.737138",
            "pkt_dts": 112,
            "pkt_dts_time": "3.737138",
            "best_effort_timestamp": 112,
            "best_effort_timestamp_time": "3.737138",
            "duration": 1,
            "duration_time": "0.033367",
            "pkt_pos": "13941228",
            "pkt_size": "120000",
            "width": 720,
            "height": 480,
            "crop_top": 0,
            "crop_bottom": 0,
            "crop_left": 0,
            "crop_right": 0,
            "pix_fmt": "yuv411p",
            "sample_aspect_ratio": "8:9",
            "pict_type": "I",
            "interlaced_frame": 1,
            "top_field_first": 0,
            "repeat_pict": 0,
            "chroma_location": "topleft"
        },
        {
            "media_type": "video",
            "stream_index": 0,
            "key_frame": 1,
            "pts": 113,
            "pts_time": "3.770505",
            "pkt_dts": 113,
            "pkt_dts_time": "3.770505",
            "best_effort_timestamp": 113,
            "best_effort_timestamp_time": "3.770505",
            "duration": 1,
            "duration_time": "0.033367",
            "pkt_pos": "14061236",
            "pkt_size": "120000",
            "width": 720,
            "height": 480,
            "crop_top": 0,
            "crop_bottom": 0,
            "crop_left": 0,
            "crop_right": 0,
            "pix_fmt": "yuv411p",
            "sample_aspect_ratio": "8:9",
            "pict_type": "I",
            "interlaced_frame": 1,
            "top_field_first": 0,
            "repeat_pict": 0,
            "chroma_location": "topleft"
        },
        {
            "media_type": "video",
            "stream_index": 0,
            "key_frame": 1,
            "pts": 114,
            "pts_time": "3.803872",
            "pkt_dts": 114,
            "pkt_dts_time": "3.803872",
            "best_effort_timestamp": 114,
            "best_effort_timestamp_time": "3.803872",
            "duration": 1,
            "duration_time": "0.033367",
            "pkt_pos": "14181244",
            "pkt_size": "120000",
            "width": 720,
            "height": 480,
            "crop_top": 0,
            "crop_bottom": 0,
            "crop_left": 0,
            "crop_right": 0,
            "pix_fmt": "yuv411p",
            "sample_aspect_ratio": "8:9",
            "pict_type": "I",
            "interlaced_frame": 1,
            "top_field_first": 0,
            "repeat_pict": 0,
            "chroma_location": "topleft"
        },
        {
            "media_type": "video",
            "stream_index": 0,
            "key_frame": 1,
            "pts": 115,
            "pts_time": "3.837240",
            "pkt_dts": 115,
            "pkt_dts_time": "3.837240",
            "best_effort_timestamp": 115,
            "best_effort_timestamp_time": "3.837240",
            "duration": 1,
            "duration_time": "0.033367",
            "pkt_pos": "14301252",
            "pkt_size": "120000",
            "width": 720,
            "height": 480,
            "crop_top": 0,
            "crop_bottom": 0,
            "crop_left": 0,
            "crop_right": 0,
            "pix_fmt": "yuv411p",
            "sample_aspect_ratio": "8:9",
            "pict_type": "I",
            "interlaced_frame": 1,
            "top_field_first": 0,
            "repeat_pict": 0,
            "chroma_location": "topleft"
        },
        {
            "media_type": "video",
            "stream_index": 0,
            "key_frame": 1,
            "pts": 116,
            "pts_time": "3.870607",
            "pkt_dts": 116,
            "pkt_dts_time": "3.870607",
            "best_effort_timestamp": 116,
            "best_effort_timestamp_time": "3.870607",
            "duration": 1,
            "duration_time": "0.033367",
            "pkt_pos": "14545128",
            "pkt_size": "120000",
            "width": 720,
            "height": 480,
            "crop_top": 0,
            "crop_bottom": 0,
            "crop_left": 0,
            "crop_right": 0,
            "pix_fmt": "yuv411p",
            "sample_aspect_ratio": "8:9",
            "pict_type": "I",
            "interlaced_frame": 1,
            "top_field_first": 0,
            "repeat_pict": 0,
            "chroma_location": "topleft"
        },
        {
            "media_type": "video",
            "stream_index": 0,
            "key_frame": 1,
            "pts": 117,
            "pts_time": "3.903974",
            "pkt_dts": 117,
            "pkt_dts_time": "3.903974",
            "best_effort_timestamp": 117,
            "best_effort_timestamp_time": "3.903974",
            "duration": 1,
            "duration_time": "0.033367",
            "pkt_pos": "14665136",
            "pkt_size": "120000",
            "width": 720,
            "height": 480,
            "crop_top": 0,
            "crop_bottom": 0,
            "crop_left": 0,
            "crop_right": 0,
            "pix_fmt": "yuv411p",
            "sample_aspect_ratio": "8:9",
            "pict_type": "I",
            "interlaced_frame": 1,
            "top_field_first": 0,
            "repeat_pict": 0,
            "chroma_location": "topleft"
        },
        {
            "media_type": "video",
            "stream_index": 0,
            "key_frame": 1,
            "pts": 118,
            "pts_time": "3.937341",
            "pkt_dts": 118,
            "pkt_dts_time": "3.937341",
            "best_effort_timestamp": 118,
            "best_effort_timestamp_time": "3.937341",
            "duration": 1,
            "duration_time": "0.033367",
            "pkt_pos": "14785144",
            "pkt_size": "120000",
            "width": 720,
            "height": 480,
            "crop_top": 0,
            "crop_bottom": 0,
            "crop_left": 0,
            "crop_right": 0,
            "pix_fmt": "yuv411p",
            "sample_aspect_ratio": "8:9",
            "pict_type": "I",
            "interlaced_frame": 1,
            "top_field_first": 0,
            "repeat_pict": 0,
            "chroma_location": "topleft"
        },
        {
            "media_type": "video",
            "stream_index": 0,
            "key_frame": 1,
            "pts": 119,
            "pts_time": "3.970709",
            "pkt_dts": 119,
            "pkt_dts_time": "3.970709",
            "best_effort_timestamp": 119,
            "best_effort_timestamp_time": "3.970709",
            "duration": 1,
            "duration_time": "0.033367",
            "pkt_pos": "14905152",
            "pkt_size": "120000",
            "width": 720,
            "height": 480,
            "crop_top": 0,
            "crop_bottom": 0,
            "crop_left": 0,
            "crop_right": 0,
            "pix_fmt": "yuv411p",
            "sample_aspect_ratio": "8:9",
            "pict_type": "I",
            "interlaced_frame": 1,
            "top_field_first": 0,
            "repeat_pict": 0,
            "chroma_location": "topleft"
        },
        {
            "media_type": "video",
            "stream_index": 0,
            "key_frame": 1,
            "pts": 120,
            "pts_time": "4.004076",
            "pkt_dts": 120,
            "pkt_dts_time": "4.004076",
            "best_effort_timestamp": 120,
            "best_effort_timestamp_time": "4.004076",
            "duration": 1,
            "duration_time": "0.033367",
            "pkt_pos": "15025160",
            "pkt_size": "120000",
            "width": 720,
            "height": 480,
            "crop_top": 0,
            "crop_bottom": 0,
            "crop_left": 0,
            "crop_right": 0,
            "pix_fmt": "yuv411p",
            "sample_aspect_ratio": "8:9",
            "pict_type": "I",
            "interlaced_frame": 1,
            "top_field_first": 0,
            "repeat_pict": 0,
            "chroma_location": "topleft"
        },
        {
            "media_type": "video",
            "stream_index": 0,
            "key_frame": 1,
            "pts": 121,
            "pts_time": "4.037443",
            "pkt_dts": 121,
            "pkt_dts_time": "4.037443",
            "best_effort_timestamp": 121,
            "best_effort_timestamp_time": "4.037443",
            "duration": 1,
            "duration_time": "0.033367",
            "pkt_pos": "15145168",
            "pkt_size": "120000",
            "width": 720,
            "height": 480,
            "crop_top": 0,
            "crop_bottom": 0,
            "crop_left": 0,
            "crop_right": 0,
            "pix_fmt": "yuv411p",
            "sample_aspect_ratio": "8:9",
            "pict_type": "I",
            "interlaced_frame": 1,
            "top_field_first": 0,
            "repeat_pict": 0,
            "chroma_location": "topleft"
        },
        {
            "media_type": "video",
            "stream_index": 0,
            "key_frame": 1,
            "pts": 122,
            "pts_time": "4.070811",
            "pkt_dts": 122,
            "pkt_dts_time": "4.070811",
            "best_effort_timestamp": 122,
            "best_effort_timestamp_time": "4.070811",
            "duration": 1,
            "duration_time": "0.033367",
            "pkt_pos": "15265176",
            "pkt_size": "120000",
            "width": 720,
            "height": 480,
            "crop_top": 0,
            "crop_bottom": 0,
            "crop_left": 0,
            "crop_right": 0,
            "pix_fmt": "yuv411p",
            "sample_aspect_ratio": "8:9",
            "pict_type": "I",
            "interlaced_frame": 1,
            "top_field_first": 0,
            "repeat_pict": 0,
            "chroma_location": "topleft"
        },
        {
            "media_type": "video",
            "stream_index": 0,
            "key_frame": 1,
            "pts": 123,
            "pts_time": "4.104178",
            "pkt_dts": 123,
            "pkt_dts_time": "4.104178",
            "best_effort_timestamp": 123,
            "best_effort_timestamp_time": "4.104178",
            "duration": 1,
            "duration_time": "0.033367",
            "pkt_pos": "15385184",
            "pkt_size": "120000",
            "width": 720,
            "height": 480,
            "crop_top": 0,
            "crop_bottom": 0,
            "crop_left": 0,
            "crop_right": 0,
            "pix_fmt": "yuv411p",
            "sample_aspect_ratio": "8:9",
            "pict_type": "I",
            "interlaced_frame": 1,
            "top_field_first": 0,
            "repeat_pict": 0,
            "chroma_location": "topleft"
        },
        {
            "media_type": "video",
            "stream_index": 0,
            "key_frame": 1,
            "pts": 124,
            "pts_time": "4.137545",
            "pkt_dts": 124,
            "pkt_dts_time": "4.137545",
            "best_effort_timestamp": 124,
            "best_effort_timestamp_time": "4.137545",
            "duration": 1,
            "duration_time": "0.033367",
            "pkt_pos": "15505192",
            "pkt_size": "120000",
            "width": 720,
            "height": 480,
            "crop_top": 0,
            "crop_bottom": 0,
            "crop_left": 0,
            "crop_right": 0,
            "pix_fmt": "yuv411p",
            "sample_aspect_ratio": "8:9",
            "pict_type": "I",
            "interlaced_frame": 1,
            "top_field_first": 0,
            "repeat_pict": 0,
            "chroma_location": "topleft"
        },
        {
            "media_type": "video",
            "stream_index": 0,
            "key_frame": 1,
            "pts": 125,
            "pts_time": "4.170913",
            "pkt_dts": 125,
            "pkt_dts_time": "4.170913",
            "best_effort_timestamp": 125,
            "best_effort_timestamp_time": "4.170913",
            "duration": 1,
            "duration_time": "0.033367",
            "pkt_pos": "15625200",
            "pkt_size": "120000",
            "width": 720,
            "height": 480,
            "crop_top": 0,
            "crop_bottom": 0,
            "crop_left": 0,
            "crop_right": 0,
            "pix_fmt": "yuv411p",
            "sample_aspect_ratio": "8:9",
            "pict_type": "I",
            "interlaced_frame": 1,
            "top_field_first": 0,
            "repeat_pict": 0,
            "chroma_location": "topleft"
        },
        {
            "media_type": "video",
            "stream_index": 0,
            "key_frame": 1,
            "pts": 126,
            "pts_time": "4.204280",
            "pkt_dts": 126,
            "pkt_dts_time": "4.204280",
            "best_effort_timestamp": 126,
            "best_effort_timestamp_time": "4.204280",
            "duration": 1,
            "duration_time": "0.033367",
            "pkt_pos": "15745208",
            "pkt_size": "120000",
            "width": 720,
            "height": 480,
            "crop_top": 0,
            "crop_bottom": 0,
            "crop_left": 0,
            "crop_right": 0,
            "pix_fmt": "yuv411p",
            "sample_aspect_ratio": "8:9",
            "pict_type": "I",
            "interlaced_frame": 1,
            "top_field_first": 0,
            "repeat_pict": 0,
            "chroma_location": "topleft"
        },
        {
            "media_type": "video",
            "stream_index": 0,
            "key_frame": 1,
            "pts": 127,
            "pts_time": "4.237647",
            "pkt_dts": 127,
            "pkt_dts_time": "4.237647",
            "best_effort_timestamp": 127,
            "best_effort_timestamp_time": "4.237647",
            "duration": 1,
            "duration_time": "0.033367",
            "pkt_pos": "15865216",
            "pkt_size": "120000",
            "width": 720,
            "height": 480,
            "crop_top": 0,
            "crop_bottom": 0,
            "crop_left": 0,
            "crop_right": 0,
            "pix_fmt": "yuv411p",
            "sample_aspect_ratio": "8:9",
            "pict_type": "I",
            "interlaced_frame": 1,
            "top_field_first": 0,
            "repeat_pict": 0,
            "chroma_location": "topleft"
        },
        {
            "media_type": "video",
            "stream_index": 0,
            "key_frame": 1,
            "pts": 128,
            "pts_time": "4.271014",
            "pkt_dts": 128,
            "pkt_dts_time": "4.271014",
            "best_effort_timestamp": 128,
            "best_effort_timestamp_time": "4.271014",
            "duration": 1,
            "duration_time": "0.033367",
            "pkt_pos": "15985224",
            "pkt_size": "120000",
            "width": 720,
            "height": 480,
            "crop_top": 0,
            "crop_bottom": 0,
            "crop_left": 0,
            "crop_right": 0,
            "pix_fmt": "yuv411p",
            "sample_aspect_ratio": "8:9",
            "pict_type": "I",
            "interlaced_frame": 1,
            "top_field_first": 0,
            "repeat_pict": 0,
            "chroma_location": "topleft"
        },
        {
            "media_type": "video",
            "stream_index": 0,
            "key_frame": 1,
            "pts": 129,
            "pts_time": "4.304382",
            "pkt_dts": 129,
            "pkt_dts_time": "4.304382",
            "best_effort_timestamp": 129,
            "best_effort_timestamp_time": "4.304382",
            "duration": 1,
            "duration_time": "0.033367",
            "pkt_pos": "16105232",
            "pkt_size": "120000",
            "width": 720,
            "height": 480,
            "crop_top": 0,
            "crop_bottom": 0,
            "crop_left": 0,
            "crop_right": 0,
            "pix_fmt": "yuv411p",
            "sample_aspect_ratio": "8:9",
            "pict_type": "I",
            "interlaced_frame": 1,
            "top_field_first": 0,
            "repeat_pict": 0,
            "chroma_location": "topleft"
        },
        {
            "media_type": "video",
            "stream_index": 0,
            "key_frame": 1,
            "pts": 130,
            "pts_time": "4.337749",
            "pkt_dts": 130,
            "pkt_dts_time": "4.337749",
            "best_effort_timestamp": 130,
            "best_effort_timestamp_time": "4.337749",
            "duration": 1,
            "duration_time": "0.033367",
            "pkt_pos": "16225240",
            "pkt_size": "120000",
            "width": 720,
            "height": 480,
            "crop_top": 0,
            "crop_bottom": 0,
            "crop_left": 0,
            "crop_right": 0,
            "pix_fmt": "yuv411p",
            "sample_aspect_ratio": "8:9",
            "pict_type": "I",
            "interlaced_frame": 1,
            "top_field_first": 0,
            "repeat_pict": 0,
            "chroma_location": "topleft"
        },
        {
            "media_type": "video",
            "stream_index": 0,
            "key_frame": 1,
            "pts": 131,
            "pts_time": "4.371116",
            "pkt_dts": 131,
            "pkt_dts_time": "4.371116",
            "best_effort_timestamp": 131,
            "best_effort_timestamp_time": "4.371116",
            "duration": 1,
            "duration_time": "0.033367",
            "pkt_pos": "16345248",
            "pkt_size": "120000",
            "width": 720,
            "height": 480,
            "crop_top": 0,
            "crop_bottom": 0,
            "crop_left": 0,
            "crop_right": 0,
            "pix_fmt": "yuv411p",
            "sample_aspect_ratio": "8:9",
            "pict_type": "I",
            "interlaced_frame": 1,
            "top_field_first": 0,
            "repeat_pict": 0,
            "chroma_location": "topleft"
        },
        {
            "media_type": "video",
            "stream_index": 0,
            "key_frame": 1,
            "pts": 132,
            "pts_time": "4.404484",
            "pkt_dts": 132,
            "pkt_dts_time": "4.404484",
            "best_effort_timestamp": 132,
            "best_effort_timestamp_time": "4.404484",
            "duration": 1,
            "duration_time": "0.033367",
            "pkt_pos": "16465256",
            "pkt_size": "120000",
            "width": 720,
            "height": 480,
            "crop_top": 0,
            "crop_bottom": 0,
            "crop_left": 0,
            "crop_right": 0,
            "pix_fmt": "yuv411p",
            "sample_aspect_ratio": "8:9",
            "pict_type": "I",
            "interlaced_frame": 1,
            "top_field_first": 0,
            "repeat_pict": 0,
            "chroma_location": "topleft"
        },
        {
            "media_type": "video",
            "stream_index": 0,
            "key_frame": 1,
            "pts": 133,
            "pts_time": "4.437851",
            "pkt_dts": 133,
            "pkt_dts_time": "4.437851",
            "best_effort_timestamp": 133,
            "best_effort_timestamp_time": "4.437851",
            "duration": 1,
            "duration_time": "0.033367",
            "pkt_pos": "16585264",
            "pkt_size": "120000",
            "width": 720,
            "height": 480,
            "crop_top": 0,
            "crop_bottom": 0,
            "crop_left": 0,
            "crop_right": 0,
            "pix_fmt": "yuv411p",
            "sample_aspect_ratio": "8:9",
            "pict_type": "I",
            "interlaced_frame": 1,
            "top_field_first": 0,
            "repeat_pict": 0,
            "chroma_location": "topleft"
        },
        {
            "media_type": "video",
            "stream_index": 0,
            "key_frame": 1,
            "pts": 134,
            "pts_time": "4.471218",
            "pkt_dts": 134,
            "pkt_dts_time": "4.471218",
            "best_effort_timestamp": 134,
            "best_effort_timestamp_time": "4.471218",
            "duration": 1,
            "duration_time": "0.033367",
            "pkt_pos": "16705272",
            "pkt_size": "120000",
            "width": 720,
            "height": 480,
            "crop_top": 0,
            "crop_bottom": 0,
            "crop_left": 0,
            "crop_right": 0,
            "pix_fmt": "yuv411p",
            "sample_aspect_ratio": "8:9",
            "pict_type": "I",
            "interlaced_frame": 1,
            "top_field_first": 0,
            "repeat_pict": 0,
            "chroma_location": "topleft"
        },
        {
            "media_type": "video",
            "stream_index": 0,
            "key_frame": 1,
            "pts": 135,
            "pts_time": "4.504586",
            "pkt_dts": 135,
            "pkt_dts_time": "4.504586",
            "best_effort_timestamp": 135,
            "best_effort_timestamp_time": "4.504586",
            "duration": 1,
            "duration_time": "0.033367",
            "pkt_pos": "16825280",
            "pkt_size": "120000",
            "width": 720,
            "height": 480,
            "crop_top": 0,
            "crop_bottom": 0,
            "crop_left": 0,
            "crop_right": 0,
            "pix_fmt": "yuv411p",
            "sample_aspect_ratio": "8:9",
            "pict_type": "I",
            "interlaced_frame": 1,
            "top_field_first": 0,
            "repeat_pict": 0,
            "chroma_location": "topleft"
        },
        {
            "media_type": "video",
            "stream_index": 0,
            "key_frame": 1,
            "pts": 136,
            "pts_time": "4.537953",
            "pkt_dts": 136,
            "pkt_dts_time": "4.537953",
            "best_effort_timestamp": 136,
            "best_effort_timestamp_time": "4.537953",
            "duration": 1,
            "duration_time": "0.033367",
            "pkt_pos": "16945288",
            "pkt_size": "120000",
            "width": 720,
            "height": 480,
            "crop_top": 0,
            "crop_bottom": 0,
            "crop_left": 0,
            "crop_right": 0,
            "pix_fmt": "yuv411p",
            "sample_aspect_ratio": "8:9",
            "pict_type": "I",
            "interlaced_frame": 1,
            "top_field_first": 0,
            "repeat_pict": 0,
            "chroma_location": "topleft"
        },
        {
            "media_type": "video",
            "stream_index": 0,
            "key_frame": 1,
            "pts": 137,
            "pts_time": "4.571320",
            "pkt_dts": 137,
            "pkt_dts_time": "4.571320",
            "best_effort_timestamp": 137,
            "best_effort_timestamp_time": "4.571320",
            "duration": 1,
            "duration_time": "0.033367",
            "pkt_pos": "17065296",
            "pkt_size": "120000",
            "width": 720,
            "height": 480,
            "crop_top": 0,
            "crop_bottom": 0,
            "crop_left": 0,
            "crop_right": 0,
            "pix_fmt": "yuv411p",
            "sample_aspect_ratio": "8:9",
            "pict_type": "I",
            "interlaced_frame": 1,
            "top_field_first": 0,
            "repeat_pict": 0,
            "chroma_location": "topleft"
        },
        {
            "media_type": "video",
            "stream_index": 0,
            "key_frame": 1,
            "pts": 138,
            "pts_time": "4.604687",
            "pkt_dts": 138,
            "pkt_dts_time": "4.604687",
            "best_effort_timestamp": 138,
            "best_effort_timestamp_time": "4.604687",
            "duration": 1,
            "duration_time": "0.033367",
            "pkt_pos": "17185304",
            "pkt_size": "120000",
            "width": 720,
            "height": 480,
            "crop_top": 0,
            "crop_bottom": 0,
            "crop_left": 0,
            "crop_right": 0,
            "pix_fmt": "yuv411p",
            "sample_aspect_ratio": "8:9",
            "pict_type": "I",
            "interlaced_frame": 1,
            "top_field_first": 0,
            "repeat_pict": 0,
            "chroma_location": "topleft"
        },
        {
            "media_type": "video",
            "stream_index": 0,
            "key_frame": 1,
            "pts": 139,
            "pts_time": "4.638055",
            "pkt_dts": 139,
            "pkt_dts_time": "4.638055",
            "best_effort_timestamp": 139,
            "best_effort_timestamp_time": "4.638055",
            "duration": 1,
            "duration_time": "0.033367",
            "pkt_pos": "17305312",
            "pkt_size": "120000",
            "width": 720,
            "height": 480,
            "crop_top": 0,
            "crop_bottom": 0,
            "crop_left": 0,
            "crop_right": 0,
            "pix_fmt": "yuv411p",
            "sample_aspect_ratio": "8:9",
            "pict_type": "I",
            "interlaced_frame": 1,
            "top_field_first": 0,
            "repeat_pict": 0,
            "chroma_location": "topleft"
        },
        {
            "media_type": "video",
            "stream_index": 0,
            "key_frame": 1,
            "pts": 140,
            "pts_time": "4.671422",
            "pkt_dts": 140,
            "pkt_dts_time": "4.671422",
            "best_effort_timestamp": 140,
            "best_effort_timestamp_time": "4.671422",
            "duration": 1,
            "duration_time": "0.033367",
            "pkt_pos": "17425320",
            "pkt_size": "120000",
            "width": 720,
            "height": 480,
            "crop_top": 0,
            "crop_bottom": 0,
            "crop_left": 0,
            "crop_right": 0,
            "pix_fmt": "yuv411p",
            "sample_aspect_ratio": "8:9",
            "pict_type": "I",
            "interlaced_frame": 1,
            "top_field_first": 0,
            "repeat_pict": 0,
            "chroma_location": "topleft"
        },
        {
            "media_type": "video",
            "stream_index": 0,
            "key_frame": 1,
            "pts": 141,
            "pts_time": "4.704789",
            "pkt_dts": 141,
            "pkt_dts_time": "4.704789",
            "best_effort_timestamp": 141,
            "best_effort_timestamp_time": "4.704789",
            "duration": 1,
            "duration_time": "0.033367",
            "pkt_pos": "17545328",
            "pkt_size": "120000",
            "width": 720,
            "height": 480,
            "crop_top": 0,
            "crop_bottom": 0,
            "crop_left": 0,
            "crop_right": 0,
            "pix_fmt": "yuv411p",
            "sample_aspect_ratio": "8:9",
            "pict_type": "I",
            "interlaced_frame": 1,
            "top_field_first": 0,
            "repeat_pict": 0,
            "chroma_location": "topleft"
        },
        {
            "media_type": "video",
            "stream_index": 0,
            "key_frame": 1,
            "pts": 142,
            "pts_time": "4.738157",
            "pkt_dts": 142,
            "pkt_dts_time": "4.738157",
            "best_effort_timestamp": 142,
            "best_effort_timestamp_time": "4.738157",
            "duration": 1,
            "duration_time": "0.033367",
            "pkt_pos": "17665336",
            "pkt_size": "120000",
            "width": 720,
            "height": 480,
            "crop_top": 0,
            "crop_bottom": 0,
            "crop_left": 0,
            "crop_right": 0,
            "pix_fmt": "yuv411p",
            "sample_aspect_ratio": "8:9",
            "pict_type": "I",
            "interlaced_frame": 1,
            "top_field_first": 0,
            "repeat_pict": 0,
            "chroma_location": "topleft"
        },
        {
            "media_type": "video",
            "stream_index": 0,
            "key_frame": 1,
            "pts": 143,
            "pts_time": "4.771524",
            "pkt_dts": 143,
            "pkt_dts_time": "4.771524",
            "best_effort_timestamp": 143,
            "best_effort_timestamp_time": "4.771524",
            "duration": 1,
            "duration_time": "0.033367",
            "pkt_pos": "17785344",
            "pkt_size": "120000",
            "width": 720,
            "height": 480,
            "crop_top": 0,
            "crop_bottom": 0,
            "crop_left": 0,
            "crop_right": 0,
            "pix_fmt": "yuv411p",
            "sample_aspect_ratio": "8:9",
            "pict_type": "I",
            "interlaced_frame": 1,
            "top_field_first": 0,
            "repeat_pict": 0,
            "chroma_location": "topleft"
        },
        {
            "media_type": "video",
            "stream_index": 0,
            "key_frame": 1,
            "pts": 144,
            "pts_time": "4.804891",
            "pkt_dts": 144,
            "pkt_dts_time": "4.804891",
            "best_effort_timestamp": 144,
            "best_effort_timestamp_time": "4.804891",
            "duration": 1,
            "duration_time": "0.033367",
            "pkt_pos": "17905352",
            "pkt_size": "120000",
            "width": 720,
            "height": 480,
            "crop_top": 0,
            "crop_bottom": 0,
            "crop_left": 0,
            "crop_right": 0,
            "pix_fmt": "yuv411p",
            "sample_aspect_ratio": "8:9",
            "pict_type": "I",
            "interlaced_frame": 1,
            "top_field_first": 0,
            "repeat_pict": 0,
            "chroma_location": "topleft"
        },
        {
            "media_type": "video",
            "stream_index": 0,
            "key_frame": 1,
            "pts": 145,
            "pts_time": "4.838259",
            "pkt_dts": 145,
            "pkt_dts_time": "4.838259",
            "best_effort_timestamp": 145,
            "best_effort_timestamp_time": "4.838259",
            "duration": 1,
            "duration_time": "0.033367",
            "pkt_pos": "18149224",
            "pkt_size": "120000",
            "width": 720,
            "height": 480,
            "crop_top": 0,
            "crop_bottom": 0,
            "crop_left": 0,
            "crop_right": 0,
            "pix_fmt": "yuv411p",
            "sample_aspect_ratio": "8:9",
            "pict_type": "I",
            "interlaced_frame": 1,
            "top_field_first": 0,
            "repeat_pict": 0,
            "chroma_location": "topleft"
        },
        {
            "media_type": "video",
            "stream_index": 0,
            "key_frame": 1,
            "pts": 146,
            "pts_time": "4.871626",
            "pkt_dts": 146,
            "pkt_dts_time": "4.871626",
            "best_effort_timestamp": 146,
            "best_effort_timestamp_time": "4.871626",
            "duration": 1,
            "duration_time": "0.033367",
            "pkt_pos": "18269232",
            "pkt_size": "120000",
            "width": 720,
            "height": 480,
            "crop_top": 0,
            "crop_bottom": 0,
            "crop_left": 0,
            "crop_right": 0,
            "pix_fmt": "yuv411p",
            "sample_aspect_ratio": "8:9",
            "pict_type": "I",
            "interlaced_frame": 1,
            "top_field_first": 0,
            "repeat_pict": 0,
            "chroma_location": "topleft"
        },
        {
            "media_type": "video",
            "stream_index": 0,
            "key_frame": 1,
            "pts": 147,
            "pts_time": "4.904993",
            "pkt_dts": 147,
            "pkt_dts_time": "4.904993",
            "best_effort_timestamp": 147,
            "best_effort_timestamp_time": "4.904993",
            "duration": 1,
            "duration_time": "0.033367",
            "pkt_pos": "18389240",
            "pkt_size": "120000",
            "width": 720,
            "height": 480,
            "crop_top": 0,
            "crop_bottom": 0,
            "crop_left": 0,
            "crop_right": 0,
            "pix_fmt": "yuv411p",
            "sample_aspect_ratio": "8:9",
            "pict_type": "I",
            "interlaced_frame": 1,
            "top_field_first": 0,
            "repeat_pict": 0,
            "chroma_location": "topleft"
        },
        {
            "media_type": "video",
            "stream_index": 0,
            "key_frame": 1,
            "pts": 148,
            "pts_time": "4.938360",
            "pkt_dts": 148,
            "pkt_dts_time": "4.938360",
            "best_effort_timestamp": 148,
            "best_effort_timestamp_time": "4.938360",
            "duration": 1,
            "duration_time": "0.033367",
            "pkt_pos": "18509248",
            "pkt_size": "120000",
            "width": 720,
            "height": 480,
            "crop_top": 0,
            "crop_bottom": 0,
            "crop_left": 0,
            "crop_right": 0,
            "pix_fmt": "yuv411p",
            "sample_aspect_ratio": "8:9",
            "pict_type": "I",
            "interlaced_frame": 1,
            "top_field_first": 0,
            "repeat_pict": 0,
            "chroma_location": "topleft"
        },
        {
            "media_type": "video",
            "stream_index": 0,
            "key_frame": 1,
            "pts": 149,
            "pts_time": "4.971728",
            "pkt_dts": 149,
            "pkt_dts_time": "4.971728",
            "best_effort_timestamp": 149,
            "best_effort_timestamp_time": "4.971728",
            "duration": 1,
            "duration_time": "0.033367",
            "pkt_pos": "18629256",
            "pkt_size": "120000",
            "width": 720,
            "height": 480,
            "crop_top": 0,
            "crop_bottom": 0,
            "crop_left": 0,
            "crop_right": 0,
            "pix_fmt": "yuv411p",
            "sample_aspect_ratio": "8:9",
            "pict_type": "I",
            "interlaced_frame": 1,
            "top_field_first": 0,
            "repeat_pict": 0,
            "chroma_location": "topleft"
        },
        {
            "media_type": "video",
            "stream_index": 0,
            "key_frame": 1,
            "pts": 150,
            "pts_time": "5.005095",
            "pkt_dts": 150,
            "pkt_dts_time": "5.005095",
            "best_effort_timestamp": 150,
            "best_effort_timestamp_time": "5.005095",
            "duration": 1,
            "duration_time": "0.033367",
            "pkt_pos": "18749264",
            "pkt_size": "120000",
            "width": 720,
            "height": 480,
            "crop_top": 0,
            "crop_bottom": 0,
            "crop_left": 0,
            "crop_right": 0,
            "pix_fmt": "yuv411p",
            "sample_aspect_ratio": "8:9",
            "pict_type": "I",
            "interlaced_frame": 1,
            "top_field_first": 0,
            "repeat_pict": 0,
            "chroma_location": "topleft"
        },
        {
            "media_type": "video",
            "stream_index": 0,
            "key_frame": 1,
            "pts": 151,
            "pts_time": "5.038462",
            "pkt_dts": 151,
            "pkt_dts_time": "5.038462",
            "best_effort_timestamp": 151,
            "best_effort_timestamp_time": "5.038462",
            "duration": 1,
            "duration_time": "0.033367",
            "pkt_pos": "18869272",
            "pkt_size": "120000",
            "width": 720,
            "height": 480,
            "crop_top": 0,
            "crop_bottom": 0,
            "crop_left": 0,
            "crop_right": 0,
            "pix_fmt": "yuv411p",
            "sample_aspect_ratio": "8:9",
            "pict_type": "I",
            "interlaced_frame": 1,
            "top_field_first": 0,
            "repeat_pict": 0,
            "chroma_location": "topleft"
        },
        {
            "media_type": "video",
            "stream_index": 0,
            "key_frame": 1,
            "pts": 152,
            "pts_time": "5.071830",
            "pkt_dts": 152,
            "pkt_dts_time": "5.071830",
            "best_effort_timestamp": 152,
            "best_effort_timestamp_time": "5.071830",
            "duration": 1,
            "duration_time": "0.033367",
            "pkt_pos": "18989280",
            "pkt_size": "120000",
            "width": 720,
            "height": 480,
            "crop_top": 0,
            "crop_bottom": 0,
            "crop_left": 0,
            "crop_right": 0,
            "pix_fmt": "yuv411p",
            "sample_aspect_ratio": "8:9",
            "pict_type": "I",
            "interlaced_frame": 1,
            "top_field_first": 0,
            "repeat_pict": 0,
            "chroma_location": "topleft"
        },
        {
            "media_type": "video",
            "stream_index": 0,
            "key_frame": 1,
            "pts": 153,
            "pts_time": "5.105197",
            "pkt_dts": 153,
            "pkt_dts_time": "5.105197",
            "best_effort_timestamp": 153,
            "best_effort_timestamp_time": "5.105197",
            "duration": 1,
            "duration_time": "0.033367",
            "pkt_pos": "19109288",
            "pkt_size": "120000",
            "width": 720,
            "height": 480,
            "crop_top": 0,
            "crop_bottom": 0,
            "crop_left": 0,
            "crop_right": 0,
            "pix_fmt": "yuv411p",
            "sample_aspect_ratio": "8:9",
            "pict_type": "I",
            "interlaced_frame": 1,
            "top_field_first": 0,
            "repeat_pict": 0,
            "chroma_location": "topleft"
        },
        {
            "media_type": "video",
            "stream_index": 0,
            "key_frame": 1,
            "pts": 154,
            "pts_time": "5.138564",
            "pkt_dts": 154,
            "pkt_dts_time": "5.138564",
            "best_effort_timestamp": 154,
            "best_effort_timestamp_time": "5.138564",
            "duration": 1,
            "duration_time": "0.033367",
            "pkt_pos": "19229296",
            "pkt_size": "120000",
            "width": 720,
            "height": 480,
            "crop_top": 0,
            "crop_bottom": 0,
            "crop_left": 0,
            "crop_right": 0,
            "pix_fmt": "yuv411p",
            "sample_aspect_ratio": "8:9",
            "pict_type": "I",
            "interlaced_frame": 1,
            "top_field_first": 0,
            "repeat_pict": 0,
            "chroma_location": "topleft"
        },
        {
            "media_type": "video",
            "stream_index": 0,
            "key_frame": 1,
            "pts": 155,
            "pts_time": "5.171932",
            "pkt_dts": 155,
            "pkt_dts_time": "5.171932",
            "best_effort_timestamp": 155,
            "best_effort_timestamp_time": "5.171932",
            "duration": 1,
            "duration_time": "0.033367",
            "pkt_pos": "19349304",
            "pkt_size": "120000",
            "width": 720,
            "height": 480,
            "crop_top": 0,
            "crop_bottom": 0,
            "crop_left": 0,
            "crop_right": 0,
            "pix_fmt": "yuv411p",
            "sample_aspect_ratio": "8:9",
            "pict_type": "I",
            "interlaced_frame": 1,
            "top_field_first": 0,
            "repeat_pict": 0,
            "chroma_location": "topleft"
        },
        {
            "media_type": "video",
            "stream_index": 0,
            "key_frame": 1,
            "pts": 156,
            "pts_time": "5.205299",
            "pkt_dts": 156,
            "pkt_dts_time": "5.205299",
            "best_effort_timestamp": 156,
            "best_effort_timestamp_time": "5.205299",
            "duration": 1,
            "duration_time": "0.033367",
            "pkt_pos": "19469312",
            "pkt_size": "120000",
            "width": 720,
            "height": 480,
            "crop_top": 0,
            "crop_bottom": 0,
            "crop_left": 0,
            "crop_right": 0,
            "pix_fmt": "yuv411p",
            "sample_aspect_ratio": "8:9",
            "pict_type": "I",
            "interlaced_frame": 1,
            "top_field_first": 0,
            "repeat_pict": 0,
            "chroma_location": "topleft"
        },
        {
            "media_type": "video",
            "stream_index": 0,
            "key_frame": 1,
            "pts": 157,
            "pts_time": "5.238666",
            "pkt_dts": 157,
            "pkt_dts_time": "5.238666",
            "best_effort_timestamp": 157,
            "best_effort_timestamp_time": "5.238666",
            "duration": 1,
            "duration_time": "0.033367",
            "pkt_pos": "19589320",
            "pkt_size": "120000",
            "width": 720,
            "height": 480,
            "crop_top": 0,
            "crop_bottom": 0,
            "crop_left": 0,
            "crop_right": 0,
            "pix_fmt": "yuv411p",
            "sample_aspect_ratio": "8:9",
            "pict_type": "I",
            "interlaced_frame": 1,
            "top_field_first": 0,
            "repeat_pict": 0,
            "chroma_location": "topleft"
        },
        {
            "media_type": "video",
            "stream_index": 0,
            "key_frame": 1,
            "pts": 158,
            "pts_time": "5.272033",
            "pkt_dts": 158,
            "pkt_dts_time": "5.272033",
            "best_effort_timestamp": 158,
            "best_effort_timestamp_time": "5.272033",
            "duration": 1,
            "duration_time": "0.033367",
            "pkt_pos": "19709328",
            "pkt_size": "120000",
            "width": 720,
            "height": 480,
            "crop_top": 0,
            "crop_bottom": 0,
            "crop_left": 0,
            "crop_right": 0,
            "pix_fmt": "yuv411p",
            "sample_aspect_ratio": "8:9",
            "pict_type": "I",
            "interlaced_frame": 1,
            "top_field_first": 0,
            "repeat_pict": 0,
            "chroma_location": "topleft"
        },
        {
            "media_type": "video",
            "stream_index": 0,
            "key_frame": 1,
            "pts": 159,
            "pts_time": "5.305401",
            "pkt_dts": 159,
            "pkt_dts_time": "5.305401",
            "best_effort_timestamp": 159,
            "best_effort_timestamp_time": "5.305401",
            "duration": 1,
            "duration_time": "0.033367",
            "pkt_pos": "19829336",
            "pkt_size": "120000",
            "width": 720,
            "height": 480,
            "crop_top": 0,
            "crop_bottom": 0,
            "crop_left": 0,
            "crop_right": 0,
            "pix_fmt": "yuv411p",
            "sample_aspect_ratio": "8:9",
            "pict_type": "I",
            "interlaced_frame": 1,
            "top_field_first": 0,
            "repeat_pict": 0,
            "chroma_location": "topleft"
        },
        {
            "media_type": "video",
            "stream_index": 0,
            "key_frame": 1,
            "pts": 160,
            "pts_time": "5.338768",
            "pkt_dts": 160,
            "pkt_dts_time": "5.338768",
            "best_effort_timestamp": 160,
            "best_effort_timestamp_time": "5.338768",
            "duration": 1,
            "duration_time": "0.033367",
            "pkt_pos": "19949344",
            "pkt_size": "120000",
            "width": 720,
            "height": 480,
            "crop_top": 0,
            "crop_bottom": 0,
            "crop_left": 0,
            "crop_right": 0,
            "pix_fmt": "yuv411p",
            "sample_aspect_ratio": "8:9",
            "pict_type": "I",
            "interlaced_frame": 1,
            "top_field_first": 0,
            "repeat_pict": 0,
            "chroma_location": "topleft"
        },
        {
            "media_type": "video",
            "stream_index": 0,
            "key_frame": 1,
            "pts": 161,
            "pts_time": "5.372135",
            "pkt_dts": 161,
            "pkt_dts_time": "5.372135",
            "best_effort_timestamp": 161,
            "best_effort_timestamp_time": "5.372135",
            "duration": 1,
            "duration_time": "0.033367",
            "pkt_pos": "20069352",
            "pkt_size": "120000",
            "width": 720,
            "height": 480,
            "crop_top": 0,
            "crop_bottom": 0,
            "crop_left": 0,
            "crop_right": 0,
            "pix_fmt": "yuv411p",
            "sample_aspect_ratio": "8:9",
            "pict_type": "I",
            "interlaced_frame": 1,
            "top_field_first": 0,
            "repeat_pict": 0,
            "chroma_location": "topleft"
        },
        {
            "media_type": "video",
            "stream_index": 0,
            "key_frame": 1,
            "pts": 162,
            "pts_time": "5.405503",
            "pkt_dts": 162,
            "pkt_dts_time": "5.405503",
            "best_effort_timestamp": 162,
            "best_effort_timestamp_time": "5.405503",
            "duration": 1,
            "duration_time": "0.033367",
            "pkt_pos": "20189360",
            "pkt_size": "120000",
            "width": 720,
            "height": 480,
            "crop_top": 0,
            "crop_bottom": 0,
            "crop_left": 0,
            "crop_right": 0,
            "pix_fmt": "yuv411p",
            "sample_aspect_ratio": "8:9",
            "pict_type": "I",
            "interlaced_frame": 1,
            "top_field_first": 0,
            "repeat_pict": 0,
            "chroma_location": "topleft"
        },
        {
            "media_type": "video",
            "stream_index": 0,
            "key_frame": 1,
            "pts": 163,
            "pts_time": "5.438870",
            "pkt_dts": 163,
            "pkt_dts_time": "5.438870",
            "best_effort_timestamp": 163,
            "best_effort_timestamp_time": "5.438870",
            "duration": 1,
            "duration_time": "0.033367",
            "pkt_pos": "20309368",
            "pkt_size": "120000",
            "width": 720,
            "height": 480,
            "crop_top": 0,
            "crop_bottom": 0,
            "crop_left": 0,
            "crop_right": 0,
            "pix_fmt": "yuv411p",
            "sample_aspect_ratio": "8:9",
            "pict_type": "I",
            "interlaced_frame": 1,
            "top_field_first": 0,
            "repeat_pict": 0,
            "chroma_location": "topleft"
        },
        {
            "media_type": "video",
            "stream_index": 0,
            "key_frame": 1,
            "pts": 164,
            "pts_time": "5.472237",
            "pkt_dts": 164,
            "pkt_dts_time": "5.472237",
            "best_effort_timestamp": 164,
            "best_effort_timestamp_time": "5.472237",
            "duration": 1,
            "duration_time": "0.033367",
            "pkt_pos": "20429376",
            "pkt_size": "120000",
            "width": 720,
            "height": 480,
            "crop_top": 0,
            "crop_bottom": 0,
            "crop_left": 0,
            "crop_right": 0,
            "pix_fmt": "yuv411p",
            "sample_aspect_ratio": "8:9",
            "pict_type": "I",
            "interlaced_frame": 1,
            "top_field_first": 0,
            "repeat_pict": 0,
            "chroma_location": "topleft"
        },
        {
            "media_type": "video",
            "stream_index": 0,
            "key_frame": 1,
            "pts": 165,
            "pts_time": "5.505605",
            "pkt_dts": 165,
            "pkt_dts_time": "5.505605",
            "best_effort_timestamp": 165,
            "best_effort_timestamp_time": "5.505605",
            "duration": 1,
            "duration_time": "0.033367",
            "pkt_pos": "20549384",
            "pkt_size": "120000",
            "width": 720,
            "height": 480,
            "crop_top": 0,
            "crop_bottom": 0,
            "crop_left": 0,
            "crop_right": 0,
            "pix_fmt": "yuv411p",
            "sample_aspect_ratio": "8:9",
            "pict_type": "I",
            "interlaced_frame": 1,
            "top_field_first": 0,
            "repeat_pict": 0,
            "chroma_location": "topleft"
        },
        {
            "media_type": "video",
            "stream_index": 0,
            "key_frame": 1,
            "pts": 166,
            "pts_time": "5.538972",
            "pkt_dts": 166,
            "pkt_dts_time": "5.538972",
            "best_effort_timestamp": 166,
            "best_effort_timestamp_time": "5.538972",
            "duration": 1,
            "duration_time": "0.033367",
            "pkt_pos": "20669392",
            "pkt_size": "120000",
            "width": 720,
            "height": 480,
            "crop_top": 0,
            "crop_bottom": 0,
            "crop_left": 0,
            "crop_right": 0,
            "pix_fmt": "yuv411p",
            "sample_aspect_ratio": "8:9",
            "pict_type": "I",
            "interlaced_frame": 1,
            "top_field_first": 0,
            "repeat_pict": 0,
            "chroma_location": "topleft"
        },
        {
            "media_type": "video",
            "stream_index": 0,
            "key_frame": 1,
            "pts": 167,
            "pts_time": "5.572339",
            "pkt_dts": 167,
            "pkt_dts_time": "5.572339",
            "best_effort_timestamp": 167,
            "best_effort_timestamp_time": "5.572339",
            "duration": 1,
            "duration_time": "0.033367",
            "pkt_pos": "20789400",
            "pkt_size": "120000",
            "width": 720,
            "height": 480,
            "crop_top": 0,
            "crop_bottom": 0,
            "crop_left": 0,
            "crop_right": 0,
            "pix_fmt": "yuv411p",
            "sample_aspect_ratio": "8:9",
            "pict_type": "I",
            "interlaced_frame": 1,
            "top_field_first": 0,
            "repeat_pict": 0,
            "chroma_location": "topleft"
        },
        {
            "media_type": "video",
            "stream_index": 0,
            "key_frame": 1,
            "pts": 168,
            "pts_time": "5.605706",
            "pkt_dts": 168,
            "pkt_dts_time": "5.605706",
            "best_effort_timestamp": 168,
            "best_effort_timestamp_time": "5.605706",
            "duration": 1,
            "duration_time": "0.033367",
            "pkt_pos": "20909408",
            "pkt_size": "120000",
            "width": 720,
            "height": 480,
            "crop_top": 0,
            "crop_bottom": 0,
            "crop_left": 0,
            "crop_right": 0,
            "pix_fmt": "yuv411p",
            "sample_aspect_ratio": "8:9",
            "pict_type": "I",
            "interlaced_frame": 1,
            "top_field_first": 0,
            "repeat_pict": 0,
            "chroma_location": "topleft"
        },
        {
            "media_type": "video",
            "stream_index": 0,
            "key_frame": 1,
            "pts": 169,
            "pts_time": "5.639074",
            "pkt_dts": 169,
            "pkt_dts_time": "5.639074",
            "best_effort_timestamp": 169,
            "best_effort_timestamp_time": "5.639074",
            "duration": 1,
            "duration_time": "0.033367",
            "pkt_pos": "21029416",
            "pkt_size": "120000",
            "width": 720,
            "height": 480,
            "crop_top": 0,
            "crop_bottom": 0,
            "crop_left": 0,
            "crop_right": 0,
            "pix_fmt": "yuv411p",
            "sample_aspect_ratio": "8:9",
            "pict_type": "I",
            "interlaced_frame": 1,
            "top_field_first": 0,
            "repeat_pict": 0,
            "chroma_location": "topleft"
        },
        {
            "media_type": "video",
            "stream_index": 0,
            "key_frame": 1,
            "pts": 170,
            "pts_time": "5.672441",
            "pkt_dts": 170,
            "pkt_dts_time": "5.672441",
            "best_effort_timestamp": 170,
            "best_effort_timestamp_time": "5.672441",
            "duration": 1,
            "duration_time": "0.033367",
            "pkt_pos": "21149424",
            "pkt_size": "120000",
            "width": 720,
            "height": 480,
            "crop_top": 0,
            "crop_bottom": 0,
            "crop_left": 0,
            "crop_right": 0,
            "pix_fmt": "yuv411p",
            "sample_aspect_ratio": "8:9",
            "pict_type": "I",
            "interlaced_frame": 1,
            "top_field_first": 0,
            "repeat_pict": 0,
            "chroma_location": "topleft"
        },
        {
            "media_type": "video",
            "stream_index": 0,
            "key_frame": 1,
            "pts": 171,
            "pts_time": "5.705808",
            "pkt_dts": 171,
            "pkt_dts_time": "5.705808",
            "best_effort_timestamp": 171,
            "best_effort_timestamp_time": "5.705808",
            "duration": 1,
            "duration_time": "0.033367",
            "pkt_pos": "21269432",
            "pkt_size": "120000",
            "width": 720,
            "height": 480,
            "crop_top": 0,
            "crop_bottom": 0,
            "crop_left": 0,
            "crop_right": 0,
            "pix_fmt": "yuv411p",
            "sample_aspect_ratio": "8:9",
            "pict_type": "I",
            "interlaced_frame": 1,
            "top_field_first": 0,
            "repeat_pict": 0,
            "chroma_location": "topleft"
        },
        {
            "media_type": "video",
            "stream_index": 0,
            "key_frame": 1,
            "pts": 172,
            "pts_time": "5.739176",
            "pkt_dts": 172,
            "pkt_dts_time": "5.739176",
            "best_effort_timestamp": 172,
            "best_effort_timestamp_time": "5.739176",
            "duration": 1,
            "duration_time": "0.033367",
            "pkt_pos": "21389440",
            "pkt_size": "120000",
            "width": 720,
            "height": 480,
            "crop_top": 0,
            "crop_bottom": 0,
            "crop_left": 0,
            "crop_right": 0,
            "pix_fmt": "yuv411p",
            "sample_aspect_ratio": "8:9",
            "pict_type": "I",
            "interlaced_frame": 1,
            "top_field_first": 0,
            "repeat_pict": 0,
            "chroma_location": "topleft"
        },
        {
            "media_type": "video",
            "stream_index": 0,
            "key_frame": 1,
            "pts": 173,
            "pts_time": "5.772543",
            "pkt_dts": 173,
            "pkt_dts_time": "5.772543",
            "best_effort_timestamp": 173,
            "best_effort_timestamp_time": "5.772543",
            "duration": 1,
            "duration_time": "0.033367",
            "pkt_pos": "21509448",
            "pkt_size": "120000",
            "width": 720,
            "height": 480,
            "crop_top": 0,
            "crop_bottom": 0,
            "crop_left": 0,
            "crop_right": 0,
            "pix_fmt": "yuv411p",
            "sample_aspect_ratio": "8:9",
            "pict_type": "I",
            "interlaced_frame": 1,
            "top_field_first": 0,
            "repeat_pict": 0,
            "chroma_location": "topleft"
        },
        {
            "media_type": "video",
            "stream_index": 0,
            "key_frame": 1,
            "pts": 174,
            "pts_time": "5.805910",
            "pkt_dts": 174,
            "pkt_dts_time": "5.805910",
            "best_effort_timestamp": 174,
            "best_effort_timestamp_time": "5.805910",
            "duration": 1,
            "duration_time": "0.033367",
            "pkt_pos": "21753320",
            "pkt_size": "120000",
            "width": 720,
            "height": 480,
            "crop_top": 0,
            "crop_bottom": 0,
            "crop_left": 0,
            "crop_right": 0,
            "pix_fmt": "yuv411p",
            "sample_aspect_ratio": "8:9",
            "pict_type": "I",
            "interlaced_frame": 1,
            "top_field_first": 0,
            "repeat_pict": 0,
            "chroma_location": "topleft"
        },
        {
            "media_type": "video",
            "stream_index": 0,
            "key_frame": 1,
            "pts": 175,
            "pts_time": "5.839278",
            "pkt_dts": 175,
            "pkt_dts_time": "5.839278",
            "best_effort_timestamp": 175,
            "best_effort_timestamp_time": "5.839278",
            "duration": 1,
            "duration_time": "0.033367",
            "pkt_pos": "21873328",
            "pkt_size": "120000",
            "width": 720,
            "height": 480,
            "crop_top": 0,
            "crop_bottom": 0,
            "crop_left": 0,
            "crop_right": 0,
            "pix_fmt": "yuv411p",
            "sample_aspect_ratio": "8:9",
            "pict_type": "I",
            "interlaced_frame": 1,
            "top_field_first": 0,
            "repeat_pict": 0,
            "chroma_location": "topleft"
        },
        {
            "media_type": "video",
            "stream_index": 0,
            "key_frame": 1,
            "pts": 176,
            "pts_time": "5.872645",
            "pkt_dts": 176,
            "pkt_dts_time": "5.872645",
            "best_effort_timestamp": 176,
            "best_effort_timestamp_time": "5.872645",
            "duration": 1,
            "duration_time": "0.033367",
            "pkt_pos": "21993336",
            "pkt_size": "120000",
            "width": 720,
            "height": 480,
            "crop_top": 0,
            "crop_bottom": 0,
            "crop_left": 0,
            "crop_right": 0,
            "pix_fmt": "yuv411p",
            "sample_aspect_ratio": "8:9",
            "pict_type": "I",
            "interlaced_frame": 1,
            "top_field_first": 0,
            "repeat_pict": 0,
            "chroma_location": "topleft"
        },
        {
            "media_type": "video",
            "stream_index": 0,
            "key_frame": 1,
            "pts": 177,
            "pts_time": "5.906012",
            "pkt_dts": 177,
            "pkt_dts_time": "5.906012",
            "best_effort_timestamp": 177,
            "best_effort_timestamp_time": "5.906012",
            "duration": 1,
            "duration_time": "0.033367",
            "pkt_pos": "22113344",
            "pkt_size": "120000",
            "width": 720,
            "height": 480,
            "crop_top": 0,
            "crop_bottom": 0,
            "crop_left": 0,
            "crop_right": 0,
            "pix_fmt": "yuv411p",
            "sample_aspect_ratio": "8:9",
            "pict_type": "I",
            "interlaced_frame": 1,
            "top_field_first": 0,
            "repeat_pict": 0,
            "chroma_location": "topleft"
        },
        {
            "media_type": "video",
            "stream_index": 0,
            "key_frame": 1,
            "pts": 178,
            "pts_time": "5.939379",
            "pkt_dts": 178,
            "pkt_dts_time": "5.939379",
            "best_effort_timestamp": 178,
            "best_effort_timestamp_time": "5.939379",
            "duration": 1,
            "duration_time": "0.033367",
            "pkt_pos": "22233352",
            "pkt_size": "120000",
            "width": 720,
            "height": 480,
            "crop_top": 0,
            "crop_bottom": 0,
            "crop_left": 0,
            "crop_right": 0,
            "pix_fmt": "yuv411p",
            "sample_aspect_ratio": "8:9",
            "pict_type": "I",
            "interlaced_frame": 1,
            "top_field_first": 0,
            "repeat_pict": 0,
            "chroma_location": "topleft"
        },
        {
            "media_type": "video",
            "stream_index": 0,
            "key_frame": 1,
            "pts": 179,
            "pts_time": "5.972747",
            "pkt_dts": 179,
            "pkt_dts_time": "5.972747",
            "best_effort_timestamp": 179,
            "best_effort_timestamp_time": "5.972747",
            "duration": 1,
            "duration_time": "0.033367",
            "pkt_pos": "22353360",
            "pkt_size": "120000",
            "width": 720,
            "height": 480,
            "crop_top": 0,
            "crop_bottom": 0,
            "crop_left": 0,
            "crop_right": 0,
            "pix_fmt": "yuv411p",
            "sample_aspect_ratio": "8:9",
            "pict_type": "I",
            "interlaced_frame": 1,
            "top_field_first": 0,
            "repeat_pict": 0,
            "chroma_location": "topleft"
        },
        {
            "media_type": "video",
            "stream_index": 0,
            "key_frame": 1,
            "pts": 180,
            "pts_time": "6.006114",
            "pkt_dts": 180,
            "pkt_dts_time": "6.006114",
            "best_effort_timestamp": 180,
            "best_effort_timestamp_time": "6.006114",
            "duration": 1,
            "duration_time": "0.033367",
            "pkt_pos": "22473368",
            "pkt_size": "120000",
            "width": 720,
            "height": 480,
            "crop_top": 0,
            "crop_bottom": 0,
            "crop_left": 0,
            "crop_right": 0,
            "pix_fmt": "yuv411p",
            "sample_aspect_ratio": "8:9",
            "pict_type": "I",
            "interlaced_frame": 1,
            "top_field_first": 0,
            "repeat_pict": 0,
            "chroma_location": "topleft"
        },
        {
            "media_type": "video",
            "stream_index": 0,
            "key_frame": 1,
            "pts": 181,
            "pts_time": "6.039481",
            "pkt_dts": 181,
            "pkt_dts_time": "6.039481",
            "best_effort_timestamp": 181,
            "best_effort_timestamp_time": "6.039481",
            "duration": 1,
            "duration_time": "0.033367",
            "pkt_pos": "22593376",
            "pkt_size": "120000",
            "width": 720,
            "height": 480,
            "crop_top": 0,
            "crop_bottom": 0,
            "crop_left": 0,
            "crop_right": 0,
            "pix_fmt": "yuv411p",
            "sample_aspect_ratio": "8:9",
            "pict_type": "I",
            "interlaced_frame": 1,
            "top_field_first": 0,
            "repeat_pict": 0,
            "chroma_location": "topleft"
        },
        {
            "media_type": "video",
            "stream_index": 0,
            "key_frame": 1,
            "pts": 182,
            "pts_time": "6.072849",
            "pkt_dts": 182,
            "pkt_dts_time": "6.072849",
            "best_effort_timestamp": 182,
            "best_effort_timestamp_time": "6.072849",
            "duration": 1,
            "duration_time": "0.033367",
            "pkt_pos": "22713384",
            "pkt_size": "120000",
            "width": 720,
            "height": 480,
            "crop_top": 0,
            "crop_bottom": 0,
            "crop_left": 0,
            "crop_right": 0,
            "pix_fmt": "yuv411p",
            "sample_aspect_ratio": "8:9",
            "pict_type": "I",
            "interlaced_frame": 1,
            "top_field_first": 0,
            "repeat_pict": 0,
            "chroma_location": "topleft"
        },
        {
            "media_type": "video",
            "stream_index": 0,
            "key_frame": 1,
            "pts": 183,
            "pts_time": "6.106216",
            "pkt_dts": 183,
            "pkt_dts_time": "6.106216",
            "best_effort_timestamp": 183,
            "best_effort_timestamp_time": "6.106216",
            "duration": 1,
            "duration_time": "0.033367",
            "pkt_pos": "22833392",
            "pkt_size": "120000",
            "width": 720,
            "height": 480,
            "crop_top": 0,
            "crop_bottom": 0,
            "crop_left": 0,
            "crop_right": 0,
            "pix_fmt": "yuv411p",
            "sample_aspect_ratio": "8:9",
            "pict_type": "I",
            "interlaced_frame": 1,
            "top_field_first": 0,
            "repeat_pict": 0,
            "chroma_location": "topleft"
        },
        {
            "media_type": "video",
            "stream_index": 0,
            "key_frame": 1,
            "pts": 184,
            "pts_time": "6.139583",
            "pkt_dts": 184,
            "pkt_dts_time": "6.139583",
            "best_effort_timestamp": 184,
            "best_effort_timestamp_time": "6.139583",
            "duration": 1,
            "duration_time": "0.033367",
            "pkt_pos": "22953400",
            "pkt_size": "120000",
            "width": 720,
            "height": 480,
            "crop_top": 0,
            "crop_bottom": 0,
            "crop_left": 0,
            "crop_right": 0,
            "pix_fmt": "yuv411p",
            "sample_aspect_ratio": "8:9",
            "pict_type": "I",
            "interlaced_frame": 1,
            "top_field_first": 0,
            "repeat_pict": 0,
            "chroma_location": "topleft"
        },
        {
            "media_type": "video",
            "stream_index": 0,
            "key_frame": 1,
            "pts": 185,
            "pts_time": "6.172951",
            "pkt_dts": 185,
            "pkt_dts_time": "6.172951",
            "best_effort_timestamp": 185,
            "best_effort_timestamp_time": "6.172951",
            "duration": 1,
            "duration_time": "0.033367",
            "pkt_pos": "23073408",
            "pkt_size": "120000",
            "width": 720,
            "height": 480,
            "crop_top": 0,
            "crop_bottom": 0,
            "crop_left": 0,
            "crop_right": 0,
            "pix_fmt": "yuv411p",
            "sample_aspect_ratio": "8:9",
            "pict_type": "I",
            "interlaced_frame": 1,
            "top_field_first": 0,
            "repeat_pict": 0,
            "chroma_location": "topleft"
        },
        {
            "media_type": "video",
            "stream_index": 0,
            "key_frame": 1,
            "pts": 186,
            "pts_time": "6.206318",
            "pkt_dts": 186,
            "pkt_dts_time": "6.206318",
            "best_effort_timestamp": 186,
            "best_effort_timestamp_time": "6.206318",
            "duration": 1,
            "duration_time": "0.033367",
            "pkt_pos": "23193416",
            "pkt_size": "120000",
            "width": 720,
            "height": 480,
            "crop_top": 0,
            "crop_bottom": 0,
            "crop_left": 0,
            "crop_right": 0,
            "pix_fmt": "yuv411p",
            "sample_aspect_ratio": "8:9",
            "pict_type": "I",
            "interlaced_frame": 1,
            "top_field_first": 0,
            "repeat_pict": 0,
            "chroma_location": "topleft"
        },
        {
            "media_type": "video",
            "stream_index": 0,
            "key_frame": 1,
            "pts": 187,
            "pts_time": "6.239685",
            "pkt_dts": 187,
            "pkt_dts_time": "6.239685",
            "best_effort_timestamp": 187,
            "best_effort_timestamp_time": "6.239685",
            "duration": 1,
            "duration_time": "0.033367",
            "pkt_pos": "23313424",
            "pkt_size": "120000",
            "width": 720,
            "height": 480,
            "crop_top": 0,
            "crop_bottom": 0,
            "crop_left": 0,
            "crop_right": 0,
            "pix_fmt": "yuv411p",
            "sample_aspect_ratio": "8:9",
            "pict_type": "I",
            "interlaced_frame": 1,
            "top_field_first": 0,
            "repeat_pict": 0,
            "chroma_location": "topleft"
        },
        {
            "media_type": "video",
            "stream_index": 0,
            "key_frame": 1,
            "pts": 188,
            "pts_time": "6.273052",
            "pkt_dts": 188,
            "pkt_dts_time": "6.273052",
            "best_effort_timestamp": 188,
            "best_effort_timestamp_time": "6.273052",
            "duration": 1,
            "duration_time": "0.033367",
            "pkt_pos": "23433432",
            "pkt_size": "120000",
            "width": 720,
            "height": 480,
            "crop_top": 0,
            "crop_bottom": 0,
            "crop_left": 0,
            "crop_right": 0,
            "pix_fmt": "yuv411p",
            "sample_aspect_ratio": "8:9",
            "pict_type": "I",
            "interlaced_frame": 1,
            "top_field_first": 0,
            "repeat_pict": 0,
            "chroma_location": "topleft"
        },
        {
            "media_type": "video",
            "stream_index": 0,
            "key_frame": 1,
            "pts": 189,
            "pts_time": "6.306420",
            "pkt_dts": 189,
            "pkt_dts_time": "6.306420",
            "best_effort_timestamp": 189,
            "best_effort_timestamp_time": "6.306420",
            "duration": 1,
            "duration_time": "0.033367",
            "pkt_pos": "23553440",
            "pkt_size": "120000",
            "width": 720,
            "height": 480,
            "crop_top": 0,
            "crop_bottom": 0,
            "crop_left": 0,
            "crop_right": 0,
            "pix_fmt": "yuv411p",
            "sample_aspect_ratio": "8:9",
            "pict_type": "I",
            "interlaced_frame": 1,
            "top_field_first": 0,
            "repeat_pict": 0,
            "chroma_location": "topleft"
        },
        {
            "media_type": "video",
            "stream_index": 0,
            "key_frame": 1,
            "pts": 190,
            "pts_time": "6.339787",
            "pkt_dts": 190,
            "pkt_dts_time": "6.339787",
            "best_effort_timestamp": 190,
            "best_effort_timestamp_time": "6.339787",
            "duration": 1,
            "duration_time": "0.033367",
            "pkt_pos": "23673448",
            "pkt_size": "120000",
            "width": 720,
            "height": 480,
            "crop_top": 0,
            "crop_bottom": 0,
            "crop_left": 0,
            "crop_right": 0,
            "pix_fmt": "yuv411p",
            "sample_aspect_ratio": "8:9",
            "pict_type": "I",
            "interlaced_frame": 1,
            "top_field_first": 0,
            "repeat_pict": 0,
            "chroma_location": "topleft"
        },
        {
            "media_type": "video",
            "stream_index": 0,
            "key_frame": 1,
            "pts": 191,
            "pts_time": "6.373154",
            "pkt_dts": 191,
            "pkt_dts_time": "6.373154",
            "best_effort_timestamp": 191,
            "best_effort_timestamp_time": "6.373154",
            "duration": 1,
            "duration_time": "0.033367",
            "pkt_pos": "23793456",
            "pkt_size": "120000",
            "width": 720,
            "height": 480,
            "crop_top": 0,
            "crop_bottom": 0,
            "crop_left": 0,
            "crop_right": 0,
            "pix_fmt": "yuv411p",
            "sample_aspect_ratio": "8:9",
            "pict_type": "I",
            "interlaced_frame": 1,
            "top_field_first": 0,
            "repeat_pict": 0,
            "chroma_location": "topleft"
        },
        {
            "media_type": "video",
            "stream_index": 0,
            "key_frame": 1,
            "pts": 192,
            "pts_time": "6.406522",
            "pkt_dts": 192,
            "pkt_dts_time": "6.406522",
            "best_effort_timestamp": 192,
            "best_effort_timestamp_time": "6.406522",
            "duration": 1,
            "duration_time": "0.033367",
            "pkt_pos": "23913464",
            "pkt_size": "120000",
            "width": 720,
            "height": 480,
            "crop_top": 0,
            "crop_bottom": 0,
            "crop_left": 0,
            "crop_right": 0,
            "pix_fmt": "yuv411p",
            "sample_aspect_ratio": "8:9",
            "pict_type": "I",
            "interlaced_frame": 1,
            "top_field_first": 0,
            "repeat_pict": 0,
            "chroma_location": "topleft"
        },
        {
            "media_type": "video",
            "stream_index": 0,
            "key_frame": 1,
            "pts": 193,
            "pts_time": "6.439889",
            "pkt_dts": 193,
            "pkt_dts_time": "6.439889",
            "best_effort_timestamp": 193,
            "best_effort_timestamp_time": "6.439889",
            "duration": 1,
            "duration_time": "0.033367",
            "pkt_pos": "24033472",
            "pkt_size": "120000",
            "width": 720,
            "height": 480,
            "crop_top": 0,
            "crop_bottom": 0,
            "crop_left": 0,
            "crop_right": 0,
            "pix_fmt": "yuv411p",
            "sample_aspect_ratio": "8:9",
            "pict_type": "I",
            "interlaced_frame": 1,
            "top_field_first": 0,
            "repeat_pict": 0,
            "chroma_location": "topleft"
        },
        {
            "media_type": "video",
            "stream_index": 0,
            "key_frame": 1,
            "pts": 194,
            "pts_time": "6.473256",
            "pkt_dts": 194,
            "pkt_dts_time": "6.473256",
            "best_effort_timestamp": 194,
            "best_effort_timestamp_time": "6.473256",
            "duration": 1,
            "duration_time": "0.033367",
            "pkt_pos": "24153480",
            "pkt_size": "120000",
            "width": 720,
            "height": 480,
            "crop_top": 0,
            "crop_bottom": 0,
            "crop_left": 0,
            "crop_right": 0,
            "pix_fmt": "yuv411p",
            "sample_aspect_ratio": "8:9",
            "pict_type": "I",
            "interlaced_frame": 1,
            "top_field_first": 0,
            "repeat_pict": 0,
            "chroma_location": "topleft"
        },
        {
            "media_type": "video",
            "stream_index": 0,
            "key_frame": 1,
            "pts": 195,
            "pts_time": "6.506624",
            "pkt_dts": 195,
            "pkt_dts_time": "6.506624",
            "best_effort_timestamp": 195,
            "best_effort_timestamp_time": "6.506624",
            "duration": 1,
            "duration_time": "0.033367",
            "pkt_pos": "24273488",
            "pkt_size": "120000",
            "width": 720,
            "height": 480,
            "crop_top": 0,
            "crop_bottom": 0,
            "crop_left": 0,
            "crop_right": 0,
            "pix_fmt": "yuv411p",
            "sample_aspect_ratio": "8:9",
            "pict_type": "I",
            "interlaced_frame": 1,
            "top_field_first": 0,
            "repeat_pict": 0,
            "chroma_location": "topleft"
        },
        {
            "media_type": "video",
            "stream_index": 0,
            "key_frame": 1,
            "pts": 196,
            "pts_time": "6.539991",
            "pkt_dts": 196,
            "pkt_dts_time": "6.539991",
            "best_effort_timestamp": 196,
            "best_effort_timestamp_time": "6.539991",
            "duration": 1,
            "duration_time": "0.033367",
            "pkt_pos": "24393496",
            "pkt_size": "120000",
            "width": 720,
            "height": 480,
            "crop_top": 0,
            "crop_bottom": 0,
            "crop_left": 0,
            "crop_right": 0,
            "pix_fmt": "yuv411p",
            "sample_aspect_ratio": "8:9",
            "pict_type": "I",
            "interlaced_frame": 1,
            "top_field_first": 0,
            "repeat_pict": 0,
            "chroma_location": "topleft"
        },
        {
            "media_type": "video",
            "stream_index": 0,
            "key_frame": 1,
            "pts": 197,
            "pts_time": "6.573358",
            "pkt_dts": 197,
            "pkt_dts_time": "6.573358",
            "best_effort_timestamp": 197,
            "best_effort_timestamp_time": "6.573358",
            "duration": 1,
            "duration_time": "0.033367",
            "pkt_pos": "24513504",
            "pkt_size": "120000",
            "width": 720,
            "height": 480,
            "crop_top": 0,
            "crop_bottom": 0,
            "crop_left": 0,
            "crop_right": 0,
            "pix_fmt": "yuv411p",
            "sample_aspect_ratio": "8:9",
            "pict_type": "I",
            "interlaced_frame": 1,
            "top_field_first": 0,
            "repeat_pict": 0,
            "chroma_location": "topleft"
        },
        {
            "media_type": "video",
            "stream_index": 0,
            "key_frame": 1,
            "pts": 198,
            "pts_time": "6.606725",
            "pkt_dts": 198,
            "pkt_dts_time": "6.606725",
            "best_effort_timestamp": 198,
            "best_effort_timestamp_time": "6.606725",
            "duration": 1,
            "duration_time": "0.033367",
            "pkt_pos": "24633512",
            "pkt_size": "120000",
            "width": 720,
            "height": 480,
            "crop_top": 0,
            "crop_bottom": 0,
            "crop_left": 0,
            "crop_right": 0,
            "pix_fmt": "yuv411p",
            "sample_aspect_ratio": "8:9",
            "pict_type": "I",
            "interlaced_frame": 1,
            "top_field_first": 0,
            "repeat_pict": 0,
            "chroma_location": "topleft"
        },
        {
            "media_type": "video",
            "stream_index": 0,
            "key_frame": 1,
            "pts": 199,
            "pts_time": "6.640093",
            "pkt_dts": 199,
            "pkt_dts_time": "6.640093",
            "best_effort_timestamp": 199,
            "best_effort_timestamp_time": "6.640093",
            "duration": 1,
            "duration_time": "0.033367",
            "pkt_pos": "24753520",
            "pkt_size": "120000",
            "width": 720,
            "height": 480,
            "crop_top": 0,
            "crop_bottom": 0,
            "crop_left": 0,
            "crop_right": 0,
            "pix_fmt": "yuv411p",
            "sample_aspect_ratio": "8:9",
            "pict_type": "I",
            "interlaced_frame": 1,
            "top_field_first": 0,
            "repeat_pict": 0,
            "chroma_location": "topleft"
        },
        {
            "media_type": "video",
            "stream_index": 0,
            "key_frame": 1,
            "pts": 200,
            "pts_time": "6.673460",
            "pkt_dts": 200,
            "pkt_dts_time": "6.673460",
            "best_effort_timestamp": 200,
            "best_effort_timestamp_time": "6.673460",
            "duration": 1,
            "duration_time": "0.033367",
            "pkt_pos": "24873528",
            "pkt_size": "120000",
            "width": 720,
            "height": 480,
            "crop_top": 0,
            "crop_bottom": 0,
            "crop_left": 0,
            "crop_right": 0,
            "pix_fmt": "yuv411p",
            "sample_aspect_ratio": "8:9",
            "pict_type": "I",
            "interlaced_frame": 1,
            "top_field_first": 0,
            "repeat_pict": 0,
            "chroma_location": "topleft"
        },
        {
            "media_type": "video",
            "stream_index": 0,
            "key_frame": 1,
            "pts": 201,
            "pts_time": "6.706827",
            "pkt_dts": 201,
            "pkt_dts_time": "6.706827",
            "best_effort_timestamp": 201,
            "best_effort_timestamp_time": "6.706827",
            "duration": 1,
            "duration_time": "0.033367",
            "pkt_pos": "24993536",
            "pkt_size": "120000",
            "width": 720,
            "height": 480,
            "crop_top": 0,
            "crop_bottom": 0,
            "crop_left": 0,
            "crop_right": 0,
            "pix_fmt": "yuv411p",
            "sample_aspect_ratio": "8:9",
            "pict_type": "I",
            "interlaced_frame": 1,
            "top_field_first": 0,
            "repeat_pict": 0,
            "chroma_location": "topleft"
        },
        {
            "media_type": "video",
            "stream_index": 0,
            "key_frame": 1,
            "pts": 202,
            "pts_time": "6.740195",
            "pkt_dts": 202,
            "pkt_dts_time": "6.740195",
            "best_effort_timestamp": 202,
            "best_effort_timestamp_time": "6.740195",
            "duration": 1,
            "duration_time": "0.033367",
            "pkt_pos": "25113544",
            "pkt_size": "120000",
            "width": 720,
            "height": 480,
            "crop_top": 0,
            "crop_bottom": 0,
            "crop_left": 0,
            "crop_right": 0,
            "pix_fmt": "yuv411p",
            "sample_aspect_ratio": "8:9",
            "pict_type": "I",
            "interlaced_frame": 1,
            "top_field_first": 0,
            "repeat_pict": 0,
            "chroma_location": "topleft"
        },
        {
            "media_type": "video",
            "stream_index": 0,
            "key_frame": 1,
            "pts": 203,
            "pts_time": "6.773562",
            "pkt_dts": 203,
            "pkt_dts_time": "6.773562",
            "best_effort_timestamp": 203,
            "best_effort_timestamp_time": "6.773562",
            "duration": 1,
            "duration_time": "0.033367",
            "pkt_pos": "25357420",
            "pkt_size": "120000",
            "width": 720,
            "height": 480,
            "crop_top": 0,
            "crop_bottom": 0,
            "crop_left": 0,
            "crop_right": 0,
            "pix_fmt": "yuv411p",
            "sample_aspect_ratio": "8:9",
            "pict_type": "I",
            "interlaced_frame": 1,
            "top_field_first": 0,
            "repeat_pict": 0,
            "chroma_location": "topleft"
        },
        {
            "media_type": "video",
            "stream_index": 0,
            "key_frame": 1,
            "pts": 204,
            "pts_time": "6.806929",
            "pkt_dts": 204,
            "pkt_dts_time": "6.806929",
            "best_effort_timestamp": 204,
            "best_effort_timestamp_time": "6.806929",
            "duration": 1,
            "duration_time": "0.033367",
            "pkt_pos": "25477428",
            "pkt_size": "120000",
            "width": 720,
            "height": 480,
            "crop_top": 0,
            "crop_bottom": 0,
            "crop_left": 0,
            "crop_right": 0,
            "pix_fmt": "yuv411p",
            "sample_aspect_ratio": "8:9",
            "pict_type": "I",
            "interlaced_frame": 1,
            "top_field_first": 0,
            "repeat_pict": 0,
            "chroma_location": "topleft"
        },
        {
            "media_type": "video",
            "stream_index": 0,
            "key_frame": 1,
            "pts": 205,
            "pts_time": "6.840297",
            "pkt_dts": 205,
            "pkt_dts_time": "6.840297",
            "best_effort_timestamp": 205,
            "best_effort_timestamp_time": "6.840297",
            "duration": 1,
            "duration_time": "0.033367",
            "pkt_pos": "25597436",
            "pkt_size": "120000",
            "width": 720,
            "height": 480,
            "crop_top": 0,
            "crop_bottom": 0,
            "crop_left": 0,
            "crop_right": 0,
            "pix_fmt": "yuv411p",
            "sample_aspect_ratio": "8:9",
            "pict_type": "I",
            "interlaced_frame": 1,
            "top_field_first": 0,
            "repeat_pict": 0,
            "chroma_location": "topleft"
        },
        {
            "media_type": "video",
            "stream_index": 0,
            "key_frame": 1,
            "pts": 206,
            "pts_time": "6.873664",
            "pkt_dts": 206,
            "pkt_dts_time": "6.873664",
            "best_effort_timestamp": 206,
            "best_effort_timestamp_time": "6.873664",
            "duration": 1,
            "duration_time": "0.033367",
            "pkt_pos": "25717444",
            "pkt_size": "120000",
            "width": 720,
            "height": 480,
            "crop_top": 0,
            "crop_bottom": 0,
            "crop_left": 0,
            "crop_right": 0,
            "pix_fmt": "yuv411p",
            "sample_aspect_ratio": "8:9",
            "pict_type": "I",
            "interlaced_frame": 1,
            "top_field_first": 0,
            "repeat_pict": 0,
            "chroma_location": "topleft"
        },
        {
            "media_type": "video",
            "stream_index": 0,
            "key_frame": 1,
            "pts": 207,
            "pts_time": "6.907031",
            "pkt_dts": 207,
            "pkt_dts_time": "6.907031",
            "best_effort_timestamp": 207,
            "best_effort_timestamp_time": "6.907031",
            "duration": 1,
            "duration_time": "0.033367",
            "pkt_pos": "25837452",
            "pkt_size": "120000",
            "width": 720,
            "height": 480,
            "crop_top": 0,
            "crop_bottom": 0,
            "crop_left": 0,
            "crop_right": 0,
            "pix_fmt": "yuv411p",
            "sample_aspect_ratio": "8:9",
            "pict_type": "I",
            "interlaced_frame": 1,
            "top_field_first": 0,
            "repeat_pict": 0,
            "chroma_location": "topleft"
        },
        {
            "media_type": "video",
            "stream_index": 0,
            "key_frame": 1,
            "pts": 208,
            "pts_time": "6.940398",
            "pkt_dts": 208,
            "pkt_dts_time": "6.940398",
            "best_effort_timestamp": 208,
            "best_effort_timestamp_time": "6.940398",
            "duration": 1,
            "duration_time": "0.033367",
            "pkt_pos": "25957460",
            "pkt_size": "120000",
            "width": 720,
            "height": 480,
            "crop_top": 0,
            "crop_bottom": 0,
            "crop_left": 0,
            "crop_right": 0,
            "pix_fmt": "yuv411p",
            "sample_aspect_ratio": "8:9",
            "pict_type": "I",
            "interlaced_frame": 1,
            "top_field_first": 0,
            "repeat_pict": 0,
            "chroma_location": "topleft"
        },
        {
            "media_type": "video",
            "stream_index": 0,
            "key_frame": 1,
            "pts": 209,
            "pts_time": "6.973766",
            "pkt_dts": 209,
            "pkt_dts_time": "6.973766",
            "best_effort_timestamp": 209,
            "best_effort_timestamp_time": "6.973766",
            "duration": 1,
            "duration_time": "0.033367",
            "pkt_pos": "26077468",
            "pkt_size": "120000",
            "width": 720,
            "height": 480,
            "crop_top": 0,
            "crop_bottom": 0,
            "crop_left": 0,
            "crop_right": 0,
            "pix_fmt": "yuv411p",
            "sample_aspect_ratio": "8:9",
            "pict_type": "I",
            "interlaced_frame": 1,
            "top_field_first": 0,
            "repeat_pict": 0,
            "chroma_location": "topleft"
        },
        {
            "media_type": "video",
            "stream_index": 0,
            "key_frame": 1,
            "pts": 210,
            "pts_time": "7.007133",
            "pkt_dts": 210,
            "pkt_dts_time": "7.007133",
            "best_effort_timestamp": 210,
            "best_effort_timestamp_time": "7.007133",
            "duration": 1,
            "duration_time": "0.033367",
            "pkt_pos": "26197476",
            "pkt_size": "120000",
            "width": 720,
            "height": 480,
            "crop_top": 0,
            "crop_bottom": 0,
            "crop_left": 0,
            "crop_right": 0,
            "pix_fmt": "yuv411p",
            "sample_aspect_ratio": "8:9",
            "pict_type": "I",
            "interlaced_frame": 1,
            "top_field_first": 0,
            "repeat_pict": 0,
            "chroma_location": "topleft"
        },
        {
            "media_type": "video",
            "stream_index": 0,
            "key_frame": 1,
            "pts": 211,
            "pts_time": "7.040500",
            "pkt_dts": 211,
            "pkt_dts_time": "7.040500",
            "best_effort_timestamp": 211,
            "best_effort_timestamp_time": "7.040500",
            "duration": 1,
            "duration_time": "0.033367",
            "pkt_pos": "26317484",
            "pkt_size": "120000",
            "width": 720,
            "height": 480,
            "crop_top": 0,
            "crop_bottom": 0,
            "crop_left": 0,
            "crop_right": 0,
            "pix_fmt": "yuv411p",
            "sample_aspect_ratio": "8:9",
            "pict_type": "I",
            "interlaced_frame": 1,
            "top_field_first": 0,
            "repeat_pict": 0,
            "chroma_location": "topleft"
        },
        {
            "media_type": "video",
            "stream_index": 0,
            "key_frame": 1,
            "pts": 212,
            "pts_time": "7.073868",
            "pkt_dts": 212,
            "pkt_dts_time": "7.073868",
            "best_effort_timestamp": 212,
            "best_effort_timestamp_time": "7.073868",
            "duration": 1,
            "duration_time": "0.033367",
            "pkt_pos": "26437492",
            "pkt_size": "120000",
            "width": 720,
            "height": 480,
            "crop_top": 0,
            "crop_bottom": 0,
            "crop_left": 0,
            "crop_right": 0,
            "pix_fmt": "yuv411p",
            "sample_aspect_ratio": "8:9",
            "pict_type": "I",
            "interlaced_frame": 1,
            "top_field_first": 0,
            "repeat_pict": 0,
            "chroma_location": "topleft"
        },
        {
            "media_type": "video",
            "stream_index": 0,
            "key_frame": 1,
            "pts": 213,
            "pts_time": "7.107235",
            "pkt_dts": 213,
            "pkt_dts_time": "7.107235",
            "best_effort_timestamp": 213,
            "best_effort_timestamp_time": "7.107235",
            "duration": 1,
            "duration_time": "0.033367",
            "pkt_pos": "26557500",
            "pkt_size": "120000",
            "width": 720,
            "height": 480,
            "crop_top": 0,
            "crop_bottom": 0,
            "crop_left": 0,
            "crop_right": 0,
            "pix_fmt": "yuv411p",
            "sample_aspect_ratio": "8:9",
            "pict_type": "I",
            "interlaced_frame": 1,
            "top_field_first": 0,
            "repeat_pict": 0,
            "chroma_location": "topleft"
        },
        {
            "media_type": "video",
            "stream_index": 0,
            "key_frame": 1,
            "pts": 214,
            "pts_time": "7.140602",
            "pkt_dts": 214,
            "pkt_dts_time": "7.140602",
            "best_effort_timestamp": 214,
            "best_effort_timestamp_time": "7.140602",
            "duration": 1,
            "duration_time": "0.033367",
            "pkt_pos": "26677508",
            "pkt_size": "120000",
            "width": 720,
            "height": 480,
            "crop_top": 0,
            "crop_bottom": 0,
            "crop_left": 0,
            "crop_right": 0,
            "pix_fmt": "yuv411p",
            "sample_aspect_ratio": "8:9",
            "pict_type": "I",
            "interlaced_frame": 1,
            "top_field_first": 0,
            "repeat_pict": 0,
            "chroma_location": "topleft"
        },
        {
            "media_type": "video",
            "stream_index": 0,
            "key_frame": 1,
            "pts": 215,
            "pts_time": "7.173970",
            "pkt_dts": 215,
            "pkt_dts_time": "7.173970",
            "best_effort_timestamp": 215,
            "best_effort_timestamp_time": "7.173970",
            "duration": 1,
            "duration_time": "0.033367",
            "pkt_pos": "26797516",
            "pkt_size": "120000",
            "width": 720,
            "height": 480,
            "crop_top": 0,
            "crop_bottom": 0,
            "crop_left": 0,
            "crop_right": 0,
            "pix_fmt": "yuv411p",
            "sample_aspect_ratio": "8:9",
            "pict_type": "I",
            "interlaced_frame": 1,
            "top_field_first": 0,
            "repeat_pict": 0,
            "chroma_location": "topleft"
        },
        {
            "media_type": "video",
            "stream_index": 0,
            "key_frame": 1,
            "pts": 216,
            "pts_time": "7.207337",
            "pkt_dts": 216,
            "pkt_dts_time": "7.207337",
            "best_effort_timestamp": 216,
            "best_effort_timestamp_time": "7.207337",
            "duration": 1,
            "duration_time": "0.033367",
            "pkt_pos": "26917524",
            "pkt_size": "120000",
            "width": 720,
            "height": 480,
            "crop_top": 0,
            "crop_bottom": 0,
            "crop_left": 0,
            "crop_right": 0,
            "pix_fmt": "yuv411p",
            "sample_aspect_ratio": "8:9",
            "pict_type": "I",
            "interlaced_frame": 1,
            "top_field_first": 0,
            "repeat_pict": 0,
            "chroma_location": "topleft"
        },
        {
            "media_type": "video",
            "stream_index": 0,
            "key_frame": 1,
            "pts": 217,
            "pts_time": "7.240704",
            "pkt_dts": 217,
            "pkt_dts_time": "7.240704",
            "best_effort_timestamp": 217,
            "best_effort_timestamp_time": "7.240704",
            "duration": 1,
            "duration_time": "0.033367",
            "pkt_pos": "27037532",
            "pkt_size": "120000",
            "width": 720,
            "height": 480,
            "crop_top": 0,
            "crop_bottom": 0,
            "crop_left": 0,
            "crop_right": 0,
            "pix_fmt": "yuv411p",
            "sample_aspect_ratio": "8:9",
            "pict_type": "I",
            "interlaced_frame": 1,
            "top_field_first": 0,
            "repeat_pict": 0,
            "chroma_location": "topleft"
        },
        {
            "media_type": "video",
            "stream_index": 0,
            "key_frame": 1,
            "pts": 218,
            "pts_time": "7.274071",
            "pkt_dts": 218,
            "pkt_dts_time": "7.274071",
            "best_effort_timestamp": 218,
            "best_effort_timestamp_time": "7.274071",
            "duration": 1,
            "duration_time": "0.033367",
            "pkt_pos": "27157540",
            "pkt_size": "120000",
            "width": 720,
            "height": 480,
            "crop_top": 0,
            "crop_bottom": 0,
            "crop_left": 0,
            "crop_right": 0,
            "pix_fmt": "yuv411p",
            "sample_aspect_ratio": "8:9",
            "pict_type": "I",
            "interlaced_frame": 1,
            "top_field_first": 0,
            "repeat_pict": 0,
            "chroma_location": "topleft"
        },
        {
            "media_type": "video",
            "stream_index": 0,
            "key_frame": 1,
            "pts": 219,
            "pts_time": "7.307439",
            "pkt_dts": 219,
            "pkt_dts_time": "7.307439",
            "best_effort_timestamp": 219,
            "best_effort_timestamp_time": "7.307439",
            "duration": 1,
            "duration_time": "0.033367",
            "pkt_pos": "27277548",
            "pkt_size": "120000",
            "width": 720,
            "height": 480,
            "crop_top": 0,
            "crop_bottom": 0,
            "crop_left": 0,
            "crop_right": 0,
            "pix_fmt": "yuv411p",
            "sample_aspect_ratio": "8:9",
            "pict_type": "I",
            "interlaced_frame": 1,
            "top_field_first": 0,
            "repeat_pict": 0,
            "chroma_location": "topleft"
        },
        {
            "media_type": "video",
            "stream_index": 0,
            "key_frame": 1,
            "pts": 220,
            "pts_time": "7.340806",
            "pkt_dts": 220,
            "pkt_dts_time": "7.340806",
            "best_effort_timestamp": 220,
            "best_effort_timestamp_time": "7.340806",
            "duration": 1,
            "duration_time": "0.033367",
            "pkt_pos": "27397556",
            "pkt_size": "120000",
            "width": 720,
            "height": 480,
            "crop_top": 0,
            "crop_bottom": 0,
            "crop_left": 0,
            "crop_right": 0,
            "pix_fmt": "yuv411p",
            "sample_aspect_ratio": "8:9",
            "pict_type": "I",
            "interlaced_frame": 1,
            "top_field_first": 0,
            "repeat_pict": 0,
            "chroma_location": "topleft"
        },
        {
            "media_type": "video",
            "stream_index": 0,
            "key_frame": 1,
            "pts": 221,
            "pts_time": "7.374173",
            "pkt_dts": 221,
            "pkt_dts_time": "7.374173",
            "best_effort_timestamp": 221,
            "best_effort_timestamp_time": "7.374173",
            "duration": 1,
            "duration_time": "0.033367",
            "pkt_pos": "27517564",
            "pkt_size": "120000",
            "width": 720,
            "height": 480,
            "crop_top": 0,
            "crop_bottom": 0,
            "crop_left": 0,
            "crop_right": 0,
            "pix_fmt": "yuv411p",
            "sample_aspect_ratio": "8:9",
            "pict_type": "I",
            "interlaced_frame": 1,
            "top_field_first": 0,
            "repeat_pict": 0,
            "chroma_location": "topleft"
        },
        {
            "media_type": "video",
            "stream_index": 0,
            "key_frame": 1,
            "pts": 222,
            "pts_time": "7.407541",
            "pkt_dts": 222,
            "pkt_dts_time": "7.407541",
            "best_effort_timestamp": 222,
            "best_effort_timestamp_time": "7.407541",
            "duration": 1,
            "duration_time": "0.033367",
            "pkt_pos": "27637572",
            "pkt_size": "120000",
            "width": 720,
            "height": 480,
            "crop_top": 0,
            "crop_bottom": 0,
            "crop_left": 0,
            "crop_right": 0,
            "pix_fmt": "yuv411p",
            "sample_aspect_ratio": "8:9",
            "pict_type": "I",
            "interlaced_frame": 1,
            "top_field_first": 0,
            "repeat_pict": 0,
            "chroma_location": "topleft"
        },
        {
            "media_type": "video",
            "stream_index": 0,
            "key_frame": 1,
            "pts": 223,
            "pts_time": "7.440908",
            "pkt_dts": 223,
            "pkt_dts_time": "7.440908",
            "best_effort_timestamp": 223,
            "best_effort_timestamp_time": "7.440908",
            "duration": 1,
            "duration_time": "0.033367",
            "pkt_pos": "27757580",
            "pkt_size": "120000",
            "width": 720,
            "height": 480,
            "crop_top": 0,
            "crop_bottom": 0,
            "crop_left": 0,
            "crop_right": 0,
            "pix_fmt": "yuv411p",
            "sample_aspect_ratio": "8:9",
            "pict_type": "I",
            "interlaced_frame": 1,
            "top_field_first": 0,
            "repeat_pict": 0,
            "chroma_location": "topleft"
        },
        {
            "media_type": "video",
            "stream_index": 0,
            "key_frame": 1,
            "pts": 224,
            "pts_time": "7.474275",
            "pkt_dts": 224,
            "pkt_dts_time": "7.474275",
            "best_effort_timestamp": 224,
            "best_effort_timestamp_time": "7.474275",
            "duration": 1,
            "duration_time": "0.033367",
            "pkt_pos": "27877588",
            "pkt_size": "120000",
            "width": 720,
            "height": 480,
            "crop_top": 0,
            "crop_bottom": 0,
            "crop_left": 0,
            "crop_right": 0,
            "pix_fmt": "yuv411p",
            "sample_aspect_ratio": "8:9",
            "pict_type": "I",
            "interlaced_frame": 1,
            "top_field_first": 0,
            "repeat_pict": 0,
            "chroma_location": "topleft"
        },
        {
            "media_type": "video",
            "stream_index": 0,
            "key_frame": 1,
            "pts": 225,
            "pts_time": "7.507643",
            "pkt_dts": 225,
            "pkt_dts_time": "7.507643",
            "best_effort_timestamp": 225,
            "best_effort_timestamp_time": "7.507643",
            "duration": 1,
            "duration_time": "0.033367",
            "pkt_pos": "27997596",
            "pkt_size": "120000",
            "width": 720,
            "height": 480,
            "crop_top": 0,
            "crop_bottom": 0,
            "crop_left": 0,
            "crop_right": 0,
            "pix_fmt": "yuv411p",
            "sample_aspect_ratio": "8:9",
            "pict_type": "I",
            "interlaced_frame": 1,
            "top_field_first": 0,
            "repeat_pict": 0,
            "chroma_location": "topleft"
        },
        {
            "media_type": "video",
            "stream_index": 0,
            "key_frame": 1,
            "pts": 226,
            "pts_time": "7.541010",
            "pkt_dts": 226,
            "pkt_dts_time": "7.541010",
            "best_effort_timestamp": 226,
            "best_effort_timestamp_time": "7.541010",
            "duration": 1,
            "duration_time": "0.033367",
            "pkt_pos": "28117604",
            "pkt_size": "120000",
            "width": 720,
            "height": 480,
            "crop_top": 0,
            "crop_bottom": 0,
            "crop_left": 0,
            "crop_right": 0,
            "pix_fmt": "yuv411p",
            "sample_aspect_ratio": "8:9",
            "pict_type": "I",
            "interlaced_frame": 1,
            "top_field_first": 0,
            "repeat_pict": 0,
            "chroma_location": "topleft"
        },
        {
            "media_type": "video",
            "stream_index": 0,
            "key_frame": 1,
            "pts": 227,
            "pts_time": "7.574377",
            "pkt_dts": 227,
            "pkt_dts_time": "7.574377",
            "best_effort_timestamp": 227,
            "best_effort_timestamp_time": "7.574377",
            "duration": 1,
            "duration_time": "0.033367",
            "pkt_pos": "28237612",
            "pkt_size": "120000",
            "width": 720,
            "height": 480,
            "crop_top": 0,
            "crop_bottom": 0,
            "crop_left": 0,
            "crop_right": 0,
            "pix_fmt": "yuv411p",
            "sample_aspect_ratio": "8:9",
            "pict_type": "I",
            "interlaced_frame": 1,
            "top_field_first": 0,
            "repeat_pict": 0,
            "chroma_location": "topleft"
        },
        {
            "media_type": "video",
            "stream_index": 0,
            "key_frame": 1,
            "pts": 228,
            "pts_time": "7.607744",
            "pkt_dts": 228,
            "pkt_dts_time": "7.607744",
            "best_effort_timestamp": 228,
            "best_effort_timestamp_time": "7.607744",
            "duration": 1,
            "duration_time": "0.033367",
            "pkt_pos": "28357620",
            "pkt_size": "120000",
            "width": 720,
            "height": 480,
            "crop_top": 0,
            "crop_bottom": 0,
            "crop_left": 0,
            "crop_right": 0,
            "pix_fmt": "yuv411p",
            "sample_aspect_ratio": "8:9",
            "pict_type": "I",
            "interlaced_frame": 1,
            "top_field_first": 0,
            "repeat_pict": 0,
            "chroma_location": "topleft"
        },
        {
            "media_type": "video",
            "stream_index": 0,
            "key_frame": 1,
            "pts": 229,
            "pts_time": "7.641112",
            "pkt_dts": 229,
            "pkt_dts_time": "7.641112",
            "best_effort_timestamp": 229,
            "best_effort_timestamp_time": "7.641112",
            "duration": 1,
            "duration_time": "0.033367",
            "pkt_pos": "28477628",
            "pkt_size": "120000",
            "width": 720,
            "height": 480,
            "crop_top": 0,
            "crop_bottom": 0,
            "crop_left": 0,
            "crop_right": 0,
            "pix_fmt": "yuv411p",
            "sample_aspect_ratio": "8:9",
            "pict_type": "I",
            "interlaced_frame": 1,
            "top_field_first": 0,
            "repeat_pict": 0,
            "chroma_location": "topleft"
        },
        {
            "media_type": "video",
            "stream_index": 0,
            "key_frame": 1,
            "pts": 230,
            "pts_time": "7.674479",
            "pkt_dts": 230,
            "pkt_dts_time": "7.674479",
            "best_effort_timestamp": 230,
            "best_effort_timestamp_time": "7.674479",
            "duration": 1,
            "duration_time": "0.033367",
            "pkt_pos": "28597636",
            "pkt_size": "120000",
            "width": 720,
            "height": 480,
            "crop_top": 0,
            "crop_bottom": 0,
            "crop_left": 0,
            "crop_right": 0,
            "pix_fmt": "yuv411p",
            "sample_aspect_ratio": "8:9",
            "pict_type": "I",
            "interlaced_frame": 1,
            "top_field_first": 0,
            "repeat_pict": 0,
            "chroma_location": "topleft"
        },
        {
            "media_type": "video",
            "stream_index": 0,
            "key_frame": 1,
            "pts": 231,
            "pts_time": "7.707846",
            "pkt_dts": 231,
            "pkt_dts_time": "7.707846",
            "best_effort_timestamp": 231,
            "best_effort_timestamp_time": "7.707846",
            "duration": 1,
            "duration_time": "0.033367",
            "pkt_pos": "28717644",
            "pkt_size": "120000",
            "width": 720,
            "height": 480,
            "crop_top": 0,
            "crop_bottom": 0,
            "crop_left": 0,
            "crop_right": 0,
            "pix_fmt": "yuv411p",
            "sample_aspect_ratio": "8:9",
            "pict_type": "I",
            "interlaced_frame": 1,
            "top_field_first": 0,
            "repeat_pict": 0,
            "chroma_location": "topleft"
        },
        {
            "media_type": "video",
            "stream_index": 0,
            "key_frame": 1,
            "pts": 232,
            "pts_time": "7.741214",
            "pkt_dts": 232,
            "pkt_dts_time": "7.741214",
            "best_effort_timestamp": 232,
            "best_effort_timestamp_time": "7.741214",
            "duration": 1,
            "duration_time": "0.033367",
            "pkt_pos": "28961516",
            "pkt_size": "120000",
            "width": 720,
            "height": 480,
            "crop_top": 0,
            "crop_bottom": 0,
            "crop_left": 0,
            "crop_right": 0,
            "pix_fmt": "yuv411p",
            "sample_aspect_ratio": "8:9",
            "pict_type": "I",
            "interlaced_frame": 1,
            "top_field_first": 0,
            "repeat_pict": 0,
            "chroma_location": "topleft"
        },
        {
            "media_type": "video",
            "stream_index": 0,
            "key_frame": 1,
            "pts": 233,
            "pts_time": "7.774581",
            "pkt_dts": 233,
            "pkt_dts_time": "7.774581",
            "best_effort_timestamp": 233,
            "best_effort_timestamp_time": "7.774581",
            "duration": 1,
            "duration_time": "0.033367",
            "pkt_pos": "29081524",
            "pkt_size": "120000",
            "width": 720,
            "height": 480,
            "crop_top": 0,
            "crop_bottom": 0,
            "crop_left": 0,
            "crop_right": 0,
            "pix_fmt": "yuv411p",
            "sample_aspect_ratio": "8:9",
            "pict_type": "I",
            "interlaced_frame": 1,
            "top_field_first": 0,
            "repeat_pict": 0,
            "chroma_location": "topleft"
        },
        {
            "media_type": "video",
            "stream_index": 0,
            "key_frame": 1,
            "pts": 234,
            "pts_time": "7.807948",
            "pkt_dts": 234,
            "pkt_dts_time": "7.807948",
            "best_effort_timestamp": 234,
            "best_effort_timestamp_time": "7.807948",
            "duration": 1,
            "duration_time": "0.033367",
            "pkt_pos": "29201532",
            "pkt_size": "120000",
            "width": 720,
            "height": 480,
            "crop_top": 0,
            "crop_bottom": 0,
            "crop_left": 0,
            "crop_right": 0,
            "pix_fmt": "yuv411p",
            "sample_aspect_ratio": "8:9",
            "pict_type": "I",
            "interlaced_frame": 1,
            "top_field_first": 0,
            "repeat_pict": 0,
            "chroma_location": "topleft"
        },
        {
            "media_type": "video",
            "stream_index": 0,
            "key_frame": 1,
            "pts": 235,
            "pts_time": "7.841316",
            "pkt_dts": 235,
            "pkt_dts_time": "7.841316",
            "best_effort_timestamp": 235,
            "best_effort_timestamp_time": "7.841316",
            "duration": 1,
            "duration_time": "0.033367",
            "pkt_pos": "29321540",
            "pkt_size": "120000",
            "width": 720,
            "height": 480,
            "crop_top": 0,
            "crop_bottom": 0,
            "crop_left": 0,
            "crop_right": 0,
            "pix_fmt": "yuv411p",
            "sample_aspect_ratio": "8:9",
            "pict_type": "I",
            "interlaced_frame": 1,
            "top_field_first": 0,
            "repeat_pict": 0,
            "chroma_location": "topleft"
        },
        {
            "media_type": "video",
            "stream_index": 0,
            "key_frame": 1,
            "pts": 236,
            "pts_time": "7.874683",
            "pkt_dts": 236,
            "pkt_dts_time": "7.874683",
            "best_effort_timestamp": 236,
            "best_effort_timestamp_time": "7.874683",
            "duration": 1,
            "duration_time": "0.033367",
            "pkt_pos": "29441548",
            "pkt_size": "120000",
            "width": 720,
            "height": 480,
            "crop_top": 0,
            "crop_bottom": 0,
            "crop_left": 0,
            "crop_right": 0,
            "pix_fmt": "yuv411p",
            "sample_aspect_ratio": "8:9",
            "pict_type": "I",
            "interlaced_frame": 1,
            "top_field_first": 0,
            "repeat_pict": 0,
            "chroma_location": "topleft"
        },
        {
            "media_type": "video",
            "stream_index": 0,
            "key_frame": 1,
            "pts": 237,
            "pts_time": "7.908050",
            "pkt_dts": 237,
            "pkt_dts_time": "7.908050",
            "best_effort_timestamp": 237,
            "best_effort_timestamp_time": "7.908050",
            "duration": 1,
            "duration_time": "0.033367",
            "pkt_pos": "29561556",
            "pkt_size": "120000",
            "width": 720,
            "height": 480,
            "crop_top": 0,
            "crop_bottom": 0,
            "crop_left": 0,
            "crop_right": 0,
            "pix_fmt": "yuv411p",
            "sample_aspect_ratio": "8:9",
            "pict_type": "I",
            "interlaced_frame": 1,
            "top_field_first": 0,
            "repeat_pict": 0,
            "chroma_location": "topleft"
        },
        {
            "media_type": "video",
            "stream_index": 0,
            "key_frame": 1,
            "pts": 238,
            "pts_time": "7.941417",
            "pkt_dts": 238,
            "pkt_dts_time": "7.941417",
            "best_effort_timestamp": 238,
            "best_effort_timestamp_time": "7.941417",
            "duration": 1,
            "duration_time": "0.033367",
            "pkt_pos": "29681564",
            "pkt_size": "120000",
            "width": 720,
            "height": 480,
            "crop_top": 0,
            "crop_bottom": 0,
            "crop_left": 0,
            "crop_right": 0,
            "pix_fmt": "yuv411p",
            "sample_aspect_ratio": "8:9",
            "pict_type": "I",
            "interlaced_frame": 1,
            "top_field_first": 0,
            "repeat_pict": 0,
            "chroma_location": "topleft"
        },
        {
            "media_type": "video",
            "stream_index": 0,
            "key_frame": 1,
            "pts": 239,
            "pts_time": "7.974785",
            "pkt_dts": 239,
            "pkt_dts_time": "7.974785",
            "best_effort_timestamp": 239,
            "best_effort_timestamp_time": "7.974785",
            "duration": 1,
            "duration_time": "0.033367",
            "pkt_pos": "29801572",
            "pkt_size": "120000",
            "width": 720,
            "height": 480,
            "crop_top": 0,
            "crop_bottom": 0,
            "crop_left": 0,
            "crop_right": 0,
            "pix_fmt": "yuv411p",
            "sample_aspect_ratio": "8:9",
            "pict_type": "I",
            "interlaced_frame": 1,
            "top_field_first": 0,
            "repeat_pict": 0,
            "chroma_location": "topleft"
        },
        {
            "media_type": "video",
            "stream_index": 0,
            "key_frame": 1,
            "pts": 240,
            "pts_time": "8.008152",
            "pkt_dts": 240,
            "pkt_dts_time": "8.008152",
            "best_effort_timestamp": 240,
            "best_effort_timestamp_time": "8.008152",
            "duration": 1,
            "duration_time": "0.033367",
            "pkt_pos": "29921580",
            "pkt_size": "120000",
            "width": 720,
            "height": 480,
            "crop_top": 0,
            "crop_bottom": 0,
            "crop_left": 0,
            "crop_right": 0,
            "pix_fmt": "yuv411p",
            "sample_aspect_ratio": "8:9",
            "pict_type": "I",
            "interlaced_frame": 1,
            "top_field_first": 0,
            "repeat_pict": 0,
            "chroma_location": "topleft"
        },
        {
            "media_type": "video",
            "stream_index": 0,
            "key_frame": 1,
            "pts": 241,
            "pts_time": "8.041519",
            "pkt_dts": 241,
            "pkt_dts_time": "8.041519",
            "best_effort_timestamp": 241,
            "best_effort_timestamp_time": "8.041519",
            "duration": 1,
            "duration_time": "0.033367",
            "pkt_pos": "30041588",
            "pkt_size": "120000",
            "width": 720,
            "height": 480,
            "crop_top": 0,
            "crop_bottom": 0,
            "crop_left": 0,
            "crop_right": 0,
            "pix_fmt": "yuv411p",
            "sample_aspect_ratio": "8:9",
            "pict_type": "I",
            "interlaced_frame": 1,
            "top_field_first": 0,
            "repeat_pict": 0,
            "chroma_location": "topleft"
        },
        {
            "media_type": "video",
            "stream_index": 0,
            "key_frame": 1,
            "pts": 242,
            "pts_time": "8.074887",
            "pkt_dts": 242,
            "pkt_dts_time": "8.074887",
            "best_effort_timestamp": 242,
            "best_effort_timestamp_time": "8.074887",
            "duration": 1,
            "duration_time": "0.033367",
            "pkt_pos": "30161596",
            "pkt_size": "120000",
            "width": 720,
            "height": 480,
            "crop_top": 0,
            "crop_bottom": 0,
            "crop_left": 0,
            "crop_right": 0,
            "pix_fmt": "yuv411p",
            "sample_aspect_ratio": "8:9",
            "pict_type": "I",
            "interlaced_frame": 1,
            "top_field_first": 0,
            "repeat_pict": 0,
            "chroma_location": "topleft"
        },
        {
            "media_type": "video",
            "stream_index": 0,
            "key_frame": 1,
            "pts": 243,
            "pts_time": "8.108254",
            "pkt_dts": 243,
            "pkt_dts_time": "8.108254",
            "best_effort_timestamp": 243,
            "best_effort_timestamp_time": "8.108254",
            "duration": 1,
            "duration_time": "0.033367",
            "pkt_pos": "30281604",
            "pkt_size": "120000",
            "width": 720,
            "height": 480,
            "crop_top": 0,
            "crop_bottom": 0,
            "crop_left": 0,
            "crop_right": 0,
            "pix_fmt": "yuv411p",
            "sample_aspect_ratio": "8:9",
            "pict_type": "I",
            "interlaced_frame": 1,
            "top_field_first": 0,
            "repeat_pict": 0,
            "chroma_location": "topleft"
        },
        {
            "media_type": "video",
            "stream_index": 0,
            "key_frame": 1,
            "pts": 244,
            "pts_time": "8.141621",
            "pkt_dts": 244,
            "pkt_dts_time": "8.141621",
            "best_effort_timestamp": 244,
            "best_effort_timestamp_time": "8.141621",
            "duration": 1,
            "duration_time": "0.033367",
            "pkt_pos": "30401612",
            "pkt_size": "120000",
            "width": 720,
            "height": 480,
            "crop_top": 0,
            "crop_bottom": 0,
            "crop_left": 0,
            "crop_right": 0,
            "pix_fmt": "yuv411p",
            "sample_aspect_ratio": "8:9",
            "pict_type": "I",
            "interlaced_frame": 1,
            "top_field_first": 0,
            "repeat_pict": 0,
            "chroma_location": "topleft"
        },
        {
            "media_type": "video",
            "stream_index": 0,
            "key_frame": 1,
            "pts": 245,
            "pts_time": "8.174989",
            "pkt_dts": 245,
            "pkt_dts_time": "8.174989",
            "best_effort_timestamp": 245,
            "best_effort_timestamp_time": "8.174989",
            "duration": 1,
            "duration_time": "0.033367",
            "pkt_pos": "30521620",
            "pkt_size": "120000",
            "width": 720,
            "height": 480,
            "crop_top": 0,
            "crop_bottom": 0,
            "crop_left": 0,
            "crop_right": 0,
            "pix_fmt": "yuv411p",
            "sample_aspect_ratio": "8:9",
            "pict_type": "I",
            "interlaced_frame": 1,
            "top_field_first": 0,
            "repeat_pict": 0,
            "chroma_location": "topleft"
        },
        {
            "media_type": "video",
            "stream_index": 0,
            "key_frame": 1,
            "pts": 246,
            "pts_time": "8.208356",
            "pkt_dts": 246,
            "pkt_dts_time": "8.208356",
            "best_effort_timestamp": 246,
            "best_effort_timestamp_time": "8.208356",
            "duration": 1,
            "duration_time": "0.033367",
            "pkt_pos": "30641628",
            "pkt_size": "120000",
            "width": 720,
            "height": 480,
            "crop_top": 0,
            "crop_bottom": 0,
            "crop_left": 0,
            "crop_right": 0,
            "pix_fmt": "yuv411p",
            "sample_aspect_ratio": "8:9",
            "pict_type": "I",
            "interlaced_frame": 1,
            "top_field_first": 0,
            "repeat_pict": 0,
            "chroma_location": "topleft"
        },
        {
            "media_type": "video",
            "stream_index": 0,
            "key_frame": 1,
            "pts": 247,
            "pts_time": "8.241723",
            "pkt_dts": 247,
            "pkt_dts_time": "8.241723",
            "best_effort_timestamp": 247,
            "best_effort_timestamp_time": "8.241723",
            "duration": 1,
            "duration_time": "0.033367",
            "pkt_pos": "30761636",
            "pkt_size": "120000",
            "width": 720,
            "height": 480,
            "crop_top": 0,
            "crop_bottom": 0,
            "crop_left": 0,
            "crop_right": 0,
            "pix_fmt": "yuv411p",
            "sample_aspect_ratio": "8:9",
            "pict_type": "I",
            "interlaced_frame": 1,
            "top_field_first": 0,
            "repeat_pict": 0,
            "chroma_location": "topleft"
        },
        {
            "media_type": "video",
            "stream_index": 0,
            "key_frame": 1,
            "pts": 248,
            "pts_time": "8.275090",
            "pkt_dts": 248,
            "pkt_dts_time": "8.275090",
            "best_effort_timestamp": 248,
            "best_effort_timestamp_time": "8.275090",
            "duration": 1,
            "duration_time": "0.033367",
            "pkt_pos": "30881644",
            "pkt_size": "120000",
            "width": 720,
            "height": 480,
            "crop_top": 0,
            "crop_bottom": 0,
            "crop_left": 0,
            "crop_right": 0,
            "pix_fmt": "yuv411p",
            "sample_aspect_ratio": "8:9",
            "pict_type": "I",
            "interlaced_frame": 1,
            "top_field_first": 0,
            "repeat_pict": 0,
            "chroma_location": "topleft"
        },
        {
            "media_type": "video",
            "stream_index": 0,
            "key_frame": 1,
            "pts": 249,
            "pts_time": "8.308458",
            "pkt_dts": 249,
            "pkt_dts_time": "8.308458",
            "best_effort_timestamp": 249,
            "best_effort_timestamp_time": "8.308458",
            "duration": 1,
            "duration_time": "0.033367",
            "pkt_pos": "31001652",
            "pkt_size": "120000",
            "width": 720,
            "height": 480,
            "crop_top": 0,
            "crop_bottom": 0,
            "crop_left": 0,
            "crop_right": 0,
            "pix_fmt": "yuv411p",
            "sample_aspect_ratio": "8:9",
            "pict_type": "I",
            "interlaced_frame": 1,
            "top_field_first": 0,
            "repeat_pict": 0,
            "chroma_location": "topleft"
        },
        {
            "media_type": "video",
            "stream_index": 0,
            "key_frame": 1,
            "pts": 250,
            "pts_time": "8.341825",
            "pkt_dts": 250,
            "pkt_dts_time": "8.341825",
            "best_effort_timestamp": 250,
            "best_effort_timestamp_time": "8.341825",
            "duration": 1,
            "duration_time": "0.033367",
            "pkt_pos": "31121660",
            "pkt_size": "120000",
            "width": 720,
            "height": 480,
            "crop_top": 0,
            "crop_bottom": 0,
            "crop_left": 0,
            "crop_right": 0,
            "pix_fmt": "yuv411p",
            "sample_aspect_ratio": "8:9",
            "pict_type": "I",
            "interlaced_frame": 1,
            "top_field_first": 0,
            "repeat_pict": 0,
            "chroma_location": "topleft"
        },
        {
            "media_type": "video",
            "stream_index": 0,
            "key_frame": 1,
            "pts": 251,
            "pts_time": "8.375192",
            "pkt_dts": 251,
            "pkt_dts_time": "8.375192",
            "best_effort_timestamp": 251,
            "best_effort_timestamp_time": "8.375192",
            "duration": 1,
            "duration_time": "0.033367",
            "pkt_pos": "31241668",
            "pkt_size": "120000",
            "width": 720,
            "height": 480,
            "crop_top": 0,
            "crop_bottom": 0,
            "crop_left": 0,
            "crop_right": 0,
            "pix_fmt": "yuv411p",
            "sample_aspect_ratio": "8:9",
            "pict_type": "I",
            "interlaced_frame": 1,
            "top_field_first": 0,
            "repeat_pict": 0,
            "chroma_location": "topleft"
        },
        {
            "media_type": "video",
            "stream_index": 0,
            "key_frame": 1,
            "pts": 252,
            "pts_time": "8.408560",
            "pkt_dts": 252,
            "pkt_dts_time": "8.408560",
            "best_effort_timestamp": 252,
            "best_effort_timestamp_time": "8.408560",
            "duration": 1,
            "duration_time": "0.033367",
            "pkt_pos": "31361676",
            "pkt_size": "120000",
            "width": 720,
            "height": 480,
            "crop_top": 0,
            "crop_bottom": 0,
            "crop_left": 0,
            "crop_right": 0,
            "pix_fmt": "yuv411p",
            "sample_aspect_ratio": "8:9",
            "pict_type": "I",
            "interlaced_frame": 1,
            "top_field_first": 0,
            "repeat_pict": 0,
            "chroma_location": "topleft"
        },
        {
            "media_type": "video",
            "stream_index": 0,
            "key_frame": 1,
            "pts": 253,
            "pts_time": "8.441927",
            "pkt_dts": 253,
            "pkt_dts_time": "8.441927",
            "best_effort_timestamp": 253,
            "best_effort_timestamp_time": "8.441927",
            "duration": 1,
            "duration_time": "0.033367",
            "pkt_pos": "31481684",
            "pkt_size": "120000",
            "width": 720,
            "height": 480,
            "crop_top": 0,
            "crop_bottom": 0,
            "crop_left": 0,
            "crop_right": 0,
            "pix_fmt": "yuv411p",
            "sample_aspect_ratio": "8:9",
            "pict_type": "I",
            "interlaced_frame": 1,
            "top_field_first": 0,
            "repeat_pict": 0,
            "chroma_location": "topleft"
        },
        {
            "media_type": "video",
            "stream_index": 0,
            "key_frame": 1,
            "pts": 254,
            "pts_time": "8.475294",
            "pkt_dts": 254,
            "pkt_dts_time": "8.475294",
            "best_effort_timestamp": 254,
            "best_effort_timestamp_time": "8.475294",
            "duration": 1,
            "duration_time": "0.033367",
            "pkt_pos": "31601692",
            "pkt_size": "120000",
            "width": 720,
            "height": 480,
            "crop_top": 0,
            "crop_bottom": 0,
            "crop_left": 0,
            "crop_right": 0,
            "pix_fmt": "yuv411p",
            "sample_aspect_ratio": "8:9",
            "pict_type": "I",
            "interlaced_frame": 1,
            "top_field_first": 0,
            "repeat_pict": 0,
            "chroma_location": "topleft"
        },
        {
            "media_type": "video",
            "stream_index": 0,
            "key_frame": 1,
            "pts": 255,
            "pts_time": "8.508662",
            "pkt_dts": 255,
            "pkt_dts_time": "8.508662",
            "best_effort_timestamp": 255,
            "best_effort_timestamp_time": "8.508662",
            "duration": 1,
            "duration_time": "0.033367",
            "pkt_pos": "31721700",
            "pkt_size": "120000",
            "width": 720,
            "height": 480,
            "crop_top": 0,
            "crop_bottom": 0,
            "crop_left": 0,
            "crop_right": 0,
            "pix_fmt": "yuv411p",
            "sample_aspect_ratio": "8:9",
            "pict_type": "I",
            "interlaced_frame": 1,
            "top_field_first": 0,
            "repeat_pict": 0,
            "chroma_location": "topleft"
        },
        {
            "media_type": "video",
            "stream_index": 0,
            "key_frame": 1,
            "pts": 256,
            "pts_time": "8.542029",
            "pkt_dts": 256,
            "pkt_dts_time": "8.542029",
            "best_effort_timestamp": 256,
            "best_effort_timestamp_time": "8.542029",
            "duration": 1,
            "duration_time": "0.033367",
            "pkt_pos": "31841708",
            "pkt_size": "120000",
            "width": 720,
            "height": 480,
            "crop_top": 0,
            "crop_bottom": 0,
            "crop_left": 0,
            "crop_right": 0,
            "pix_fmt": "yuv411p",
            "sample_aspect_ratio": "8:9",
            "pict_type": "I",
            "interlaced_frame": 1,
            "top_field_first": 0,
            "repeat_pict": 0,
            "chroma_location": "topleft"
        },
        {
            "media_type": "video",
            "stream_index": 0,
            "key_frame": 1,
            "pts": 257,
            "pts_time": "8.575396",
            "pkt_dts": 257,
            "pkt_dts_time": "8.575396",
            "best_effort_timestamp": 257,
            "best_effort_timestamp_time": "8.575396",
            "duration": 1,
            "duration_time": "0.033367",
            "pkt_pos": "31961716",
            "pkt_size": "120000",
            "width": 720,
            "height": 480,
            "crop_top": 0,
            "crop_bottom": 0,
            "crop_left": 0,
            "crop_right": 0,
            "pix_fmt": "yuv411p",
            "sample_aspect_ratio": "8:9",
            "pict_type": "I",
            "interlaced_frame": 1,
            "top_field_first": 0,
            "repeat_pict": 0,
            "chroma_location": "topleft"
        },
        {
            "media_type": "video",
            "stream_index": 0,
            "key_frame": 1,
            "pts": 258,
            "pts_time": "8.608763",
            "pkt_dts": 258,
            "pkt_dts_time": "8.608763",
            "best_effort_timestamp": 258,
            "best_effort_timestamp_time": "8.608763",
            "duration": 1,
            "duration_time": "0.033367",
            "pkt_pos": "32081724",
            "pkt_size": "120000",
            "width": 720,
            "height": 480,
            "crop_top": 0,
            "crop_bottom": 0,
            "crop_left": 0,
            "crop_right": 0,
            "pix_fmt": "yuv411p",
            "sample_aspect_ratio": "8:9",
            "pict_type": "I",
            "interlaced_frame": 1,
            "top_field_first": 0,
            "repeat_pict": 0,
            "chroma_location": "topleft"
        },
        {
            "media_type": "video",
            "stream_index": 0,
            "key_frame": 1,
            "pts": 259,
            "pts_time": "8.642131",
            "pkt_dts": 259,
            "pkt_dts_time": "8.642131",
            "best_effort_timestamp": 259,
            "best_effort_timestamp_time": "8.642131",
            "duration": 1,
            "duration_time": "0.033367",
            "pkt_pos": "32201732",
            "pkt_size": "120000",
            "width": 720,
            "height": 480,
            "crop_top": 0,
            "crop_bottom": 0,
            "crop_left": 0,
            "crop_right": 0,
            "pix_fmt": "yuv411p",
            "sample_aspect_ratio": "8:9",
            "pict_type": "I",
            "interlaced_frame": 1,
            "top_field_first": 0,
            "repeat_pict": 0,
            "chroma_location": "topleft"
        },
        {
            "media_type": "video",
            "stream_index": 0,
            "key_frame": 1,
            "pts": 260,
            "pts_time": "8.675498",
            "pkt_dts": 260,
            "pkt_dts_time": "8.675498",
            "best_effort_timestamp": 260,
            "best_effort_timestamp_time": "8.675498",
            "duration": 1,
            "duration_time": "0.033367",
            "pkt_pos": "32321740",
            "pkt_size": "120000",
            "width": 720,
            "height": 480,
            "crop_top": 0,
            "crop_bottom": 0,
            "crop_left": 0,
            "crop_right": 0,
            "pix_fmt": "yuv411p",
            "sample_aspect_ratio": "8:9",
            "pict_type": "I",
            "interlaced_frame": 1,
            "top_field_first": 0,
            "repeat_pict": 0,
            "chroma_location": "topleft"
        },
        {
            "media_type": "video",
            "stream_index": 0,
            "key_frame": 1,
            "pts": 261,
            "pts_time": "8.708865",
            "pkt_dts": 261,
            "pkt_dts_time": "8.708865",
            "best_effort_timestamp": 261,
            "best_effort_timestamp_time": "8.708865",
            "duration": 1,
            "duration_time": "0.033367",
            "pkt_pos": "32565612",
            "pkt_size": "120000",
            "width": 720,
            "height": 480,
            "crop_top": 0,
            "crop_bottom": 0,
            "crop_left": 0,
            "crop_right": 0,
            "pix_fmt": "yuv411p",
            "sample_aspect_ratio": "8:9",
            "pict_type": "I",
            "interlaced_frame": 1,
            "top_field_first": 0,
            "repeat_pict": 0,
            "chroma_location": "topleft"
        },
        {
            "media_type": "video",
            "stream_index": 0,
            "key_frame": 1,
            "pts": 262,
            "pts_time": "8.742233",
            "pkt_dts": 262,
            "pkt_dts_time": "8.742233",
            "best_effort_timestamp": 262,
            "best_effort_timestamp_time": "8.742233",
            "duration": 1,
            "duration_time": "0.033367",
            "pkt_pos": "32685620",
            "pkt_size": "120000",
            "width": 720,
            "height": 480,
            "crop_top": 0,
            "crop_bottom": 0,
            "crop_left": 0,
            "crop_right": 0,
            "pix_fmt": "yuv411p",
            "sample_aspect_ratio": "8:9",
            "pict_type": "I",
            "interlaced_frame": 1,
            "top_field_first": 0,
            "repeat_pict": 0,
            "chroma_location": "topleft"
        },
        {
            "media_type": "video",
            "stream_index": 0,
            "key_frame": 1,
            "pts": 263,
            "pts_time": "8.775600",
            "pkt_dts": 263,
            "pkt_dts_time": "8.775600",
            "best_effort_timestamp": 263,
            "best_effort_timestamp_time": "8.775600",
            "duration": 1,
            "duration_time": "0.033367",
            "pkt_pos": "32805628",
            "pkt_size": "120000",
            "width": 720,
            "height": 480,
            "crop_top": 0,
            "crop_bottom": 0,
            "crop_left": 0,
            "crop_right": 0,
            "pix_fmt": "yuv411p",
            "sample_aspect_ratio": "8:9",
            "pict_type": "I",
            "interlaced_frame": 1,
            "top_field_first": 0,
            "repeat_pict": 0,
            "chroma_location": "topleft"
        },
        {
            "media_type": "video",
            "stream_index": 0,
            "key_frame": 1,
            "pts": 264,
            "pts_time": "8.808967",
            "pkt_dts": 264,
            "pkt_dts_time": "8.808967",
            "best_effort_timestamp": 264,
            "best_effort_timestamp_time": "8.808967",
            "duration": 1,
            "duration_time": "0.033367",
            "pkt_pos": "32925636",
            "pkt_size": "120000",
            "width": 720,
            "height": 480,
            "crop_top": 0,
            "crop_bottom": 0,
            "crop_left": 0,
            "crop_right": 0,
            "pix_fmt": "yuv411p",
            "sample_aspect_ratio": "8:9",
            "pict_type": "I",
            "interlaced_frame": 1,
            "top_field_first": 0,
            "repeat_pict": 0,
            "chroma_location": "topleft"
        },
        {
            "media_type": "video",
            "stream_index": 0,
            "key_frame": 1,
            "pts": 265,
            "pts_time": "8.842335",
            "pkt_dts": 265,
            "pkt_dts_time": "8.842335",
            "best_effort_timestamp": 265,
            "best_effort_timestamp_time": "8.842335",
            "duration": 1,
            "duration_time": "0.033367",
            "pkt_pos": "33045644",
            "pkt_size": "120000",
            "width": 720,
            "height": 480,
            "crop_top": 0,
            "crop_bottom": 0,
            "crop_left": 0,
            "crop_right": 0,
            "pix_fmt": "yuv411p",
            "sample_aspect_ratio": "8:9",
            "pict_type": "I",
            "interlaced_frame": 1,
            "top_field_first": 0,
            "repeat_pict": 0,
            "chroma_location": "topleft"
        },
        {
            "media_type": "video",
            "stream_index": 0,
            "key_frame": 1,
            "pts": 266,
            "pts_time": "8.875702",
            "pkt_dts": 266,
            "pkt_dts_time": "8.875702",
            "best_effort_timestamp": 266,
            "best_effort_timestamp_time": "8.875702",
            "duration": 1,
            "duration_time": "0.033367",
            "pkt_pos": "33165652",
            "pkt_size": "120000",
            "width": 720,
            "height": 480,
            "crop_top": 0,
            "crop_bottom": 0,
            "crop_left": 0,
            "crop_right": 0,
            "pix_fmt": "yuv411p",
            "sample_aspect_ratio": "8:9",
            "pict_type": "I",
            "interlaced_frame": 1,
            "top_field_first": 0,
            "repeat_pict": 0,
            "chroma_location": "topleft"
        },
        {
            "media_type": "video",
            "stream_index": 0,
            "key_frame": 1,
            "pts": 267,
            "pts_time": "8.909069",
            "pkt_dts": 267,
            "pkt_dts_time": "8.909069",
            "best_effort_timestamp": 267,
            "best_effort_timestamp_time": "8.909069",
            "duration": 1,
            "duration_time": "0.033367",
            "pkt_pos": "33285660",
            "pkt_size": "120000",
            "width": 720,
            "height": 480,
            "crop_top": 0,
            "crop_bottom": 0,
            "crop_left": 0,
            "crop_right": 0,
            "pix_fmt": "yuv411p",
            "sample_aspect_ratio": "8:9",
            "pict_type": "I",
            "interlaced_frame": 1,
            "top_field_first": 0,
            "repeat_pict": 0,
            "chroma_location": "topleft"
        },
        {
            "media_type": "video",
            "stream_index": 0,
            "key_frame": 1,
            "pts": 268,
            "pts_time": "8.942436",
            "pkt_dts": 268,
            "pkt_dts_time": "8.942436",
            "best_effort_timestamp": 268,
            "best_effort_timestamp_time": "8.942436",
            "duration": 1,
            "duration_time": "0.033367",
            "pkt_pos": "33405668",
            "pkt_size": "120000",
            "width": 720,
            "height": 480,
            "crop_top": 0,
            "crop_bottom": 0,
            "crop_left": 0,
            "crop_right": 0,
            "pix_fmt": "yuv411p",
            "sample_aspect_ratio": "8:9",
            "pict_type": "I",
            "interlaced_frame": 1,
            "top_field_first": 0,
            "repeat_pict": 0,
            "chroma_location": "topleft"
        },
        {
            "media_type": "video",
            "stream_index": 0,
            "key_frame": 1,
            "pts": 269,
            "pts_time": "8.975804",
            "pkt_dts": 269,
            "pkt_dts_time": "8.975804",
            "best_effort_timestamp": 269,
            "best_effort_timestamp_time": "8.975804",
            "duration": 1,
            "duration_time": "0.033367",
            "pkt_pos": "33525676",
            "pkt_size": "120000",
            "width": 720,
            "height": 480,
            "crop_top": 0,
            "crop_bottom": 0,
            "crop_left": 0,
            "crop_right": 0,
            "pix_fmt": "yuv411p",
            "sample_aspect_ratio": "8:9",
            "pict_type": "I",
            "interlaced_frame": 1,
            "top_field_first": 0,
            "repeat_pict": 0,
            "chroma_location": "topleft"
        },
        {
            "media_type": "video",
            "stream_index": 0,
            "key_frame": 1,
            "pts": 270,
            "pts_time": "9.009171",
            "pkt_dts": 270,
            "pkt_dts_time": "9.009171",
            "best_effort_timestamp": 270,
            "best_effort_timestamp_time": "9.009171",
            "duration": 1,
            "duration_time": "0.033367",
            "pkt_pos": "33645684",
            "pkt_size": "120000",
            "width": 720,
            "height": 480,
            "crop_top": 0,
            "crop_bottom": 0,
            "crop_left": 0,
            "crop_right": 0,
            "pix_fmt": "yuv411p",
            "sample_aspect_ratio": "8:9",
            "pict_type": "I",
            "interlaced_frame": 1,
            "top_field_first": 0,
            "repeat_pict": 0,
            "chroma_location": "topleft"
        },
        {
            "media_type": "video",
            "stream_index": 0,
            "key_frame": 1,
            "pts": 271,
            "pts_time": "9.042538",
            "pkt_dts": 271,
            "pkt_dts_time": "9.042538",
            "best_effort_timestamp": 271,
            "best_effort_timestamp_time": "9.042538",
            "duration": 1,
            "duration_time": "0.033367",
            "pkt_pos": "33765692",
            "pkt_size": "120000",
            "width": 720,
            "height": 480,
            "crop_top": 0,
            "crop_bottom": 0,
            "crop_left": 0,
            "crop_right": 0,
            "pix_fmt": "yuv411p",
            "sample_aspect_ratio": "8:9",
            "pict_type": "I",
            "interlaced_frame": 1,
            "top_field_first": 0,
            "repeat_pict": 0,
            "chroma_location": "topleft"
        },
        {
            "media_type": "video",
            "stream_index": 0,
            "key_frame": 1,
            "pts": 272,
            "pts_time": "9.075906",
            "pkt_dts": 272,
            "pkt_dts_time": "9.075906",
            "best_effort_timestamp": 272,
            "best_effort_timestamp_time": "9.075906",
            "duration": 1,
            "duration_time": "0.033367",
            "pkt_pos": "33885700",
            "pkt_size": "120000",
            "width": 720,
            "height": 480,
            "crop_top": 0,
            "crop_bottom": 0,
            "crop_left": 0,
            "crop_right": 0,
            "pix_fmt": "yuv411p",
            "sample_aspect_ratio": "8:9",
            "pict_type": "I",
            "interlaced_frame": 1,
            "top_field_first": 0,
            "repeat_pict": 0,
            "chroma_location": "topleft"
        },
        {
            "media_type": "video",
            "stream_index": 0,
            "key_frame": 1,
            "pts": 273,
            "pts_time": "9.109273",
            "pkt_dts": 273,
            "pkt_dts_time": "9.109273",
            "best_effort_timestamp": 273,
            "best_effort_timestamp_time": "9.109273",
            "duration": 1,
            "duration_time": "0.033367",
            "pkt_pos": "34005708",
            "pkt_size": "120000",
            "width": 720,
            "height": 480,
            "crop_top": 0,
            "crop_bottom": 0,
            "crop_left": 0,
            "crop_right": 0,
            "pix_fmt": "yuv411p",
            "sample_aspect_ratio": "8:9",
            "pict_type": "I",
            "interlaced_frame": 1,
            "top_field_first": 0,
            "repeat_pict": 0,
            "chroma_location": "topleft"
        },
        {
            "media_type": "video",
            "stream_index": 0,
            "key_frame": 1,
            "pts": 274,
            "pts_time": "9.142640",
            "pkt_dts": 274,
            "pkt_dts_time": "9.142640",
            "best_effort_timestamp": 274,
            "best_effort_timestamp_time": "9.142640",
            "duration": 1,
            "duration_time": "0.033367",
            "pkt_pos": "34125716",
            "pkt_size": "120000",
            "width": 720,
            "height": 480,
            "crop_top": 0,
            "crop_bottom": 0,
            "crop_left": 0,
            "crop_right": 0,
            "pix_fmt": "yuv411p",
            "sample_aspect_ratio": "8:9",
            "pict_type": "I",
            "interlaced_frame": 1,
            "top_field_first": 0,
            "repeat_pict": 0,
            "chroma_location": "topleft"
        },
        {
            "media_type": "video",
            "stream_index": 0,
            "key_frame": 1,
            "pts": 275,
            "pts_time": "9.176008",
            "pkt_dts": 275,
            "pkt_dts_time": "9.176008",
            "best_effort_timestamp": 275,
            "best_effort_timestamp_time": "9.176008",
            "duration": 1,
            "duration_time": "0.033367",
            "pkt_pos": "34245724",
            "pkt_size": "120000",
            "width": 720,
            "height": 480,
            "crop_top": 0,
            "crop_bottom": 0,
            "crop_left": 0,
            "crop_right": 0,
            "pix_fmt": "yuv411p",
            "sample_aspect_ratio": "8:9",
            "pict_type": "I",
            "interlaced_frame": 1,
            "top_field_first": 0,
            "repeat_pict": 0,
            "chroma_location": "topleft"
        },
        {
            "media_type": "video",
            "stream_index": 0,
            "key_frame": 1,
            "pts": 276,
            "pts_time": "9.209375",
            "pkt_dts": 276,
            "pkt_dts_time": "9.209375",
            "best_effort_timestamp": 276,
            "best_effort_timestamp_time": "9.209375",
            "duration": 1,
            "duration_time": "0.033367",
            "pkt_pos": "34365732",
            "pkt_size": "120000",
            "width": 720,
            "height": 480,
            "crop_top": 0,
            "crop_bottom": 0,
            "crop_left": 0,
            "crop_right": 0,
            "pix_fmt": "yuv411p",
            "sample_aspect_ratio": "8:9",
            "pict_type": "I",
            "interlaced_frame": 1,
            "top_field_first": 0,
            "repeat_pict": 0,
            "chroma_location": "topleft"
        },
        {
            "media_type": "video",
            "stream_index": 0,
            "key_frame": 1,
            "pts": 277,
            "pts_time": "9.242742",
            "pkt_dts": 277,
            "pkt_dts_time": "9.242742",
            "best_effort_timestamp": 277,
            "best_effort_timestamp_time": "9.242742",
            "duration": 1,
            "duration_time": "0.033367",
            "pkt_pos": "34485740",
            "pkt_size": "120000",
            "width": 720,
            "height": 480,
            "crop_top": 0,
            "crop_bottom": 0,
            "crop_left": 0,
            "crop_right": 0,
            "pix_fmt": "yuv411p",
            "sample_aspect_ratio": "8:9",
            "pict_type": "I",
            "interlaced_frame": 1,
            "top_field_first": 0,
            "repeat_pict": 0,
            "chroma_location": "topleft"
        },
        {
            "media_type": "video",
            "stream_index": 0,
            "key_frame": 1,
            "pts": 278,
            "pts_time": "9.276109",
            "pkt_dts": 278,
            "pkt_dts_time": "9.276109",
            "best_effort_timestamp": 278,
            "best_effort_timestamp_time": "9.276109",
            "duration": 1,
            "duration_time": "0.033367",
            "pkt_pos": "34605748",
            "pkt_size": "120000",
            "width": 720,
            "height": 480,
            "crop_top": 0,
            "crop_bottom": 0,
            "crop_left": 0,
            "crop_right": 0,
            "pix_fmt": "yuv411p",
            "sample_aspect_ratio": "8:9",
            "pict_type": "I",
            "interlaced_frame": 1,
            "top_field_first": 0,
            "repeat_pict": 0,
            "chroma_location": "topleft"
        },
        {
            "media_type": "video",
            "stream_index": 0,
            "key_frame": 1,
            "pts": 279,
            "pts_time": "9.309477",
            "pkt_dts": 279,
            "pkt_dts_time": "9.309477",
            "best_effort_timestamp": 279,
            "best_effort_timestamp_time": "9.309477",
            "duration": 1,
            "duration_time": "0.033367",
            "pkt_pos": "34725756",
            "pkt_size": "120000",
            "width": 720,
            "height": 480,
            "crop_top": 0,
            "crop_bottom": 0,
            "crop_left": 0,
            "crop_right": 0,
            "pix_fmt": "yuv411p",
            "sample_aspect_ratio": "8:9",
            "pict_type": "I",
            "interlaced_frame": 1,
            "top_field_first": 0,
            "repeat_pict": 0,
            "chroma_location": "topleft"
        },
        {
            "media_type": "video",
            "stream_index": 0,
            "key_frame": 1,
            "pts": 280,
            "pts_time": "9.342844",
            "pkt_dts": 280,
            "pkt_dts_time": "9.342844",
            "best_effort_timestamp": 280,
            "best_effort_timestamp_time": "9.342844",
            "duration": 1,
            "duration_time": "0.033367",
            "pkt_pos": "34845764",
            "pkt_size": "120000",
            "width": 720,
            "height": 480,
            "crop_top": 0,
            "crop_bottom": 0,
            "crop_left": 0,
            "crop_right": 0,
            "pix_fmt": "yuv411p",
            "sample_aspect_ratio": "8:9",
            "pict_type": "I",
            "interlaced_frame": 1,
            "top_field_first": 0,
            "repeat_pict": 0,
            "chroma_location": "topleft"
        },
        {
            "media_type": "video",
            "stream_index": 0,
            "key_frame": 1,
            "pts": 281,
            "pts_time": "9.376211",
            "pkt_dts": 281,
            "pkt_dts_time": "9.376211",
            "best_effort_timestamp": 281,
            "best_effort_timestamp_time": "9.376211",
            "duration": 1,
            "duration_time": "0.033367",
            "pkt_pos": "34965772",
            "pkt_size": "120000",
            "width": 720,
            "height": 480,
            "crop_top": 0,
            "crop_bottom": 0,
            "crop_left": 0,
            "crop_right": 0,
            "pix_fmt": "yuv411p",
            "sample_aspect_ratio": "8:9",
            "pict_type": "I",
            "interlaced_frame": 1,
            "top_field_first": 0,
            "repeat_pict": 0,
            "chroma_location": "topleft"
        },
        {
            "media_type": "video",
            "stream_index": 0,
            "key_frame": 1,
            "pts": 282,
            "pts_time": "9.409579",
            "pkt_dts": 282,
            "pkt_dts_time": "9.409579",
            "best_effort_timestamp": 282,
            "best_effort_timestamp_time": "9.409579",
            "duration": 1,
            "duration_time": "0.033367",
            "pkt_pos": "35085780",
            "pkt_size": "120000",
            "width": 720,
            "height": 480,
            "crop_top": 0,
            "crop_bottom": 0,
            "crop_left": 0,
            "crop_right": 0,
            "pix_fmt": "yuv411p",
            "sample_aspect_ratio": "8:9",
            "pict_type": "I",
            "interlaced_frame": 1,
            "top_field_first": 0,
            "repeat_pict": 0,
            "chroma_location": "topleft"
        },
        {
            "media_type": "video",
            "stream_index": 0,
            "key_frame": 1,
            "pts": 283,
            "pts_time": "9.442946",
            "pkt_dts": 283,
            "pkt_dts_time": "9.442946",
            "best_effort_timestamp": 283,
            "best_effort_timestamp_time": "9.442946",
            "duration": 1,
            "duration_time": "0.033367",
            "pkt_pos": "35205788",
            "pkt_size": "120000",
            "width": 720,
            "height": 480,
            "crop_top": 0,
            "crop_bottom": 0,
            "crop_left": 0,
            "crop_right": 0,
            "pix_fmt": "yuv411p",
            "sample_aspect_ratio": "8:9",
            "pict_type": "I",
            "interlaced_frame": 1,
            "top_field_first": 0,
            "repeat_pict": 0,
            "chroma_location": "topleft"
        },
        {
            "media_type": "video",
            "stream_index": 0,
            "key_frame": 1,
            "pts": 284,
            "pts_time": "9.476313",
            "pkt_dts": 284,
            "pkt_dts_time": "9.476313",
            "best_effort_timestamp": 284,
            "best_effort_timestamp_time": "9.476313",
            "duration": 1,
            "duration_time": "0.033367",
            "pkt_pos": "35325796",
            "pkt_size": "120000",
            "width": 720,
            "height": 480,
            "crop_top": 0,
            "crop_bottom": 0,
            "crop_left": 0,
            "crop_right": 0,
            "pix_fmt": "yuv411p",
            "sample_aspect_ratio": "8:9",
            "pict_type": "I",
            "interlaced_frame": 1,
            "top_field_first": 0,
            "repeat_pict": 0,
            "chroma_location": "topleft"
        },
        {
            "media_type": "video",
            "stream_index": 0,
            "key_frame": 1,
            "pts": 285,
            "pts_time": "9.509680",
            "pkt_dts": 285,
            "pkt_dts_time": "9.509680",
            "best_effort_timestamp": 285,
            "best_effort_timestamp_time": "9.509680",
            "duration": 1,
            "duration_time": "0.033367",
            "pkt_pos": "35445804",
            "pkt_size": "120000",
            "width": 720,
            "height": 480,
            "crop_top": 0,
            "crop_bottom": 0,
            "crop_left": 0,
            "crop_right": 0,
            "pix_fmt": "yuv411p",
            "sample_aspect_ratio": "8:9",
            "pict_type": "I",
            "interlaced_frame": 1,
            "top_field_first": 0,
            "repeat_pict": 0,
            "chroma_location": "topleft"
        },
        {
            "media_type": "video",
            "stream_index": 0,
            "key_frame": 1,
            "pts": 286,
            "pts_time": "9.543048",
            "pkt_dts": 286,
            "pkt_dts_time": "9.543048",
            "best_effort_timestamp": 286,
            "best_effort_timestamp_time": "9.543048",
            "duration": 1,
            "duration_time": "0.033367",
            "pkt_pos": "35565812",
            "pkt_size": "120000",
            "width": 720,
            "height": 480,
            "crop_top": 0,
            "crop_bottom": 0,
            "crop_left": 0,
            "crop_right": 0,
            "pix_fmt": "yuv411p",
            "sample_aspect_ratio": "8:9",
            "pict_type": "I",
            "interlaced_frame": 1,
            "top_field_first": 0,
            "repeat_pict": 0,
            "chroma_location": "topleft"
        },
        {
            "media_type": "video",
            "stream_index": 0,
            "key_frame": 1,
            "pts": 287,
            "pts_time": "9.576415",
            "pkt_dts": 287,
            "pkt_dts_time": "9.576415",
            "best_effort_timestamp": 287,
            "best_effort_timestamp_time": "9.576415",
            "duration": 1,
            "duration_time": "0.033367",
            "pkt_pos": "35685820",
            "pkt_size": "120000",
            "width": 720,
            "height": 480,
            "crop_top": 0,
            "crop_bottom": 0,
            "crop_left": 0,
            "crop_right": 0,
            "pix_fmt": "yuv411p",
            "sample_aspect_ratio": "8:9",
            "pict_type": "I",
            "interlaced_frame": 1,
            "top_field_first": 0,
            "repeat_pict": 0,
            "chroma_location": "topleft"
        },
        {
            "media_type": "video",
            "stream_index": 0,
            "key_frame": 1,
            "pts": 288,
            "pts_time": "9.609782",
            "pkt_dts": 288,
            "pkt_dts_time": "9.609782",
            "best_effort_timestamp": 288,
            "best_effort_timestamp_time": "9.609782",
            "duration": 1,
            "duration_time": "0.033367",
            "pkt_pos": "35805828",
            "pkt_size": "120000",
            "width": 720,
            "height": 480,
            "crop_top": 0,
            "crop_bottom": 0,
            "crop_left": 0,
            "crop_right": 0,
            "pix_fmt": "yuv411p",
            "sample_aspect_ratio": "8:9",
            "pict_type": "I",
            "interlaced_frame": 1,
            "top_field_first": 0,
            "repeat_pict": 0,
            "chroma_location": "topleft"
        },
        {
            "media_type": "video",
            "stream_index": 0,
            "key_frame": 1,
            "pts": 289,
            "pts_time": "9.643150",
            "pkt_dts": 289,
            "pkt_dts_time": "9.643150",
            "best_effort_timestamp": 289,
            "best_effort_timestamp_time": "9.643150",
            "duration": 1,
            "duration_time": "0.033367",
            "pkt_pos": "35925836",
            "pkt_size": "120000",
            "width": 720,
            "height": 480,
            "crop_top": 0,
            "crop_bottom": 0,
            "crop_left": 0,
            "crop_right": 0,
            "pix_fmt": "yuv411p",
            "sample_aspect_ratio": "8:9",
            "pict_type": "I",
            "interlaced_frame": 1,
            "top_field_first": 0,
            "repeat_pict": 0,
            "chroma_location": "topleft"
        },
        {
            "media_type": "video",
            "stream_index": 0,
            "key_frame": 1,
            "pts": 290,
            "pts_time": "9.676517",
            "pkt_dts": 290,
            "pkt_dts_time": "9.676517",
            "best_effort_timestamp": 290,
            "best_effort_timestamp_time": "9.676517",
            "duration": 1,
            "duration_time": "0.033367",
            "pkt_pos": "36169708",
            "pkt_size": "120000",
            "width": 720,
            "height": 480,
            "crop_top": 0,
            "crop_bottom": 0,
            "crop_left": 0,
            "crop_right": 0,
            "pix_fmt": "yuv411p",
            "sample_aspect_ratio": "8:9",
            "pict_type": "I",
            "interlaced_frame": 1,
            "top_field_first": 0,
            "repeat_pict": 0,
            "chroma_location": "topleft"
        },
        {
            "media_type": "video",
            "stream_index": 0,
            "key_frame": 1,
            "pts": 291,
            "pts_time": "9.709884",
            "pkt_dts": 291,
            "pkt_dts_time": "9.709884",
            "best_effort_timestamp": 291,
            "best_effort_timestamp_time": "9.709884",
            "duration": 1,
            "duration_time": "0.033367",
            "pkt_pos": "36289716",
            "pkt_size": "120000",
            "width": 720,
            "height": 480,
            "crop_top": 0,
            "crop_bottom": 0,
            "crop_left": 0,
            "crop_right": 0,
            "pix_fmt": "yuv411p",
            "sample_aspect_ratio": "8:9",
            "pict_type": "I",
            "interlaced_frame": 1,
            "top_field_first": 0,
            "repeat_pict": 0,
            "chroma_location": "topleft"
        },
        {
            "media_type": "video",
            "stream_index": 0,
            "key_frame": 1,
            "pts": 292,
            "pts_time": "9.743252",
            "pkt_dts": 292,
            "pkt_dts_time": "9.743252",
            "best_effort_timestamp": 292,
            "best_effort_timestamp_time": "9.743252",
            "duration": 1,
            "duration_time": "0.033367",
            "pkt_pos": "36409724",
            "pkt_size": "120000",
            "width": 720,
            "height": 480,
            "crop_top": 0,
            "crop_bottom": 0,
            "crop_left": 0,
            "crop_right": 0,
            "pix_fmt": "yuv411p",
            "sample_aspect_ratio": "8:9",
            "pict_type": "I",
            "interlaced_frame": 1,
            "top_field_first": 0,
            "repeat_pict": 0,
            "chroma_location": "topleft"
        },
        {
            "media_type": "video",
            "stream_index": 0,
            "key_frame": 1,
            "pts": 293,
            "pts_time": "9.776619",
            "pkt_dts": 293,
            "pkt_dts_time": "9.776619",
            "best_effort_timestamp": 293,
            "best_effort_timestamp_time": "9.776619",
            "duration": 1,
            "duration_time": "0.033367",
            "pkt_pos": "36529732",
            "pkt_size": "120000",
            "width": 720,
            "height": 480,
            "crop_top": 0,
            "crop_bottom": 0,
            "crop_left": 0,
            "crop_right": 0,
            "pix_fmt": "yuv411p",
            "sample_aspect_ratio": "8:9",
            "pict_type": "I",
            "interlaced_frame": 1,
            "top_field_first": 0,
            "repeat_pict": 0,
            "chroma_location": "topleft"
        },
        {
            "media_type": "video",
            "stream_index": 0,
            "key_frame": 1,
            "pts": 294,
            "pts_time": "9.809986",
            "pkt_dts": 294,
            "pkt_dts_time": "9.809986",
            "best_effort_timestamp": 294,
            "best_effort_timestamp_time": "9.809986",
            "duration": 1,
            "duration_time": "0.033367",
            "pkt_pos": "36649740",
            "pkt_size": "120000",
            "width": 720,
            "height": 480,
            "crop_top": 0,
            "crop_bottom": 0,
            "crop_left": 0,
            "crop_right": 0,
            "pix_fmt": "yuv411p",
            "sample_aspect_ratio": "8:9",
            "pict_type": "I",
            "interlaced_frame": 1,
            "top_field_first": 0,
            "repeat_pict": 0,
            "chroma_location": "topleft"
        },
        {
            "media_type": "video",
            "stream_index": 0,
            "key_frame": 1,
            "pts": 295,
            "pts_time": "9.843354",
            "pkt_dts": 295,
            "pkt_dts_time": "9.843354",
            "best_effort_timestamp": 295,
            "best_effort_timestamp_time": "9.843354",
            "duration": 1,
            "duration_time": "0.033367",
            "pkt_pos": "36769748",
            "pkt_size": "120000",
            "width": 720,
            "height": 480,
            "crop_top": 0,
            "crop_bottom": 0,
            "crop_left": 0,
            "crop_right": 0,
            "pix_fmt": "yuv411p",
            "sample_aspect_ratio": "8:9",
            "pict_type": "I",
            "interlaced_frame": 1,
            "top_field_first": 0,
            "repeat_pict": 0,
            "chroma_location": "topleft"
        },
        {
            "media_type": "video",
            "stream_index": 0,
            "key_frame": 1,
            "pts": 296,
            "pts_time": "9.876721",
            "pkt_dts": 296,
            "pkt_dts_time": "9.876721",
            "best_effort_timestamp": 296,
            "best_effort_timestamp_time": "9.876721",
            "duration": 1,
            "duration_time": "0.033367",
            "pkt_pos": "36889756",
            "pkt_size": "120000",
            "width": 720,
            "height": 480,
            "crop_top": 0,
            "crop_bottom": 0,
            "crop_left": 0,
            "crop_right": 0,
            "pix_fmt": "yuv411p",
            "sample_aspect_ratio": "8:9",
            "pict_type": "I",
            "interlaced_frame": 1,
            "top_field_first": 0,
            "repeat_pict": 0,
            "chroma_location": "topleft"
        },
        {
            "media_type": "video",
            "stream_index": 0,
            "key_frame": 1,
            "pts": 297,
            "pts_time": "9.910088",
            "pkt_dts": 297,
            "pkt_dts_time": "9.910088",
            "best_effort_timestamp": 297,
            "best_effort_timestamp_time": "9.910088",
            "duration": 1,
            "duration_time": "0.033367",
            "pkt_pos": "37009764",
            "pkt_size": "120000",
            "width": 720,
            "height": 480,
            "crop_top": 0,
            "crop_bottom": 0,
            "crop_left": 0,
            "crop_right": 0,
            "pix_fmt": "yuv411p",
            "sample_aspect_ratio": "8:9",
            "pict_type": "I",
            "interlaced_frame": 1,
            "top_field_first": 0,
            "repeat_pict": 0,
            "chroma_location": "topleft"
        },
        {
            "media_type": "video",
            "stream_index": 0,
            "key_frame": 1,
            "pts": 298,
            "pts_time": "9.943455",
            "pkt_dts": 298,
            "pkt_dts_time": "9.943455",
            "best_effort_timestamp": 298,
            "best_effort_timestamp_time": "9.943455",
            "duration": 1,
            "duration_time": "0.033367",
            "pkt_pos": "37129772",
            "pkt_size": "120000",
            "width": 720,
            "height": 480,
            "crop_top": 0,
            "crop_bottom": 0,
            "crop_left": 0,
            "crop_right": 0,
            "pix_fmt": "yuv411p",
            "sample_aspect_ratio": "8:9",
            "pict_type": "I",
            "interlaced_frame": 1,
            "top_field_first": 0,
            "repeat_pict": 0,
            "chroma_location": "topleft"
        },
        {
            "media_type": "video",
            "stream_index": 0,
            "key_frame": 1,
            "pts": 299,
            "pts_time": "9.976823",
            "pkt_dts": 299,
            "pkt_dts_time": "9.976823",
            "best_effort_timestamp": 299,
            "best_effort_timestamp_time": "9.976823",
            "duration": 1,
            "duration_time": "0.033367",
            "pkt_pos": "37249780",
            "pkt_size": "120000",
            "width": 720,
            "height": 480,
            "crop_top": 0,
            "crop_bottom": 0,
            "crop_left": 0,
            "crop_right": 0,
            "pix_fmt": "yuv411p",
            "sample_aspect_ratio": "8:9",
            "pict_type": "I",
            "interlaced_frame": 1,
            "top_field_first": 0,
            "repeat_pict": 0,
            "chroma_location": "topleft"
        },
        {
            "media_type": "video",
            "stream_index": 0,
            "key_frame": 1,
            "pts": 300,
            "pts_time": "10.010190",
            "pkt_dts": 300,
            "pkt_dts_time": "10.010190",
            "best_effort_timestamp": 300,
            "best_effort_timestamp_time": "10.010190",
            "duration": 1,
            "duration_time": "0.033367",
            "pkt_pos": "37369788",
            "pkt_size": "120000",
            "width": 720,
            "height": 480,
            "crop_top": 0,
            "crop_bottom": 0,
            "crop_left": 0,
            "crop_right": 0,
            "pix_fmt": "yuv411p",
            "sample_aspect_ratio": "8:9",
            "pict_type": "I",
            "interlaced_frame": 1,
            "top_field_first": 0,
            "repeat_pict": 0,
            "chroma_location": "topleft"
        },
        {
            "media_type": "video",
            "stream_index": 0,
            "key_frame": 1,
            "pts": 301,
            "pts_time": "10.043557",
            "pkt_dts": 301,
            "pkt_dts_time": "10.043557",
            "best_effort_timestamp": 301,
            "best_effort_timestamp_time": "10.043557",
            "duration": 1,
            "duration_time": "0.033367",
            "pkt_pos": "37489796",
            "pkt_size": "120000",
            "width": 720,
            "height": 480,
            "crop_top": 0,
            "crop_bottom": 0,
            "crop_left": 0,
            "crop_right": 0,
            "pix_fmt": "yuv411p",
            "sample_aspect_ratio": "8:9",
            "pict_type": "I",
            "interlaced_frame": 1,
            "top_field_first": 0,
            "repeat_pict": 0,
            "chroma_location": "topleft"
        },
        {
            "media_type": "video",
            "stream_index": 0,
            "key_frame": 1,
            "pts": 302,
            "pts_time": "10.076925",
            "pkt_dts": 302,
            "pkt_dts_time": "10.076925",
            "best_effort_timestamp": 302,
            "best_effort_timestamp_time": "10.076925",
            "duration": 1,
            "duration_time": "0.033367",
            "pkt_pos": "37609804",
            "pkt_size": "120000",
            "width": 720,
            "height": 480,
            "crop_top": 0,
            "crop_bottom": 0,
            "crop_left": 0,
            "crop_right": 0,
            "pix_fmt": "yuv411p",
            "sample_aspect_ratio": "8:9",
            "pict_type": "I",
            "interlaced_frame": 1,
            "top_field_first": 0,
            "repeat_pict": 0,
            "chroma_location": "topleft"
        },
        {
            "media_type": "video",
            "stream_index": 0,
            "key_frame": 1,
            "pts": 303,
            "pts_time": "10.110292",
            "pkt_dts": 303,
            "pkt_dts_time": "10.110292",
            "best_effort_timestamp": 303,
            "best_effort_timestamp_time": "10.110292",
            "duration": 1,
            "duration_time": "0.033367",
            "pkt_pos": "37729812",
            "pkt_size": "120000",
            "width": 720,
            "height": 480,
            "crop_top": 0,
            "crop_bottom": 0,
            "crop_left": 0,
            "crop_right": 0,
            "pix_fmt": "yuv411p",
            "sample_aspect_ratio": "8:9",
            "pict_type": "I",
            "interlaced_frame": 1,
            "top_field_first": 0,
            "repeat_pict": 0,
            "chroma_location": "topleft"
        },
        {
            "media_type": "video",
            "stream_index": 0,
            "key_frame": 1,
            "pts": 304,
            "pts_time": "10.143659",
            "pkt_dts": 304,
            "pkt_dts_time": "10.143659",
            "best_effort_timestamp": 304,
            "best_effort_timestamp_time": "10.143659",
            "duration": 1,
            "duration_time": "0.033367",
            "pkt_pos": "37849820",
            "pkt_size": "120000",
            "width": 720,
            "height": 480,
            "crop_top": 0,
            "crop_bottom": 0,
            "crop_left": 0,
            "crop_right": 0,
            "pix_fmt": "yuv411p",
            "sample_aspect_ratio": "8:9",
            "pict_type": "I",
            "interlaced_frame": 1,
            "top_field_first": 0,
            "repeat_pict": 0,
            "chroma_location": "topleft"
        },
        {
            "media_type": "video",
            "stream_index": 0,
            "key_frame": 1,
            "pts": 305,
            "pts_time": "10.177027",
            "pkt_dts": 305,
            "pkt_dts_time": "10.177027",
            "best_effort_timestamp": 305,
            "best_effort_timestamp_time": "10.177027",
            "duration": 1,
            "duration_time": "0.033367",
            "pkt_pos": "37969828",
            "pkt_size": "120000",
            "width": 720,
            "height": 480,
            "crop_top": 0,
            "crop_bottom": 0,
            "crop_left": 0,
            "crop_right": 0,
            "pix_fmt": "yuv411p",
            "sample_aspect_ratio": "8:9",
            "pict_type": "I",
            "interlaced_frame": 1,
            "top_field_first": 0,
            "repeat_pict": 0,
            "chroma_location": "topleft"
        },
        {
            "media_type": "video",
            "stream_index": 0,
            "key_frame": 1,
            "pts": 306,
            "pts_time": "10.210394",
            "pkt_dts": 306,
            "pkt_dts_time": "10.210394",
            "best_effort_timestamp": 306,
            "best_effort_timestamp_time": "10.210394",
            "duration": 1,
            "duration_time": "0.033367",
            "pkt_pos": "38089836",
            "pkt_size": "120000",
            "width": 720,
            "height": 480,
            "crop_top": 0,
            "crop_bottom": 0,
            "crop_left": 0,
            "crop_right": 0,
            "pix_fmt": "yuv411p",
            "sample_aspect_ratio": "8:9",
            "pict_type": "I",
            "interlaced_frame": 1,
            "top_field_first": 0,
            "repeat_pict": 0,
            "chroma_location": "topleft"
        },
        {
            "media_type": "video",
            "stream_index": 0,
            "key_frame": 1,
            "pts": 307,
            "pts_time": "10.243761",
            "pkt_dts": 307,
            "pkt_dts_time": "10.243761",
            "best_effort_timestamp": 307,
            "best_effort_timestamp_time": "10.243761",
            "duration": 1,
            "duration_time": "0.033367",
            "pkt_pos": "38209844",
            "pkt_size": "120000",
            "width": 720,
            "height": 480,
            "crop_top": 0,
            "crop_bottom": 0,
            "crop_left": 0,
            "crop_right": 0,
            "pix_fmt": "yuv411p",
            "sample_aspect_ratio": "8:9",
            "pict_type": "I",
            "interlaced_frame": 1,
            "top_field_first": 0,
            "repeat_pict": 0,
            "chroma_location": "topleft"
        },
        {
            "media_type": "video",
            "stream_index": 0,
            "key_frame": 1,
            "pts": 308,
            "pts_time": "10.277128",
            "pkt_dts": 308,
            "pkt_dts_time": "10.277128",
            "best_effort_timestamp": 308,
            "best_effort_timestamp_time": "10.277128",
            "duration": 1,
            "duration_time": "0.033367",
            "pkt_pos": "38329852",
            "pkt_size": "120000",
            "width": 720,
            "height": 480,
            "crop_top": 0,
            "crop_bottom": 0,
            "crop_left": 0,
            "crop_right": 0,
            "pix_fmt": "yuv411p",
            "sample_aspect_ratio": "8:9",
            "pict_type": "I",
            "interlaced_frame": 1,
            "top_field_first": 0,
            "repeat_pict": 0,
            "chroma_location": "topleft"
        },
        {
            "media_type": "video",
            "stream_index": 0,
            "key_frame": 1,
            "pts": 309,
            "pts_time": "10.310496",
            "pkt_dts": 309,
            "pkt_dts_time": "10.310496",
            "best_effort_timestamp": 309,
            "best_effort_timestamp_time": "10.310496",
            "duration": 1,
            "duration_time": "0.033367",
            "pkt_pos": "38449860",
            "pkt_size": "120000",
            "width": 720,
            "height": 480,
            "crop_top": 0,
            "crop_bottom": 0,
            "crop_left": 0,
            "crop_right": 0,
            "pix_fmt": "yuv411p",
            "sample_aspect_ratio": "8:9",
            "pict_type": "I",
            "interlaced_frame": 1,
            "top_field_first": 0,
            "repeat_pict": 0,
            "chroma_location": "topleft"
        },
        {
            "media_type": "video",
            "stream_index": 0,
            "key_frame": 1,
            "pts": 310,
            "pts_time": "10.343863",
            "pkt_dts": 310,
            "pkt_dts_time": "10.343863",
            "best_effort_timestamp": 310,
            "best_effort_timestamp_time": "10.343863",
            "duration": 1,
            "duration_time": "0.033367",
            "pkt_pos": "38569868",
            "pkt_size": "120000",
            "width": 720,
            "height": 480,
            "crop_top": 0,
            "crop_bottom": 0,
            "crop_left": 0,
            "crop_right": 0,
            "pix_fmt": "yuv411p",
            "sample_aspect_ratio": "8:9",
            "pict_type": "I",
            "interlaced_frame": 1,
            "top_field_first": 0,
            "repeat_pict": 0,
            "chroma_location": "topleft"
        },
        {
            "media_type": "video",
            "stream_index": 0,
            "key_frame": 1,
            "pts": 311,
            "pts_time": "10.377230",
            "pkt_dts": 311,
            "pkt_dts_time": "10.377230",
            "best_effort_timestamp": 311,
            "best_effort_timestamp_time": "10.377230",
            "duration": 1,
            "duration_time": "0.033367",
            "pkt_pos": "38689876",
            "pkt_size": "120000",
            "width": 720,
            "height": 480,
            "crop_top": 0,
            "crop_bottom": 0,
            "crop_left": 0,
            "crop_right": 0,
            "pix_fmt": "yuv411p",
            "sample_aspect_ratio": "8:9",
            "pict_type": "I",
            "interlaced_frame": 1,
            "top_field_first": 0,
            "repeat_pict": 0,
            "chroma_location": "topleft"
        },
        {
            "media_type": "video",
            "stream_index": 0,
            "key_frame": 1,
            "pts": 312,
            "pts_time": "10.410598",
            "pkt_dts": 312,
            "pkt_dts_time": "10.410598",
            "best_effort_timestamp": 312,
            "best_effort_timestamp_time": "10.410598",
            "duration": 1,
            "duration_time": "0.033367",
            "pkt_pos": "38809884",
            "pkt_size": "120000",
            "width": 720,
            "height": 480,
            "crop_top": 0,
            "crop_bottom": 0,
            "crop_left": 0,
            "crop_right": 0,
            "pix_fmt": "yuv411p",
            "sample_aspect_ratio": "8:9",
            "pict_type": "I",
            "interlaced_frame": 1,
            "top_field_first": 0,
            "repeat_pict": 0,
            "chroma_location": "topleft"
        },
        {
            "media_type": "video",
            "stream_index": 0,
            "key_frame": 1,
            "pts": 313,
            "pts_time": "10.443965",
            "pkt_dts": 313,
            "pkt_dts_time": "10.443965",
            "best_effort_timestamp": 313,
            "best_effort_timestamp_time": "10.443965",
            "duration": 1,
            "duration_time": "0.033367",
            "pkt_pos": "38929892",
            "pkt_size": "120000",
            "width": 720,
            "height": 480,
            "crop_top": 0,
            "crop_bottom": 0,
            "crop_left": 0,
            "crop_right": 0,
            "pix_fmt": "yuv411p",
            "sample_aspect_ratio": "8:9",
            "pict_type": "I",
            "interlaced_frame": 1,
            "top_field_first": 0,
            "repeat_pict": 0,
            "chroma_location": "topleft"
        },
        {
            "media_type": "video",
            "stream_index": 0,
            "key_frame": 1,
            "pts": 314,
            "pts_time": "10.477332",
            "pkt_dts": 314,
            "pkt_dts_time": "10.477332",
            "best_effort_timestamp": 314,
            "best_effort_timestamp_time": "10.477332",
            "duration": 1,
            "duration_time": "0.033367",
            "pkt_pos": "39049900",
            "pkt_size": "120000",
            "width": 720,
            "height": 480,
            "crop_top": 0,
            "crop_bottom": 0,
            "crop_left": 0,
            "crop_right": 0,
            "pix_fmt": "yuv411p",
            "sample_aspect_ratio": "8:9",
            "pict_type": "I",
            "interlaced_frame": 1,
            "top_field_first": 0,
            "repeat_pict": 0,
            "chroma_location": "topleft"
        },
        {
            "media_type": "video",
            "stream_index": 0,
            "key_frame": 1,
            "pts": 315,
            "pts_time": "10.510700",
            "pkt_dts": 315,
            "pkt_dts_time": "10.510700",
            "best_effort_timestamp": 315,
            "best_effort_timestamp_time": "10.510700",
            "duration": 1,
            "duration_time": "0.033367",
            "pkt_pos": "39169908",
            "pkt_size": "120000",
            "width": 720,
            "height": 480,
            "crop_top": 0,
            "crop_bottom": 0,
            "crop_left": 0,
            "crop_right": 0,
            "pix_fmt": "yuv411p",
            "sample_aspect_ratio": "8:9",
            "pict_type": "I",
            "interlaced_frame": 1,
            "top_field_first": 0,
            "repeat_pict": 0,
            "chroma_location": "topleft"
        },
        {
            "media_type": "video",
            "stream_index": 0,
            "key_frame": 1,
            "pts": 316,
            "pts_time": "10.544067",
            "pkt_dts": 316,
            "pkt_dts_time": "10.544067",
            "best_effort_timestamp": 316,
            "best_effort_timestamp_time": "10.544067",
            "duration": 1,
            "duration_time": "0.033367",
            "pkt_pos": "39289916",
            "pkt_size": "120000",
            "width": 720,
            "height": 480,
            "crop_top": 0,
            "crop_bottom": 0,
            "crop_left": 0,
            "crop_right": 0,
            "pix_fmt": "yuv411p",
            "sample_aspect_ratio": "8:9",
            "pict_type": "I",
            "interlaced_frame": 1,
            "top_field_first": 0,
            "repeat_pict": 0,
            "chroma_location": "topleft"
        },
        {
            "media_type": "video",
            "stream_index": 0,
            "key_frame": 1,
            "pts": 317,
            "pts_time": "10.577434",
            "pkt_dts": 317,
            "pkt_dts_time": "10.577434",
            "best_effort_timestamp": 317,
            "best_effort_timestamp_time": "10.577434",
            "duration": 1,
            "duration_time": "0.033367",
            "pkt_pos": "39409924",
            "pkt_size": "120000",
            "width": 720,
            "height": 480,
            "crop_top": 0,
            "crop_bottom": 0,
            "crop_left": 0,
            "crop_right": 0,
            "pix_fmt": "yuv411p",
            "sample_aspect_ratio": "8:9",
            "pict_type": "I",
            "interlaced_frame": 1,
            "top_field_first": 0,
            "repeat_pict": 0,
            "chroma_location": "topleft"
        },
        {
            "media_type": "video",
            "stream_index": 0,
            "key_frame": 1,
            "pts": 318,
            "pts_time": "10.610801",
            "pkt_dts": 318,
            "pkt_dts_time": "10.610801",
            "best_effort_timestamp": 318,
            "best_effort_timestamp_time": "10.610801",
            "duration": 1,
            "duration_time": "0.033367",
            "pkt_pos": "39529932",
            "pkt_size": "120000",
            "width": 720,
            "height": 480,
            "crop_top": 0,
            "crop_bottom": 0,
            "crop_left": 0,
            "crop_right": 0,
            "pix_fmt": "yuv411p",
            "sample_aspect_ratio": "8:9",
            "pict_type": "I",
            "interlaced_frame": 1,
            "top_field_first": 0,
            "repeat_pict": 0,
            "chroma_location": "topleft"
        },
        {
            "media_type": "video",
            "stream_index": 0,
            "key_frame": 1,
            "pts": 319,
            "pts_time": "10.644169",
            "pkt_dts": 319,
            "pkt_dts_time": "10.644169",
            "best_effort_timestamp": 319,
            "best_effort_timestamp_time": "10.644169",
            "duration": 1,
            "duration_time": "0.033367",
            "pkt_pos": "39773808",
            "pkt_size": "120000",
            "width": 720,
            "height": 480,
            "crop_top": 0,
            "crop_bottom": 0,
            "crop_left": 0,
            "crop_right": 0,
            "pix_fmt": "yuv411p",
            "sample_aspect_ratio": "8:9",
            "pict_type": "I",
            "interlaced_frame": 1,
            "top_field_first": 0,
            "repeat_pict": 0,
            "chroma_location": "topleft"
        },
        {
            "media_type": "video",
            "stream_index": 0,
            "key_frame": 1,
            "pts": 320,
            "pts_time": "10.677536",
            "pkt_dts": 320,
            "pkt_dts_time": "10.677536",
            "best_effort_timestamp": 320,
            "best_effort_timestamp_time": "10.677536",
            "duration": 1,
            "duration_time": "0.033367",
            "pkt_pos": "39893816",
            "pkt_size": "120000",
            "width": 720,
            "height": 480,
            "crop_top": 0,
            "crop_bottom": 0,
            "crop_left": 0,
            "crop_right": 0,
            "pix_fmt": "yuv411p",
            "sample_aspect_ratio": "8:9",
            "pict_type": "I",
            "interlaced_frame": 1,
            "top_field_first": 0,
            "repeat_pict": 0,
            "chroma_location": "topleft"
        },
        {
            "media_type": "video",
            "stream_index": 0,
            "key_frame": 1,
            "pts": 321,
            "pts_time": "10.710903",
            "pkt_dts": 321,
            "pkt_dts_time": "10.710903",
            "best_effort_timestamp": 321,
            "best_effort_timestamp_time": "10.710903",
            "duration": 1,
            "duration_time": "0.033367",
            "pkt_pos": "40013824",
            "pkt_size": "120000",
            "width": 720,
            "height": 480,
            "crop_top": 0,
            "crop_bottom": 0,
            "crop_left": 0,
            "crop_right": 0,
            "pix_fmt": "yuv411p",
            "sample_aspect_ratio": "8:9",
            "pict_type": "I",
            "interlaced_frame": 1,
            "top_field_first": 0,
            "repeat_pict": 0,
            "chroma_location": "topleft"
        },
        {
            "media_type": "video",
            "stream_index": 0,
            "key_frame": 1,
            "pts": 322,
            "pts_time": "10.744271",
            "pkt_dts": 322,
            "pkt_dts_time": "10.744271",
            "best_effort_timestamp": 322,
            "best_effort_timestamp_time": "10.744271",
            "duration": 1,
            "duration_time": "0.033367",
            "pkt_pos": "40133832",
            "pkt_size": "120000",
            "width": 720,
            "height": 480,
            "crop_top": 0,
            "crop_bottom": 0,
            "crop_left": 0,
            "crop_right": 0,
            "pix_fmt": "yuv411p",
            "sample_aspect_ratio": "8:9",
            "pict_type": "I",
            "interlaced_frame": 1,
            "top_field_first": 0,
            "repeat_pict": 0,
            "chroma_location": "topleft"
        },
        {
            "media_type": "video",
            "stream_index": 0,
            "key_frame": 1,
            "pts": 323,
            "pts_time": "10.777638",
            "pkt_dts": 323,
            "pkt_dts_time": "10.777638",
            "best_effort_timestamp": 323,
            "best_effort_timestamp_time": "10.777638",
            "duration": 1,
            "duration_time": "0.033367",
            "pkt_pos": "40253840",
            "pkt_size": "120000",
            "width": 720,
            "height": 480,
            "crop_top": 0,
            "crop_bottom": 0,
            "crop_left": 0,
            "crop_right": 0,
            "pix_fmt": "yuv411p",
            "sample_aspect_ratio": "8:9",
            "pict_type": "I",
            "interlaced_frame": 1,
            "top_field_first": 0,
            "repeat_pict": 0,
            "chroma_location": "topleft"
        },
        {
            "media_type": "video",
            "stream_index": 0,
            "key_frame": 1,
            "pts": 324,
            "pts_time": "10.811005",
            "pkt_dts": 324,
            "pkt_dts_time": "10.811005",
            "best_effort_timestamp": 324,
            "best_effort_timestamp_time": "10.811005",
            "duration": 1,
            "duration_time": "0.033367",
            "pkt_pos": "40373848",
            "pkt_size": "120000",
            "width": 720,
            "height": 480,
            "crop_top": 0,
            "crop_bottom": 0,
            "crop_left": 0,
            "crop_right": 0,
            "pix_fmt": "yuv411p",
            "sample_aspect_ratio": "8:9",
            "pict_type": "I",
            "interlaced_frame": 1,
            "top_field_first": 0,
            "repeat_pict": 0,
            "chroma_location": "topleft"
        },
        {
            "media_type": "video",
            "stream_index": 0,
            "key_frame": 1,
            "pts": 325,
            "pts_time": "10.844373",
            "pkt_dts": 325,
            "pkt_dts_time": "10.844373",
            "best_effort_timestamp": 325,
            "best_effort_timestamp_time": "10.844373",
            "duration": 1,
            "duration_time": "0.033367",
            "pkt_pos": "40493856",
            "pkt_size": "120000",
            "width": 720,
            "height": 480,
            "crop_top": 0,
            "crop_bottom": 0,
            "crop_left": 0,
            "crop_right": 0,
            "pix_fmt": "yuv411p",
            "sample_aspect_ratio": "8:9",
            "pict_type": "I",
            "interlaced_frame": 1,
            "top_field_first": 0,
            "repeat_pict": 0,
            "chroma_location": "topleft"
        },
        {
            "media_type": "video",
            "stream_index": 0,
            "key_frame": 1,
            "pts": 326,
            "pts_time": "10.877740",
            "pkt_dts": 326,
            "pkt_dts_time": "10.877740",
            "best_effort_timestamp": 326,
            "best_effort_timestamp_time": "10.877740",
            "duration": 1,
            "duration_time": "0.033367",
            "pkt_pos": "40613864",
            "pkt_size": "120000",
            "width": 720,
            "height": 480,
            "crop_top": 0,
            "crop_bottom": 0,
            "crop_left": 0,
            "crop_right": 0,
            "pix_fmt": "yuv411p",
            "sample_aspect_ratio": "8:9",
            "pict_type": "I",
            "interlaced_frame": 1,
            "top_field_first": 0,
            "repeat_pict": 0,
            "chroma_location": "topleft"
        },
        {
            "media_type": "video",
            "stream_index": 0,
            "key_frame": 1,
            "pts": 327,
            "pts_time": "10.911107",
            "pkt_dts": 327,
            "pkt_dts_time": "10.911107",
            "best_effort_timestamp": 327,
            "best_effort_timestamp_time": "10.911107",
            "duration": 1,
            "duration_time": "0.033367",
            "pkt_pos": "40733872",
            "pkt_size": "120000",
            "width": 720,
            "height": 480,
            "crop_top": 0,
            "crop_bottom": 0,
            "crop_left": 0,
            "crop_right": 0,
            "pix_fmt": "yuv411p",
            "sample_aspect_ratio": "8:9",
            "pict_type": "I",
            "interlaced_frame": 1,
            "top_field_first": 0,
            "repeat_pict": 0,
            "chroma_location": "topleft"
        },
        {
            "media_type": "video",
            "stream_index": 0,
            "key_frame": 1,
            "pts": 328,
            "pts_time": "10.944474",
            "pkt_dts": 328,
            "pkt_dts_time": "10.944474",
            "best_effort_timestamp": 328,
            "best_effort_timestamp_time": "10.944474",
            "duration": 1,
            "duration_time": "0.033367",
            "pkt_pos": "40853880",
            "pkt_size": "120000",
            "width": 720,
            "height": 480,
            "crop_top": 0,
            "crop_bottom": 0,
            "crop_left": 0,
            "crop_right": 0,
            "pix_fmt": "yuv411p",
            "sample_aspect_ratio": "8:9",
            "pict_type": "I",
            "interlaced_frame": 1,
            "top_field_first": 0,
            "repeat_pict": 0,
            "chroma_location": "topleft"
        },
        {
            "media_type": "video",
            "stream_index": 0,
            "key_frame": 1,
            "pts": 329,
            "pts_time": "10.977842",
            "pkt_dts": 329,
            "pkt_dts_time": "10.977842",
            "best_effort_timestamp": 329,
            "best_effort_timestamp_time": "10.977842",
            "duration": 1,
            "duration_time": "0.033367",
            "pkt_pos": "40973888",
            "pkt_size": "120000",
            "width": 720,
            "height": 480,
            "crop_top": 0,
            "crop_bottom": 0,
            "crop_left": 0,
            "crop_right": 0,
            "pix_fmt": "yuv411p",
            "sample_aspect_ratio": "8:9",
            "pict_type": "I",
            "interlaced_frame": 1,
            "top_field_first": 0,
            "repeat_pict": 0,
            "chroma_location": "topleft"
        },
        {
            "media_type": "video",
            "stream_index": 0,
            "key_frame": 1,
            "pts": 330,
            "pts_time": "11.011209",
            "pkt_dts": 330,
            "pkt_dts_time": "11.011209",
            "best_effort_timestamp": 330,
            "best_effort_timestamp_time": "11.011209",
            "duration": 1,
            "duration_time": "0.033367",
            "pkt_pos": "41093896",
            "pkt_size": "120000",
            "width": 720,
            "height": 480,
            "crop_top": 0,
            "crop_bottom": 0,
            "crop_left": 0,
            "crop_right": 0,
            "pix_fmt": "yuv411p",
            "sample_aspect_ratio": "8:9",
            "pict_type": "I",
            "interlaced_frame": 1,
            "top_field_first": 0,
            "repeat_pict": 0,
            "chroma_location": "topleft"
        },
        {
            "media_type": "video",
            "stream_index": 0,
            "key_frame": 1,
            "pts": 331,
            "pts_time": "11.044576",
            "pkt_dts": 331,
            "pkt_dts_time": "11.044576",
            "best_effort_timestamp": 331,
            "best_effort_timestamp_time": "11.044576",
            "duration": 1,
            "duration_time": "0.033367",
            "pkt_pos": "41213904",
            "pkt_size": "120000",
            "width": 720,
            "height": 480,
            "crop_top": 0,
            "crop_bottom": 0,
            "crop_left": 0,
            "crop_right": 0,
            "pix_fmt": "yuv411p",
            "sample_aspect_ratio": "8:9",
            "pict_type": "I",
            "interlaced_frame": 1,
            "top_field_first": 0,
            "repeat_pict": 0,
            "chroma_location": "topleft"
        },
        {
            "media_type": "video",
            "stream_index": 0,
            "key_frame": 1,
            "pts": 332,
            "pts_time": "11.077944",
            "pkt_dts": 332,
            "pkt_dts_time": "11.077944",
            "best_effort_timestamp": 332,
            "best_effort_timestamp_time": "11.077944",
            "duration": 1,
            "duration_time": "0.033367",
            "pkt_pos": "41333912",
            "pkt_size": "120000",
            "width": 720,
            "height": 480,
            "crop_top": 0,
            "crop_bottom": 0,
            "crop_left": 0,
            "crop_right": 0,
            "pix_fmt": "yuv411p",
            "sample_aspect_ratio": "8:9",
            "pict_type": "I",
            "interlaced_frame": 1,
            "top_field_first": 0,
            "repeat_pict": 0,
            "chroma_location": "topleft"
        },
        {
            "media_type": "video",
            "stream_index": 0,
            "key_frame": 1,
            "pts": 333,
            "pts_time": "11.111311",
            "pkt_dts": 333,
            "pkt_dts_time": "11.111311",
            "best_effort_timestamp": 333,
            "best_effort_timestamp_time": "11.111311",
            "duration": 1,
            "duration_time": "0.033367",
            "pkt_pos": "41453920",
            "pkt_size": "120000",
            "width": 720,
            "height": 480,
            "crop_top": 0,
            "crop_bottom": 0,
            "crop_left": 0,
            "crop_right": 0,
            "pix_fmt": "yuv411p",
            "sample_aspect_ratio": "8:9",
            "pict_type": "I",
            "interlaced_frame": 1,
            "top_field_first": 0,
            "repeat_pict": 0,
            "chroma_location": "topleft"
        },
        {
            "media_type": "video",
            "stream_index": 0,
            "key_frame": 1,
            "pts": 334,
            "pts_time": "11.144678",
            "pkt_dts": 334,
            "pkt_dts_time": "11.144678",
            "best_effort_timestamp": 334,
            "best_effort_timestamp_time": "11.144678",
            "duration": 1,
            "duration_time": "0.033367",
            "pkt_pos": "41573928",
            "pkt_size": "120000",
            "width": 720,
            "height": 480,
            "crop_top": 0,
            "crop_bottom": 0,
            "crop_left": 0,
            "crop_right": 0,
            "pix_fmt": "yuv411p",
            "sample_aspect_ratio": "8:9",
            "pict_type": "I",
            "interlaced_frame": 1,
            "top_field_first": 0,
            "repeat_pict": 0,
            "chroma_location": "topleft"
        },
        {
            "media_type": "video",
            "stream_index": 0,
            "key_frame": 1,
            "pts": 335,
            "pts_time": "11.178046",
            "pkt_dts": 335,
            "pkt_dts_time": "11.178046",
            "best_effort_timestamp": 335,
            "best_effort_timestamp_time": "11.178046",
            "duration": 1,
            "duration_time": "0.033367",
            "pkt_pos": "41693936",
            "pkt_size": "120000",
            "width": 720,
            "height": 480,
            "crop_top": 0,
            "crop_bottom": 0,
            "crop_left": 0,
            "crop_right": 0,
            "pix_fmt": "yuv411p",
            "sample_aspect_ratio": "8:9",
            "pict_type": "I",
            "interlaced_frame": 1,
            "top_field_first": 0,
            "repeat_pict": 0,
            "chroma_location": "topleft"
        },
        {
            "media_type": "video",
            "stream_index": 0,
            "key_frame": 1,
            "pts": 336,
            "pts_time": "11.211413",
            "pkt_dts": 336,
            "pkt_dts_time": "11.211413",
            "best_effort_timestamp": 336,
            "best_effort_timestamp_time": "11.211413",
            "duration": 1,
            "duration_time": "0.033367",
            "pkt_pos": "41813944",
            "pkt_size": "120000",
            "width": 720,
            "height": 480,
            "crop_top": 0,
            "crop_bottom": 0,
            "crop_left": 0,
            "crop_right": 0,
            "pix_fmt": "yuv411p",
            "sample_aspect_ratio": "8:9",
            "pict_type": "I",
            "interlaced_frame": 1,
            "top_field_first": 0,
            "repeat_pict": 0,
            "chroma_location": "topleft"
        },
        {
            "media_type": "video",
            "stream_index": 0,
            "key_frame": 1,
            "pts": 337,
            "pts_time": "11.244780",
            "pkt_dts": 337,
            "pkt_dts_time": "11.244780",
            "best_effort_timestamp": 337,
            "best_effort_timestamp_time": "11.244780",
            "duration": 1,
            "duration_time": "0.033367",
            "pkt_pos": "41933952",
            "pkt_size": "120000",
            "width": 720,
            "height": 480,
            "crop_top": 0,
            "crop_bottom": 0,
            "crop_left": 0,
            "crop_right": 0,
            "pix_fmt": "yuv411p",
            "sample_aspect_ratio": "8:9",
            "pict_type": "I",
            "interlaced_frame": 1,
            "top_field_first": 0,
            "repeat_pict": 0,
            "chroma_location": "topleft"
        },
        {
            "media_type": "video",
            "stream_index": 0,
            "key_frame": 1,
            "pts": 338,
            "pts_time": "11.278147",
            "pkt_dts": 338,
            "pkt_dts_time": "11.278147",
            "best_effort_timestamp": 338,
            "best_effort_timestamp_time": "11.278147",
            "duration": 1,
            "duration_time": "0.033367",
            "pkt_pos": "42053960",
            "pkt_size": "120000",
            "width": 720,
            "height": 480,
            "crop_top": 0,
            "crop_bottom": 0,
            "crop_left": 0,
            "crop_right": 0,
            "pix_fmt": "yuv411p",
            "sample_aspect_ratio": "8:9",
            "pict_type": "I",
            "interlaced_frame": 1,
            "top_field_first": 0,
            "repeat_pict": 0,
            "chroma_location": "topleft"
        },
        {
            "media_type": "video",
            "stream_index": 0,
            "key_frame": 1,
            "pts": 339,
            "pts_time": "11.311515",
            "pkt_dts": 339,
            "pkt_dts_time": "11.311515",
            "best_effort_timestamp": 339,
            "best_effort_timestamp_time": "11.311515",
            "duration": 1,
            "duration_time": "0.033367",
            "pkt_pos": "42173968",
            "pkt_size": "120000",
            "width": 720,
            "height": 480,
            "crop_top": 0,
            "crop_bottom": 0,
            "crop_left": 0,
            "crop_right": 0,
            "pix_fmt": "yuv411p",
            "sample_aspect_ratio": "8:9",
            "pict_type": "I",
            "interlaced_frame": 1,
            "top_field_first": 0,
            "repeat_pict": 0,
            "chroma_location": "topleft"
        },
        {
            "media_type": "video",
            "stream_index": 0,
            "key_frame": 1,
            "pts": 340,
            "pts_time": "11.344882",
            "pkt_dts": 340,
            "pkt_dts_time": "11.344882",
            "best_effort_timestamp": 340,
            "best_effort_timestamp_time": "11.344882",
            "duration": 1,
            "duration_time": "0.033367",
            "pkt_pos": "42293976",
            "pkt_size": "120000",
            "width": 720,
            "height": 480,
            "crop_top": 0,
            "crop_bottom": 0,
            "crop_left": 0,
            "crop_right": 0,
            "pix_fmt": "yuv411p",
            "sample_aspect_ratio": "8:9",
            "pict_type": "I",
            "interlaced_frame": 1,
            "top_field_first": 0,
            "repeat_pict": 0,
            "chroma_location": "topleft"
        },
        {
            "media_type": "video",
            "stream_index": 0,
            "key_frame": 1,
            "pts": 341,
            "pts_time": "11.378249",
            "pkt_dts": 341,
            "pkt_dts_time": "11.378249",
            "best_effort_timestamp": 341,
            "best_effort_timestamp_time": "11.378249",
            "duration": 1,
            "duration_time": "0.033367",
            "pkt_pos": "42413984",
            "pkt_size": "120000",
            "width": 720,
            "height": 480,
            "crop_top": 0,
            "crop_bottom": 0,
            "crop_left": 0,
            "crop_right": 0,
            "pix_fmt": "yuv411p",
            "sample_aspect_ratio": "8:9",
            "pict_type": "I",
            "interlaced_frame": 1,
            "top_field_first": 0,
            "repeat_pict": 0,
            "chroma_location": "topleft"
        },
        {
            "media_type": "video",
            "stream_index": 0,
            "key_frame": 1,
            "pts": 342,
            "pts_time": "11.411617",
            "pkt_dts": 342,
            "pkt_dts_time": "11.411617",
            "best_effort_timestamp": 342,
            "best_effort_timestamp_time": "11.411617",
            "duration": 1,
            "duration_time": "0.033367",
            "pkt_pos": "42533992",
            "pkt_size": "120000",
            "width": 720,
            "height": 480,
            "crop_top": 0,
            "crop_bottom": 0,
            "crop_left": 0,
            "crop_right": 0,
            "pix_fmt": "yuv411p",
            "sample_aspect_ratio": "8:9",
            "pict_type": "I",
            "interlaced_frame": 1,
            "top_field_first": 0,
            "repeat_pict": 0,
            "chroma_location": "topleft"
        },
        {
            "media_type": "video",
            "stream_index": 0,
            "key_frame": 1,
            "pts": 343,
            "pts_time": "11.444984",
            "pkt_dts": 343,
            "pkt_dts_time": "11.444984",
            "best_effort_timestamp": 343,
            "best_effort_timestamp_time": "11.444984",
            "duration": 1,
            "duration_time": "0.033367",
            "pkt_pos": "42654000",
            "pkt_size": "120000",
            "width": 720,
            "height": 480,
            "crop_top": 0,
            "crop_bottom": 0,
            "crop_left": 0,
            "crop_right": 0,
            "pix_fmt": "yuv411p",
            "sample_aspect_ratio": "8:9",
            "pict_type": "I",
            "interlaced_frame": 1,
            "top_field_first": 0,
            "repeat_pict": 0,
            "chroma_location": "topleft"
        },
        {
            "media_type": "video",
            "stream_index": 0,
            "key_frame": 1,
            "pts": 344,
            "pts_time": "11.478351",
            "pkt_dts": 344,
            "pkt_dts_time": "11.478351",
            "best_effort_timestamp": 344,
            "best_effort_timestamp_time": "11.478351",
            "duration": 1,
            "duration_time": "0.033367",
            "pkt_pos": "42774008",
            "pkt_size": "120000",
            "width": 720,
            "height": 480,
            "crop_top": 0,
            "crop_bottom": 0,
            "crop_left": 0,
            "crop_right": 0,
            "pix_fmt": "yuv411p",
            "sample_aspect_ratio": "8:9",
            "pict_type": "I",
            "interlaced_frame": 1,
            "top_field_first": 0,
            "repeat_pict": 0,
            "chroma_location": "topleft"
        },
        {
            "media_type": "video",
            "stream_index": 0,
            "key_frame": 1,
            "pts": 345,
            "pts_time": "11.511719",
            "pkt_dts": 345,
            "pkt_dts_time": "11.511719",
            "best_effort_timestamp": 345,
            "best_effort_timestamp_time": "11.511719",
            "duration": 1,
            "duration_time": "0.033367",
            "pkt_pos": "42894016",
            "pkt_size": "120000",
            "width": 720,
            "height": 480,
            "crop_top": 0,
            "crop_bottom": 0,
            "crop_left": 0,
            "crop_right": 0,
            "pix_fmt": "yuv411p",
            "sample_aspect_ratio": "8:9",
            "pict_type": "I",
            "interlaced_frame": 1,
            "top_field_first": 0,
            "repeat_pict": 0,
            "chroma_location": "topleft"
        },
        {
            "media_type": "video",
            "stream_index": 0,
            "key_frame": 1,
            "pts": 346,
            "pts_time": "11.545086",
            "pkt_dts": 346,
            "pkt_dts_time": "11.545086",
            "best_effort_timestamp": 346,
            "best_effort_timestamp_time": "11.545086",
            "duration": 1,
            "duration_time": "0.033367",
            "pkt_pos": "43014024",
            "pkt_size": "120000",
            "width": 720,
            "height": 480,
            "crop_top": 0,
            "crop_bottom": 0,
            "crop_left": 0,
            "crop_right": 0,
            "pix_fmt": "yuv411p",
            "sample_aspect_ratio": "8:9",
            "pict_type": "I",
            "interlaced_frame": 1,
            "top_field_first": 0,
            "repeat_pict": 0,
            "chroma_location": "topleft"
        },
        {
            "media_type": "video",
            "stream_index": 0,
            "key_frame": 1,
            "pts": 347,
            "pts_time": "11.578453",
            "pkt_dts": 347,
            "pkt_dts_time": "11.578453",
            "best_effort_timestamp": 347,
            "best_effort_timestamp_time": "11.578453",
            "duration": 1,
            "duration_time": "0.033367",
            "pkt_pos": "43134032",
            "pkt_size": "120000",
            "width": 720,
            "height": 480,
            "crop_top": 0,
            "crop_bottom": 0,
            "crop_left": 0,
            "crop_right": 0,
            "pix_fmt": "yuv411p",
            "sample_aspect_ratio": "8:9",
            "pict_type": "I",
            "interlaced_frame": 1,
            "top_field_first": 0,
            "repeat_pict": 0,
            "chroma_location": "topleft"
        },
        {
            "media_type": "video",
            "stream_index": 0,
            "key_frame": 1,
            "pts": 348,
            "pts_time": "11.611820",
            "pkt_dts": 348,
            "pkt_dts_time": "11.611820",
            "best_effort_timestamp": 348,
            "best_effort_timestamp_time": "11.611820",
            "duration": 1,
            "duration_time": "0.033367",
            "pkt_pos": "43377904",
            "pkt_size": "120000",
            "width": 720,
            "height": 480,
            "crop_top": 0,
            "crop_bottom": 0,
            "crop_left": 0,
            "crop_right": 0,
            "pix_fmt": "yuv411p",
            "sample_aspect_ratio": "8:9",
            "pict_type": "I",
            "interlaced_frame": 1,
            "top_field_first": 0,
            "repeat_pict": 0,
            "chroma_location": "topleft"
        },
        {
            "media_type": "video",
            "stream_index": 0,
            "key_frame": 1,
            "pts": 349,
            "pts_time": "11.645188",
            "pkt_dts": 349,
            "pkt_dts_time": "11.645188",
            "best_effort_timestamp": 349,
            "best_effort_timestamp_time": "11.645188",
            "duration": 1,
            "duration_time": "0.033367",
            "pkt_pos": "43497912",
            "pkt_size": "120000",
            "width": 720,
            "height": 480,
            "crop_top": 0,
            "crop_bottom": 0,
            "crop_left": 0,
            "crop_right": 0,
            "pix_fmt": "yuv411p",
            "sample_aspect_ratio": "8:9",
            "pict_type": "I",
            "interlaced_frame": 1,
            "top_field_first": 0,
            "repeat_pict": 0,
            "chroma_location": "topleft"
        },
        {
            "media_type": "video",
            "stream_index": 0,
            "key_frame": 1,
            "pts": 350,
            "pts_time": "11.678555",
            "pkt_dts": 350,
            "pkt_dts_time": "11.678555",
            "best_effort_timestamp": 350,
            "best_effort_timestamp_time": "11.678555",
            "duration": 1,
            "duration_time": "0.033367",
            "pkt_pos": "43617920",
            "pkt_size": "120000",
            "width": 720,
            "height": 480,
            "crop_top": 0,
            "crop_bottom": 0,
            "crop_left": 0,
            "crop_right": 0,
            "pix_fmt": "yuv411p",
            "sample_aspect_ratio": "8:9",
            "pict_type": "I",
            "interlaced_frame": 1,
            "top_field_first": 0,
            "repeat_pict": 0,
            "chroma_location": "topleft"
        },
        {
            "media_type": "video",
            "stream_index": 0,
            "key_frame": 1,
            "pts": 351,
            "pts_time": "11.711922",
            "pkt_dts": 351,
            "pkt_dts_time": "11.711922",
            "best_effort_timestamp": 351,
            "best_effort_timestamp_time": "11.711922",
            "duration": 1,
            "duration_time": "0.033367",
            "pkt_pos": "43737928",
            "pkt_size": "120000",
            "width": 720,
            "height": 480,
            "crop_top": 0,
            "crop_bottom": 0,
            "crop_left": 0,
            "crop_right": 0,
            "pix_fmt": "yuv411p",
            "sample_aspect_ratio": "8:9",
            "pict_type": "I",
            "interlaced_frame": 1,
            "top_field_first": 0,
            "repeat_pict": 0,
            "chroma_location": "topleft"
        },
        {
            "media_type": "video",
            "stream_index": 0,
            "key_frame": 1,
            "pts": 352,
            "pts_time": "11.745290",
            "pkt_dts": 352,
            "pkt_dts_time": "11.745290",
            "best_effort_timestamp": 352,
            "best_effort_timestamp_time": "11.745290",
            "duration": 1,
            "duration_time": "0.033367",
            "pkt_pos": "43857936",
            "pkt_size": "120000",
            "width": 720,
            "height": 480,
            "crop_top": 0,
            "crop_bottom": 0,
            "crop_left": 0,
            "crop_right": 0,
            "pix_fmt": "yuv411p",
            "sample_aspect_ratio": "8:9",
            "pict_type": "I",
            "interlaced_frame": 1,
            "top_field_first": 0,
            "repeat_pict": 0,
            "chroma_location": "topleft"
        },
        {
            "media_type": "video",
            "stream_index": 0,
            "key_frame": 1,
            "pts": 353,
            "pts_time": "11.778657",
            "pkt_dts": 353,
            "pkt_dts_time": "11.778657",
            "best_effort_timestamp": 353,
            "best_effort_timestamp_time": "11.778657",
            "duration": 1,
            "duration_time": "0.033367",
            "pkt_pos": "43977944",
            "pkt_size": "120000",
            "width": 720,
            "height": 480,
            "crop_top": 0,
            "crop_bottom": 0,
            "crop_left": 0,
            "crop_right": 0,
            "pix_fmt": "yuv411p",
            "sample_aspect_ratio": "8:9",
            "pict_type": "I",
            "interlaced_frame": 1,
            "top_field_first": 0,
            "repeat_pict": 0,
            "chroma_location": "topleft"
        },
        {
            "media_type": "video",
            "stream_index": 0,
            "key_frame": 1,
            "pts": 354,
            "pts_time": "11.812024",
            "pkt_dts": 354,
            "pkt_dts_time": "11.812024",
            "best_effort_timestamp": 354,
            "best_effort_timestamp_time": "11.812024",
            "duration": 1,
            "duration_time": "0.033367",
            "pkt_pos": "44097952",
            "pkt_size": "120000",
            "width": 720,
            "height": 480,
            "crop_top": 0,
            "crop_bottom": 0,
            "crop_left": 0,
            "crop_right": 0,
            "pix_fmt": "yuv411p",
            "sample_aspect_ratio": "8:9",
            "pict_type": "I",
            "interlaced_frame": 1,
            "top_field_first": 0,
            "repeat_pict": 0,
            "chroma_location": "topleft"
        },
        {
            "media_type": "video",
            "stream_index": 0,
            "key_frame": 1,
            "pts": 355,
            "pts_time": "11.845392",
            "pkt_dts": 355,
            "pkt_dts_time": "11.845392",
            "best_effort_timestamp": 355,
            "best_effort_timestamp_time": "11.845392",
            "duration": 1,
            "duration_time": "0.033367",
            "pkt_pos": "44217960",
            "pkt_size": "120000",
            "width": 720,
            "height": 480,
            "crop_top": 0,
            "crop_bottom": 0,
            "crop_left": 0,
            "crop_right": 0,
            "pix_fmt": "yuv411p",
            "sample_aspect_ratio": "8:9",
            "pict_type": "I",
            "interlaced_frame": 1,
            "top_field_first": 0,
            "repeat_pict": 0,
            "chroma_location": "topleft"
        },
        {
            "media_type": "video",
            "stream_index": 0,
            "key_frame": 1,
            "pts": 356,
            "pts_time": "11.878759",
            "pkt_dts": 356,
            "pkt_dts_time": "11.878759",
            "best_effort_timestamp": 356,
            "best_effort_timestamp_time": "11.878759",
            "duration": 1,
            "duration_time": "0.033367",
            "pkt_pos": "44337968",
            "pkt_size": "120000",
            "width": 720,
            "height": 480,
            "crop_top": 0,
            "crop_bottom": 0,
            "crop_left": 0,
            "crop_right": 0,
            "pix_fmt": "yuv411p",
            "sample_aspect_ratio": "8:9",
            "pict_type": "I",
            "interlaced_frame": 1,
            "top_field_first": 0,
            "repeat_pict": 0,
            "chroma_location": "topleft"
        },
        {
            "media_type": "video",
            "stream_index": 0,
            "key_frame": 1,
            "pts": 357,
            "pts_time": "11.912126",
            "pkt_dts": 357,
            "pkt_dts_time": "11.912126",
            "best_effort_timestamp": 357,
            "best_effort_timestamp_time": "11.912126",
            "duration": 1,
            "duration_time": "0.033367",
            "pkt_pos": "44457976",
            "pkt_size": "120000",
            "width": 720,
            "height": 480,
            "crop_top": 0,
            "crop_bottom": 0,
            "crop_left": 0,
            "crop_right": 0,
            "pix_fmt": "yuv411p",
            "sample_aspect_ratio": "8:9",
            "pict_type": "I",
            "interlaced_frame": 1,
            "top_field_first": 0,
            "repeat_pict": 0,
            "chroma_location": "topleft"
        },
        {
            "media_type": "video",
            "stream_index": 0,
            "key_frame": 1,
            "pts": 358,
            "pts_time": "11.945493",
            "pkt_dts": 358,
            "pkt_dts_time": "11.945493",
            "best_effort_timestamp": 358,
            "best_effort_timestamp_time": "11.945493",
            "duration": 1,
            "duration_time": "0.033367",
            "pkt_pos": "44577984",
            "pkt_size": "120000",
            "width": 720,
            "height": 480,
            "crop_top": 0,
            "crop_bottom": 0,
            "crop_left": 0,
            "crop_right": 0,
            "pix_fmt": "yuv411p",
            "sample_aspect_ratio": "8:9",
            "pict_type": "I",
            "interlaced_frame": 1,
            "top_field_first": 0,
            "repeat_pict": 0,
            "chroma_location": "topleft"
        },
        {
            "media_type": "video",
            "stream_index": 0,
            "key_frame": 1,
            "pts": 359,
            "pts_time": "11.978861",
            "pkt_dts": 359,
            "pkt_dts_time": "11.978861",
            "best_effort_timestamp": 359,
            "best_effort_timestamp_time": "11.978861",
            "duration": 1,
            "duration_time": "0.033367",
            "pkt_pos": "44697992",
            "pkt_size": "120000",
            "width": 720,
            "height": 480,
            "crop_top": 0,
            "crop_bottom": 0,
            "crop_left": 0,
            "crop_right": 0,
            "pix_fmt": "yuv411p",
            "sample_aspect_ratio": "8:9",
            "pict_type": "I",
            "interlaced_frame": 1,
            "top_field_first": 0,
            "repeat_pict": 0,
            "chroma_location": "topleft"
        },
        {
            "media_type": "video",
            "stream_index": 0,
            "key_frame": 1,
            "pts": 360,
            "pts_time": "12.012228",
            "pkt_dts": 360,
            "pkt_dts_time": "12.012228",
            "best_effort_timestamp": 360,
            "best_effort_timestamp_time": "12.012228",
            "duration": 1,
            "duration_time": "0.033367",
            "pkt_pos": "44818000",
            "pkt_size": "120000",
            "width": 720,
            "height": 480,
            "crop_top": 0,
            "crop_bottom": 0,
            "crop_left": 0,
            "crop_right": 0,
            "pix_fmt": "yuv411p",
            "sample_aspect_ratio": "8:9",
            "pict_type": "I",
            "interlaced_frame": 1,
            "top_field_first": 0,
            "repeat_pict": 0,
            "chroma_location": "topleft"
        },
        {
            "media_type": "video",
            "stream_index": 0,
            "key_frame": 1,
            "pts": 361,
            "pts_time": "12.045595",
            "pkt_dts": 361,
            "pkt_dts_time": "12.045595",
            "best_effort_timestamp": 361,
            "best_effort_timestamp_time": "12.045595",
            "duration": 1,
            "duration_time": "0.033367",
            "pkt_pos": "44938008",
            "pkt_size": "120000",
            "width": 720,
            "height": 480,
            "crop_top": 0,
            "crop_bottom": 0,
            "crop_left": 0,
            "crop_right": 0,
            "pix_fmt": "yuv411p",
            "sample_aspect_ratio": "8:9",
            "pict_type": "I",
            "interlaced_frame": 1,
            "top_field_first": 0,
            "repeat_pict": 0,
            "chroma_location": "topleft"
        },
        {
            "media_type": "video",
            "stream_index": 0,
            "key_frame": 1,
            "pts": 362,
            "pts_time": "12.078963",
            "pkt_dts": 362,
            "pkt_dts_time": "12.078963",
            "best_effort_timestamp": 362,
            "best_effort_timestamp_time": "12.078963",
            "duration": 1,
            "duration_time": "0.033367",
            "pkt_pos": "45058016",
            "pkt_size": "120000",
            "width": 720,
            "height": 480,
            "crop_top": 0,
            "crop_bottom": 0,
            "crop_left": 0,
            "crop_right": 0,
            "pix_fmt": "yuv411p",
            "sample_aspect_ratio": "8:9",
            "pict_type": "I",
            "interlaced_frame": 1,
            "top_field_first": 0,
            "repeat_pict": 0,
            "chroma_location": "topleft"
        },
        {
            "media_type": "video",
            "stream_index": 0,
            "key_frame": 1,
            "pts": 363,
            "pts_time": "12.112330",
            "pkt_dts": 363,
            "pkt_dts_time": "12.112330",
            "best_effort_timestamp": 363,
            "best_effort_timestamp_time": "12.112330",
            "duration": 1,
            "duration_time": "0.033367",
            "pkt_pos": "45178024",
            "pkt_size": "120000",
            "width": 720,
            "height": 480,
            "crop_top": 0,
            "crop_bottom": 0,
            "crop_left": 0,
            "crop_right": 0,
            "pix_fmt": "yuv411p",
            "sample_aspect_ratio": "8:9",
            "pict_type": "I",
            "interlaced_frame": 1,
            "top_field_first": 0,
            "repeat_pict": 0,
            "chroma_location": "topleft"
        },
        {
            "media_type": "video",
            "stream_index": 0,
            "key_frame": 1,
            "pts": 364,
            "pts_time": "12.145697",
            "pkt_dts": 364,
            "pkt_dts_time": "12.145697",
            "best_effort_timestamp": 364,
            "best_effort_timestamp_time": "12.145697",
            "duration": 1,
            "duration_time": "0.033367",
            "pkt_pos": "45298032",
            "pkt_size": "120000",
            "width": 720,
            "height": 480,
            "crop_top": 0,
            "crop_bottom": 0,
            "crop_left": 0,
            "crop_right": 0,
            "pix_fmt": "yuv411p",
            "sample_aspect_ratio": "8:9",
            "pict_type": "I",
            "interlaced_frame": 1,
            "top_field_first": 0,
            "repeat_pict": 0,
            "chroma_location": "topleft"
        },
        {
            "media_type": "video",
            "stream_index": 0,
            "key_frame": 1,
            "pts": 365,
            "pts_time": "12.179065",
            "pkt_dts": 365,
            "pkt_dts_time": "12.179065",
            "best_effort_timestamp": 365,
            "best_effort_timestamp_time": "12.179065",
            "duration": 1,
            "duration_time": "0.033367",
            "pkt_pos": "45418040",
            "pkt_size": "120000",
            "width": 720,
            "height": 480,
            "crop_top": 0,
            "crop_bottom": 0,
            "crop_left": 0,
            "crop_right": 0,
            "pix_fmt": "yuv411p",
            "sample_aspect_ratio": "8:9",
            "pict_type": "I",
            "interlaced_frame": 1,
            "top_field_first": 0,
            "repeat_pict": 0,
            "chroma_location": "topleft"
        },
        {
            "media_type": "video",
            "stream_index": 0,
            "key_frame": 1,
            "pts": 366,
            "pts_time": "12.212432",
            "pkt_dts": 366,
            "pkt_dts_time": "12.212432",
            "best_effort_timestamp": 366,
            "best_effort_timestamp_time": "12.212432",
            "duration": 1,
            "duration_time": "0.033367",
            "pkt_pos": "45538048",
            "pkt_size": "120000",
            "width": 720,
            "height": 480,
            "crop_top": 0,
            "crop_bottom": 0,
            "crop_left": 0,
            "crop_right": 0,
            "pix_fmt": "yuv411p",
            "sample_aspect_ratio": "8:9",
            "pict_type": "I",
            "interlaced_frame": 1,
            "top_field_first": 0,
            "repeat_pict": 0,
            "chroma_location": "topleft"
        },
        {
            "media_type": "video",
            "stream_index": 0,
            "key_frame": 1,
            "pts": 367,
            "pts_time": "12.245799",
            "pkt_dts": 367,
            "pkt_dts_time": "12.245799",
            "best_effort_timestamp": 367,
            "best_effort_timestamp_time": "12.245799",
            "duration": 1,
            "duration_time": "0.033367",
            "pkt_pos": "45658056",
            "pkt_size": "120000",
            "width": 720,
            "height": 480,
            "crop_top": 0,
            "crop_bottom": 0,
            "crop_left": 0,
            "crop_right": 0,
            "pix_fmt": "yuv411p",
            "sample_aspect_ratio": "8:9",
            "pict_type": "I",
            "interlaced_frame": 1,
            "top_field_first": 0,
            "repeat_pict": 0,
            "chroma_location": "topleft"
        },
        {
            "media_type": "video",
            "stream_index": 0,
            "key_frame": 1,
            "pts": 368,
            "pts_time": "12.279166",
            "pkt_dts": 368,
            "pkt_dts_time": "12.279166",
            "best_effort_timestamp": 368,
            "best_effort_timestamp_time": "12.279166",
            "duration": 1,
            "duration_time": "0.033367",
            "pkt_pos": "45778064",
            "pkt_size": "120000",
            "width": 720,
            "height": 480,
            "crop_top": 0,
            "crop_bottom": 0,
            "crop_left": 0,
            "crop_right": 0,
            "pix_fmt": "yuv411p",
            "sample_aspect_ratio": "8:9",
            "pict_type": "I",
            "interlaced_frame": 1,
            "top_field_first": 0,
            "repeat_pict": 0,
            "chroma_location": "topleft"
        },
        {
            "media_type": "video",
            "stream_index": 0,
            "key_frame": 1,
            "pts": 369,
            "pts_time": "12.312534",
            "pkt_dts": 369,
            "pkt_dts_time": "12.312534",
            "best_effort_timestamp": 369,
            "best_effort_timestamp_time": "12.312534",
            "duration": 1,
            "duration_time": "0.033367",
            "pkt_pos": "45898072",
            "pkt_size": "120000",
            "width": 720,
            "height": 480,
            "crop_top": 0,
            "crop_bottom": 0,
            "crop_left": 0,
            "crop_right": 0,
            "pix_fmt": "yuv411p",
            "sample_aspect_ratio": "8:9",
            "pict_type": "I",
            "interlaced_frame": 1,
            "top_field_first": 0,
            "repeat_pict": 0,
            "chroma_location": "topleft"
        },
        {
            "media_type": "video",
            "stream_index": 0,
            "key_frame": 1,
            "pts": 370,
            "pts_time": "12.345901",
            "pkt_dts": 370,
            "pkt_dts_time": "12.345901",
            "best_effort_timestamp": 370,
            "best_effort_timestamp_time": "12.345901",
            "duration": 1,
            "duration_time": "0.033367",
            "pkt_pos": "46018080",
            "pkt_size": "120000",
            "width": 720,
            "height": 480,
            "crop_top": 0,
            "crop_bottom": 0,
            "crop_left": 0,
            "crop_right": 0,
            "pix_fmt": "yuv411p",
            "sample_aspect_ratio": "8:9",
            "pict_type": "I",
            "interlaced_frame": 1,
            "top_field_first": 0,
            "repeat_pict": 0,
            "chroma_location": "topleft"
        },
        {
            "media_type": "video",
            "stream_index": 0,
            "key_frame": 1,
            "pts": 371,
            "pts_time": "12.379268",
            "pkt_dts": 371,
            "pkt_dts_time": "12.379268",
            "best_effort_timestamp": 371,
            "best_effort_timestamp_time": "12.379268",
            "duration": 1,
            "duration_time": "0.033367",
            "pkt_pos": "46138088",
            "pkt_size": "120000",
            "width": 720,
            "height": 480,
            "crop_top": 0,
            "crop_bottom": 0,
            "crop_left": 0,
            "crop_right": 0,
            "pix_fmt": "yuv411p",
            "sample_aspect_ratio": "8:9",
            "pict_type": "I",
            "interlaced_frame": 1,
            "top_field_first": 0,
            "repeat_pict": 0,
            "chroma_location": "topleft"
        },
        {
            "media_type": "video",
            "stream_index": 0,
            "key_frame": 1,
            "pts": 372,
            "pts_time": "12.412636",
            "pkt_dts": 372,
            "pkt_dts_time": "12.412636",
            "best_effort_timestamp": 372,
            "best_effort_timestamp_time": "12.412636",
            "duration": 1,
            "duration_time": "0.033367",
            "pkt_pos": "46258096",
            "pkt_size": "120000",
            "width": 720,
            "height": 480,
            "crop_top": 0,
            "crop_bottom": 0,
            "crop_left": 0,
            "crop_right": 0,
            "pix_fmt": "yuv411p",
            "sample_aspect_ratio": "8:9",
            "pict_type": "I",
            "interlaced_frame": 1,
            "top_field_first": 0,
            "repeat_pict": 0,
            "chroma_location": "topleft"
        },
        {
            "media_type": "video",
            "stream_index": 0,
            "key_frame": 1,
            "pts": 373,
            "pts_time": "12.446003",
            "pkt_dts": 373,
            "pkt_dts_time": "12.446003",
            "best_effort_timestamp": 373,
            "best_effort_timestamp_time": "12.446003",
            "duration": 1,
            "duration_time": "0.033367",
            "pkt_pos": "46378104",
            "pkt_size": "120000",
            "width": 720,
            "height": 480,
            "crop_top": 0,
            "crop_bottom": 0,
            "crop_left": 0,
            "crop_right": 0,
            "pix_fmt": "yuv411p",
            "sample_aspect_ratio": "8:9",
            "pict_type": "I",
            "interlaced_frame": 1,
            "top_field_first": 0,
            "repeat_pict": 0,
            "chroma_location": "topleft"
        },
        {
            "media_type": "video",
            "stream_index": 0,
            "key_frame": 1,
            "pts": 374,
            "pts_time": "12.479370",
            "pkt_dts": 374,
            "pkt_dts_time": "12.479370",
            "best_effort_timestamp": 374,
            "best_effort_timestamp_time": "12.479370",
            "duration": 1,
            "duration_time": "0.033367",
            "pkt_pos": "46498112",
            "pkt_size": "120000",
            "width": 720,
            "height": 480,
            "crop_top": 0,
            "crop_bottom": 0,
            "crop_left": 0,
            "crop_right": 0,
            "pix_fmt": "yuv411p",
            "sample_aspect_ratio": "8:9",
            "pict_type": "I",
            "interlaced_frame": 1,
            "top_field_first": 0,
            "repeat_pict": 0,
            "chroma_location": "topleft"
        },
        {
            "media_type": "video",
            "stream_index": 0,
            "key_frame": 1,
            "pts": 375,
            "pts_time": "12.512738",
            "pkt_dts": 375,
            "pkt_dts_time": "12.512738",
            "best_effort_timestamp": 375,
            "best_effort_timestamp_time": "12.512738",
            "duration": 1,
            "duration_time": "0.033367",
            "pkt_pos": "46618120",
            "pkt_size": "120000",
            "width": 720,
            "height": 480,
            "crop_top": 0,
            "crop_bottom": 0,
            "crop_left": 0,
            "crop_right": 0,
            "pix_fmt": "yuv411p",
            "sample_aspect_ratio": "8:9",
            "pict_type": "I",
            "interlaced_frame": 1,
            "top_field_first": 0,
            "repeat_pict": 0,
            "chroma_location": "topleft"
        },
        {
            "media_type": "video",
            "stream_index": 0,
            "key_frame": 1,
            "pts": 376,
            "pts_time": "12.546105",
            "pkt_dts": 376,
            "pkt_dts_time": "12.546105",
            "best_effort_timestamp": 376,
            "best_effort_timestamp_time": "12.546105",
            "duration": 1,
            "duration_time": "0.033367",
            "pkt_pos": "46738128",
            "pkt_size": "120000",
            "width": 720,
            "height": 480,
            "crop_top": 0,
            "crop_bottom": 0,
            "crop_left": 0,
            "crop_right": 0,
            "pix_fmt": "yuv411p",
            "sample_aspect_ratio": "8:9",
            "pict_type": "I",
            "interlaced_frame": 1,
            "top_field_first": 0,
            "repeat_pict": 0,
            "chroma_location": "topleft"
        },
        {
            "media_type": "video",
            "stream_index": 0,
            "key_frame": 1,
            "pts": 377,
            "pts_time": "12.579472",
            "pkt_dts": 377,
            "pkt_dts_time": "12.579472",
            "best_effort_timestamp": 377,
            "best_effort_timestamp_time": "12.579472",
            "duration": 1,
            "duration_time": "0.033367",
            "pkt_pos": "46982000",
            "pkt_size": "120000",
            "width": 720,
            "height": 480,
            "crop_top": 0,
            "crop_bottom": 0,
            "crop_left": 0,
            "crop_right": 0,
            "pix_fmt": "yuv411p",
            "sample_aspect_ratio": "8:9",
            "pict_type": "I",
            "interlaced_frame": 1,
            "top_field_first": 0,
            "repeat_pict": 0,
            "chroma_location": "topleft"
        },
        {
            "media_type": "video",
            "stream_index": 0,
            "key_frame": 1,
            "pts": 378,
            "pts_time": "12.612839",
            "pkt_dts": 378,
            "pkt_dts_time": "12.612839",
            "best_effort_timestamp": 378,
            "best_effort_timestamp_time": "12.612839",
            "duration": 1,
            "duration_time": "0.033367",
            "pkt_pos": "47102008",
            "pkt_size": "120000",
            "width": 720,
            "height": 480,
            "crop_top": 0,
            "crop_bottom": 0,
            "crop_left": 0,
            "crop_right": 0,
            "pix_fmt": "yuv411p",
            "sample_aspect_ratio": "8:9",
            "pict_type": "I",
            "interlaced_frame": 1,
            "top_field_first": 0,
            "repeat_pict": 0,
            "chroma_location": "topleft"
        },
        {
            "media_type": "video",
            "stream_index": 0,
            "key_frame": 1,
            "pts": 379,
            "pts_time": "12.646207",
            "pkt_dts": 379,
            "pkt_dts_time": "12.646207",
            "best_effort_timestamp": 379,
            "best_effort_timestamp_time": "12.646207",
            "duration": 1,
            "duration_time": "0.033367",
            "pkt_pos": "47222016",
            "pkt_size": "120000",
            "width": 720,
            "height": 480,
            "crop_top": 0,
            "crop_bottom": 0,
            "crop_left": 0,
            "crop_right": 0,
            "pix_fmt": "yuv411p",
            "sample_aspect_ratio": "8:9",
            "pict_type": "I",
            "interlaced_frame": 1,
            "top_field_first": 0,
            "repeat_pict": 0,
            "chroma_location": "topleft"
        },
        {
            "media_type": "video",
            "stream_index": 0,
            "key_frame": 1,
            "pts": 380,
            "pts_time": "12.679574",
            "pkt_dts": 380,
            "pkt_dts_time": "12.679574",
            "best_effort_timestamp": 380,
            "best_effort_timestamp_time": "12.679574",
            "duration": 1,
            "duration_time": "0.033367",
            "pkt_pos": "47342024",
            "pkt_size": "120000",
            "width": 720,
            "height": 480,
            "crop_top": 0,
            "crop_bottom": 0,
            "crop_left": 0,
            "crop_right": 0,
            "pix_fmt": "yuv411p",
            "sample_aspect_ratio": "8:9",
            "pict_type": "I",
            "interlaced_frame": 1,
            "top_field_first": 0,
            "repeat_pict": 0,
            "chroma_location": "topleft"
        },
        {
            "media_type": "video",
            "stream_index": 0,
            "key_frame": 1,
            "pts": 381,
            "pts_time": "12.712941",
            "pkt_dts": 381,
            "pkt_dts_time": "12.712941",
            "best_effort_timestamp": 381,
            "best_effort_timestamp_time": "12.712941",
            "duration": 1,
            "duration_time": "0.033367",
            "pkt_pos": "47462032",
            "pkt_size": "120000",
            "width": 720,
            "height": 480,
            "crop_top": 0,
            "crop_bottom": 0,
            "crop_left": 0,
            "crop_right": 0,
            "pix_fmt": "yuv411p",
            "sample_aspect_ratio": "8:9",
            "pict_type": "I",
            "interlaced_frame": 1,
            "top_field_first": 0,
            "repeat_pict": 0,
            "chroma_location": "topleft"
        },
        {
            "media_type": "video",
            "stream_index": 0,
            "key_frame": 1,
            "pts": 382,
            "pts_time": "12.746309",
            "pkt_dts": 382,
            "pkt_dts_time": "12.746309",
            "best_effort_timestamp": 382,
            "best_effort_timestamp_time": "12.746309",
            "duration": 1,
            "duration_time": "0.033367",
            "pkt_pos": "47582040",
            "pkt_size": "120000",
            "width": 720,
            "height": 480,
            "crop_top": 0,
            "crop_bottom": 0,
            "crop_left": 0,
            "crop_right": 0,
            "pix_fmt": "yuv411p",
            "sample_aspect_ratio": "8:9",
            "pict_type": "I",
            "interlaced_frame": 1,
            "top_field_first": 0,
            "repeat_pict": 0,
            "chroma_location": "topleft"
        },
        {
            "media_type": "video",
            "stream_index": 0,
            "key_frame": 1,
            "pts": 383,
            "pts_time": "12.779676",
            "pkt_dts": 383,
            "pkt_dts_time": "12.779676",
            "best_effort_timestamp": 383,
            "best_effort_timestamp_time": "12.779676",
            "duration": 1,
            "duration_time": "0.033367",
            "pkt_pos": "47702048",
            "pkt_size": "120000",
            "width": 720,
            "height": 480,
            "crop_top": 0,
            "crop_bottom": 0,
            "crop_left": 0,
            "crop_right": 0,
            "pix_fmt": "yuv411p",
            "sample_aspect_ratio": "8:9",
            "pict_type": "I",
            "interlaced_frame": 1,
            "top_field_first": 0,
            "repeat_pict": 0,
            "chroma_location": "topleft"
        },
        {
            "media_type": "video",
            "stream_index": 0,
            "key_frame": 1,
            "pts": 384,
            "pts_time": "12.813043",
            "pkt_dts": 384,
            "pkt_dts_time": "12.813043",
            "best_effort_timestamp": 384,
            "best_effort_timestamp_time": "12.813043",
            "duration": 1,
            "duration_time": "0.033367",
            "pkt_pos": "47822056",
            "pkt_size": "120000",
            "width": 720,
            "height": 480,
            "crop_top": 0,
            "crop_bottom": 0,
            "crop_left": 0,
            "crop_right": 0,
            "pix_fmt": "yuv411p",
            "sample_aspect_ratio": "8:9",
            "pict_type": "I",
            "interlaced_frame": 1,
            "top_field_first": 0,
            "repeat_pict": 0,
            "chroma_location": "topleft"
        },
        {
            "media_type": "video",
            "stream_index": 0,
            "key_frame": 1,
            "pts": 385,
            "pts_time": "12.846411",
            "pkt_dts": 385,
            "pkt_dts_time": "12.846411",
            "best_effort_timestamp": 385,
            "best_effort_timestamp_time": "12.846411",
            "duration": 1,
            "duration_time": "0.033367",
            "pkt_pos": "47942064",
            "pkt_size": "120000",
            "width": 720,
            "height": 480,
            "crop_top": 0,
            "crop_bottom": 0,
            "crop_left": 0,
            "crop_right": 0,
            "pix_fmt": "yuv411p",
            "sample_aspect_ratio": "8:9",
            "pict_type": "I",
            "interlaced_frame": 1,
            "top_field_first": 0,
            "repeat_pict": 0,
            "chroma_location": "topleft"
        },
        {
            "media_type": "video",
            "stream_index": 0,
            "key_frame": 1,
            "pts": 386,
            "pts_time": "12.879778",
            "pkt_dts": 386,
            "pkt_dts_time": "12.879778",
            "best_effort_timestamp": 386,
            "best_effort_timestamp_time": "12.879778",
            "duration": 1,
            "duration_time": "0.033367",
            "pkt_pos": "48062072",
            "pkt_size": "120000",
            "width": 720,
            "height": 480,
            "crop_top": 0,
            "crop_bottom": 0,
            "crop_left": 0,
            "crop_right": 0,
            "pix_fmt": "yuv411p",
            "sample_aspect_ratio": "8:9",
            "pict_type": "I",
            "interlaced_frame": 1,
            "top_field_first": 0,
            "repeat_pict": 0,
            "chroma_location": "topleft"
        },
        {
            "media_type": "video",
            "stream_index": 0,
            "key_frame": 1,
            "pts": 387,
            "pts_time": "12.913145",
            "pkt_dts": 387,
            "pkt_dts_time": "12.913145",
            "best_effort_timestamp": 387,
            "best_effort_timestamp_time": "12.913145",
            "duration": 1,
            "duration_time": "0.033367",
            "pkt_pos": "48182080",
            "pkt_size": "120000",
            "width": 720,
            "height": 480,
            "crop_top": 0,
            "crop_bottom": 0,
            "crop_left": 0,
            "crop_right": 0,
            "pix_fmt": "yuv411p",
            "sample_aspect_ratio": "8:9",
            "pict_type": "I",
            "interlaced_frame": 1,
            "top_field_first": 0,
            "repeat_pict": 0,
            "chroma_location": "topleft"
        },
        {
            "media_type": "video",
            "stream_index": 0,
            "key_frame": 1,
            "pts": 388,
            "pts_time": "12.946512",
            "pkt_dts": 388,
            "pkt_dts_time": "12.946512",
            "best_effort_timestamp": 388,
            "best_effort_timestamp_time": "12.946512",
            "duration": 1,
            "duration_time": "0.033367",
            "pkt_pos": "48302088",
            "pkt_size": "120000",
            "width": 720,
            "height": 480,
            "crop_top": 0,
            "crop_bottom": 0,
            "crop_left": 0,
            "crop_right": 0,
            "pix_fmt": "yuv411p",
            "sample_aspect_ratio": "8:9",
            "pict_type": "I",
            "interlaced_frame": 1,
            "top_field_first": 0,
            "repeat_pict": 0,
            "chroma_location": "topleft"
        },
        {
            "media_type": "video",
            "stream_index": 0,
            "key_frame": 1,
            "pts": 389,
            "pts_time": "12.979880",
            "pkt_dts": 389,
            "pkt_dts_time": "12.979880",
            "best_effort_timestamp": 389,
            "best_effort_timestamp_time": "12.979880",
            "duration": 1,
            "duration_time": "0.033367",
            "pkt_pos": "48422096",
            "pkt_size": "120000",
            "width": 720,
            "height": 480,
            "crop_top": 0,
            "crop_bottom": 0,
            "crop_left": 0,
            "crop_right": 0,
            "pix_fmt": "yuv411p",
            "sample_aspect_ratio": "8:9",
            "pict_type": "I",
            "interlaced_frame": 1,
            "top_field_first": 0,
            "repeat_pict": 0,
            "chroma_location": "topleft"
        },
        {
            "media_type": "video",
            "stream_index": 0,
            "key_frame": 1,
            "pts": 390,
            "pts_time": "13.013247",
            "pkt_dts": 390,
            "pkt_dts_time": "13.013247",
            "best_effort_timestamp": 390,
            "best_effort_timestamp_time": "13.013247",
            "duration": 1,
            "duration_time": "0.033367",
            "pkt_pos": "48542104",
            "pkt_size": "120000",
            "width": 720,
            "height": 480,
            "crop_top": 0,
            "crop_bottom": 0,
            "crop_left": 0,
            "crop_right": 0,
            "pix_fmt": "yuv411p",
            "sample_aspect_ratio": "8:9",
            "pict_type": "I",
            "interlaced_frame": 1,
            "top_field_first": 0,
            "repeat_pict": 0,
            "chroma_location": "topleft"
        },
        {
            "media_type": "video",
            "stream_index": 0,
            "key_frame": 1,
            "pts": 391,
            "pts_time": "13.046614",
            "pkt_dts": 391,
            "pkt_dts_time": "13.046614",
            "best_effort_timestamp": 391,
            "best_effort_timestamp_time": "13.046614",
            "duration": 1,
            "duration_time": "0.033367",
            "pkt_pos": "48662112",
            "pkt_size": "120000",
            "width": 720,
            "height": 480,
            "crop_top": 0,
            "crop_bottom": 0,
            "crop_left": 0,
            "crop_right": 0,
            "pix_fmt": "yuv411p",
            "sample_aspect_ratio": "8:9",
            "pict_type": "I",
            "interlaced_frame": 1,
            "top_field_first": 0,
            "repeat_pict": 0,
            "chroma_location": "topleft"
        },
        {
            "media_type": "video",
            "stream_index": 0,
            "key_frame": 1,
            "pts": 392,
            "pts_time": "13.079982",
            "pkt_dts": 392,
            "pkt_dts_time": "13.079982",
            "best_effort_timestamp": 392,
            "best_effort_timestamp_time": "13.079982",
            "duration": 1,
            "duration_time": "0.033367",
            "pkt_pos": "48782120",
            "pkt_size": "120000",
            "width": 720,
            "height": 480,
            "crop_top": 0,
            "crop_bottom": 0,
            "crop_left": 0,
            "crop_right": 0,
            "pix_fmt": "yuv411p",
            "sample_aspect_ratio": "8:9",
            "pict_type": "I",
            "interlaced_frame": 1,
            "top_field_first": 0,
            "repeat_pict": 0,
            "chroma_location": "topleft"
        },
        {
            "media_type": "video",
            "stream_index": 0,
            "key_frame": 1,
            "pts": 393,
            "pts_time": "13.113349",
            "pkt_dts": 393,
            "pkt_dts_time": "13.113349",
            "best_effort_timestamp": 393,
            "best_effort_timestamp_time": "13.113349",
            "duration": 1,
            "duration_time": "0.033367",
            "pkt_pos": "48902128",
            "pkt_size": "120000",
            "width": 720,
            "height": 480,
            "crop_top": 0,
            "crop_bottom": 0,
            "crop_left": 0,
            "crop_right": 0,
            "pix_fmt": "yuv411p",
            "sample_aspect_ratio": "8:9",
            "pict_type": "I",
            "interlaced_frame": 1,
            "top_field_first": 0,
            "repeat_pict": 0,
            "chroma_location": "topleft"
        },
        {
            "media_type": "video",
            "stream_index": 0,
            "key_frame": 1,
            "pts": 394,
            "pts_time": "13.146716",
            "pkt_dts": 394,
            "pkt_dts_time": "13.146716",
            "best_effort_timestamp": 394,
            "best_effort_timestamp_time": "13.146716",
            "duration": 1,
            "duration_time": "0.033367",
            "pkt_pos": "49022136",
            "pkt_size": "120000",
            "width": 720,
            "height": 480,
            "crop_top": 0,
            "crop_bottom": 0,
            "crop_left": 0,
            "crop_right": 0,
            "pix_fmt": "yuv411p",
            "sample_aspect_ratio": "8:9",
            "pict_type": "I",
            "interlaced_frame": 1,
            "top_field_first": 0,
            "repeat_pict": 0,
            "chroma_location": "topleft"
        },
        {
            "media_type": "video",
            "stream_index": 0,
            "key_frame": 1,
            "pts": 395,
            "pts_time": "13.180084",
            "pkt_dts": 395,
            "pkt_dts_time": "13.180084",
            "best_effort_timestamp": 395,
            "best_effort_timestamp_time": "13.180084",
            "duration": 1,
            "duration_time": "0.033367",
            "pkt_pos": "49142144",
            "pkt_size": "120000",
            "width": 720,
            "height": 480,
            "crop_top": 0,
            "crop_bottom": 0,
            "crop_left": 0,
            "crop_right": 0,
            "pix_fmt": "yuv411p",
            "sample_aspect_ratio": "8:9",
            "pict_type": "I",
            "interlaced_frame": 1,
            "top_field_first": 0,
            "repeat_pict": 0,
            "chroma_location": "topleft"
        },
        {
            "media_type": "video",
            "stream_index": 0,
            "key_frame": 1,
            "pts": 396,
            "pts_time": "13.213451",
            "pkt_dts": 396,
            "pkt_dts_time": "13.213451",
            "best_effort_timestamp": 396,
            "best_effort_timestamp_time": "13.213451",
            "duration": 1,
            "duration_time": "0.033367",
            "pkt_pos": "49262152",
            "pkt_size": "120000",
            "width": 720,
            "height": 480,
            "crop_top": 0,
            "crop_bottom": 0,
            "crop_left": 0,
            "crop_right": 0,
            "pix_fmt": "yuv411p",
            "sample_aspect_ratio": "8:9",
            "pict_type": "I",
            "interlaced_frame": 1,
            "top_field_first": 0,
            "repeat_pict": 0,
            "chroma_location": "topleft"
        },
        {
            "media_type": "video",
            "stream_index": 0,
            "key_frame": 1,
            "pts": 397,
            "pts_time": "13.246818",
            "pkt_dts": 397,
            "pkt_dts_time": "13.246818",
            "best_effort_timestamp": 397,
            "best_effort_timestamp_time": "13.246818",
            "duration": 1,
            "duration_time": "0.033367",
            "pkt_pos": "49382160",
            "pkt_size": "120000",
            "width": 720,
            "height": 480,
            "crop_top": 0,
            "crop_bottom": 0,
            "crop_left": 0,
            "crop_right": 0,
            "pix_fmt": "yuv411p",
            "sample_aspect_ratio": "8:9",
            "pict_type": "I",
            "interlaced_frame": 1,
            "top_field_first": 0,
            "repeat_pict": 0,
            "chroma_location": "topleft"
        },
        {
            "media_type": "video",
            "stream_index": 0,
            "key_frame": 1,
            "pts": 398,
            "pts_time": "13.280185",
            "pkt_dts": 398,
            "pkt_dts_time": "13.280185",
            "best_effort_timestamp": 398,
            "best_effort_timestamp_time": "13.280185",
            "duration": 1,
            "duration_time": "0.033367",
            "pkt_pos": "49502168",
            "pkt_size": "120000",
            "width": 720,
            "height": 480,
            "crop_top": 0,
            "crop_bottom": 0,
            "crop_left": 0,
            "crop_right": 0,
            "pix_fmt": "yuv411p",
            "sample_aspect_ratio": "8:9",
            "pict_type": "I",
            "interlaced_frame": 1,
            "top_field_first": 0,
            "repeat_pict": 0,
            "chroma_location": "topleft"
        },
        {
            "media_type": "video",
            "stream_index": 0,
            "key_frame": 1,
            "pts": 399,
            "pts_time": "13.313553",
            "pkt_dts": 399,
            "pkt_dts_time": "13.313553",
            "best_effort_timestamp": 399,
            "best_effort_timestamp_time": "13.313553",
            "duration": 1,
            "duration_time": "0.033367",
            "pkt_pos": "49622176",
            "pkt_size": "120000",
            "width": 720,
            "height": 480,
            "crop_top": 0,
            "crop_bottom": 0,
            "crop_left": 0,
            "crop_right": 0,
            "pix_fmt": "yuv411p",
            "sample_aspect_ratio": "8:9",
            "pict_type": "I",
            "interlaced_frame": 1,
            "top_field_first": 0,
            "repeat_pict": 0,
            "chroma_location": "topleft"
        },
        {
            "media_type": "video",
            "stream_index": 0,
            "key_frame": 1,
            "pts": 400,
            "pts_time": "13.346920",
            "pkt_dts": 400,
            "pkt_dts_time": "13.346920",
            "best_effort_timestamp": 400,
            "best_effort_timestamp_time": "13.346920",
            "duration": 1,
            "duration_time": "0.033367",
            "pkt_pos": "49742184",
            "pkt_size": "120000",
            "width": 720,
            "height": 480,
            "crop_top": 0,
            "crop_bottom": 0,
            "crop_left": 0,
            "crop_right": 0,
            "pix_fmt": "yuv411p",
            "sample_aspect_ratio": "8:9",
            "pict_type": "I",
            "interlaced_frame": 1,
            "top_field_first": 0,
            "repeat_pict": 0,
            "chroma_location": "topleft"
        },
        {
            "media_type": "video",
            "stream_index": 0,
            "key_frame": 1,
            "pts": 401,
            "pts_time": "13.380287",
            "pkt_dts": 401,
            "pkt_dts_time": "13.380287",
            "best_effort_timestamp": 401,
            "best_effort_timestamp_time": "13.380287",
            "duration": 1,
            "duration_time": "0.033367",
            "pkt_pos": "49862192",
            "pkt_size": "120000",
            "width": 720,
            "height": 480,
            "crop_top": 0,
            "crop_bottom": 0,
            "crop_left": 0,
            "crop_right": 0,
            "pix_fmt": "yuv411p",
            "sample_aspect_ratio": "8:9",
            "pict_type": "I",
            "interlaced_frame": 1,
            "top_field_first": 0,
            "repeat_pict": 0,
            "chroma_location": "topleft"
        },
        {
            "media_type": "video",
            "stream_index": 0,
            "key_frame": 1,
            "pts": 402,
            "pts_time": "13.413655",
            "pkt_dts": 402,
            "pkt_dts_time": "13.413655",
            "best_effort_timestamp": 402,
            "best_effort_timestamp_time": "13.413655",
            "duration": 1,
            "duration_time": "0.033367",
            "pkt_pos": "49982200",
            "pkt_size": "120000",
            "width": 720,
            "height": 480,
            "crop_top": 0,
            "crop_bottom": 0,
            "crop_left": 0,
            "crop_right": 0,
            "pix_fmt": "yuv411p",
            "sample_aspect_ratio": "8:9",
            "pict_type": "I",
            "interlaced_frame": 1,
            "top_field_first": 0,
            "repeat_pict": 0,
            "chroma_location": "topleft"
        },
        {
            "media_type": "video",
            "stream_index": 0,
            "key_frame": 1,
            "pts": 403,
            "pts_time": "13.447022",
            "pkt_dts": 403,
            "pkt_dts_time": "13.447022",
            "best_effort_timestamp": 403,
            "best_effort_timestamp_time": "13.447022",
            "duration": 1,
            "duration_time": "0.033367",
            "pkt_pos": "50102208",
            "pkt_size": "120000",
            "width": 720,
            "height": 480,
            "crop_top": 0,
            "crop_bottom": 0,
            "crop_left": 0,
            "crop_right": 0,
            "pix_fmt": "yuv411p",
            "sample_aspect_ratio": "8:9",
            "pict_type": "I",
            "interlaced_frame": 1,
            "top_field_first": 0,
            "repeat_pict": 0,
            "chroma_location": "topleft"
        },
        {
            "media_type": "video",
            "stream_index": 0,
            "key_frame": 1,
            "pts": 404,
            "pts_time": "13.480389",
            "pkt_dts": 404,
            "pkt_dts_time": "13.480389",
            "best_effort_timestamp": 404,
            "best_effort_timestamp_time": "13.480389",
            "duration": 1,
            "duration_time": "0.033367",
            "pkt_pos": "50222216",
            "pkt_size": "120000",
            "width": 720,
            "height": 480,
            "crop_top": 0,
            "crop_bottom": 0,
            "crop_left": 0,
            "crop_right": 0,
            "pix_fmt": "yuv411p",
            "sample_aspect_ratio": "8:9",
            "pict_type": "I",
            "interlaced_frame": 1,
            "top_field_first": 0,
            "repeat_pict": 0,
            "chroma_location": "topleft"
        },
        {
            "media_type": "video",
            "stream_index": 0,
            "key_frame": 1,
            "pts": 405,
            "pts_time": "13.513757",
            "pkt_dts": 405,
            "pkt_dts_time": "13.513757",
            "best_effort_timestamp": 405,
            "best_effort_timestamp_time": "13.513757",
            "duration": 1,
            "duration_time": "0.033367",
            "pkt_pos": "50342224",
            "pkt_size": "120000",
            "width": 720,
            "height": 480,
            "crop_top": 0,
            "crop_bottom": 0,
            "crop_left": 0,
            "crop_right": 0,
            "pix_fmt": "yuv411p",
            "sample_aspect_ratio": "8:9",
            "pict_type": "I",
            "interlaced_frame": 1,
            "top_field_first": 0,
            "repeat_pict": 0,
            "chroma_location": "topleft"
        },
        {
            "media_type": "video",
            "stream_index": 0,
            "key_frame": 1,
            "pts": 406,
            "pts_time": "13.547124",
            "pkt_dts": 406,
            "pkt_dts_time": "13.547124",
            "best_effort_timestamp": 406,
            "best_effort_timestamp_time": "13.547124",
            "duration": 1,
            "duration_time": "0.033367",
            "pkt_pos": "50586100",
            "pkt_size": "120000",
            "width": 720,
            "height": 480,
            "crop_top": 0,
            "crop_bottom": 0,
            "crop_left": 0,
            "crop_right": 0,
            "pix_fmt": "yuv411p",
            "sample_aspect_ratio": "8:9",
            "pict_type": "I",
            "interlaced_frame": 1,
            "top_field_first": 0,
            "repeat_pict": 0,
            "chroma_location": "topleft"
        },
        {
            "media_type": "video",
            "stream_index": 0,
            "key_frame": 1,
            "pts": 407,
            "pts_time": "13.580491",
            "pkt_dts": 407,
            "pkt_dts_time": "13.580491",
            "best_effort_timestamp": 407,
            "best_effort_timestamp_time": "13.580491",
            "duration": 1,
            "duration_time": "0.033367",
            "pkt_pos": "50706108",
            "pkt_size": "120000",
            "width": 720,
            "height": 480,
            "crop_top": 0,
            "crop_bottom": 0,
            "crop_left": 0,
            "crop_right": 0,
            "pix_fmt": "yuv411p",
            "sample_aspect_ratio": "8:9",
            "pict_type": "I",
            "interlaced_frame": 1,
            "top_field_first": 0,
            "repeat_pict": 0,
            "chroma_location": "topleft"
        },
        {
            "media_type": "video",
            "stream_index": 0,
            "key_frame": 1,
            "pts": 408,
            "pts_time": "13.613858",
            "pkt_dts": 408,
            "pkt_dts_time": "13.613858",
            "best_effort_timestamp": 408,
            "best_effort_timestamp_time": "13.613858",
            "duration": 1,
            "duration_time": "0.033367",
            "pkt_pos": "50826116",
            "pkt_size": "120000",
            "width": 720,
            "height": 480,
            "crop_top": 0,
            "crop_bottom": 0,
            "crop_left": 0,
            "crop_right": 0,
            "pix_fmt": "yuv411p",
            "sample_aspect_ratio": "8:9",
            "pict_type": "I",
            "interlaced_frame": 1,
            "top_field_first": 0,
            "repeat_pict": 0,
            "chroma_location": "topleft"
        },
        {
            "media_type": "video",
            "stream_index": 0,
            "key_frame": 1,
            "pts": 409,
            "pts_time": "13.647226",
            "pkt_dts": 409,
            "pkt_dts_time": "13.647226",
            "best_effort_timestamp": 409,
            "best_effort_timestamp_time": "13.647226",
            "duration": 1,
            "duration_time": "0.033367",
            "pkt_pos": "50946124",
            "pkt_size": "120000",
            "width": 720,
            "height": 480,
            "crop_top": 0,
            "crop_bottom": 0,
            "crop_left": 0,
            "crop_right": 0,
            "pix_fmt": "yuv411p",
            "sample_aspect_ratio": "8:9",
            "pict_type": "I",
            "interlaced_frame": 1,
            "top_field_first": 0,
            "repeat_pict": 0,
            "chroma_location": "topleft"
        },
        {
            "media_type": "video",
            "stream_index": 0,
            "key_frame": 1,
            "pts": 410,
            "pts_time": "13.680593",
            "pkt_dts": 410,
            "pkt_dts_time": "13.680593",
            "best_effort_timestamp": 410,
            "best_effort_timestamp_time": "13.680593",
            "duration": 1,
            "duration_time": "0.033367",
            "pkt_pos": "51066132",
            "pkt_size": "120000",
            "width": 720,
            "height": 480,
            "crop_top": 0,
            "crop_bottom": 0,
            "crop_left": 0,
            "crop_right": 0,
            "pix_fmt": "yuv411p",
            "sample_aspect_ratio": "8:9",
            "pict_type": "I",
            "interlaced_frame": 1,
            "top_field_first": 0,
            "repeat_pict": 0,
            "chroma_location": "topleft"
        },
        {
            "media_type": "video",
            "stream_index": 0,
            "key_frame": 1,
            "pts": 411,
            "pts_time": "13.713960",
            "pkt_dts": 411,
            "pkt_dts_time": "13.713960",
            "best_effort_timestamp": 411,
            "best_effort_timestamp_time": "13.713960",
            "duration": 1,
            "duration_time": "0.033367",
            "pkt_pos": "51186140",
            "pkt_size": "120000",
            "width": 720,
            "height": 480,
            "crop_top": 0,
            "crop_bottom": 0,
            "crop_left": 0,
            "crop_right": 0,
            "pix_fmt": "yuv411p",
            "sample_aspect_ratio": "8:9",
            "pict_type": "I",
            "interlaced_frame": 1,
            "top_field_first": 0,
            "repeat_pict": 0,
            "chroma_location": "topleft"
        },
        {
            "media_type": "video",
            "stream_index": 0,
            "key_frame": 1,
            "pts": 412,
            "pts_time": "13.747328",
            "pkt_dts": 412,
            "pkt_dts_time": "13.747328",
            "best_effort_timestamp": 412,
            "best_effort_timestamp_time": "13.747328",
            "duration": 1,
            "duration_time": "0.033367",
            "pkt_pos": "51306148",
            "pkt_size": "120000",
            "width": 720,
            "height": 480,
            "crop_top": 0,
            "crop_bottom": 0,
            "crop_left": 0,
            "crop_right": 0,
            "pix_fmt": "yuv411p",
            "sample_aspect_ratio": "8:9",
            "pict_type": "I",
            "interlaced_frame": 1,
            "top_field_first": 0,
            "repeat_pict": 0,
            "chroma_location": "topleft"
        },
        {
            "media_type": "video",
            "stream_index": 0,
            "key_frame": 1,
            "pts": 413,
            "pts_time": "13.780695",
            "pkt_dts": 413,
            "pkt_dts_time": "13.780695",
            "best_effort_timestamp": 413,
            "best_effort_timestamp_time": "13.780695",
            "duration": 1,
            "duration_time": "0.033367",
            "pkt_pos": "51426156",
            "pkt_size": "120000",
            "width": 720,
            "height": 480,
            "crop_top": 0,
            "crop_bottom": 0,
            "crop_left": 0,
            "crop_right": 0,
            "pix_fmt": "yuv411p",
            "sample_aspect_ratio": "8:9",
            "pict_type": "I",
            "interlaced_frame": 1,
            "top_field_first": 0,
            "repeat_pict": 0,
            "chroma_location": "topleft"
        },
        {
            "media_type": "video",
            "stream_index": 0,
            "key_frame": 1,
            "pts": 414,
            "pts_time": "13.814062",
            "pkt_dts": 414,
            "pkt_dts_time": "13.814062",
            "best_effort_timestamp": 414,
            "best_effort_timestamp_time": "13.814062",
            "duration": 1,
            "duration_time": "0.033367",
            "pkt_pos": "51546164",
            "pkt_size": "120000",
            "width": 720,
            "height": 480,
            "crop_top": 0,
            "crop_bottom": 0,
            "crop_left": 0,
            "crop_right": 0,
            "pix_fmt": "yuv411p",
            "sample_aspect_ratio": "8:9",
            "pict_type": "I",
            "interlaced_frame": 1,
            "top_field_first": 0,
            "repeat_pict": 0,
            "chroma_location": "topleft"
        },
        {
            "media_type": "video",
            "stream_index": 0,
            "key_frame": 1,
            "pts": 415,
            "pts_time": "13.847430",
            "pkt_dts": 415,
            "pkt_dts_time": "13.847430",
            "best_effort_timestamp": 415,
            "best_effort_timestamp_time": "13.847430",
            "duration": 1,
            "duration_time": "0.033367",
            "pkt_pos": "51666172",
            "pkt_size": "120000",
            "width": 720,
            "height": 480,
            "crop_top": 0,
            "crop_bottom": 0,
            "crop_left": 0,
            "crop_right": 0,
            "pix_fmt": "yuv411p",
            "sample_aspect_ratio": "8:9",
            "pict_type": "I",
            "interlaced_frame": 1,
            "top_field_first": 0,
            "repeat_pict": 0,
            "chroma_location": "topleft"
        },
        {
            "media_type": "video",
            "stream_index": 0,
            "key_frame": 1,
            "pts": 416,
            "pts_time": "13.880797",
            "pkt_dts": 416,
            "pkt_dts_time": "13.880797",
            "best_effort_timestamp": 416,
            "best_effort_timestamp_time": "13.880797",
            "duration": 1,
            "duration_time": "0.033367",
            "pkt_pos": "51786180",
            "pkt_size": "120000",
            "width": 720,
            "height": 480,
            "crop_top": 0,
            "crop_bottom": 0,
            "crop_left": 0,
            "crop_right": 0,
            "pix_fmt": "yuv411p",
            "sample_aspect_ratio": "8:9",
            "pict_type": "I",
            "interlaced_frame": 1,
            "top_field_first": 0,
            "repeat_pict": 0,
            "chroma_location": "topleft"
        },
        {
            "media_type": "video",
            "stream_index": 0,
            "key_frame": 1,
            "pts": 417,
            "pts_time": "13.914164",
            "pkt_dts": 417,
            "pkt_dts_time": "13.914164",
            "best_effort_timestamp": 417,
            "best_effort_timestamp_time": "13.914164",
            "duration": 1,
            "duration_time": "0.033367",
            "pkt_pos": "51906188",
            "pkt_size": "120000",
            "width": 720,
            "height": 480,
            "crop_top": 0,
            "crop_bottom": 0,
            "crop_left": 0,
            "crop_right": 0,
            "pix_fmt": "yuv411p",
            "sample_aspect_ratio": "8:9",
            "pict_type": "I",
            "interlaced_frame": 1,
            "top_field_first": 0,
            "repeat_pict": 0,
            "chroma_location": "topleft"
        },
        {
            "media_type": "video",
            "stream_index": 0,
            "key_frame": 1,
            "pts": 418,
            "pts_time": "13.947531",
            "pkt_dts": 418,
            "pkt_dts_time": "13.947531",
            "best_effort_timestamp": 418,
            "best_effort_timestamp_time": "13.947531",
            "duration": 1,
            "duration_time": "0.033367",
            "pkt_pos": "52026196",
            "pkt_size": "120000",
            "width": 720,
            "height": 480,
            "crop_top": 0,
            "crop_bottom": 0,
            "crop_left": 0,
            "crop_right": 0,
            "pix_fmt": "yuv411p",
            "sample_aspect_ratio": "8:9",
            "pict_type": "I",
            "interlaced_frame": 1,
            "top_field_first": 0,
            "repeat_pict": 0,
            "chroma_location": "topleft"
        },
        {
            "media_type": "video",
            "stream_index": 0,
            "key_frame": 1,
            "pts": 419,
            "pts_time": "13.980899",
            "pkt_dts": 419,
            "pkt_dts_time": "13.980899",
            "best_effort_timestamp": 419,
            "best_effort_timestamp_time": "13.980899",
            "duration": 1,
            "duration_time": "0.033367",
            "pkt_pos": "52146204",
            "pkt_size": "120000",
            "width": 720,
            "height": 480,
            "crop_top": 0,
            "crop_bottom": 0,
            "crop_left": 0,
            "crop_right": 0,
            "pix_fmt": "yuv411p",
            "sample_aspect_ratio": "8:9",
            "pict_type": "I",
            "interlaced_frame": 1,
            "top_field_first": 0,
            "repeat_pict": 0,
            "chroma_location": "topleft"
        },
        {
            "media_type": "video",
            "stream_index": 0,
            "key_frame": 1,
            "pts": 420,
            "pts_time": "14.014266",
            "pkt_dts": 420,
            "pkt_dts_time": "14.014266",
            "best_effort_timestamp": 420,
            "best_effort_timestamp_time": "14.014266",
            "duration": 1,
            "duration_time": "0.033367",
            "pkt_pos": "52266212",
            "pkt_size": "120000",
            "width": 720,
            "height": 480,
            "crop_top": 0,
            "crop_bottom": 0,
            "crop_left": 0,
            "crop_right": 0,
            "pix_fmt": "yuv411p",
            "sample_aspect_ratio": "8:9",
            "pict_type": "I",
            "interlaced_frame": 1,
            "top_field_first": 0,
            "repeat_pict": 0,
            "chroma_location": "topleft"
        },
        {
            "media_type": "video",
            "stream_index": 0,
            "key_frame": 1,
            "pts": 421,
            "pts_time": "14.047633",
            "pkt_dts": 421,
            "pkt_dts_time": "14.047633",
            "best_effort_timestamp": 421,
            "best_effort_timestamp_time": "14.047633",
            "duration": 1,
            "duration_time": "0.033367",
            "pkt_pos": "52386220",
            "pkt_size": "120000",
            "width": 720,
            "height": 480,
            "crop_top": 0,
            "crop_bottom": 0,
            "crop_left": 0,
            "crop_right": 0,
            "pix_fmt": "yuv411p",
            "sample_aspect_ratio": "8:9",
            "pict_type": "I",
            "interlaced_frame": 1,
            "top_field_first": 0,
            "repeat_pict": 0,
            "chroma_location": "topleft"
        },
        {
            "media_type": "video",
            "stream_index": 0,
            "key_frame": 1,
            "pts": 422,
            "pts_time": "14.081001",
            "pkt_dts": 422,
            "pkt_dts_time": "14.081001",
            "best_effort_timestamp": 422,
            "best_effort_timestamp_time": "14.081001",
            "duration": 1,
            "duration_time": "0.033367",
            "pkt_pos": "52506228",
            "pkt_size": "120000",
            "width": 720,
            "height": 480,
            "crop_top": 0,
            "crop_bottom": 0,
            "crop_left": 0,
            "crop_right": 0,
            "pix_fmt": "yuv411p",
            "sample_aspect_ratio": "8:9",
            "pict_type": "I",
            "interlaced_frame": 1,
            "top_field_first": 0,
            "repeat_pict": 0,
            "chroma_location": "topleft"
        },
        {
            "media_type": "video",
            "stream_index": 0,
            "key_frame": 1,
            "pts": 423,
            "pts_time": "14.114368",
            "pkt_dts": 423,
            "pkt_dts_time": "14.114368",
            "best_effort_timestamp": 423,
            "best_effort_timestamp_time": "14.114368",
            "duration": 1,
            "duration_time": "0.033367",
            "pkt_pos": "52626236",
            "pkt_size": "120000",
            "width": 720,
            "height": 480,
            "crop_top": 0,
            "crop_bottom": 0,
            "crop_left": 0,
            "crop_right": 0,
            "pix_fmt": "yuv411p",
            "sample_aspect_ratio": "8:9",
            "pict_type": "I",
            "interlaced_frame": 1,
            "top_field_first": 0,
            "repeat_pict": 0,
            "chroma_location": "topleft"
        },
        {
            "media_type": "video",
            "stream_index": 0,
            "key_frame": 1,
            "pts": 424,
            "pts_time": "14.147735",
            "pkt_dts": 424,
            "pkt_dts_time": "14.147735",
            "best_effort_timestamp": 424,
            "best_effort_timestamp_time": "14.147735",
            "duration": 1,
            "duration_time": "0.033367",
            "pkt_pos": "52746244",
            "pkt_size": "120000",
            "width": 720,
            "height": 480,
            "crop_top": 0,
            "crop_bottom": 0,
            "crop_left": 0,
            "crop_right": 0,
            "pix_fmt": "yuv411p",
            "sample_aspect_ratio": "8:9",
            "pict_type": "I",
            "interlaced_frame": 1,
            "top_field_first": 0,
            "repeat_pict": 0,
            "chroma_location": "topleft"
        },
        {
            "media_type": "video",
            "stream_index": 0,
            "key_frame": 1,
            "pts": 425,
            "pts_time": "14.181103",
            "pkt_dts": 425,
            "pkt_dts_time": "14.181103",
            "best_effort_timestamp": 425,
            "best_effort_timestamp_time": "14.181103",
            "duration": 1,
            "duration_time": "0.033367",
            "pkt_pos": "52866252",
            "pkt_size": "120000",
            "width": 720,
            "height": 480,
            "crop_top": 0,
            "crop_bottom": 0,
            "crop_left": 0,
            "crop_right": 0,
            "pix_fmt": "yuv411p",
            "sample_aspect_ratio": "8:9",
            "pict_type": "I",
            "interlaced_frame": 1,
            "top_field_first": 0,
            "repeat_pict": 0,
            "chroma_location": "topleft"
        },
        {
            "media_type": "video",
            "stream_index": 0,
            "key_frame": 1,
            "pts": 426,
            "pts_time": "14.214470",
            "pkt_dts": 426,
            "pkt_dts_time": "14.214470",
            "best_effort_timestamp": 426,
            "best_effort_timestamp_time": "14.214470",
            "duration": 1,
            "duration_time": "0.033367",
            "pkt_pos": "52986260",
            "pkt_size": "120000",
            "width": 720,
            "height": 480,
            "crop_top": 0,
            "crop_bottom": 0,
            "crop_left": 0,
            "crop_right": 0,
            "pix_fmt": "yuv411p",
            "sample_aspect_ratio": "8:9",
            "pict_type": "I",
            "interlaced_frame": 1,
            "top_field_first": 0,
            "repeat_pict": 0,
            "chroma_location": "topleft"
        },
        {
            "media_type": "video",
            "stream_index": 0,
            "key_frame": 1,
            "pts": 427,
            "pts_time": "14.247837",
            "pkt_dts": 427,
            "pkt_dts_time": "14.247837",
            "best_effort_timestamp": 427,
            "best_effort_timestamp_time": "14.247837",
            "duration": 1,
            "duration_time": "0.033367",
            "pkt_pos": "53106268",
            "pkt_size": "120000",
            "width": 720,
            "height": 480,
            "crop_top": 0,
            "crop_bottom": 0,
            "crop_left": 0,
            "crop_right": 0,
            "pix_fmt": "yuv411p",
            "sample_aspect_ratio": "8:9",
            "pict_type": "I",
            "interlaced_frame": 1,
            "top_field_first": 0,
            "repeat_pict": 0,
            "chroma_location": "topleft"
        },
        {
            "media_type": "video",
            "stream_index": 0,
            "key_frame": 1,
            "pts": 428,
            "pts_time": "14.281204",
            "pkt_dts": 428,
            "pkt_dts_time": "14.281204",
            "best_effort_timestamp": 428,
            "best_effort_timestamp_time": "14.281204",
            "duration": 1,
            "duration_time": "0.033367",
            "pkt_pos": "53226276",
            "pkt_size": "120000",
            "width": 720,
            "height": 480,
            "crop_top": 0,
            "crop_bottom": 0,
            "crop_left": 0,
            "crop_right": 0,
            "pix_fmt": "yuv411p",
            "sample_aspect_ratio": "8:9",
            "pict_type": "I",
            "interlaced_frame": 1,
            "top_field_first": 0,
            "repeat_pict": 0,
            "chroma_location": "topleft"
        },
        {
            "media_type": "video",
            "stream_index": 0,
            "key_frame": 1,
            "pts": 429,
            "pts_time": "14.314572",
            "pkt_dts": 429,
            "pkt_dts_time": "14.314572",
            "best_effort_timestamp": 429,
            "best_effort_timestamp_time": "14.314572",
            "duration": 1,
            "duration_time": "0.033367",
            "pkt_pos": "53346284",
            "pkt_size": "120000",
            "width": 720,
            "height": 480,
            "crop_top": 0,
            "crop_bottom": 0,
            "crop_left": 0,
            "crop_right": 0,
            "pix_fmt": "yuv411p",
            "sample_aspect_ratio": "8:9",
            "pict_type": "I",
            "interlaced_frame": 1,
            "top_field_first": 0,
            "repeat_pict": 0,
            "chroma_location": "topleft"
        },
        {
            "media_type": "video",
            "stream_index": 0,
            "key_frame": 1,
            "pts": 430,
            "pts_time": "14.347939",
            "pkt_dts": 430,
            "pkt_dts_time": "14.347939",
            "best_effort_timestamp": 430,
            "best_effort_timestamp_time": "14.347939",
            "duration": 1,
            "duration_time": "0.033367",
            "pkt_pos": "53466292",
            "pkt_size": "120000",
            "width": 720,
            "height": 480,
            "crop_top": 0,
            "crop_bottom": 0,
            "crop_left": 0,
            "crop_right": 0,
            "pix_fmt": "yuv411p",
            "sample_aspect_ratio": "8:9",
            "pict_type": "I",
            "interlaced_frame": 1,
            "top_field_first": 0,
            "repeat_pict": 0,
            "chroma_location": "topleft"
        },
        {
            "media_type": "video",
            "stream_index": 0,
            "key_frame": 1,
            "pts": 431,
            "pts_time": "14.381306",
            "pkt_dts": 431,
            "pkt_dts_time": "14.381306",
            "best_effort_timestamp": 431,
            "best_effort_timestamp_time": "14.381306",
            "duration": 1,
            "duration_time": "0.033367",
            "pkt_pos": "53586300",
            "pkt_size": "120000",
            "width": 720,
            "height": 480,
            "crop_top": 0,
            "crop_bottom": 0,
            "crop_left": 0,
            "crop_right": 0,
            "pix_fmt": "yuv411p",
            "sample_aspect_ratio": "8:9",
            "pict_type": "I",
            "interlaced_frame": 1,
            "top_field_first": 0,
            "repeat_pict": 0,
            "chroma_location": "topleft"
        },
        {
            "media_type": "video",
            "stream_index": 0,
            "key_frame": 1,
            "pts": 432,
            "pts_time": "14.414674",
            "pkt_dts": 432,
            "pkt_dts_time": "14.414674",
            "best_effort_timestamp": 432,
            "best_effort_timestamp_time": "14.414674",
            "duration": 1,
            "duration_time": "0.033367",
            "pkt_pos": "53706308",
            "pkt_size": "120000",
            "width": 720,
            "height": 480,
            "crop_top": 0,
            "crop_bottom": 0,
            "crop_left": 0,
            "crop_right": 0,
            "pix_fmt": "yuv411p",
            "sample_aspect_ratio": "8:9",
            "pict_type": "I",
            "interlaced_frame": 1,
            "top_field_first": 0,
            "repeat_pict": 0,
            "chroma_location": "topleft"
        },
        {
            "media_type": "video",
            "stream_index": 0,
            "key_frame": 1,
            "pts": 433,
            "pts_time": "14.448041",
            "pkt_dts": 433,
            "pkt_dts_time": "14.448041",
            "best_effort_timestamp": 433,
            "best_effort_timestamp_time": "14.448041",
            "duration": 1,
            "duration_time": "0.033367",
            "pkt_pos": "53826316",
            "pkt_size": "120000",
            "width": 720,
            "height": 480,
            "crop_top": 0,
            "crop_bottom": 0,
            "crop_left": 0,
            "crop_right": 0,
            "pix_fmt": "yuv411p",
            "sample_aspect_ratio": "8:9",
            "pict_type": "I",
            "interlaced_frame": 1,
            "top_field_first": 0,
            "repeat_pict": 0,
            "chroma_location": "topleft"
        },
        {
            "media_type": "video",
            "stream_index": 0,
            "key_frame": 1,
            "pts": 434,
            "pts_time": "14.481408",
            "pkt_dts": 434,
            "pkt_dts_time": "14.481408",
            "best_effort_timestamp": 434,
            "best_effort_timestamp_time": "14.481408",
            "duration": 1,
            "duration_time": "0.033367",
            "pkt_pos": "53946324",
            "pkt_size": "120000",
            "width": 720,
            "height": 480,
            "crop_top": 0,
            "crop_bottom": 0,
            "crop_left": 0,
            "crop_right": 0,
            "pix_fmt": "yuv411p",
            "sample_aspect_ratio": "8:9",
            "pict_type": "I",
            "interlaced_frame": 1,
            "top_field_first": 0,
            "repeat_pict": 0,
            "chroma_location": "topleft"
        },
        {
            "media_type": "video",
            "stream_index": 0,
            "key_frame": 1,
            "pts": 435,
            "pts_time": "14.514776",
            "pkt_dts": 435,
            "pkt_dts_time": "14.514776",
            "best_effort_timestamp": 435,
            "best_effort_timestamp_time": "14.514776",
            "duration": 1,
            "duration_time": "0.033367",
            "pkt_pos": "54190196",
            "pkt_size": "120000",
            "width": 720,
            "height": 480,
            "crop_top": 0,
            "crop_bottom": 0,
            "crop_left": 0,
            "crop_right": 0,
            "pix_fmt": "yuv411p",
            "sample_aspect_ratio": "8:9",
            "pict_type": "I",
            "interlaced_frame": 1,
            "top_field_first": 0,
            "repeat_pict": 0,
            "chroma_location": "topleft"
        },
        {
            "media_type": "video",
            "stream_index": 0,
            "key_frame": 1,
            "pts": 436,
            "pts_time": "14.548143",
            "pkt_dts": 436,
            "pkt_dts_time": "14.548143",
            "best_effort_timestamp": 436,
            "best_effort_timestamp_time": "14.548143",
            "duration": 1,
            "duration_time": "0.033367",
            "pkt_pos": "54310204",
            "pkt_size": "120000",
            "width": 720,
            "height": 480,
            "crop_top": 0,
            "crop_bottom": 0,
            "crop_left": 0,
            "crop_right": 0,
            "pix_fmt": "yuv411p",
            "sample_aspect_ratio": "8:9",
            "pict_type": "I",
            "interlaced_frame": 1,
            "top_field_first": 0,
            "repeat_pict": 0,
            "chroma_location": "topleft"
        },
        {
            "media_type": "video",
            "stream_index": 0,
            "key_frame": 1,
            "pts": 437,
            "pts_time": "14.581510",
            "pkt_dts": 437,
            "pkt_dts_time": "14.581510",
            "best_effort_timestamp": 437,
            "best_effort_timestamp_time": "14.581510",
            "duration": 1,
            "duration_time": "0.033367",
            "pkt_pos": "54430212",
            "pkt_size": "120000",
            "width": 720,
            "height": 480,
            "crop_top": 0,
            "crop_bottom": 0,
            "crop_left": 0,
            "crop_right": 0,
            "pix_fmt": "yuv411p",
            "sample_aspect_ratio": "8:9",
            "pict_type": "I",
            "interlaced_frame": 1,
            "top_field_first": 0,
            "repeat_pict": 0,
            "chroma_location": "topleft"
        },
        {
            "media_type": "video",
            "stream_index": 0,
            "key_frame": 1,
            "pts": 438,
            "pts_time": "14.614877",
            "pkt_dts": 438,
            "pkt_dts_time": "14.614877",
            "best_effort_timestamp": 438,
            "best_effort_timestamp_time": "14.614877",
            "duration": 1,
            "duration_time": "0.033367",
            "pkt_pos": "54550220",
            "pkt_size": "120000",
            "width": 720,
            "height": 480,
            "crop_top": 0,
            "crop_bottom": 0,
            "crop_left": 0,
            "crop_right": 0,
            "pix_fmt": "yuv411p",
            "sample_aspect_ratio": "8:9",
            "pict_type": "I",
            "interlaced_frame": 1,
            "top_field_first": 0,
            "repeat_pict": 0,
            "chroma_location": "topleft"
        },
        {
            "media_type": "video",
            "stream_index": 0,
            "key_frame": 1,
            "pts": 439,
            "pts_time": "14.648245",
            "pkt_dts": 439,
            "pkt_dts_time": "14.648245",
            "best_effort_timestamp": 439,
            "best_effort_timestamp_time": "14.648245",
            "duration": 1,
            "duration_time": "0.033367",
            "pkt_pos": "54670228",
            "pkt_size": "120000",
            "width": 720,
            "height": 480,
            "crop_top": 0,
            "crop_bottom": 0,
            "crop_left": 0,
            "crop_right": 0,
            "pix_fmt": "yuv411p",
            "sample_aspect_ratio": "8:9",
            "pict_type": "I",
            "interlaced_frame": 1,
            "top_field_first": 0,
            "repeat_pict": 0,
            "chroma_location": "topleft"
        },
        {
            "media_type": "video",
            "stream_index": 0,
            "key_frame": 1,
            "pts": 440,
            "pts_time": "14.681612",
            "pkt_dts": 440,
            "pkt_dts_time": "14.681612",
            "best_effort_timestamp": 440,
            "best_effort_timestamp_time": "14.681612",
            "duration": 1,
            "duration_time": "0.033367",
            "pkt_pos": "54790236",
            "pkt_size": "120000",
            "width": 720,
            "height": 480,
            "crop_top": 0,
            "crop_bottom": 0,
            "crop_left": 0,
            "crop_right": 0,
            "pix_fmt": "yuv411p",
            "sample_aspect_ratio": "8:9",
            "pict_type": "I",
            "interlaced_frame": 1,
            "top_field_first": 0,
            "repeat_pict": 0,
            "chroma_location": "topleft"
        },
        {
            "media_type": "video",
            "stream_index": 0,
            "key_frame": 1,
            "pts": 441,
            "pts_time": "14.714979",
            "pkt_dts": 441,
            "pkt_dts_time": "14.714979",
            "best_effort_timestamp": 441,
            "best_effort_timestamp_time": "14.714979",
            "duration": 1,
            "duration_time": "0.033367",
            "pkt_pos": "54910244",
            "pkt_size": "120000",
            "width": 720,
            "height": 480,
            "crop_top": 0,
            "crop_bottom": 0,
            "crop_left": 0,
            "crop_right": 0,
            "pix_fmt": "yuv411p",
            "sample_aspect_ratio": "8:9",
            "pict_type": "I",
            "interlaced_frame": 1,
            "top_field_first": 0,
            "repeat_pict": 0,
            "chroma_location": "topleft"
        },
        {
            "media_type": "video",
            "stream_index": 0,
            "key_frame": 1,
            "pts": 442,
            "pts_time": "14.748347",
            "pkt_dts": 442,
            "pkt_dts_time": "14.748347",
            "best_effort_timestamp": 442,
            "best_effort_timestamp_time": "14.748347",
            "duration": 1,
            "duration_time": "0.033367",
            "pkt_pos": "55030252",
            "pkt_size": "120000",
            "width": 720,
            "height": 480,
            "crop_top": 0,
            "crop_bottom": 0,
            "crop_left": 0,
            "crop_right": 0,
            "pix_fmt": "yuv411p",
            "sample_aspect_ratio": "8:9",
            "pict_type": "I",
            "interlaced_frame": 1,
            "top_field_first": 0,
            "repeat_pict": 0,
            "chroma_location": "topleft"
        },
        {
            "media_type": "video",
            "stream_index": 0,
            "key_frame": 1,
            "pts": 443,
            "pts_time": "14.781714",
            "pkt_dts": 443,
            "pkt_dts_time": "14.781714",
            "best_effort_timestamp": 443,
            "best_effort_timestamp_time": "14.781714",
            "duration": 1,
            "duration_time": "0.033367",
            "pkt_pos": "55150260",
            "pkt_size": "120000",
            "width": 720,
            "height": 480,
            "crop_top": 0,
            "crop_bottom": 0,
            "crop_left": 0,
            "crop_right": 0,
            "pix_fmt": "yuv411p",
            "sample_aspect_ratio": "8:9",
            "pict_type": "I",
            "interlaced_frame": 1,
            "top_field_first": 0,
            "repeat_pict": 0,
            "chroma_location": "topleft"
        },
        {
            "media_type": "video",
            "stream_index": 0,
            "key_frame": 1,
            "pts": 444,
            "pts_time": "14.815081",
            "pkt_dts": 444,
            "pkt_dts_time": "14.815081",
            "best_effort_timestamp": 444,
            "best_effort_timestamp_time": "14.815081",
            "duration": 1,
            "duration_time": "0.033367",
            "pkt_pos": "55270268",
            "pkt_size": "120000",
            "width": 720,
            "height": 480,
            "crop_top": 0,
            "crop_bottom": 0,
            "crop_left": 0,
            "crop_right": 0,
            "pix_fmt": "yuv411p",
            "sample_aspect_ratio": "8:9",
            "pict_type": "I",
            "interlaced_frame": 1,
            "top_field_first": 0,
            "repeat_pict": 0,
            "chroma_location": "topleft"
        },
        {
            "media_type": "video",
            "stream_index": 0,
            "key_frame": 1,
            "pts": 445,
            "pts_time": "14.848449",
            "pkt_dts": 445,
            "pkt_dts_time": "14.848449",
            "best_effort_timestamp": 445,
            "best_effort_timestamp_time": "14.848449",
            "duration": 1,
            "duration_time": "0.033367",
            "pkt_pos": "55390276",
            "pkt_size": "120000",
            "width": 720,
            "height": 480,
            "crop_top": 0,
            "crop_bottom": 0,
            "crop_left": 0,
            "crop_right": 0,
            "pix_fmt": "yuv411p",
            "sample_aspect_ratio": "8:9",
            "pict_type": "I",
            "interlaced_frame": 1,
            "top_field_first": 0,
            "repeat_pict": 0,
            "chroma_location": "topleft"
        },
        {
            "media_type": "video",
            "stream_index": 0,
            "key_frame": 1,
            "pts": 446,
            "pts_time": "14.881816",
            "pkt_dts": 446,
            "pkt_dts_time": "14.881816",
            "best_effort_timestamp": 446,
            "best_effort_timestamp_time": "14.881816",
            "duration": 1,
            "duration_time": "0.033367",
            "pkt_pos": "55510284",
            "pkt_size": "120000",
            "width": 720,
            "height": 480,
            "crop_top": 0,
            "crop_bottom": 0,
            "crop_left": 0,
            "crop_right": 0,
            "pix_fmt": "yuv411p",
            "sample_aspect_ratio": "8:9",
            "pict_type": "I",
            "interlaced_frame": 1,
            "top_field_first": 0,
            "repeat_pict": 0,
            "chroma_location": "topleft"
        },
        {
            "media_type": "video",
            "stream_index": 0,
            "key_frame": 1,
            "pts": 447,
            "pts_time": "14.915183",
            "pkt_dts": 447,
            "pkt_dts_time": "14.915183",
            "best_effort_timestamp": 447,
            "best_effort_timestamp_time": "14.915183",
            "duration": 1,
            "duration_time": "0.033367",
            "pkt_pos": "55630292",
            "pkt_size": "120000",
            "width": 720,
            "height": 480,
            "crop_top": 0,
            "crop_bottom": 0,
            "crop_left": 0,
            "crop_right": 0,
            "pix_fmt": "yuv411p",
            "sample_aspect_ratio": "8:9",
            "pict_type": "I",
            "interlaced_frame": 1,
            "top_field_first": 0,
            "repeat_pict": 0,
            "chroma_location": "topleft"
        },
        {
            "media_type": "video",
            "stream_index": 0,
            "key_frame": 1,
            "pts": 448,
            "pts_time": "14.948550",
            "pkt_dts": 448,
            "pkt_dts_time": "14.948550",
            "best_effort_timestamp": 448,
            "best_effort_timestamp_time": "14.948550",
            "duration": 1,
            "duration_time": "0.033367",
            "pkt_pos": "55750300",
            "pkt_size": "120000",
            "width": 720,
            "height": 480,
            "crop_top": 0,
            "crop_bottom": 0,
            "crop_left": 0,
            "crop_right": 0,
            "pix_fmt": "yuv411p",
            "sample_aspect_ratio": "8:9",
            "pict_type": "I",
            "interlaced_frame": 1,
            "top_field_first": 0,
            "repeat_pict": 0,
            "chroma_location": "topleft"
        },
        {
            "media_type": "video",
            "stream_index": 0,
            "key_frame": 1,
            "pts": 449,
            "pts_time": "14.981918",
            "pkt_dts": 449,
            "pkt_dts_time": "14.981918",
            "best_effort_timestamp": 449,
            "best_effort_timestamp_time": "14.981918",
            "duration": 1,
            "duration_time": "0.033367",
            "pkt_pos": "55870308",
            "pkt_size": "120000",
            "width": 720,
            "height": 480,
            "crop_top": 0,
            "crop_bottom": 0,
            "crop_left": 0,
            "crop_right": 0,
            "pix_fmt": "yuv411p",
            "sample_aspect_ratio": "8:9",
            "pict_type": "I",
            "interlaced_frame": 1,
            "top_field_first": 0,
            "repeat_pict": 0,
            "chroma_location": "topleft"
        },
        {
            "media_type": "video",
            "stream_index": 0,
            "key_frame": 1,
            "pts": 450,
            "pts_time": "15.015285",
            "pkt_dts": 450,
            "pkt_dts_time": "15.015285",
            "best_effort_timestamp": 450,
            "best_effort_timestamp_time": "15.015285",
            "duration": 1,
            "duration_time": "0.033367",
            "pkt_pos": "55990316",
            "pkt_size": "120000",
            "width": 720,
            "height": 480,
            "crop_top": 0,
            "crop_bottom": 0,
            "crop_left": 0,
            "crop_right": 0,
            "pix_fmt": "yuv411p",
            "sample_aspect_ratio": "8:9",
            "pict_type": "I",
            "interlaced_frame": 1,
            "top_field_first": 0,
            "repeat_pict": 0,
            "chroma_location": "topleft"
        },
        {
            "media_type": "video",
            "stream_index": 0,
            "key_frame": 1,
            "pts": 451,
            "pts_time": "15.048652",
            "pkt_dts": 451,
            "pkt_dts_time": "15.048652",
            "best_effort_timestamp": 451,
            "best_effort_timestamp_time": "15.048652",
            "duration": 1,
            "duration_time": "0.033367",
            "pkt_pos": "56110324",
            "pkt_size": "120000",
            "width": 720,
            "height": 480,
            "crop_top": 0,
            "crop_bottom": 0,
            "crop_left": 0,
            "crop_right": 0,
            "pix_fmt": "yuv411p",
            "sample_aspect_ratio": "8:9",
            "pict_type": "I",
            "interlaced_frame": 1,
            "top_field_first": 0,
            "repeat_pict": 0,
            "chroma_location": "topleft"
        },
        {
            "media_type": "video",
            "stream_index": 0,
            "key_frame": 1,
            "pts": 452,
            "pts_time": "15.082020",
            "pkt_dts": 452,
            "pkt_dts_time": "15.082020",
            "best_effort_timestamp": 452,
            "best_effort_timestamp_time": "15.082020",
            "duration": 1,
            "duration_time": "0.033367",
            "pkt_pos": "56230332",
            "pkt_size": "120000",
            "width": 720,
            "height": 480,
            "crop_top": 0,
            "crop_bottom": 0,
            "crop_left": 0,
            "crop_right": 0,
            "pix_fmt": "yuv411p",
            "sample_aspect_ratio": "8:9",
            "pict_type": "I",
            "interlaced_frame": 1,
            "top_field_first": 0,
            "repeat_pict": 0,
            "chroma_location": "topleft"
        },
        {
            "media_type": "video",
            "stream_index": 0,
            "key_frame": 1,
            "pts": 453,
            "pts_time": "15.115387",
            "pkt_dts": 453,
            "pkt_dts_time": "15.115387",
            "best_effort_timestamp": 453,
            "best_effort_timestamp_time": "15.115387",
            "duration": 1,
            "duration_time": "0.033367",
            "pkt_pos": "56350340",
            "pkt_size": "120000",
            "width": 720,
            "height": 480,
            "crop_top": 0,
            "crop_bottom": 0,
            "crop_left": 0,
            "crop_right": 0,
            "pix_fmt": "yuv411p",
            "sample_aspect_ratio": "8:9",
            "pict_type": "I",
            "interlaced_frame": 1,
            "top_field_first": 0,
            "repeat_pict": 0,
            "chroma_location": "topleft"
        },
        {
            "media_type": "video",
            "stream_index": 0,
            "key_frame": 1,
            "pts": 454,
            "pts_time": "15.148754",
            "pkt_dts": 454,
            "pkt_dts_time": "15.148754",
            "best_effort_timestamp": 454,
            "best_effort_timestamp_time": "15.148754",
            "duration": 1,
            "duration_time": "0.033367",
            "pkt_pos": "56470348",
            "pkt_size": "120000",
            "width": 720,
            "height": 480,
            "crop_top": 0,
            "crop_bottom": 0,
            "crop_left": 0,
            "crop_right": 0,
            "pix_fmt": "yuv411p",
            "sample_aspect_ratio": "8:9",
            "pict_type": "I",
            "interlaced_frame": 1,
            "top_field_first": 0,
            "repeat_pict": 0,
            "chroma_location": "topleft"
        },
        {
            "media_type": "video",
            "stream_index": 0,
            "key_frame": 1,
            "pts": 455,
            "pts_time": "15.182122",
            "pkt_dts": 455,
            "pkt_dts_time": "15.182122",
            "best_effort_timestamp": 455,
            "best_effort_timestamp_time": "15.182122",
            "duration": 1,
            "duration_time": "0.033367",
            "pkt_pos": "56590356",
            "pkt_size": "120000",
            "width": 720,
            "height": 480,
            "crop_top": 0,
            "crop_bottom": 0,
            "crop_left": 0,
            "crop_right": 0,
            "pix_fmt": "yuv411p",
            "sample_aspect_ratio": "8:9",
            "pict_type": "I",
            "interlaced_frame": 1,
            "top_field_first": 0,
            "repeat_pict": 0,
            "chroma_location": "topleft"
        },
        {
            "media_type": "video",
            "stream_index": 0,
            "key_frame": 1,
            "pts": 456,
            "pts_time": "15.215489",
            "pkt_dts": 456,
            "pkt_dts_time": "15.215489",
            "best_effort_timestamp": 456,
            "best_effort_timestamp_time": "15.215489",
            "duration": 1,
            "duration_time": "0.033367",
            "pkt_pos": "56710364",
            "pkt_size": "120000",
            "width": 720,
            "height": 480,
            "crop_top": 0,
            "crop_bottom": 0,
            "crop_left": 0,
            "crop_right": 0,
            "pix_fmt": "yuv411p",
            "sample_aspect_ratio": "8:9",
            "pict_type": "I",
            "interlaced_frame": 1,
            "top_field_first": 0,
            "repeat_pict": 0,
            "chroma_location": "topleft"
        },
        {
            "media_type": "video",
            "stream_index": 0,
            "key_frame": 1,
            "pts": 457,
            "pts_time": "15.248856",
            "pkt_dts": 457,
            "pkt_dts_time": "15.248856",
            "best_effort_timestamp": 457,
            "best_effort_timestamp_time": "15.248856",
            "duration": 1,
            "duration_time": "0.033367",
            "pkt_pos": "56830372",
            "pkt_size": "120000",
            "width": 720,
            "height": 480,
            "crop_top": 0,
            "crop_bottom": 0,
            "crop_left": 0,
            "crop_right": 0,
            "pix_fmt": "yuv411p",
            "sample_aspect_ratio": "8:9",
            "pict_type": "I",
            "interlaced_frame": 1,
            "top_field_first": 0,
            "repeat_pict": 0,
            "chroma_location": "topleft"
        },
        {
            "media_type": "video",
            "stream_index": 0,
            "key_frame": 1,
            "pts": 458,
            "pts_time": "15.282223",
            "pkt_dts": 458,
            "pkt_dts_time": "15.282223",
            "best_effort_timestamp": 458,
            "best_effort_timestamp_time": "15.282223",
            "duration": 1,
            "duration_time": "0.033367",
            "pkt_pos": "56950380",
            "pkt_size": "120000",
            "width": 720,
            "height": 480,
            "crop_top": 0,
            "crop_bottom": 0,
            "crop_left": 0,
            "crop_right": 0,
            "pix_fmt": "yuv411p",
            "sample_aspect_ratio": "8:9",
            "pict_type": "I",
            "interlaced_frame": 1,
            "top_field_first": 0,
            "repeat_pict": 0,
            "chroma_location": "topleft"
        },
        {
            "media_type": "video",
            "stream_index": 0,
            "key_frame": 1,
            "pts": 459,
            "pts_time": "15.315591",
            "pkt_dts": 459,
            "pkt_dts_time": "15.315591",
            "best_effort_timestamp": 459,
            "best_effort_timestamp_time": "15.315591",
            "duration": 1,
            "duration_time": "0.033367",
            "pkt_pos": "57070388",
            "pkt_size": "120000",
            "width": 720,
            "height": 480,
            "crop_top": 0,
            "crop_bottom": 0,
            "crop_left": 0,
            "crop_right": 0,
            "pix_fmt": "yuv411p",
            "sample_aspect_ratio": "8:9",
            "pict_type": "I",
            "interlaced_frame": 1,
            "top_field_first": 0,
            "repeat_pict": 0,
            "chroma_location": "topleft"
        },
        {
            "media_type": "video",
            "stream_index": 0,
            "key_frame": 1,
            "pts": 460,
            "pts_time": "15.348958",
            "pkt_dts": 460,
            "pkt_dts_time": "15.348958",
            "best_effort_timestamp": 460,
            "best_effort_timestamp_time": "15.348958",
            "duration": 1,
            "duration_time": "0.033367",
            "pkt_pos": "57190396",
            "pkt_size": "120000",
            "width": 720,
            "height": 480,
            "crop_top": 0,
            "crop_bottom": 0,
            "crop_left": 0,
            "crop_right": 0,
            "pix_fmt": "yuv411p",
            "sample_aspect_ratio": "8:9",
            "pict_type": "I",
            "interlaced_frame": 1,
            "top_field_first": 0,
            "repeat_pict": 0,
            "chroma_location": "topleft"
        },
        {
            "media_type": "video",
            "stream_index": 0,
            "key_frame": 1,
            "pts": 461,
            "pts_time": "15.382325",
            "pkt_dts": 461,
            "pkt_dts_time": "15.382325",
            "best_effort_timestamp": 461,
            "best_effort_timestamp_time": "15.382325",
            "duration": 1,
            "duration_time": "0.033367",
            "pkt_pos": "57310404",
            "pkt_size": "120000",
            "width": 720,
            "height": 480,
            "crop_top": 0,
            "crop_bottom": 0,
            "crop_left": 0,
            "crop_right": 0,
            "pix_fmt": "yuv411p",
            "sample_aspect_ratio": "8:9",
            "pict_type": "I",
            "interlaced_frame": 1,
            "top_field_first": 0,
            "repeat_pict": 0,
            "chroma_location": "topleft"
        },
        {
            "media_type": "video",
            "stream_index": 0,
            "key_frame": 1,
            "pts": 462,
            "pts_time": "15.415693",
            "pkt_dts": 462,
            "pkt_dts_time": "15.415693",
            "best_effort_timestamp": 462,
            "best_effort_timestamp_time": "15.415693",
            "duration": 1,
            "duration_time": "0.033367",
            "pkt_pos": "57430412",
            "pkt_size": "120000",
            "width": 720,
            "height": 480,
            "crop_top": 0,
            "crop_bottom": 0,
            "crop_left": 0,
            "crop_right": 0,
            "pix_fmt": "yuv411p",
            "sample_aspect_ratio": "8:9",
            "pict_type": "I",
            "interlaced_frame": 1,
            "top_field_first": 0,
            "repeat_pict": 0,
            "chroma_location": "topleft"
        },
        {
            "media_type": "video",
            "stream_index": 0,
            "key_frame": 1,
            "pts": 463,
            "pts_time": "15.449060",
            "pkt_dts": 463,
            "pkt_dts_time": "15.449060",
            "best_effort_timestamp": 463,
            "best_effort_timestamp_time": "15.449060",
            "duration": 1,
            "duration_time": "0.033367",
            "pkt_pos": "57550420",
            "pkt_size": "120000",
            "width": 720,
            "height": 480,
            "crop_top": 0,
            "crop_bottom": 0,
            "crop_left": 0,
            "crop_right": 0,
            "pix_fmt": "yuv411p",
            "sample_aspect_ratio": "8:9",
            "pict_type": "I",
            "interlaced_frame": 1,
            "top_field_first": 0,
            "repeat_pict": 0,
            "chroma_location": "topleft"
        },
        {
            "media_type": "video",
            "stream_index": 0,
            "key_frame": 1,
            "pts": 464,
            "pts_time": "15.482427",
            "pkt_dts": 464,
            "pkt_dts_time": "15.482427",
            "best_effort_timestamp": 464,
            "best_effort_timestamp_time": "15.482427",
            "duration": 1,
            "duration_time": "0.033367",
            "pkt_pos": "57794292",
            "pkt_size": "120000",
            "width": 720,
            "height": 480,
            "crop_top": 0,
            "crop_bottom": 0,
            "crop_left": 0,
            "crop_right": 0,
            "pix_fmt": "yuv411p",
            "sample_aspect_ratio": "8:9",
            "pict_type": "I",
            "interlaced_frame": 1,
            "top_field_first": 0,
            "repeat_pict": 0,
            "chroma_location": "topleft"
        },
        {
            "media_type": "video",
            "stream_index": 0,
            "key_frame": 1,
            "pts": 465,
            "pts_time": "15.515795",
            "pkt_dts": 465,
            "pkt_dts_time": "15.515795",
            "best_effort_timestamp": 465,
            "best_effort_timestamp_time": "15.515795",
            "duration": 1,
            "duration_time": "0.033367",
            "pkt_pos": "57914300",
            "pkt_size": "120000",
            "width": 720,
            "height": 480,
            "crop_top": 0,
            "crop_bottom": 0,
            "crop_left": 0,
            "crop_right": 0,
            "pix_fmt": "yuv411p",
            "sample_aspect_ratio": "8:9",
            "pict_type": "I",
            "interlaced_frame": 1,
            "top_field_first": 0,
            "repeat_pict": 0,
            "chroma_location": "topleft"
        },
        {
            "media_type": "video",
            "stream_index": 0,
            "key_frame": 1,
            "pts": 466,
            "pts_time": "15.549162",
            "pkt_dts": 466,
            "pkt_dts_time": "15.549162",
            "best_effort_timestamp": 466,
            "best_effort_timestamp_time": "15.549162",
            "duration": 1,
            "duration_time": "0.033367",
            "pkt_pos": "58034308",
            "pkt_size": "120000",
            "width": 720,
            "height": 480,
            "crop_top": 0,
            "crop_bottom": 0,
            "crop_left": 0,
            "crop_right": 0,
            "pix_fmt": "yuv411p",
            "sample_aspect_ratio": "8:9",
            "pict_type": "I",
            "interlaced_frame": 1,
            "top_field_first": 0,
            "repeat_pict": 0,
            "chroma_location": "topleft"
        },
        {
            "media_type": "video",
            "stream_index": 0,
            "key_frame": 1,
            "pts": 467,
            "pts_time": "15.582529",
            "pkt_dts": 467,
            "pkt_dts_time": "15.582529",
            "best_effort_timestamp": 467,
            "best_effort_timestamp_time": "15.582529",
            "duration": 1,
            "duration_time": "0.033367",
            "pkt_pos": "58154316",
            "pkt_size": "120000",
            "width": 720,
            "height": 480,
            "crop_top": 0,
            "crop_bottom": 0,
            "crop_left": 0,
            "crop_right": 0,
            "pix_fmt": "yuv411p",
            "sample_aspect_ratio": "8:9",
            "pict_type": "I",
            "interlaced_frame": 1,
            "top_field_first": 0,
            "repeat_pict": 0,
            "chroma_location": "topleft"
        },
        {
            "media_type": "video",
            "stream_index": 0,
            "key_frame": 1,
            "pts": 468,
            "pts_time": "15.615896",
            "pkt_dts": 468,
            "pkt_dts_time": "15.615896",
            "best_effort_timestamp": 468,
            "best_effort_timestamp_time": "15.615896",
            "duration": 1,
            "duration_time": "0.033367",
            "pkt_pos": "58274324",
            "pkt_size": "120000",
            "width": 720,
            "height": 480,
            "crop_top": 0,
            "crop_bottom": 0,
            "crop_left": 0,
            "crop_right": 0,
            "pix_fmt": "yuv411p",
            "sample_aspect_ratio": "8:9",
            "pict_type": "I",
            "interlaced_frame": 1,
            "top_field_first": 0,
            "repeat_pict": 0,
            "chroma_location": "topleft"
        },
        {
            "media_type": "video",
            "stream_index": 0,
            "key_frame": 1,
            "pts": 469,
            "pts_time": "15.649264",
            "pkt_dts": 469,
            "pkt_dts_time": "15.649264",
            "best_effort_timestamp": 469,
            "best_effort_timestamp_time": "15.649264",
            "duration": 1,
            "duration_time": "0.033367",
            "pkt_pos": "58394332",
            "pkt_size": "120000",
            "width": 720,
            "height": 480,
            "crop_top": 0,
            "crop_bottom": 0,
            "crop_left": 0,
            "crop_right": 0,
            "pix_fmt": "yuv411p",
            "sample_aspect_ratio": "8:9",
            "pict_type": "I",
            "interlaced_frame": 1,
            "top_field_first": 0,
            "repeat_pict": 0,
            "chroma_location": "topleft"
        },
        {
            "media_type": "video",
            "stream_index": 0,
            "key_frame": 1,
            "pts": 470,
            "pts_time": "15.682631",
            "pkt_dts": 470,
            "pkt_dts_time": "15.682631",
            "best_effort_timestamp": 470,
            "best_effort_timestamp_time": "15.682631",
            "duration": 1,
            "duration_time": "0.033367",
            "pkt_pos": "58514340",
            "pkt_size": "120000",
            "width": 720,
            "height": 480,
            "crop_top": 0,
            "crop_bottom": 0,
            "crop_left": 0,
            "crop_right": 0,
            "pix_fmt": "yuv411p",
            "sample_aspect_ratio": "8:9",
            "pict_type": "I",
            "interlaced_frame": 1,
            "top_field_first": 0,
            "repeat_pict": 0,
            "chroma_location": "topleft"
        },
        {
            "media_type": "video",
            "stream_index": 0,
            "key_frame": 1,
            "pts": 471,
            "pts_time": "15.715998",
            "pkt_dts": 471,
            "pkt_dts_time": "15.715998",
            "best_effort_timestamp": 471,
            "best_effort_timestamp_time": "15.715998",
            "duration": 1,
            "duration_time": "0.033367",
            "pkt_pos": "58634348",
            "pkt_size": "120000",
            "width": 720,
            "height": 480,
            "crop_top": 0,
            "crop_bottom": 0,
            "crop_left": 0,
            "crop_right": 0,
            "pix_fmt": "yuv411p",
            "sample_aspect_ratio": "8:9",
            "pict_type": "I",
            "interlaced_frame": 1,
            "top_field_first": 0,
            "repeat_pict": 0,
            "chroma_location": "topleft"
        },
        {
            "media_type": "video",
            "stream_index": 0,
            "key_frame": 1,
            "pts": 472,
            "pts_time": "15.749366",
            "pkt_dts": 472,
            "pkt_dts_time": "15.749366",
            "best_effort_timestamp": 472,
            "best_effort_timestamp_time": "15.749366",
            "duration": 1,
            "duration_time": "0.033367",
            "pkt_pos": "58754356",
            "pkt_size": "120000",
            "width": 720,
            "height": 480,
            "crop_top": 0,
            "crop_bottom": 0,
            "crop_left": 0,
            "crop_right": 0,
            "pix_fmt": "yuv411p",
            "sample_aspect_ratio": "8:9",
            "pict_type": "I",
            "interlaced_frame": 1,
            "top_field_first": 0,
            "repeat_pict": 0,
            "chroma_location": "topleft"
        },
        {
            "media_type": "video",
            "stream_index": 0,
            "key_frame": 1,
            "pts": 473,
            "pts_time": "15.782733",
            "pkt_dts": 473,
            "pkt_dts_time": "15.782733",
            "best_effort_timestamp": 473,
            "best_effort_timestamp_time": "15.782733",
            "duration": 1,
            "duration_time": "0.033367",
            "pkt_pos": "58874364",
            "pkt_size": "120000",
            "width": 720,
            "height": 480,
            "crop_top": 0,
            "crop_bottom": 0,
            "crop_left": 0,
            "crop_right": 0,
            "pix_fmt": "yuv411p",
            "sample_aspect_ratio": "8:9",
            "pict_type": "I",
            "interlaced_frame": 1,
            "top_field_first": 0,
            "repeat_pict": 0,
            "chroma_location": "topleft"
        },
        {
            "media_type": "video",
            "stream_index": 0,
            "key_frame": 1,
            "pts": 474,
            "pts_time": "15.816100",
            "pkt_dts": 474,
            "pkt_dts_time": "15.816100",
            "best_effort_timestamp": 474,
            "best_effort_timestamp_time": "15.816100",
            "duration": 1,
            "duration_time": "0.033367",
            "pkt_pos": "58994372",
            "pkt_size": "120000",
            "width": 720,
            "height": 480,
            "crop_top": 0,
            "crop_bottom": 0,
            "crop_left": 0,
            "crop_right": 0,
            "pix_fmt": "yuv411p",
            "sample_aspect_ratio": "8:9",
            "pict_type": "I",
            "interlaced_frame": 1,
            "top_field_first": 0,
            "repeat_pict": 0,
            "chroma_location": "topleft"
        },
        {
            "media_type": "video",
            "stream_index": 0,
            "key_frame": 1,
            "pts": 475,
            "pts_time": "15.849468",
            "pkt_dts": 475,
            "pkt_dts_time": "15.849468",
            "best_effort_timestamp": 475,
            "best_effort_timestamp_time": "15.849468",
            "duration": 1,
            "duration_time": "0.033367",
            "pkt_pos": "59114380",
            "pkt_size": "120000",
            "width": 720,
            "height": 480,
            "crop_top": 0,
            "crop_bottom": 0,
            "crop_left": 0,
            "crop_right": 0,
            "pix_fmt": "yuv411p",
            "sample_aspect_ratio": "8:9",
            "pict_type": "I",
            "interlaced_frame": 1,
            "top_field_first": 0,
            "repeat_pict": 0,
            "chroma_location": "topleft"
        },
        {
            "media_type": "video",
            "stream_index": 0,
            "key_frame": 1,
            "pts": 476,
            "pts_time": "15.882835",
            "pkt_dts": 476,
            "pkt_dts_time": "15.882835",
            "best_effort_timestamp": 476,
            "best_effort_timestamp_time": "15.882835",
            "duration": 1,
            "duration_time": "0.033367",
            "pkt_pos": "59234388",
            "pkt_size": "120000",
            "width": 720,
            "height": 480,
            "crop_top": 0,
            "crop_bottom": 0,
            "crop_left": 0,
            "crop_right": 0,
            "pix_fmt": "yuv411p",
            "sample_aspect_ratio": "8:9",
            "pict_type": "I",
            "interlaced_frame": 1,
            "top_field_first": 0,
            "repeat_pict": 0,
            "chroma_location": "topleft"
        },
        {
            "media_type": "video",
            "stream_index": 0,
            "key_frame": 1,
            "pts": 477,
            "pts_time": "15.916202",
            "pkt_dts": 477,
            "pkt_dts_time": "15.916202",
            "best_effort_timestamp": 477,
            "best_effort_timestamp_time": "15.916202",
            "duration": 1,
            "duration_time": "0.033367",
            "pkt_pos": "59354396",
            "pkt_size": "120000",
            "width": 720,
            "height": 480,
            "crop_top": 0,
            "crop_bottom": 0,
            "crop_left": 0,
            "crop_right": 0,
            "pix_fmt": "yuv411p",
            "sample_aspect_ratio": "8:9",
            "pict_type": "I",
            "interlaced_frame": 1,
            "top_field_first": 0,
            "repeat_pict": 0,
            "chroma_location": "topleft"
        },
        {
            "media_type": "video",
            "stream_index": 0,
            "key_frame": 1,
            "pts": 478,
            "pts_time": "15.949569",
            "pkt_dts": 478,
            "pkt_dts_time": "15.949569",
            "best_effort_timestamp": 478,
            "best_effort_timestamp_time": "15.949569",
            "duration": 1,
            "duration_time": "0.033367",
            "pkt_pos": "59474404",
            "pkt_size": "120000",
            "width": 720,
            "height": 480,
            "crop_top": 0,
            "crop_bottom": 0,
            "crop_left": 0,
            "crop_right": 0,
            "pix_fmt": "yuv411p",
            "sample_aspect_ratio": "8:9",
            "pict_type": "I",
            "interlaced_frame": 1,
            "top_field_first": 0,
            "repeat_pict": 0,
            "chroma_location": "topleft"
        },
        {
            "media_type": "video",
            "stream_index": 0,
            "key_frame": 1,
            "pts": 479,
            "pts_time": "15.982937",
            "pkt_dts": 479,
            "pkt_dts_time": "15.982937",
            "best_effort_timestamp": 479,
            "best_effort_timestamp_time": "15.982937",
            "duration": 1,
            "duration_time": "0.033367",
            "pkt_pos": "59594412",
            "pkt_size": "120000",
            "width": 720,
            "height": 480,
            "crop_top": 0,
            "crop_bottom": 0,
            "crop_left": 0,
            "crop_right": 0,
            "pix_fmt": "yuv411p",
            "sample_aspect_ratio": "8:9",
            "pict_type": "I",
            "interlaced_frame": 1,
            "top_field_first": 0,
            "repeat_pict": 0,
            "chroma_location": "topleft"
        },
        {
            "media_type": "video",
            "stream_index": 0,
            "key_frame": 1,
            "pts": 480,
            "pts_time": "16.016304",
            "pkt_dts": 480,
            "pkt_dts_time": "16.016304",
            "best_effort_timestamp": 480,
            "best_effort_timestamp_time": "16.016304",
            "duration": 1,
            "duration_time": "0.033367",
            "pkt_pos": "59714420",
            "pkt_size": "120000",
            "width": 720,
            "height": 480,
            "crop_top": 0,
            "crop_bottom": 0,
            "crop_left": 0,
            "crop_right": 0,
            "pix_fmt": "yuv411p",
            "sample_aspect_ratio": "8:9",
            "pict_type": "I",
            "interlaced_frame": 1,
            "top_field_first": 0,
            "repeat_pict": 0,
            "chroma_location": "topleft"
        },
        {
            "media_type": "video",
            "stream_index": 0,
            "key_frame": 1,
            "pts": 481,
            "pts_time": "16.049671",
            "pkt_dts": 481,
            "pkt_dts_time": "16.049671",
            "best_effort_timestamp": 481,
            "best_effort_timestamp_time": "16.049671",
            "duration": 1,
            "duration_time": "0.033367",
            "pkt_pos": "59834428",
            "pkt_size": "120000",
            "width": 720,
            "height": 480,
            "crop_top": 0,
            "crop_bottom": 0,
            "crop_left": 0,
            "crop_right": 0,
            "pix_fmt": "yuv411p",
            "sample_aspect_ratio": "8:9",
            "pict_type": "I",
            "interlaced_frame": 1,
            "top_field_first": 0,
            "repeat_pict": 0,
            "chroma_location": "topleft"
        },
        {
            "media_type": "video",
            "stream_index": 0,
            "key_frame": 1,
            "pts": 482,
            "pts_time": "16.083039",
            "pkt_dts": 482,
            "pkt_dts_time": "16.083039",
            "best_effort_timestamp": 482,
            "best_effort_timestamp_time": "16.083039",
            "duration": 1,
            "duration_time": "0.033367",
            "pkt_pos": "59954436",
            "pkt_size": "120000",
            "width": 720,
            "height": 480,
            "crop_top": 0,
            "crop_bottom": 0,
            "crop_left": 0,
            "crop_right": 0,
            "pix_fmt": "yuv411p",
            "sample_aspect_ratio": "8:9",
            "pict_type": "I",
            "interlaced_frame": 1,
            "top_field_first": 0,
            "repeat_pict": 0,
            "chroma_location": "topleft"
        },
        {
            "media_type": "video",
            "stream_index": 0,
            "key_frame": 1,
            "pts": 483,
            "pts_time": "16.116406",
            "pkt_dts": 483,
            "pkt_dts_time": "16.116406",
            "best_effort_timestamp": 483,
            "best_effort_timestamp_time": "16.116406",
            "duration": 1,
            "duration_time": "0.033367",
            "pkt_pos": "60074444",
            "pkt_size": "120000",
            "width": 720,
            "height": 480,
            "crop_top": 0,
            "crop_bottom": 0,
            "crop_left": 0,
            "crop_right": 0,
            "pix_fmt": "yuv411p",
            "sample_aspect_ratio": "8:9",
            "pict_type": "I",
            "interlaced_frame": 1,
            "top_field_first": 0,
            "repeat_pict": 0,
            "chroma_location": "topleft"
        },
        {
            "media_type": "video",
            "stream_index": 0,
            "key_frame": 1,
            "pts": 484,
            "pts_time": "16.149773",
            "pkt_dts": 484,
            "pkt_dts_time": "16.149773",
            "best_effort_timestamp": 484,
            "best_effort_timestamp_time": "16.149773",
            "duration": 1,
            "duration_time": "0.033367",
            "pkt_pos": "60194452",
            "pkt_size": "120000",
            "width": 720,
            "height": 480,
            "crop_top": 0,
            "crop_bottom": 0,
            "crop_left": 0,
            "crop_right": 0,
            "pix_fmt": "yuv411p",
            "sample_aspect_ratio": "8:9",
            "pict_type": "I",
            "interlaced_frame": 1,
            "top_field_first": 0,
            "repeat_pict": 0,
            "chroma_location": "topleft"
        },
        {
            "media_type": "video",
            "stream_index": 0,
            "key_frame": 1,
            "pts": 485,
            "pts_time": "16.183141",
            "pkt_dts": 485,
            "pkt_dts_time": "16.183141",
            "best_effort_timestamp": 485,
            "best_effort_timestamp_time": "16.183141",
            "duration": 1,
            "duration_time": "0.033367",
            "pkt_pos": "60314460",
            "pkt_size": "120000",
            "width": 720,
            "height": 480,
            "crop_top": 0,
            "crop_bottom": 0,
            "crop_left": 0,
            "crop_right": 0,
            "pix_fmt": "yuv411p",
            "sample_aspect_ratio": "8:9",
            "pict_type": "I",
            "interlaced_frame": 1,
            "top_field_first": 0,
            "repeat_pict": 0,
            "chroma_location": "topleft"
        },
        {
            "media_type": "video",
            "stream_index": 0,
            "key_frame": 1,
            "pts": 486,
            "pts_time": "16.216508",
            "pkt_dts": 486,
            "pkt_dts_time": "16.216508",
            "best_effort_timestamp": 486,
            "best_effort_timestamp_time": "16.216508",
            "duration": 1,
            "duration_time": "0.033367",
            "pkt_pos": "60434468",
            "pkt_size": "120000",
            "width": 720,
            "height": 480,
            "crop_top": 0,
            "crop_bottom": 0,
            "crop_left": 0,
            "crop_right": 0,
            "pix_fmt": "yuv411p",
            "sample_aspect_ratio": "8:9",
            "pict_type": "I",
            "interlaced_frame": 1,
            "top_field_first": 0,
            "repeat_pict": 0,
            "chroma_location": "topleft"
        },
        {
            "media_type": "video",
            "stream_index": 0,
            "key_frame": 1,
            "pts": 487,
            "pts_time": "16.249875",
            "pkt_dts": 487,
            "pkt_dts_time": "16.249875",
            "best_effort_timestamp": 487,
            "best_effort_timestamp_time": "16.249875",
            "duration": 1,
            "duration_time": "0.033367",
            "pkt_pos": "60554476",
            "pkt_size": "120000",
            "width": 720,
            "height": 480,
            "crop_top": 0,
            "crop_bottom": 0,
            "crop_left": 0,
            "crop_right": 0,
            "pix_fmt": "yuv411p",
            "sample_aspect_ratio": "8:9",
            "pict_type": "I",
            "interlaced_frame": 1,
            "top_field_first": 0,
            "repeat_pict": 0,
            "chroma_location": "topleft"
        },
        {
            "media_type": "video",
            "stream_index": 0,
            "key_frame": 1,
            "pts": 488,
            "pts_time": "16.283242",
            "pkt_dts": 488,
            "pkt_dts_time": "16.283242",
            "best_effort_timestamp": 488,
            "best_effort_timestamp_time": "16.283242",
            "duration": 1,
            "duration_time": "0.033367",
            "pkt_pos": "60674484",
            "pkt_size": "120000",
            "width": 720,
            "height": 480,
            "crop_top": 0,
            "crop_bottom": 0,
            "crop_left": 0,
            "crop_right": 0,
            "pix_fmt": "yuv411p",
            "sample_aspect_ratio": "8:9",
            "pict_type": "I",
            "interlaced_frame": 1,
            "top_field_first": 0,
            "repeat_pict": 0,
            "chroma_location": "topleft"
        },
        {
            "media_type": "video",
            "stream_index": 0,
            "key_frame": 1,
            "pts": 489,
            "pts_time": "16.316610",
            "pkt_dts": 489,
            "pkt_dts_time": "16.316610",
            "best_effort_timestamp": 489,
            "best_effort_timestamp_time": "16.316610",
            "duration": 1,
            "duration_time": "0.033367",
            "pkt_pos": "60794492",
            "pkt_size": "120000",
            "width": 720,
            "height": 480,
            "crop_top": 0,
            "crop_bottom": 0,
            "crop_left": 0,
            "crop_right": 0,
            "pix_fmt": "yuv411p",
            "sample_aspect_ratio": "8:9",
            "pict_type": "I",
            "interlaced_frame": 1,
            "top_field_first": 0,
            "repeat_pict": 0,
            "chroma_location": "topleft"
        },
        {
            "media_type": "video",
            "stream_index": 0,
            "key_frame": 1,
            "pts": 490,
            "pts_time": "16.349977",
            "pkt_dts": 490,
            "pkt_dts_time": "16.349977",
            "best_effort_timestamp": 490,
            "best_effort_timestamp_time": "16.349977",
            "duration": 1,
            "duration_time": "0.033367",
            "pkt_pos": "60914500",
            "pkt_size": "120000",
            "width": 720,
            "height": 480,
            "crop_top": 0,
            "crop_bottom": 0,
            "crop_left": 0,
            "crop_right": 0,
            "pix_fmt": "yuv411p",
            "sample_aspect_ratio": "8:9",
            "pict_type": "I",
            "interlaced_frame": 1,
            "top_field_first": 0,
            "repeat_pict": 0,
            "chroma_location": "topleft"
        },
        {
            "media_type": "video",
            "stream_index": 0,
            "key_frame": 1,
            "pts": 491,
            "pts_time": "16.383344",
            "pkt_dts": 491,
            "pkt_dts_time": "16.383344",
            "best_effort_timestamp": 491,
            "best_effort_timestamp_time": "16.383344",
            "duration": 1,
            "duration_time": "0.033367",
            "pkt_pos": "61034508",
            "pkt_size": "120000",
            "width": 720,
            "height": 480,
            "crop_top": 0,
            "crop_bottom": 0,
            "crop_left": 0,
            "crop_right": 0,
            "pix_fmt": "yuv411p",
            "sample_aspect_ratio": "8:9",
            "pict_type": "I",
            "interlaced_frame": 1,
            "top_field_first": 0,
            "repeat_pict": 0,
            "chroma_location": "topleft"
        },
        {
            "media_type": "video",
            "stream_index": 0,
            "key_frame": 1,
            "pts": 492,
            "pts_time": "16.416712",
            "pkt_dts": 492,
            "pkt_dts_time": "16.416712",
            "best_effort_timestamp": 492,
            "best_effort_timestamp_time": "16.416712",
            "duration": 1,
            "duration_time": "0.033367",
            "pkt_pos": "61154516",
            "pkt_size": "120000",
            "width": 720,
            "height": 480,
            "crop_top": 0,
            "crop_bottom": 0,
            "crop_left": 0,
            "crop_right": 0,
            "pix_fmt": "yuv411p",
            "sample_aspect_ratio": "8:9",
            "pict_type": "I",
            "interlaced_frame": 1,
            "top_field_first": 0,
            "repeat_pict": 0,
            "chroma_location": "topleft"
        },
        {
            "media_type": "video",
            "stream_index": 0,
            "key_frame": 1,
            "pts": 493,
            "pts_time": "16.450079",
            "pkt_dts": 493,
            "pkt_dts_time": "16.450079",
            "best_effort_timestamp": 493,
            "best_effort_timestamp_time": "16.450079",
            "duration": 1,
            "duration_time": "0.033367",
            "pkt_pos": "61398392",
            "pkt_size": "120000",
            "width": 720,
            "height": 480,
            "crop_top": 0,
            "crop_bottom": 0,
            "crop_left": 0,
            "crop_right": 0,
            "pix_fmt": "yuv411p",
            "sample_aspect_ratio": "8:9",
            "pict_type": "I",
            "interlaced_frame": 1,
            "top_field_first": 0,
            "repeat_pict": 0,
            "chroma_location": "topleft"
        },
        {
            "media_type": "video",
            "stream_index": 0,
            "key_frame": 1,
            "pts": 494,
            "pts_time": "16.483446",
            "pkt_dts": 494,
            "pkt_dts_time": "16.483446",
            "best_effort_timestamp": 494,
            "best_effort_timestamp_time": "16.483446",
            "duration": 1,
            "duration_time": "0.033367",
            "pkt_pos": "61518400",
            "pkt_size": "120000",
            "width": 720,
            "height": 480,
            "crop_top": 0,
            "crop_bottom": 0,
            "crop_left": 0,
            "crop_right": 0,
            "pix_fmt": "yuv411p",
            "sample_aspect_ratio": "8:9",
            "pict_type": "I",
            "interlaced_frame": 1,
            "top_field_first": 0,
            "repeat_pict": 0,
            "chroma_location": "topleft"
        },
        {
            "media_type": "video",
            "stream_index": 0,
            "key_frame": 1,
            "pts": 495,
            "pts_time": "16.516814",
            "pkt_dts": 495,
            "pkt_dts_time": "16.516814",
            "best_effort_timestamp": 495,
            "best_effort_timestamp_time": "16.516814",
            "duration": 1,
            "duration_time": "0.033367",
            "pkt_pos": "61638408",
            "pkt_size": "120000",
            "width": 720,
            "height": 480,
            "crop_top": 0,
            "crop_bottom": 0,
            "crop_left": 0,
            "crop_right": 0,
            "pix_fmt": "yuv411p",
            "sample_aspect_ratio": "8:9",
            "pict_type": "I",
            "interlaced_frame": 1,
            "top_field_first": 0,
            "repeat_pict": 0,
            "chroma_location": "topleft"
        },
        {
            "media_type": "video",
            "stream_index": 0,
            "key_frame": 1,
            "pts": 496,
            "pts_time": "16.550181",
            "pkt_dts": 496,
            "pkt_dts_time": "16.550181",
            "best_effort_timestamp": 496,
            "best_effort_timestamp_time": "16.550181",
            "duration": 1,
            "duration_time": "0.033367",
            "pkt_pos": "61758416",
            "pkt_size": "120000",
            "width": 720,
            "height": 480,
            "crop_top": 0,
            "crop_bottom": 0,
            "crop_left": 0,
            "crop_right": 0,
            "pix_fmt": "yuv411p",
            "sample_aspect_ratio": "8:9",
            "pict_type": "I",
            "interlaced_frame": 1,
            "top_field_first": 0,
            "repeat_pict": 0,
            "chroma_location": "topleft"
        },
        {
            "media_type": "video",
            "stream_index": 0,
            "key_frame": 1,
            "pts": 497,
            "pts_time": "16.583548",
            "pkt_dts": 497,
            "pkt_dts_time": "16.583548",
            "best_effort_timestamp": 497,
            "best_effort_timestamp_time": "16.583548",
            "duration": 1,
            "duration_time": "0.033367",
            "pkt_pos": "61878424",
            "pkt_size": "120000",
            "width": 720,
            "height": 480,
            "crop_top": 0,
            "crop_bottom": 0,
            "crop_left": 0,
            "crop_right": 0,
            "pix_fmt": "yuv411p",
            "sample_aspect_ratio": "8:9",
            "pict_type": "I",
            "interlaced_frame": 1,
            "top_field_first": 0,
            "repeat_pict": 0,
            "chroma_location": "topleft"
        },
        {
            "media_type": "video",
            "stream_index": 0,
            "key_frame": 1,
            "pts": 498,
            "pts_time": "16.616915",
            "pkt_dts": 498,
            "pkt_dts_time": "16.616915",
            "best_effort_timestamp": 498,
            "best_effort_timestamp_time": "16.616915",
            "duration": 1,
            "duration_time": "0.033367",
            "pkt_pos": "61998432",
            "pkt_size": "120000",
            "width": 720,
            "height": 480,
            "crop_top": 0,
            "crop_bottom": 0,
            "crop_left": 0,
            "crop_right": 0,
            "pix_fmt": "yuv411p",
            "sample_aspect_ratio": "8:9",
            "pict_type": "I",
            "interlaced_frame": 1,
            "top_field_first": 0,
            "repeat_pict": 0,
            "chroma_location": "topleft"
        },
        {
            "media_type": "video",
            "stream_index": 0,
            "key_frame": 1,
            "pts": 499,
            "pts_time": "16.650283",
            "pkt_dts": 499,
            "pkt_dts_time": "16.650283",
            "best_effort_timestamp": 499,
            "best_effort_timestamp_time": "16.650283",
            "duration": 1,
            "duration_time": "0.033367",
            "pkt_pos": "62118440",
            "pkt_size": "120000",
            "width": 720,
            "height": 480,
            "crop_top": 0,
            "crop_bottom": 0,
            "crop_left": 0,
            "crop_right": 0,
            "pix_fmt": "yuv411p",
            "sample_aspect_ratio": "8:9",
            "pict_type": "I",
            "interlaced_frame": 1,
            "top_field_first": 0,
            "repeat_pict": 0,
            "chroma_location": "topleft"
        },
        {
            "media_type": "video",
            "stream_index": 0,
            "key_frame": 1,
            "pts": 500,
            "pts_time": "16.683650",
            "pkt_dts": 500,
            "pkt_dts_time": "16.683650",
            "best_effort_timestamp": 500,
            "best_effort_timestamp_time": "16.683650",
            "duration": 1,
            "duration_time": "0.033367",
            "pkt_pos": "62238448",
            "pkt_size": "120000",
            "width": 720,
            "height": 480,
            "crop_top": 0,
            "crop_bottom": 0,
            "crop_left": 0,
            "crop_right": 0,
            "pix_fmt": "yuv411p",
            "sample_aspect_ratio": "8:9",
            "pict_type": "I",
            "interlaced_frame": 1,
            "top_field_first": 0,
            "repeat_pict": 0,
            "chroma_location": "topleft"
        },
        {
            "media_type": "video",
            "stream_index": 0,
            "key_frame": 1,
            "pts": 501,
            "pts_time": "16.717017",
            "pkt_dts": 501,
            "pkt_dts_time": "16.717017",
            "best_effort_timestamp": 501,
            "best_effort_timestamp_time": "16.717017",
            "duration": 1,
            "duration_time": "0.033367",
            "pkt_pos": "62358456",
            "pkt_size": "120000",
            "width": 720,
            "height": 480,
            "crop_top": 0,
            "crop_bottom": 0,
            "crop_left": 0,
            "crop_right": 0,
            "pix_fmt": "yuv411p",
            "sample_aspect_ratio": "8:9",
            "pict_type": "I",
            "interlaced_frame": 1,
            "top_field_first": 0,
            "repeat_pict": 0,
            "chroma_location": "topleft"
        },
        {
            "media_type": "video",
            "stream_index": 0,
            "key_frame": 1,
            "pts": 502,
            "pts_time": "16.750385",
            "pkt_dts": 502,
            "pkt_dts_time": "16.750385",
            "best_effort_timestamp": 502,
            "best_effort_timestamp_time": "16.750385",
            "duration": 1,
            "duration_time": "0.033367",
            "pkt_pos": "62478464",
            "pkt_size": "120000",
            "width": 720,
            "height": 480,
            "crop_top": 0,
            "crop_bottom": 0,
            "crop_left": 0,
            "crop_right": 0,
            "pix_fmt": "yuv411p",
            "sample_aspect_ratio": "8:9",
            "pict_type": "I",
            "interlaced_frame": 1,
            "top_field_first": 0,
            "repeat_pict": 0,
            "chroma_location": "topleft"
        },
        {
            "media_type": "video",
            "stream_index": 0,
            "key_frame": 1,
            "pts": 503,
            "pts_time": "16.783752",
            "pkt_dts": 503,
            "pkt_dts_time": "16.783752",
            "best_effort_timestamp": 503,
            "best_effort_timestamp_time": "16.783752",
            "duration": 1,
            "duration_time": "0.033367",
            "pkt_pos": "62598472",
            "pkt_size": "120000",
            "width": 720,
            "height": 480,
            "crop_top": 0,
            "crop_bottom": 0,
            "crop_left": 0,
            "crop_right": 0,
            "pix_fmt": "yuv411p",
            "sample_aspect_ratio": "8:9",
            "pict_type": "I",
            "interlaced_frame": 1,
            "top_field_first": 0,
            "repeat_pict": 0,
            "chroma_location": "topleft"
        },
        {
            "media_type": "video",
            "stream_index": 0,
            "key_frame": 1,
            "pts": 504,
            "pts_time": "16.817119",
            "pkt_dts": 504,
            "pkt_dts_time": "16.817119",
            "best_effort_timestamp": 504,
            "best_effort_timestamp_time": "16.817119",
            "duration": 1,
            "duration_time": "0.033367",
            "pkt_pos": "62718480",
            "pkt_size": "120000",
            "width": 720,
            "height": 480,
            "crop_top": 0,
            "crop_bottom": 0,
            "crop_left": 0,
            "crop_right": 0,
            "pix_fmt": "yuv411p",
            "sample_aspect_ratio": "8:9",
            "pict_type": "I",
            "interlaced_frame": 1,
            "top_field_first": 0,
            "repeat_pict": 0,
            "chroma_location": "topleft"
        },
        {
            "media_type": "video",
            "stream_index": 0,
            "key_frame": 1,
            "pts": 505,
            "pts_time": "16.850487",
            "pkt_dts": 505,
            "pkt_dts_time": "16.850487",
            "best_effort_timestamp": 505,
            "best_effort_timestamp_time": "16.850487",
            "duration": 1,
            "duration_time": "0.033367",
            "pkt_pos": "62838488",
            "pkt_size": "120000",
            "width": 720,
            "height": 480,
            "crop_top": 0,
            "crop_bottom": 0,
            "crop_left": 0,
            "crop_right": 0,
            "pix_fmt": "yuv411p",
            "sample_aspect_ratio": "8:9",
            "pict_type": "I",
            "interlaced_frame": 1,
            "top_field_first": 0,
            "repeat_pict": 0,
            "chroma_location": "topleft"
        },
        {
            "media_type": "video",
            "stream_index": 0,
            "key_frame": 1,
            "pts": 506,
            "pts_time": "16.883854",
            "pkt_dts": 506,
            "pkt_dts_time": "16.883854",
            "best_effort_timestamp": 506,
            "best_effort_timestamp_time": "16.883854",
            "duration": 1,
            "duration_time": "0.033367",
            "pkt_pos": "62958496",
            "pkt_size": "120000",
            "width": 720,
            "height": 480,
            "crop_top": 0,
            "crop_bottom": 0,
            "crop_left": 0,
            "crop_right": 0,
            "pix_fmt": "yuv411p",
            "sample_aspect_ratio": "8:9",
            "pict_type": "I",
            "interlaced_frame": 1,
            "top_field_first": 0,
            "repeat_pict": 0,
            "chroma_location": "topleft"
        },
        {
            "media_type": "video",
            "stream_index": 0,
            "key_frame": 1,
            "pts": 507,
            "pts_time": "16.917221",
            "pkt_dts": 507,
            "pkt_dts_time": "16.917221",
            "best_effort_timestamp": 507,
            "best_effort_timestamp_time": "16.917221",
            "duration": 1,
            "duration_time": "0.033367",
            "pkt_pos": "63078504",
            "pkt_size": "120000",
            "width": 720,
            "height": 480,
            "crop_top": 0,
            "crop_bottom": 0,
            "crop_left": 0,
            "crop_right": 0,
            "pix_fmt": "yuv411p",
            "sample_aspect_ratio": "8:9",
            "pict_type": "I",
            "interlaced_frame": 1,
            "top_field_first": 0,
            "repeat_pict": 0,
            "chroma_location": "topleft"
        },
        {
            "media_type": "video",
            "stream_index": 0,
            "key_frame": 1,
            "pts": 508,
            "pts_time": "16.950588",
            "pkt_dts": 508,
            "pkt_dts_time": "16.950588",
            "best_effort_timestamp": 508,
            "best_effort_timestamp_time": "16.950588",
            "duration": 1,
            "duration_time": "0.033367",
            "pkt_pos": "63198512",
            "pkt_size": "120000",
            "width": 720,
            "height": 480,
            "crop_top": 0,
            "crop_bottom": 0,
            "crop_left": 0,
            "crop_right": 0,
            "pix_fmt": "yuv411p",
            "sample_aspect_ratio": "8:9",
            "pict_type": "I",
            "interlaced_frame": 1,
            "top_field_first": 0,
            "repeat_pict": 0,
            "chroma_location": "topleft"
        },
        {
            "media_type": "video",
            "stream_index": 0,
            "key_frame": 1,
            "pts": 509,
            "pts_time": "16.983956",
            "pkt_dts": 509,
            "pkt_dts_time": "16.983956",
            "best_effort_timestamp": 509,
            "best_effort_timestamp_time": "16.983956",
            "duration": 1,
            "duration_time": "0.033367",
            "pkt_pos": "63318520",
            "pkt_size": "120000",
            "width": 720,
            "height": 480,
            "crop_top": 0,
            "crop_bottom": 0,
            "crop_left": 0,
            "crop_right": 0,
            "pix_fmt": "yuv411p",
            "sample_aspect_ratio": "8:9",
            "pict_type": "I",
            "interlaced_frame": 1,
            "top_field_first": 0,
            "repeat_pict": 0,
            "chroma_location": "topleft"
        },
        {
            "media_type": "video",
            "stream_index": 0,
            "key_frame": 1,
            "pts": 510,
            "pts_time": "17.017323",
            "pkt_dts": 510,
            "pkt_dts_time": "17.017323",
            "best_effort_timestamp": 510,
            "best_effort_timestamp_time": "17.017323",
            "duration": 1,
            "duration_time": "0.033367",
            "pkt_pos": "63438528",
            "pkt_size": "120000",
            "width": 720,
            "height": 480,
            "crop_top": 0,
            "crop_bottom": 0,
            "crop_left": 0,
            "crop_right": 0,
            "pix_fmt": "yuv411p",
            "sample_aspect_ratio": "8:9",
            "pict_type": "I",
            "interlaced_frame": 1,
            "top_field_first": 0,
            "repeat_pict": 0,
            "chroma_location": "topleft"
        },
        {
            "media_type": "video",
            "stream_index": 0,
            "key_frame": 1,
            "pts": 511,
            "pts_time": "17.050690",
            "pkt_dts": 511,
            "pkt_dts_time": "17.050690",
            "best_effort_timestamp": 511,
            "best_effort_timestamp_time": "17.050690",
            "duration": 1,
            "duration_time": "0.033367",
            "pkt_pos": "63558536",
            "pkt_size": "120000",
            "width": 720,
            "height": 480,
            "crop_top": 0,
            "crop_bottom": 0,
            "crop_left": 0,
            "crop_right": 0,
            "pix_fmt": "yuv411p",
            "sample_aspect_ratio": "8:9",
            "pict_type": "I",
            "interlaced_frame": 1,
            "top_field_first": 0,
            "repeat_pict": 0,
            "chroma_location": "topleft"
        },
        {
            "media_type": "video",
            "stream_index": 0,
            "key_frame": 1,
            "pts": 512,
            "pts_time": "17.084058",
            "pkt_dts": 512,
            "pkt_dts_time": "17.084058",
            "best_effort_timestamp": 512,
            "best_effort_timestamp_time": "17.084058",
            "duration": 1,
            "duration_time": "0.033367",
            "pkt_pos": "63678544",
            "pkt_size": "120000",
            "width": 720,
            "height": 480,
            "crop_top": 0,
            "crop_bottom": 0,
            "crop_left": 0,
            "crop_right": 0,
            "pix_fmt": "yuv411p",
            "sample_aspect_ratio": "8:9",
            "pict_type": "I",
            "interlaced_frame": 1,
            "top_field_first": 0,
            "repeat_pict": 0,
            "chroma_location": "topleft"
        },
        {
            "media_type": "video",
            "stream_index": 0,
            "key_frame": 1,
            "pts": 513,
            "pts_time": "17.117425",
            "pkt_dts": 513,
            "pkt_dts_time": "17.117425",
            "best_effort_timestamp": 513,
            "best_effort_timestamp_time": "17.117425",
            "duration": 1,
            "duration_time": "0.033367",
            "pkt_pos": "63798552",
            "pkt_size": "120000",
            "width": 720,
            "height": 480,
            "crop_top": 0,
            "crop_bottom": 0,
            "crop_left": 0,
            "crop_right": 0,
            "pix_fmt": "yuv411p",
            "sample_aspect_ratio": "8:9",
            "pict_type": "I",
            "interlaced_frame": 1,
            "top_field_first": 0,
            "repeat_pict": 0,
            "chroma_location": "topleft"
        },
        {
            "media_type": "video",
            "stream_index": 0,
            "key_frame": 1,
            "pts": 514,
            "pts_time": "17.150792",
            "pkt_dts": 514,
            "pkt_dts_time": "17.150792",
            "best_effort_timestamp": 514,
            "best_effort_timestamp_time": "17.150792",
            "duration": 1,
            "duration_time": "0.033367",
            "pkt_pos": "63918560",
            "pkt_size": "120000",
            "width": 720,
            "height": 480,
            "crop_top": 0,
            "crop_bottom": 0,
            "crop_left": 0,
            "crop_right": 0,
            "pix_fmt": "yuv411p",
            "sample_aspect_ratio": "8:9",
            "pict_type": "I",
            "interlaced_frame": 1,
            "top_field_first": 0,
            "repeat_pict": 0,
            "chroma_location": "topleft"
        },
        {
            "media_type": "video",
            "stream_index": 0,
            "key_frame": 1,
            "pts": 515,
            "pts_time": "17.184159",
            "pkt_dts": 515,
            "pkt_dts_time": "17.184159",
            "best_effort_timestamp": 515,
            "best_effort_timestamp_time": "17.184159",
            "duration": 1,
            "duration_time": "0.033367",
            "pkt_pos": "64038568",
            "pkt_size": "120000",
            "width": 720,
            "height": 480,
            "crop_top": 0,
            "crop_bottom": 0,
            "crop_left": 0,
            "crop_right": 0,
            "pix_fmt": "yuv411p",
            "sample_aspect_ratio": "8:9",
            "pict_type": "I",
            "interlaced_frame": 1,
            "top_field_first": 0,
            "repeat_pict": 0,
            "chroma_location": "topleft"
        },
        {
            "media_type": "video",
            "stream_index": 0,
            "key_frame": 1,
            "pts": 516,
            "pts_time": "17.217527",
            "pkt_dts": 516,
            "pkt_dts_time": "17.217527",
            "best_effort_timestamp": 516,
            "best_effort_timestamp_time": "17.217527",
            "duration": 1,
            "duration_time": "0.033367",
            "pkt_pos": "64158576",
            "pkt_size": "120000",
            "width": 720,
            "height": 480,
            "crop_top": 0,
            "crop_bottom": 0,
            "crop_left": 0,
            "crop_right": 0,
            "pix_fmt": "yuv411p",
            "sample_aspect_ratio": "8:9",
            "pict_type": "I",
            "interlaced_frame": 1,
            "top_field_first": 0,
            "repeat_pict": 0,
            "chroma_location": "topleft"
        },
        {
            "media_type": "video",
            "stream_index": 0,
            "key_frame": 1,
            "pts": 517,
            "pts_time": "17.250894",
            "pkt_dts": 517,
            "pkt_dts_time": "17.250894",
            "best_effort_timestamp": 517,
            "best_effort_timestamp_time": "17.250894",
            "duration": 1,
            "duration_time": "0.033367",
            "pkt_pos": "64278584",
            "pkt_size": "120000",
            "width": 720,
            "height": 480,
            "crop_top": 0,
            "crop_bottom": 0,
            "crop_left": 0,
            "crop_right": 0,
            "pix_fmt": "yuv411p",
            "sample_aspect_ratio": "8:9",
            "pict_type": "I",
            "interlaced_frame": 1,
            "top_field_first": 0,
            "repeat_pict": 0,
            "chroma_location": "topleft"
        },
        {
            "media_type": "video",
            "stream_index": 0,
            "key_frame": 1,
            "pts": 518,
            "pts_time": "17.284261",
            "pkt_dts": 518,
            "pkt_dts_time": "17.284261",
            "best_effort_timestamp": 518,
            "best_effort_timestamp_time": "17.284261",
            "duration": 1,
            "duration_time": "0.033367",
            "pkt_pos": "64398592",
            "pkt_size": "120000",
            "width": 720,
            "height": 480,
            "crop_top": 0,
            "crop_bottom": 0,
            "crop_left": 0,
            "crop_right": 0,
            "pix_fmt": "yuv411p",
            "sample_aspect_ratio": "8:9",
            "pict_type": "I",
            "interlaced_frame": 1,
            "top_field_first": 0,
            "repeat_pict": 0,
            "chroma_location": "topleft"
        },
        {
            "media_type": "video",
            "stream_index": 0,
            "key_frame": 1,
            "pts": 519,
            "pts_time": "17.317629",
            "pkt_dts": 519,
            "pkt_dts_time": "17.317629",
            "best_effort_timestamp": 519,
            "best_effort_timestamp_time": "17.317629",
            "duration": 1,
            "duration_time": "0.033367",
            "pkt_pos": "64518600",
            "pkt_size": "120000",
            "width": 720,
            "height": 480,
            "crop_top": 0,
            "crop_bottom": 0,
            "crop_left": 0,
            "crop_right": 0,
            "pix_fmt": "yuv411p",
            "sample_aspect_ratio": "8:9",
            "pict_type": "I",
            "interlaced_frame": 1,
            "top_field_first": 0,
            "repeat_pict": 0,
            "chroma_location": "topleft"
        },
        {
            "media_type": "video",
            "stream_index": 0,
            "key_frame": 1,
            "pts": 520,
            "pts_time": "17.350996",
            "pkt_dts": 520,
            "pkt_dts_time": "17.350996",
            "best_effort_timestamp": 520,
            "best_effort_timestamp_time": "17.350996",
            "duration": 1,
            "duration_time": "0.033367",
            "pkt_pos": "64638608",
            "pkt_size": "120000",
            "width": 720,
            "height": 480,
            "crop_top": 0,
            "crop_bottom": 0,
            "crop_left": 0,
            "crop_right": 0,
            "pix_fmt": "yuv411p",
            "sample_aspect_ratio": "8:9",
            "pict_type": "I",
            "interlaced_frame": 1,
            "top_field_first": 0,
            "repeat_pict": 0,
            "chroma_location": "topleft"
        },
        {
            "media_type": "video",
            "stream_index": 0,
            "key_frame": 1,
            "pts": 521,
            "pts_time": "17.384363",
            "pkt_dts": 521,
            "pkt_dts_time": "17.384363",
            "best_effort_timestamp": 521,
            "best_effort_timestamp_time": "17.384363",
            "duration": 1,
            "duration_time": "0.033367",
            "pkt_pos": "64758616",
            "pkt_size": "120000",
            "width": 720,
            "height": 480,
            "crop_top": 0,
            "crop_bottom": 0,
            "crop_left": 0,
            "crop_right": 0,
            "pix_fmt": "yuv411p",
            "sample_aspect_ratio": "8:9",
            "pict_type": "I",
            "interlaced_frame": 1,
            "top_field_first": 0,
            "repeat_pict": 0,
            "chroma_location": "topleft"
        },
        {
            "media_type": "video",
            "stream_index": 0,
            "key_frame": 1,
            "pts": 522,
            "pts_time": "17.417731",
            "pkt_dts": 522,
            "pkt_dts_time": "17.417731",
            "best_effort_timestamp": 522,
            "best_effort_timestamp_time": "17.417731",
            "duration": 1,
            "duration_time": "0.033367",
            "pkt_pos": "65002488",
            "pkt_size": "120000",
            "width": 720,
            "height": 480,
            "crop_top": 0,
            "crop_bottom": 0,
            "crop_left": 0,
            "crop_right": 0,
            "pix_fmt": "yuv411p",
            "sample_aspect_ratio": "8:9",
            "pict_type": "I",
            "interlaced_frame": 1,
            "top_field_first": 0,
            "repeat_pict": 0,
            "chroma_location": "topleft"
        },
        {
            "media_type": "video",
            "stream_index": 0,
            "key_frame": 1,
            "pts": 523,
            "pts_time": "17.451098",
            "pkt_dts": 523,
            "pkt_dts_time": "17.451098",
            "best_effort_timestamp": 523,
            "best_effort_timestamp_time": "17.451098",
            "duration": 1,
            "duration_time": "0.033367",
            "pkt_pos": "65122496",
            "pkt_size": "120000",
            "width": 720,
            "height": 480,
            "crop_top": 0,
            "crop_bottom": 0,
            "crop_left": 0,
            "crop_right": 0,
            "pix_fmt": "yuv411p",
            "sample_aspect_ratio": "8:9",
            "pict_type": "I",
            "interlaced_frame": 1,
            "top_field_first": 0,
            "repeat_pict": 0,
            "chroma_location": "topleft"
        },
        {
            "media_type": "video",
            "stream_index": 0,
            "key_frame": 1,
            "pts": 524,
            "pts_time": "17.484465",
            "pkt_dts": 524,
            "pkt_dts_time": "17.484465",
            "best_effort_timestamp": 524,
            "best_effort_timestamp_time": "17.484465",
            "duration": 1,
            "duration_time": "0.033367",
            "pkt_pos": "65242504",
            "pkt_size": "120000",
            "width": 720,
            "height": 480,
            "crop_top": 0,
            "crop_bottom": 0,
            "crop_left": 0,
            "crop_right": 0,
            "pix_fmt": "yuv411p",
            "sample_aspect_ratio": "8:9",
            "pict_type": "I",
            "interlaced_frame": 1,
            "top_field_first": 0,
            "repeat_pict": 0,
            "chroma_location": "topleft"
        },
        {
            "media_type": "video",
            "stream_index": 0,
            "key_frame": 1,
            "pts": 525,
            "pts_time": "17.517833",
            "pkt_dts": 525,
            "pkt_dts_time": "17.517833",
            "best_effort_timestamp": 525,
            "best_effort_timestamp_time": "17.517833",
            "duration": 1,
            "duration_time": "0.033367",
            "pkt_pos": "65362512",
            "pkt_size": "120000",
            "width": 720,
            "height": 480,
            "crop_top": 0,
            "crop_bottom": 0,
            "crop_left": 0,
            "crop_right": 0,
            "pix_fmt": "yuv411p",
            "sample_aspect_ratio": "8:9",
            "pict_type": "I",
            "interlaced_frame": 1,
            "top_field_first": 0,
            "repeat_pict": 0,
            "chroma_location": "topleft"
        },
        {
            "media_type": "video",
            "stream_index": 0,
            "key_frame": 1,
            "pts": 526,
            "pts_time": "17.551200",
            "pkt_dts": 526,
            "pkt_dts_time": "17.551200",
            "best_effort_timestamp": 526,
            "best_effort_timestamp_time": "17.551200",
            "duration": 1,
            "duration_time": "0.033367",
            "pkt_pos": "65482520",
            "pkt_size": "120000",
            "width": 720,
            "height": 480,
            "crop_top": 0,
            "crop_bottom": 0,
            "crop_left": 0,
            "crop_right": 0,
            "pix_fmt": "yuv411p",
            "sample_aspect_ratio": "8:9",
            "pict_type": "I",
            "interlaced_frame": 1,
            "top_field_first": 0,
            "repeat_pict": 0,
            "chroma_location": "topleft"
        },
        {
            "media_type": "video",
            "stream_index": 0,
            "key_frame": 1,
            "pts": 527,
            "pts_time": "17.584567",
            "pkt_dts": 527,
            "pkt_dts_time": "17.584567",
            "best_effort_timestamp": 527,
            "best_effort_timestamp_time": "17.584567",
            "duration": 1,
            "duration_time": "0.033367",
            "pkt_pos": "65602528",
            "pkt_size": "120000",
            "width": 720,
            "height": 480,
            "crop_top": 0,
            "crop_bottom": 0,
            "crop_left": 0,
            "crop_right": 0,
            "pix_fmt": "yuv411p",
            "sample_aspect_ratio": "8:9",
            "pict_type": "I",
            "interlaced_frame": 1,
            "top_field_first": 0,
            "repeat_pict": 0,
            "chroma_location": "topleft"
        },
        {
            "media_type": "video",
            "stream_index": 0,
            "key_frame": 1,
            "pts": 528,
            "pts_time": "17.617934",
            "pkt_dts": 528,
            "pkt_dts_time": "17.617934",
            "best_effort_timestamp": 528,
            "best_effort_timestamp_time": "17.617934",
            "duration": 1,
            "duration_time": "0.033367",
            "pkt_pos": "65722536",
            "pkt_size": "120000",
            "width": 720,
            "height": 480,
            "crop_top": 0,
            "crop_bottom": 0,
            "crop_left": 0,
            "crop_right": 0,
            "pix_fmt": "yuv411p",
            "sample_aspect_ratio": "8:9",
            "pict_type": "I",
            "interlaced_frame": 1,
            "top_field_first": 0,
            "repeat_pict": 0,
            "chroma_location": "topleft"
        },
        {
            "media_type": "video",
            "stream_index": 0,
            "key_frame": 1,
            "pts": 529,
            "pts_time": "17.651302",
            "pkt_dts": 529,
            "pkt_dts_time": "17.651302",
            "best_effort_timestamp": 529,
            "best_effort_timestamp_time": "17.651302",
            "duration": 1,
            "duration_time": "0.033367",
            "pkt_pos": "65842544",
            "pkt_size": "120000",
            "width": 720,
            "height": 480,
            "crop_top": 0,
            "crop_bottom": 0,
            "crop_left": 0,
            "crop_right": 0,
            "pix_fmt": "yuv411p",
            "sample_aspect_ratio": "8:9",
            "pict_type": "I",
            "interlaced_frame": 1,
            "top_field_first": 0,
            "repeat_pict": 0,
            "chroma_location": "topleft"
        },
        {
            "media_type": "video",
            "stream_index": 0,
            "key_frame": 1,
            "pts": 530,
            "pts_time": "17.684669",
            "pkt_dts": 530,
            "pkt_dts_time": "17.684669",
            "best_effort_timestamp": 530,
            "best_effort_timestamp_time": "17.684669",
            "duration": 1,
            "duration_time": "0.033367",
            "pkt_pos": "65962552",
            "pkt_size": "120000",
            "width": 720,
            "height": 480,
            "crop_top": 0,
            "crop_bottom": 0,
            "crop_left": 0,
            "crop_right": 0,
            "pix_fmt": "yuv411p",
            "sample_aspect_ratio": "8:9",
            "pict_type": "I",
            "interlaced_frame": 1,
            "top_field_first": 0,
            "repeat_pict": 0,
            "chroma_location": "topleft"
        },
        {
            "media_type": "video",
            "stream_index": 0,
            "key_frame": 1,
            "pts": 531,
            "pts_time": "17.718036",
            "pkt_dts": 531,
            "pkt_dts_time": "17.718036",
            "best_effort_timestamp": 531,
            "best_effort_timestamp_time": "17.718036",
            "duration": 1,
            "duration_time": "0.033367",
            "pkt_pos": "66082560",
            "pkt_size": "120000",
            "width": 720,
            "height": 480,
            "crop_top": 0,
            "crop_bottom": 0,
            "crop_left": 0,
            "crop_right": 0,
            "pix_fmt": "yuv411p",
            "sample_aspect_ratio": "8:9",
            "pict_type": "I",
            "interlaced_frame": 1,
            "top_field_first": 0,
            "repeat_pict": 0,
            "chroma_location": "topleft"
        },
        {
            "media_type": "video",
            "stream_index": 0,
            "key_frame": 1,
            "pts": 532,
            "pts_time": "17.751404",
            "pkt_dts": 532,
            "pkt_dts_time": "17.751404",
            "best_effort_timestamp": 532,
            "best_effort_timestamp_time": "17.751404",
            "duration": 1,
            "duration_time": "0.033367",
            "pkt_pos": "66202568",
            "pkt_size": "120000",
            "width": 720,
            "height": 480,
            "crop_top": 0,
            "crop_bottom": 0,
            "crop_left": 0,
            "crop_right": 0,
            "pix_fmt": "yuv411p",
            "sample_aspect_ratio": "8:9",
            "pict_type": "I",
            "interlaced_frame": 1,
            "top_field_first": 0,
            "repeat_pict": 0,
            "chroma_location": "topleft"
        },
        {
            "media_type": "video",
            "stream_index": 0,
            "key_frame": 1,
            "pts": 533,
            "pts_time": "17.784771",
            "pkt_dts": 533,
            "pkt_dts_time": "17.784771",
            "best_effort_timestamp": 533,
            "best_effort_timestamp_time": "17.784771",
            "duration": 1,
            "duration_time": "0.033367",
            "pkt_pos": "66322576",
            "pkt_size": "120000",
            "width": 720,
            "height": 480,
            "crop_top": 0,
            "crop_bottom": 0,
            "crop_left": 0,
            "crop_right": 0,
            "pix_fmt": "yuv411p",
            "sample_aspect_ratio": "8:9",
            "pict_type": "I",
            "interlaced_frame": 1,
            "top_field_first": 0,
            "repeat_pict": 0,
            "chroma_location": "topleft"
        },
        {
            "media_type": "video",
            "stream_index": 0,
            "key_frame": 1,
            "pts": 534,
            "pts_time": "17.818138",
            "pkt_dts": 534,
            "pkt_dts_time": "17.818138",
            "best_effort_timestamp": 534,
            "best_effort_timestamp_time": "17.818138",
            "duration": 1,
            "duration_time": "0.033367",
            "pkt_pos": "66442584",
            "pkt_size": "120000",
            "width": 720,
            "height": 480,
            "crop_top": 0,
            "crop_bottom": 0,
            "crop_left": 0,
            "crop_right": 0,
            "pix_fmt": "yuv411p",
            "sample_aspect_ratio": "8:9",
            "pict_type": "I",
            "interlaced_frame": 1,
            "top_field_first": 0,
            "repeat_pict": 0,
            "chroma_location": "topleft"
        },
        {
            "media_type": "video",
            "stream_index": 0,
            "key_frame": 1,
            "pts": 535,
            "pts_time": "17.851506",
            "pkt_dts": 535,
            "pkt_dts_time": "17.851506",
            "best_effort_timestamp": 535,
            "best_effort_timestamp_time": "17.851506",
            "duration": 1,
            "duration_time": "0.033367",
            "pkt_pos": "66562592",
            "pkt_size": "120000",
            "width": 720,
            "height": 480,
            "crop_top": 0,
            "crop_bottom": 0,
            "crop_left": 0,
            "crop_right": 0,
            "pix_fmt": "yuv411p",
            "sample_aspect_ratio": "8:9",
            "pict_type": "I",
            "interlaced_frame": 1,
            "top_field_first": 0,
            "repeat_pict": 0,
            "chroma_location": "topleft"
        },
        {
            "media_type": "video",
            "stream_index": 0,
            "key_frame": 1,
            "pts": 536,
            "pts_time": "17.884873",
            "pkt_dts": 536,
            "pkt_dts_time": "17.884873",
            "best_effort_timestamp": 536,
            "best_effort_timestamp_time": "17.884873",
            "duration": 1,
            "duration_time": "0.033367",
            "pkt_pos": "66682600",
            "pkt_size": "120000",
            "width": 720,
            "height": 480,
            "crop_top": 0,
            "crop_bottom": 0,
            "crop_left": 0,
            "crop_right": 0,
            "pix_fmt": "yuv411p",
            "sample_aspect_ratio": "8:9",
            "pict_type": "I",
            "interlaced_frame": 1,
            "top_field_first": 0,
            "repeat_pict": 0,
            "chroma_location": "topleft"
        },
        {
            "media_type": "video",
            "stream_index": 0,
            "key_frame": 1,
            "pts": 537,
            "pts_time": "17.918240",
            "pkt_dts": 537,
            "pkt_dts_time": "17.918240",
            "best_effort_timestamp": 537,
            "best_effort_timestamp_time": "17.918240",
            "duration": 1,
            "duration_time": "0.033367",
            "pkt_pos": "66802608",
            "pkt_size": "120000",
            "width": 720,
            "height": 480,
            "crop_top": 0,
            "crop_bottom": 0,
            "crop_left": 0,
            "crop_right": 0,
            "pix_fmt": "yuv411p",
            "sample_aspect_ratio": "8:9",
            "pict_type": "I",
            "interlaced_frame": 1,
            "top_field_first": 0,
            "repeat_pict": 0,
            "chroma_location": "topleft"
        },
        {
            "media_type": "video",
            "stream_index": 0,
            "key_frame": 1,
            "pts": 538,
            "pts_time": "17.951607",
            "pkt_dts": 538,
            "pkt_dts_time": "17.951607",
            "best_effort_timestamp": 538,
            "best_effort_timestamp_time": "17.951607",
            "duration": 1,
            "duration_time": "0.033367",
            "pkt_pos": "66922616",
            "pkt_size": "120000",
            "width": 720,
            "height": 480,
            "crop_top": 0,
            "crop_bottom": 0,
            "crop_left": 0,
            "crop_right": 0,
            "pix_fmt": "yuv411p",
            "sample_aspect_ratio": "8:9",
            "pict_type": "I",
            "interlaced_frame": 1,
            "top_field_first": 0,
            "repeat_pict": 0,
            "chroma_location": "topleft"
        },
        {
            "media_type": "video",
            "stream_index": 0,
            "key_frame": 1,
            "pts": 539,
            "pts_time": "17.984975",
            "pkt_dts": 539,
            "pkt_dts_time": "17.984975",
            "best_effort_timestamp": 539,
            "best_effort_timestamp_time": "17.984975",
            "duration": 1,
            "duration_time": "0.033367",
            "pkt_pos": "67042624",
            "pkt_size": "120000",
            "width": 720,
            "height": 480,
            "crop_top": 0,
            "crop_bottom": 0,
            "crop_left": 0,
            "crop_right": 0,
            "pix_fmt": "yuv411p",
            "sample_aspect_ratio": "8:9",
            "pict_type": "I",
            "interlaced_frame": 1,
            "top_field_first": 0,
            "repeat_pict": 0,
            "chroma_location": "topleft"
        },
        {
            "media_type": "video",
            "stream_index": 0,
            "key_frame": 1,
            "pts": 540,
            "pts_time": "18.018342",
            "pkt_dts": 540,
            "pkt_dts_time": "18.018342",
            "best_effort_timestamp": 540,
            "best_effort_timestamp_time": "18.018342",
            "duration": 1,
            "duration_time": "0.033367",
            "pkt_pos": "67162632",
            "pkt_size": "120000",
            "width": 720,
            "height": 480,
            "crop_top": 0,
            "crop_bottom": 0,
            "crop_left": 0,
            "crop_right": 0,
            "pix_fmt": "yuv411p",
            "sample_aspect_ratio": "8:9",
            "pict_type": "I",
            "interlaced_frame": 1,
            "top_field_first": 0,
            "repeat_pict": 0,
            "chroma_location": "topleft"
        },
        {
            "media_type": "video",
            "stream_index": 0,
            "key_frame": 1,
            "pts": 541,
            "pts_time": "18.051709",
            "pkt_dts": 541,
            "pkt_dts_time": "18.051709",
            "best_effort_timestamp": 541,
            "best_effort_timestamp_time": "18.051709",
            "duration": 1,
            "duration_time": "0.033367",
            "pkt_pos": "67282640",
            "pkt_size": "120000",
            "width": 720,
            "height": 480,
            "crop_top": 0,
            "crop_bottom": 0,
            "crop_left": 0,
            "crop_right": 0,
            "pix_fmt": "yuv411p",
            "sample_aspect_ratio": "8:9",
            "pict_type": "I",
            "interlaced_frame": 1,
            "top_field_first": 0,
            "repeat_pict": 0,
            "chroma_location": "topleft"
        },
        {
            "media_type": "video",
            "stream_index": 0,
            "key_frame": 1,
            "pts": 542,
            "pts_time": "18.085077",
            "pkt_dts": 542,
            "pkt_dts_time": "18.085077",
            "best_effort_timestamp": 542,
            "best_effort_timestamp_time": "18.085077",
            "duration": 1,
            "duration_time": "0.033367",
            "pkt_pos": "67402648",
            "pkt_size": "120000",
            "width": 720,
            "height": 480,
            "crop_top": 0,
            "crop_bottom": 0,
            "crop_left": 0,
            "crop_right": 0,
            "pix_fmt": "yuv411p",
            "sample_aspect_ratio": "8:9",
            "pict_type": "I",
            "interlaced_frame": 1,
            "top_field_first": 0,
            "repeat_pict": 0,
            "chroma_location": "topleft"
        },
        {
            "media_type": "video",
            "stream_index": 0,
            "key_frame": 1,
            "pts": 543,
            "pts_time": "18.118444",
            "pkt_dts": 543,
            "pkt_dts_time": "18.118444",
            "best_effort_timestamp": 543,
            "best_effort_timestamp_time": "18.118444",
            "duration": 1,
            "duration_time": "0.033367",
            "pkt_pos": "67522656",
            "pkt_size": "120000",
            "width": 720,
            "height": 480,
            "crop_top": 0,
            "crop_bottom": 0,
            "crop_left": 0,
            "crop_right": 0,
            "pix_fmt": "yuv411p",
            "sample_aspect_ratio": "8:9",
            "pict_type": "I",
            "interlaced_frame": 1,
            "top_field_first": 0,
            "repeat_pict": 0,
            "chroma_location": "topleft"
        },
        {
            "media_type": "video",
            "stream_index": 0,
            "key_frame": 1,
            "pts": 544,
            "pts_time": "18.151811",
            "pkt_dts": 544,
            "pkt_dts_time": "18.151811",
            "best_effort_timestamp": 544,
            "best_effort_timestamp_time": "18.151811",
            "duration": 1,
            "duration_time": "0.033367",
            "pkt_pos": "67642664",
            "pkt_size": "120000",
            "width": 720,
            "height": 480,
            "crop_top": 0,
            "crop_bottom": 0,
            "crop_left": 0,
            "crop_right": 0,
            "pix_fmt": "yuv411p",
            "sample_aspect_ratio": "8:9",
            "pict_type": "I",
            "interlaced_frame": 1,
            "top_field_first": 0,
            "repeat_pict": 0,
            "chroma_location": "topleft"
        },
        {
            "media_type": "video",
            "stream_index": 0,
            "key_frame": 1,
            "pts": 545,
            "pts_time": "18.185179",
            "pkt_dts": 545,
            "pkt_dts_time": "18.185179",
            "best_effort_timestamp": 545,
            "best_effort_timestamp_time": "18.185179",
            "duration": 1,
            "duration_time": "0.033367",
            "pkt_pos": "67762672",
            "pkt_size": "120000",
            "width": 720,
            "height": 480,
            "crop_top": 0,
            "crop_bottom": 0,
            "crop_left": 0,
            "crop_right": 0,
            "pix_fmt": "yuv411p",
            "sample_aspect_ratio": "8:9",
            "pict_type": "I",
            "interlaced_frame": 1,
            "top_field_first": 0,
            "repeat_pict": 0,
            "chroma_location": "topleft"
        },
        {
            "media_type": "video",
            "stream_index": 0,
            "key_frame": 1,
            "pts": 546,
            "pts_time": "18.218546",
            "pkt_dts": 546,
            "pkt_dts_time": "18.218546",
            "best_effort_timestamp": 546,
            "best_effort_timestamp_time": "18.218546",
            "duration": 1,
            "duration_time": "0.033367",
            "pkt_pos": "67882680",
            "pkt_size": "120000",
            "width": 720,
            "height": 480,
            "crop_top": 0,
            "crop_bottom": 0,
            "crop_left": 0,
            "crop_right": 0,
            "pix_fmt": "yuv411p",
            "sample_aspect_ratio": "8:9",
            "pict_type": "I",
            "interlaced_frame": 1,
            "top_field_first": 0,
            "repeat_pict": 0,
            "chroma_location": "topleft"
        },
        {
            "media_type": "video",
            "stream_index": 0,
            "key_frame": 1,
            "pts": 547,
            "pts_time": "18.251913",
            "pkt_dts": 547,
            "pkt_dts_time": "18.251913",
            "best_effort_timestamp": 547,
            "best_effort_timestamp_time": "18.251913",
            "duration": 1,
            "duration_time": "0.033367",
            "pkt_pos": "68002688",
            "pkt_size": "120000",
            "width": 720,
            "height": 480,
            "crop_top": 0,
            "crop_bottom": 0,
            "crop_left": 0,
            "crop_right": 0,
            "pix_fmt": "yuv411p",
            "sample_aspect_ratio": "8:9",
            "pict_type": "I",
            "interlaced_frame": 1,
            "top_field_first": 0,
            "repeat_pict": 0,
            "chroma_location": "topleft"
        },
        {
            "media_type": "video",
            "stream_index": 0,
            "key_frame": 1,
            "pts": 548,
            "pts_time": "18.285280",
            "pkt_dts": 548,
            "pkt_dts_time": "18.285280",
            "best_effort_timestamp": 548,
            "best_effort_timestamp_time": "18.285280",
            "duration": 1,
            "duration_time": "0.033367",
            "pkt_pos": "68122696",
            "pkt_size": "120000",
            "width": 720,
            "height": 480,
            "crop_top": 0,
            "crop_bottom": 0,
            "crop_left": 0,
            "crop_right": 0,
            "pix_fmt": "yuv411p",
            "sample_aspect_ratio": "8:9",
            "pict_type": "I",
            "interlaced_frame": 1,
            "top_field_first": 0,
            "repeat_pict": 0,
            "chroma_location": "topleft"
        },
        {
            "media_type": "video",
            "stream_index": 0,
            "key_frame": 1,
            "pts": 549,
            "pts_time": "18.318648",
            "pkt_dts": 549,
            "pkt_dts_time": "18.318648",
            "best_effort_timestamp": 549,
            "best_effort_timestamp_time": "18.318648",
            "duration": 1,
            "duration_time": "0.033367",
            "pkt_pos": "68242704",
            "pkt_size": "120000",
            "width": 720,
            "height": 480,
            "crop_top": 0,
            "crop_bottom": 0,
            "crop_left": 0,
            "crop_right": 0,
            "pix_fmt": "yuv411p",
            "sample_aspect_ratio": "8:9",
            "pict_type": "I",
            "interlaced_frame": 1,
            "top_field_first": 0,
            "repeat_pict": 0,
            "chroma_location": "topleft"
        },
        {
            "media_type": "video",
            "stream_index": 0,
            "key_frame": 1,
            "pts": 550,
            "pts_time": "18.352015",
            "pkt_dts": 550,
            "pkt_dts_time": "18.352015",
            "best_effort_timestamp": 550,
            "best_effort_timestamp_time": "18.352015",
            "duration": 1,
            "duration_time": "0.033367",
            "pkt_pos": "68362712",
            "pkt_size": "120000",
            "width": 720,
            "height": 480,
            "crop_top": 0,
            "crop_bottom": 0,
            "crop_left": 0,
            "crop_right": 0,
            "pix_fmt": "yuv411p",
            "sample_aspect_ratio": "8:9",
            "pict_type": "I",
            "interlaced_frame": 1,
            "top_field_first": 0,
            "repeat_pict": 0,
            "chroma_location": "topleft"
        },
        {
            "media_type": "video",
            "stream_index": 0,
            "key_frame": 1,
            "pts": 551,
            "pts_time": "18.385382",
            "pkt_dts": 551,
            "pkt_dts_time": "18.385382",
            "best_effort_timestamp": 551,
            "best_effort_timestamp_time": "18.385382",
            "duration": 1,
            "duration_time": "0.033367",
            "pkt_pos": "68606584",
            "pkt_size": "120000",
            "width": 720,
            "height": 480,
            "crop_top": 0,
            "crop_bottom": 0,
            "crop_left": 0,
            "crop_right": 0,
            "pix_fmt": "yuv411p",
            "sample_aspect_ratio": "8:9",
            "pict_type": "I",
            "interlaced_frame": 1,
            "top_field_first": 0,
            "repeat_pict": 0,
            "chroma_location": "topleft"
        },
        {
            "media_type": "video",
            "stream_index": 0,
            "key_frame": 1,
            "pts": 552,
            "pts_time": "18.418750",
            "pkt_dts": 552,
            "pkt_dts_time": "18.418750",
            "best_effort_timestamp": 552,
            "best_effort_timestamp_time": "18.418750",
            "duration": 1,
            "duration_time": "0.033367",
            "pkt_pos": "68726592",
            "pkt_size": "120000",
            "width": 720,
            "height": 480,
            "crop_top": 0,
            "crop_bottom": 0,
            "crop_left": 0,
            "crop_right": 0,
            "pix_fmt": "yuv411p",
            "sample_aspect_ratio": "8:9",
            "pict_type": "I",
            "interlaced_frame": 1,
            "top_field_first": 0,
            "repeat_pict": 0,
            "chroma_location": "topleft"
        },
        {
            "media_type": "video",
            "stream_index": 0,
            "key_frame": 1,
            "pts": 553,
            "pts_time": "18.452117",
            "pkt_dts": 553,
            "pkt_dts_time": "18.452117",
            "best_effort_timestamp": 553,
            "best_effort_timestamp_time": "18.452117",
            "duration": 1,
            "duration_time": "0.033367",
            "pkt_pos": "68846600",
            "pkt_size": "120000",
            "width": 720,
            "height": 480,
            "crop_top": 0,
            "crop_bottom": 0,
            "crop_left": 0,
            "crop_right": 0,
            "pix_fmt": "yuv411p",
            "sample_aspect_ratio": "8:9",
            "pict_type": "I",
            "interlaced_frame": 1,
            "top_field_first": 0,
            "repeat_pict": 0,
            "chroma_location": "topleft"
        },
        {
            "media_type": "video",
            "stream_index": 0,
            "key_frame": 1,
            "pts": 554,
            "pts_time": "18.485484",
            "pkt_dts": 554,
            "pkt_dts_time": "18.485484",
            "best_effort_timestamp": 554,
            "best_effort_timestamp_time": "18.485484",
            "duration": 1,
            "duration_time": "0.033367",
            "pkt_pos": "68966608",
            "pkt_size": "120000",
            "width": 720,
            "height": 480,
            "crop_top": 0,
            "crop_bottom": 0,
            "crop_left": 0,
            "crop_right": 0,
            "pix_fmt": "yuv411p",
            "sample_aspect_ratio": "8:9",
            "pict_type": "I",
            "interlaced_frame": 1,
            "top_field_first": 0,
            "repeat_pict": 0,
            "chroma_location": "topleft"
        },
        {
            "media_type": "video",
            "stream_index": 0,
            "key_frame": 1,
            "pts": 555,
            "pts_time": "18.518852",
            "pkt_dts": 555,
            "pkt_dts_time": "18.518852",
            "best_effort_timestamp": 555,
            "best_effort_timestamp_time": "18.518852",
            "duration": 1,
            "duration_time": "0.033367",
            "pkt_pos": "69086616",
            "pkt_size": "120000",
            "width": 720,
            "height": 480,
            "crop_top": 0,
            "crop_bottom": 0,
            "crop_left": 0,
            "crop_right": 0,
            "pix_fmt": "yuv411p",
            "sample_aspect_ratio": "8:9",
            "pict_type": "I",
            "interlaced_frame": 1,
            "top_field_first": 0,
            "repeat_pict": 0,
            "chroma_location": "topleft"
        },
        {
            "media_type": "video",
            "stream_index": 0,
            "key_frame": 1,
            "pts": 556,
            "pts_time": "18.552219",
            "pkt_dts": 556,
            "pkt_dts_time": "18.552219",
            "best_effort_timestamp": 556,
            "best_effort_timestamp_time": "18.552219",
            "duration": 1,
            "duration_time": "0.033367",
            "pkt_pos": "69206624",
            "pkt_size": "120000",
            "width": 720,
            "height": 480,
            "crop_top": 0,
            "crop_bottom": 0,
            "crop_left": 0,
            "crop_right": 0,
            "pix_fmt": "yuv411p",
            "sample_aspect_ratio": "8:9",
            "pict_type": "I",
            "interlaced_frame": 1,
            "top_field_first": 0,
            "repeat_pict": 0,
            "chroma_location": "topleft"
        },
        {
            "media_type": "video",
            "stream_index": 0,
            "key_frame": 1,
            "pts": 557,
            "pts_time": "18.585586",
            "pkt_dts": 557,
            "pkt_dts_time": "18.585586",
            "best_effort_timestamp": 557,
            "best_effort_timestamp_time": "18.585586",
            "duration": 1,
            "duration_time": "0.033367",
            "pkt_pos": "69326632",
            "pkt_size": "120000",
            "width": 720,
            "height": 480,
            "crop_top": 0,
            "crop_bottom": 0,
            "crop_left": 0,
            "crop_right": 0,
            "pix_fmt": "yuv411p",
            "sample_aspect_ratio": "8:9",
            "pict_type": "I",
            "interlaced_frame": 1,
            "top_field_first": 0,
            "repeat_pict": 0,
            "chroma_location": "topleft"
        },
        {
            "media_type": "video",
            "stream_index": 0,
            "key_frame": 1,
            "pts": 558,
            "pts_time": "18.618953",
            "pkt_dts": 558,
            "pkt_dts_time": "18.618953",
            "best_effort_timestamp": 558,
            "best_effort_timestamp_time": "18.618953",
            "duration": 1,
            "duration_time": "0.033367",
            "pkt_pos": "69446640",
            "pkt_size": "120000",
            "width": 720,
            "height": 480,
            "crop_top": 0,
            "crop_bottom": 0,
            "crop_left": 0,
            "crop_right": 0,
            "pix_fmt": "yuv411p",
            "sample_aspect_ratio": "8:9",
            "pict_type": "I",
            "interlaced_frame": 1,
            "top_field_first": 0,
            "repeat_pict": 0,
            "chroma_location": "topleft"
        },
        {
            "media_type": "video",
            "stream_index": 0,
            "key_frame": 1,
            "pts": 559,
            "pts_time": "18.652321",
            "pkt_dts": 559,
            "pkt_dts_time": "18.652321",
            "best_effort_timestamp": 559,
            "best_effort_timestamp_time": "18.652321",
            "duration": 1,
            "duration_time": "0.033367",
            "pkt_pos": "69566648",
            "pkt_size": "120000",
            "width": 720,
            "height": 480,
            "crop_top": 0,
            "crop_bottom": 0,
            "crop_left": 0,
            "crop_right": 0,
            "pix_fmt": "yuv411p",
            "sample_aspect_ratio": "8:9",
            "pict_type": "I",
            "interlaced_frame": 1,
            "top_field_first": 0,
            "repeat_pict": 0,
            "chroma_location": "topleft"
        },
        {
            "media_type": "video",
            "stream_index": 0,
            "key_frame": 1,
            "pts": 560,
            "pts_time": "18.685688",
            "pkt_dts": 560,
            "pkt_dts_time": "18.685688",
            "best_effort_timestamp": 560,
            "best_effort_timestamp_time": "18.685688",
            "duration": 1,
            "duration_time": "0.033367",
            "pkt_pos": "69686656",
            "pkt_size": "120000",
            "width": 720,
            "height": 480,
            "crop_top": 0,
            "crop_bottom": 0,
            "crop_left": 0,
            "crop_right": 0,
            "pix_fmt": "yuv411p",
            "sample_aspect_ratio": "8:9",
            "pict_type": "I",
            "interlaced_frame": 1,
            "top_field_first": 0,
            "repeat_pict": 0,
            "chroma_location": "topleft"
        },
        {
            "media_type": "video",
            "stream_index": 0,
            "key_frame": 1,
            "pts": 561,
            "pts_time": "18.719055",
            "pkt_dts": 561,
            "pkt_dts_time": "18.719055",
            "best_effort_timestamp": 561,
            "best_effort_timestamp_time": "18.719055",
            "duration": 1,
            "duration_time": "0.033367",
            "pkt_pos": "69806664",
            "pkt_size": "120000",
            "width": 720,
            "height": 480,
            "crop_top": 0,
            "crop_bottom": 0,
            "crop_left": 0,
            "crop_right": 0,
            "pix_fmt": "yuv411p",
            "sample_aspect_ratio": "8:9",
            "pict_type": "I",
            "interlaced_frame": 1,
            "top_field_first": 0,
            "repeat_pict": 0,
            "chroma_location": "topleft"
        },
        {
            "media_type": "video",
            "stream_index": 0,
            "key_frame": 1,
            "pts": 562,
            "pts_time": "18.752423",
            "pkt_dts": 562,
            "pkt_dts_time": "18.752423",
            "best_effort_timestamp": 562,
            "best_effort_timestamp_time": "18.752423",
            "duration": 1,
            "duration_time": "0.033367",
            "pkt_pos": "69926672",
            "pkt_size": "120000",
            "width": 720,
            "height": 480,
            "crop_top": 0,
            "crop_bottom": 0,
            "crop_left": 0,
            "crop_right": 0,
            "pix_fmt": "yuv411p",
            "sample_aspect_ratio": "8:9",
            "pict_type": "I",
            "interlaced_frame": 1,
            "top_field_first": 0,
            "repeat_pict": 0,
            "chroma_location": "topleft"
        },
        {
            "media_type": "video",
            "stream_index": 0,
            "key_frame": 1,
            "pts": 563,
            "pts_time": "18.785790",
            "pkt_dts": 563,
            "pkt_dts_time": "18.785790",
            "best_effort_timestamp": 563,
            "best_effort_timestamp_time": "18.785790",
            "duration": 1,
            "duration_time": "0.033367",
            "pkt_pos": "70046680",
            "pkt_size": "120000",
            "width": 720,
            "height": 480,
            "crop_top": 0,
            "crop_bottom": 0,
            "crop_left": 0,
            "crop_right": 0,
            "pix_fmt": "yuv411p",
            "sample_aspect_ratio": "8:9",
            "pict_type": "I",
            "interlaced_frame": 1,
            "top_field_first": 0,
            "repeat_pict": 0,
            "chroma_location": "topleft"
        },
        {
            "media_type": "video",
            "stream_index": 0,
            "key_frame": 1,
            "pts": 564,
            "pts_time": "18.819157",
            "pkt_dts": 564,
            "pkt_dts_time": "18.819157",
            "best_effort_timestamp": 564,
            "best_effort_timestamp_time": "18.819157",
            "duration": 1,
            "duration_time": "0.033367",
            "pkt_pos": "70166688",
            "pkt_size": "120000",
            "width": 720,
            "height": 480,
            "crop_top": 0,
            "crop_bottom": 0,
            "crop_left": 0,
            "crop_right": 0,
            "pix_fmt": "yuv411p",
            "sample_aspect_ratio": "8:9",
            "pict_type": "I",
            "interlaced_frame": 1,
            "top_field_first": 0,
            "repeat_pict": 0,
            "chroma_location": "topleft"
        },
        {
            "media_type": "video",
            "stream_index": 0,
            "key_frame": 1,
            "pts": 565,
            "pts_time": "18.852525",
            "pkt_dts": 565,
            "pkt_dts_time": "18.852525",
            "best_effort_timestamp": 565,
            "best_effort_timestamp_time": "18.852525",
            "duration": 1,
            "duration_time": "0.033367",
            "pkt_pos": "70286696",
            "pkt_size": "120000",
            "width": 720,
            "height": 480,
            "crop_top": 0,
            "crop_bottom": 0,
            "crop_left": 0,
            "crop_right": 0,
            "pix_fmt": "yuv411p",
            "sample_aspect_ratio": "8:9",
            "pict_type": "I",
            "interlaced_frame": 1,
            "top_field_first": 0,
            "repeat_pict": 0,
            "chroma_location": "topleft"
        },
        {
            "media_type": "video",
            "stream_index": 0,
            "key_frame": 1,
            "pts": 566,
            "pts_time": "18.885892",
            "pkt_dts": 566,
            "pkt_dts_time": "18.885892",
            "best_effort_timestamp": 566,
            "best_effort_timestamp_time": "18.885892",
            "duration": 1,
            "duration_time": "0.033367",
            "pkt_pos": "70406704",
            "pkt_size": "120000",
            "width": 720,
            "height": 480,
            "crop_top": 0,
            "crop_bottom": 0,
            "crop_left": 0,
            "crop_right": 0,
            "pix_fmt": "yuv411p",
            "sample_aspect_ratio": "8:9",
            "pict_type": "I",
            "interlaced_frame": 1,
            "top_field_first": 0,
            "repeat_pict": 0,
            "chroma_location": "topleft"
        },
        {
            "media_type": "video",
            "stream_index": 0,
            "key_frame": 1,
            "pts": 567,
            "pts_time": "18.919259",
            "pkt_dts": 567,
            "pkt_dts_time": "18.919259",
            "best_effort_timestamp": 567,
            "best_effort_timestamp_time": "18.919259",
            "duration": 1,
            "duration_time": "0.033367",
            "pkt_pos": "70526712",
            "pkt_size": "120000",
            "width": 720,
            "height": 480,
            "crop_top": 0,
            "crop_bottom": 0,
            "crop_left": 0,
            "crop_right": 0,
            "pix_fmt": "yuv411p",
            "sample_aspect_ratio": "8:9",
            "pict_type": "I",
            "interlaced_frame": 1,
            "top_field_first": 0,
            "repeat_pict": 0,
            "chroma_location": "topleft"
        },
        {
            "media_type": "video",
            "stream_index": 0,
            "key_frame": 1,
            "pts": 568,
            "pts_time": "18.952626",
            "pkt_dts": 568,
            "pkt_dts_time": "18.952626",
            "best_effort_timestamp": 568,
            "best_effort_timestamp_time": "18.952626",
            "duration": 1,
            "duration_time": "0.033367",
            "pkt_pos": "70646720",
            "pkt_size": "120000",
            "width": 720,
            "height": 480,
            "crop_top": 0,
            "crop_bottom": 0,
            "crop_left": 0,
            "crop_right": 0,
            "pix_fmt": "yuv411p",
            "sample_aspect_ratio": "8:9",
            "pict_type": "I",
            "interlaced_frame": 1,
            "top_field_first": 0,
            "repeat_pict": 0,
            "chroma_location": "topleft"
        },
        {
            "media_type": "video",
            "stream_index": 0,
            "key_frame": 1,
            "pts": 569,
            "pts_time": "18.985994",
            "pkt_dts": 569,
            "pkt_dts_time": "18.985994",
            "best_effort_timestamp": 569,
            "best_effort_timestamp_time": "18.985994",
            "duration": 1,
            "duration_time": "0.033367",
            "pkt_pos": "70766728",
            "pkt_size": "120000",
            "width": 720,
            "height": 480,
            "crop_top": 0,
            "crop_bottom": 0,
            "crop_left": 0,
            "crop_right": 0,
            "pix_fmt": "yuv411p",
            "sample_aspect_ratio": "8:9",
            "pict_type": "I",
            "interlaced_frame": 1,
            "top_field_first": 0,
            "repeat_pict": 0,
            "chroma_location": "topleft"
        },
        {
            "media_type": "video",
            "stream_index": 0,
            "key_frame": 1,
            "pts": 570,
            "pts_time": "19.019361",
            "pkt_dts": 570,
            "pkt_dts_time": "19.019361",
            "best_effort_timestamp": 570,
            "best_effort_timestamp_time": "19.019361",
            "duration": 1,
            "duration_time": "0.033367",
            "pkt_pos": "70886736",
            "pkt_size": "120000",
            "width": 720,
            "height": 480,
            "crop_top": 0,
            "crop_bottom": 0,
            "crop_left": 0,
            "crop_right": 0,
            "pix_fmt": "yuv411p",
            "sample_aspect_ratio": "8:9",
            "pict_type": "I",
            "interlaced_frame": 1,
            "top_field_first": 0,
            "repeat_pict": 0,
            "chroma_location": "topleft"
        },
        {
            "media_type": "video",
            "stream_index": 0,
            "key_frame": 1,
            "pts": 571,
            "pts_time": "19.052728",
            "pkt_dts": 571,
            "pkt_dts_time": "19.052728",
            "best_effort_timestamp": 571,
            "best_effort_timestamp_time": "19.052728",
            "duration": 1,
            "duration_time": "0.033367",
            "pkt_pos": "71006744",
            "pkt_size": "120000",
            "width": 720,
            "height": 480,
            "crop_top": 0,
            "crop_bottom": 0,
            "crop_left": 0,
            "crop_right": 0,
            "pix_fmt": "yuv411p",
            "sample_aspect_ratio": "8:9",
            "pict_type": "I",
            "interlaced_frame": 1,
            "top_field_first": 0,
            "repeat_pict": 0,
            "chroma_location": "topleft"
        },
        {
            "media_type": "video",
            "stream_index": 0,
            "key_frame": 1,
            "pts": 572,
            "pts_time": "19.086096",
            "pkt_dts": 572,
            "pkt_dts_time": "19.086096",
            "best_effort_timestamp": 572,
            "best_effort_timestamp_time": "19.086096",
            "duration": 1,
            "duration_time": "0.033367",
            "pkt_pos": "71126752",
            "pkt_size": "120000",
            "width": 720,
            "height": 480,
            "crop_top": 0,
            "crop_bottom": 0,
            "crop_left": 0,
            "crop_right": 0,
            "pix_fmt": "yuv411p",
            "sample_aspect_ratio": "8:9",
            "pict_type": "I",
            "interlaced_frame": 1,
            "top_field_first": 0,
            "repeat_pict": 0,
            "chroma_location": "topleft"
        },
        {
            "media_type": "video",
            "stream_index": 0,
            "key_frame": 1,
            "pts": 573,
            "pts_time": "19.119463",
            "pkt_dts": 573,
            "pkt_dts_time": "19.119463",
            "best_effort_timestamp": 573,
            "best_effort_timestamp_time": "19.119463",
            "duration": 1,
            "duration_time": "0.033367",
            "pkt_pos": "71246760",
            "pkt_size": "120000",
            "width": 720,
            "height": 480,
            "crop_top": 0,
            "crop_bottom": 0,
            "crop_left": 0,
            "crop_right": 0,
            "pix_fmt": "yuv411p",
            "sample_aspect_ratio": "8:9",
            "pict_type": "I",
            "interlaced_frame": 1,
            "top_field_first": 0,
            "repeat_pict": 0,
            "chroma_location": "topleft"
        },
        {
            "media_type": "video",
            "stream_index": 0,
            "key_frame": 1,
            "pts": 574,
            "pts_time": "19.152830",
            "pkt_dts": 574,
            "pkt_dts_time": "19.152830",
            "best_effort_timestamp": 574,
            "best_effort_timestamp_time": "19.152830",
            "duration": 1,
            "duration_time": "0.033367",
            "pkt_pos": "71366768",
            "pkt_size": "120000",
            "width": 720,
            "height": 480,
            "crop_top": 0,
            "crop_bottom": 0,
            "crop_left": 0,
            "crop_right": 0,
            "pix_fmt": "yuv411p",
            "sample_aspect_ratio": "8:9",
            "pict_type": "I",
            "interlaced_frame": 1,
            "top_field_first": 0,
            "repeat_pict": 0,
            "chroma_location": "topleft"
        },
        {
            "media_type": "video",
            "stream_index": 0,
            "key_frame": 1,
            "pts": 575,
            "pts_time": "19.186198",
            "pkt_dts": 575,
            "pkt_dts_time": "19.186198",
            "best_effort_timestamp": 575,
            "best_effort_timestamp_time": "19.186198",
            "duration": 1,
            "duration_time": "0.033367",
            "pkt_pos": "71486776",
            "pkt_size": "120000",
            "width": 720,
            "height": 480,
            "crop_top": 0,
            "crop_bottom": 0,
            "crop_left": 0,
            "crop_right": 0,
            "pix_fmt": "yuv411p",
            "sample_aspect_ratio": "8:9",
            "pict_type": "I",
            "interlaced_frame": 1,
            "top_field_first": 0,
            "repeat_pict": 0,
            "chroma_location": "topleft"
        },
        {
            "media_type": "video",
            "stream_index": 0,
            "key_frame": 1,
            "pts": 576,
            "pts_time": "19.219565",
            "pkt_dts": 576,
            "pkt_dts_time": "19.219565",
            "best_effort_timestamp": 576,
            "best_effort_timestamp_time": "19.219565",
            "duration": 1,
            "duration_time": "0.033367",
            "pkt_pos": "71606784",
            "pkt_size": "120000",
            "width": 720,
            "height": 480,
            "crop_top": 0,
            "crop_bottom": 0,
            "crop_left": 0,
            "crop_right": 0,
            "pix_fmt": "yuv411p",
            "sample_aspect_ratio": "8:9",
            "pict_type": "I",
            "interlaced_frame": 1,
            "top_field_first": 0,
            "repeat_pict": 0,
            "chroma_location": "topleft"
        },
        {
            "media_type": "video",
            "stream_index": 0,
            "key_frame": 1,
            "pts": 577,
            "pts_time": "19.252932",
            "pkt_dts": 577,
            "pkt_dts_time": "19.252932",
            "best_effort_timestamp": 577,
            "best_effort_timestamp_time": "19.252932",
            "duration": 1,
            "duration_time": "0.033367",
            "pkt_pos": "71726792",
            "pkt_size": "120000",
            "width": 720,
            "height": 480,
            "crop_top": 0,
            "crop_bottom": 0,
            "crop_left": 0,
            "crop_right": 0,
            "pix_fmt": "yuv411p",
            "sample_aspect_ratio": "8:9",
            "pict_type": "I",
            "interlaced_frame": 1,
            "top_field_first": 0,
            "repeat_pict": 0,
            "chroma_location": "topleft"
        },
        {
            "media_type": "video",
            "stream_index": 0,
            "key_frame": 1,
            "pts": 578,
            "pts_time": "19.286299",
            "pkt_dts": 578,
            "pkt_dts_time": "19.286299",
            "best_effort_timestamp": 578,
            "best_effort_timestamp_time": "19.286299",
            "duration": 1,
            "duration_time": "0.033367",
            "pkt_pos": "71846800",
            "pkt_size": "120000",
            "width": 720,
            "height": 480,
            "crop_top": 0,
            "crop_bottom": 0,
            "crop_left": 0,
            "crop_right": 0,
            "pix_fmt": "yuv411p",
            "sample_aspect_ratio": "8:9",
            "pict_type": "I",
            "interlaced_frame": 1,
            "top_field_first": 0,
            "repeat_pict": 0,
            "chroma_location": "topleft"
        },
        {
            "media_type": "video",
            "stream_index": 0,
            "key_frame": 1,
            "pts": 579,
            "pts_time": "19.319667",
            "pkt_dts": 579,
            "pkt_dts_time": "19.319667",
            "best_effort_timestamp": 579,
            "best_effort_timestamp_time": "19.319667",
            "duration": 1,
            "duration_time": "0.033367",
            "pkt_pos": "71966808",
            "pkt_size": "120000",
            "width": 720,
            "height": 480,
            "crop_top": 0,
            "crop_bottom": 0,
            "crop_left": 0,
            "crop_right": 0,
            "pix_fmt": "yuv411p",
            "sample_aspect_ratio": "8:9",
            "pict_type": "I",
            "interlaced_frame": 1,
            "top_field_first": 0,
            "repeat_pict": 0,
            "chroma_location": "topleft"
        },
        {
            "media_type": "video",
            "stream_index": 0,
            "key_frame": 1,
            "pts": 580,
            "pts_time": "19.353034",
            "pkt_dts": 580,
            "pkt_dts_time": "19.353034",
            "best_effort_timestamp": 580,
            "best_effort_timestamp_time": "19.353034",
            "duration": 1,
            "duration_time": "0.033367",
            "pkt_pos": "72210680",
            "pkt_size": "120000",
            "width": 720,
            "height": 480,
            "crop_top": 0,
            "crop_bottom": 0,
            "crop_left": 0,
            "crop_right": 0,
            "pix_fmt": "yuv411p",
            "sample_aspect_ratio": "8:9",
            "pict_type": "I",
            "interlaced_frame": 1,
            "top_field_first": 0,
            "repeat_pict": 0,
            "chroma_location": "topleft"
        },
        {
            "media_type": "video",
            "stream_index": 0,
            "key_frame": 1,
            "pts": 581,
            "pts_time": "19.386401",
            "pkt_dts": 581,
            "pkt_dts_time": "19.386401",
            "best_effort_timestamp": 581,
            "best_effort_timestamp_time": "19.386401",
            "duration": 1,
            "duration_time": "0.033367",
            "pkt_pos": "72330688",
            "pkt_size": "120000",
            "width": 720,
            "height": 480,
            "crop_top": 0,
            "crop_bottom": 0,
            "crop_left": 0,
            "crop_right": 0,
            "pix_fmt": "yuv411p",
            "sample_aspect_ratio": "8:9",
            "pict_type": "I",
            "interlaced_frame": 1,
            "top_field_first": 0,
            "repeat_pict": 0,
            "chroma_location": "topleft"
        },
        {
            "media_type": "video",
            "stream_index": 0,
            "key_frame": 1,
            "pts": 582,
            "pts_time": "19.419769",
            "pkt_dts": 582,
            "pkt_dts_time": "19.419769",
            "best_effort_timestamp": 582,
            "best_effort_timestamp_time": "19.419769",
            "duration": 1,
            "duration_time": "0.033367",
            "pkt_pos": "72450696",
            "pkt_size": "120000",
            "width": 720,
            "height": 480,
            "crop_top": 0,
            "crop_bottom": 0,
            "crop_left": 0,
            "crop_right": 0,
            "pix_fmt": "yuv411p",
            "sample_aspect_ratio": "8:9",
            "pict_type": "I",
            "interlaced_frame": 1,
            "top_field_first": 0,
            "repeat_pict": 0,
            "chroma_location": "topleft"
        },
        {
            "media_type": "video",
            "stream_index": 0,
            "key_frame": 1,
            "pts": 583,
            "pts_time": "19.453136",
            "pkt_dts": 583,
            "pkt_dts_time": "19.453136",
            "best_effort_timestamp": 583,
            "best_effort_timestamp_time": "19.453136",
            "duration": 1,
            "duration_time": "0.033367",
            "pkt_pos": "72570704",
            "pkt_size": "120000",
            "width": 720,
            "height": 480,
            "crop_top": 0,
            "crop_bottom": 0,
            "crop_left": 0,
            "crop_right": 0,
            "pix_fmt": "yuv411p",
            "sample_aspect_ratio": "8:9",
            "pict_type": "I",
            "interlaced_frame": 1,
            "top_field_first": 0,
            "repeat_pict": 0,
            "chroma_location": "topleft"
        },
        {
            "media_type": "video",
            "stream_index": 0,
            "key_frame": 1,
            "pts": 584,
            "pts_time": "19.486503",
            "pkt_dts": 584,
            "pkt_dts_time": "19.486503",
            "best_effort_timestamp": 584,
            "best_effort_timestamp_time": "19.486503",
            "duration": 1,
            "duration_time": "0.033367",
            "pkt_pos": "72690712",
            "pkt_size": "120000",
            "width": 720,
            "height": 480,
            "crop_top": 0,
            "crop_bottom": 0,
            "crop_left": 0,
            "crop_right": 0,
            "pix_fmt": "yuv411p",
            "sample_aspect_ratio": "8:9",
            "pict_type": "I",
            "interlaced_frame": 1,
            "top_field_first": 0,
            "repeat_pict": 0,
            "chroma_location": "topleft"
        },
        {
            "media_type": "video",
            "stream_index": 0,
            "key_frame": 1,
            "pts": 585,
            "pts_time": "19.519871",
            "pkt_dts": 585,
            "pkt_dts_time": "19.519871",
            "best_effort_timestamp": 585,
            "best_effort_timestamp_time": "19.519871",
            "duration": 1,
            "duration_time": "0.033367",
            "pkt_pos": "72810720",
            "pkt_size": "120000",
            "width": 720,
            "height": 480,
            "crop_top": 0,
            "crop_bottom": 0,
            "crop_left": 0,
            "crop_right": 0,
            "pix_fmt": "yuv411p",
            "sample_aspect_ratio": "8:9",
            "pict_type": "I",
            "interlaced_frame": 1,
            "top_field_first": 0,
            "repeat_pict": 0,
            "chroma_location": "topleft"
        },
        {
            "media_type": "video",
            "stream_index": 0,
            "key_frame": 1,
            "pts": 586,
            "pts_time": "19.553238",
            "pkt_dts": 586,
            "pkt_dts_time": "19.553238",
            "best_effort_timestamp": 586,
            "best_effort_timestamp_time": "19.553238",
            "duration": 1,
            "duration_time": "0.033367",
            "pkt_pos": "72930728",
            "pkt_size": "120000",
            "width": 720,
            "height": 480,
            "crop_top": 0,
            "crop_bottom": 0,
            "crop_left": 0,
            "crop_right": 0,
            "pix_fmt": "yuv411p",
            "sample_aspect_ratio": "8:9",
            "pict_type": "I",
            "interlaced_frame": 1,
            "top_field_first": 0,
            "repeat_pict": 0,
            "chroma_location": "topleft"
        },
        {
            "media_type": "video",
            "stream_index": 0,
            "key_frame": 1,
            "pts": 587,
            "pts_time": "19.586605",
            "pkt_dts": 587,
            "pkt_dts_time": "19.586605",
            "best_effort_timestamp": 587,
            "best_effort_timestamp_time": "19.586605",
            "duration": 1,
            "duration_time": "0.033367",
            "pkt_pos": "73050736",
            "pkt_size": "120000",
            "width": 720,
            "height": 480,
            "crop_top": 0,
            "crop_bottom": 0,
            "crop_left": 0,
            "crop_right": 0,
            "pix_fmt": "yuv411p",
            "sample_aspect_ratio": "8:9",
            "pict_type": "I",
            "interlaced_frame": 1,
            "top_field_first": 0,
            "repeat_pict": 0,
            "chroma_location": "topleft"
        },
        {
            "media_type": "video",
            "stream_index": 0,
            "key_frame": 1,
            "pts": 588,
            "pts_time": "19.619972",
            "pkt_dts": 588,
            "pkt_dts_time": "19.619972",
            "best_effort_timestamp": 588,
            "best_effort_timestamp_time": "19.619972",
            "duration": 1,
            "duration_time": "0.033367",
            "pkt_pos": "73170744",
            "pkt_size": "120000",
            "width": 720,
            "height": 480,
            "crop_top": 0,
            "crop_bottom": 0,
            "crop_left": 0,
            "crop_right": 0,
            "pix_fmt": "yuv411p",
            "sample_aspect_ratio": "8:9",
            "pict_type": "I",
            "interlaced_frame": 1,
            "top_field_first": 0,
            "repeat_pict": 0,
            "chroma_location": "topleft"
        },
        {
            "media_type": "video",
            "stream_index": 0,
            "key_frame": 1,
            "pts": 589,
            "pts_time": "19.653340",
            "pkt_dts": 589,
            "pkt_dts_time": "19.653340",
            "best_effort_timestamp": 589,
            "best_effort_timestamp_time": "19.653340",
            "duration": 1,
            "duration_time": "0.033367",
            "pkt_pos": "73290752",
            "pkt_size": "120000",
            "width": 720,
            "height": 480,
            "crop_top": 0,
            "crop_bottom": 0,
            "crop_left": 0,
            "crop_right": 0,
            "pix_fmt": "yuv411p",
            "sample_aspect_ratio": "8:9",
            "pict_type": "I",
            "interlaced_frame": 1,
            "top_field_first": 0,
            "repeat_pict": 0,
            "chroma_location": "topleft"
        },
        {
            "media_type": "video",
            "stream_index": 0,
            "key_frame": 1,
            "pts": 590,
            "pts_time": "19.686707",
            "pkt_dts": 590,
            "pkt_dts_time": "19.686707",
            "best_effort_timestamp": 590,
            "best_effort_timestamp_time": "19.686707",
            "duration": 1,
            "duration_time": "0.033367",
            "pkt_pos": "73410760",
            "pkt_size": "120000",
            "width": 720,
            "height": 480,
            "crop_top": 0,
            "crop_bottom": 0,
            "crop_left": 0,
            "crop_right": 0,
            "pix_fmt": "yuv411p",
            "sample_aspect_ratio": "8:9",
            "pict_type": "I",
            "interlaced_frame": 1,
            "top_field_first": 0,
            "repeat_pict": 0,
            "chroma_location": "topleft"
        },
        {
            "media_type": "video",
            "stream_index": 0,
            "key_frame": 1,
            "pts": 591,
            "pts_time": "19.720074",
            "pkt_dts": 591,
            "pkt_dts_time": "19.720074",
            "best_effort_timestamp": 591,
            "best_effort_timestamp_time": "19.720074",
            "duration": 1,
            "duration_time": "0.033367",
            "pkt_pos": "73530768",
            "pkt_size": "120000",
            "width": 720,
            "height": 480,
            "crop_top": 0,
            "crop_bottom": 0,
            "crop_left": 0,
            "crop_right": 0,
            "pix_fmt": "yuv411p",
            "sample_aspect_ratio": "8:9",
            "pict_type": "I",
            "interlaced_frame": 1,
            "top_field_first": 0,
            "repeat_pict": 0,
            "chroma_location": "topleft"
        },
        {
            "media_type": "video",
            "stream_index": 0,
            "key_frame": 1,
            "pts": 592,
            "pts_time": "19.753442",
            "pkt_dts": 592,
            "pkt_dts_time": "19.753442",
            "best_effort_timestamp": 592,
            "best_effort_timestamp_time": "19.753442",
            "duration": 1,
            "duration_time": "0.033367",
            "pkt_pos": "73650776",
            "pkt_size": "120000",
            "width": 720,
            "height": 480,
            "crop_top": 0,
            "crop_bottom": 0,
            "crop_left": 0,
            "crop_right": 0,
            "pix_fmt": "yuv411p",
            "sample_aspect_ratio": "8:9",
            "pict_type": "I",
            "interlaced_frame": 1,
            "top_field_first": 0,
            "repeat_pict": 0,
            "chroma_location": "topleft"
        },
        {
            "media_type": "video",
            "stream_index": 0,
            "key_frame": 1,
            "pts": 593,
            "pts_time": "19.786809",
            "pkt_dts": 593,
            "pkt_dts_time": "19.786809",
            "best_effort_timestamp": 593,
            "best_effort_timestamp_time": "19.786809",
            "duration": 1,
            "duration_time": "0.033367",
            "pkt_pos": "73770784",
            "pkt_size": "120000",
            "width": 720,
            "height": 480,
            "crop_top": 0,
            "crop_bottom": 0,
            "crop_left": 0,
            "crop_right": 0,
            "pix_fmt": "yuv411p",
            "sample_aspect_ratio": "8:9",
            "pict_type": "I",
            "interlaced_frame": 1,
            "top_field_first": 0,
            "repeat_pict": 0,
            "chroma_location": "topleft"
        },
        {
            "media_type": "video",
            "stream_index": 0,
            "key_frame": 1,
            "pts": 594,
            "pts_time": "19.820176",
            "pkt_dts": 594,
            "pkt_dts_time": "19.820176",
            "best_effort_timestamp": 594,
            "best_effort_timestamp_time": "19.820176",
            "duration": 1,
            "duration_time": "0.033367",
            "pkt_pos": "73890792",
            "pkt_size": "120000",
            "width": 720,
            "height": 480,
            "crop_top": 0,
            "crop_bottom": 0,
            "crop_left": 0,
            "crop_right": 0,
            "pix_fmt": "yuv411p",
            "sample_aspect_ratio": "8:9",
            "pict_type": "I",
            "interlaced_frame": 1,
            "top_field_first": 0,
            "repeat_pict": 0,
            "chroma_location": "topleft"
        },
        {
            "media_type": "video",
            "stream_index": 0,
            "key_frame": 1,
            "pts": 595,
            "pts_time": "19.853544",
            "pkt_dts": 595,
            "pkt_dts_time": "19.853544",
            "best_effort_timestamp": 595,
            "best_effort_timestamp_time": "19.853544",
            "duration": 1,
            "duration_time": "0.033367",
            "pkt_pos": "74010800",
            "pkt_size": "120000",
            "width": 720,
            "height": 480,
            "crop_top": 0,
            "crop_bottom": 0,
            "crop_left": 0,
            "crop_right": 0,
            "pix_fmt": "yuv411p",
            "sample_aspect_ratio": "8:9",
            "pict_type": "I",
            "interlaced_frame": 1,
            "top_field_first": 0,
            "repeat_pict": 0,
            "chroma_location": "topleft"
        },
        {
            "media_type": "video",
            "stream_index": 0,
            "key_frame": 1,
            "pts": 596,
            "pts_time": "19.886911",
            "pkt_dts": 596,
            "pkt_dts_time": "19.886911",
            "best_effort_timestamp": 596,
            "best_effort_timestamp_time": "19.886911",
            "duration": 1,
            "duration_time": "0.033367",
            "pkt_pos": "74130808",
            "pkt_size": "120000",
            "width": 720,
            "height": 480,
            "crop_top": 0,
            "crop_bottom": 0,
            "crop_left": 0,
            "crop_right": 0,
            "pix_fmt": "yuv411p",
            "sample_aspect_ratio": "8:9",
            "pict_type": "I",
            "interlaced_frame": 1,
            "top_field_first": 0,
            "repeat_pict": 0,
            "chroma_location": "topleft"
        },
        {
            "media_type": "video",
            "stream_index": 0,
            "key_frame": 1,
            "pts": 597,
            "pts_time": "19.920278",
            "pkt_dts": 597,
            "pkt_dts_time": "19.920278",
            "best_effort_timestamp": 597,
            "best_effort_timestamp_time": "19.920278",
            "duration": 1,
            "duration_time": "0.033367",
            "pkt_pos": "74250816",
            "pkt_size": "120000",
            "width": 720,
            "height": 480,
            "crop_top": 0,
            "crop_bottom": 0,
            "crop_left": 0,
            "crop_right": 0,
            "pix_fmt": "yuv411p",
            "sample_aspect_ratio": "8:9",
            "pict_type": "I",
            "interlaced_frame": 1,
            "top_field_first": 0,
            "repeat_pict": 0,
            "chroma_location": "topleft"
        },
        {
            "media_type": "video",
            "stream_index": 0,
            "key_frame": 1,
            "pts": 598,
            "pts_time": "19.953645",
            "pkt_dts": 598,
            "pkt_dts_time": "19.953645",
            "best_effort_timestamp": 598,
            "best_effort_timestamp_time": "19.953645",
            "duration": 1,
            "duration_time": "0.033367",
            "pkt_pos": "74370824",
            "pkt_size": "120000",
            "width": 720,
            "height": 480,
            "crop_top": 0,
            "crop_bottom": 0,
            "crop_left": 0,
            "crop_right": 0,
            "pix_fmt": "yuv411p",
            "sample_aspect_ratio": "8:9",
            "pict_type": "I",
            "interlaced_frame": 1,
            "top_field_first": 0,
            "repeat_pict": 0,
            "chroma_location": "topleft"
        },
        {
            "media_type": "video",
            "stream_index": 0,
            "key_frame": 1,
            "pts": 599,
            "pts_time": "19.987013",
            "pkt_dts": 599,
            "pkt_dts_time": "19.987013",
            "best_effort_timestamp": 599,
            "best_effort_timestamp_time": "19.987013",
            "duration": 1,
            "duration_time": "0.033367",
            "pkt_pos": "74490832",
            "pkt_size": "120000",
            "width": 720,
            "height": 480,
            "crop_top": 0,
            "crop_bottom": 0,
            "crop_left": 0,
            "crop_right": 0,
            "pix_fmt": "yuv411p",
            "sample_aspect_ratio": "8:9",
            "pict_type": "I",
            "interlaced_frame": 1,
            "top_field_first": 0,
            "repeat_pict": 0,
            "chroma_location": "topleft"
        },
        {
            "media_type": "video",
            "stream_index": 0,
            "key_frame": 1,
            "pts": 600,
            "pts_time": "20.020380",
            "pkt_dts": 600,
            "pkt_dts_time": "20.020380",
            "best_effort_timestamp": 600,
            "best_effort_timestamp_time": "20.020380",
            "duration": 1,
            "duration_time": "0.033367",
            "pkt_pos": "74610840",
            "pkt_size": "120000",
            "width": 720,
            "height": 480,
            "crop_top": 0,
            "crop_bottom": 0,
            "crop_left": 0,
            "crop_right": 0,
            "pix_fmt": "yuv411p",
            "sample_aspect_ratio": "8:9",
            "pict_type": "I",
            "interlaced_frame": 1,
            "top_field_first": 0,
            "repeat_pict": 0,
            "chroma_location": "topleft"
        },
        {
            "media_type": "video",
            "stream_index": 0,
            "key_frame": 1,
            "pts": 601,
            "pts_time": "20.053747",
            "pkt_dts": 601,
            "pkt_dts_time": "20.053747",
            "best_effort_timestamp": 601,
            "best_effort_timestamp_time": "20.053747",
            "duration": 1,
            "duration_time": "0.033367",
            "pkt_pos": "74730848",
            "pkt_size": "120000",
            "width": 720,
            "height": 480,
            "crop_top": 0,
            "crop_bottom": 0,
            "crop_left": 0,
            "crop_right": 0,
            "pix_fmt": "yuv411p",
            "sample_aspect_ratio": "8:9",
            "pict_type": "I",
            "interlaced_frame": 1,
            "top_field_first": 0,
            "repeat_pict": 0,
            "chroma_location": "topleft"
        },
        {
            "media_type": "video",
            "stream_index": 0,
            "key_frame": 1,
            "pts": 602,
            "pts_time": "20.087115",
            "pkt_dts": 602,
            "pkt_dts_time": "20.087115",
            "best_effort_timestamp": 602,
            "best_effort_timestamp_time": "20.087115",
            "duration": 1,
            "duration_time": "0.033367",
            "pkt_pos": "74850856",
            "pkt_size": "120000",
            "width": 720,
            "height": 480,
            "crop_top": 0,
            "crop_bottom": 0,
            "crop_left": 0,
            "crop_right": 0,
            "pix_fmt": "yuv411p",
            "sample_aspect_ratio": "8:9",
            "pict_type": "I",
            "interlaced_frame": 1,
            "top_field_first": 0,
            "repeat_pict": 0,
            "chroma_location": "topleft"
        },
        {
            "media_type": "video",
            "stream_index": 0,
            "key_frame": 1,
            "pts": 603,
            "pts_time": "20.120482",
            "pkt_dts": 603,
            "pkt_dts_time": "20.120482",
            "best_effort_timestamp": 603,
            "best_effort_timestamp_time": "20.120482",
            "duration": 1,
            "duration_time": "0.033367",
            "pkt_pos": "74970864",
            "pkt_size": "120000",
            "width": 720,
            "height": 480,
            "crop_top": 0,
            "crop_bottom": 0,
            "crop_left": 0,
            "crop_right": 0,
            "pix_fmt": "yuv411p",
            "sample_aspect_ratio": "8:9",
            "pict_type": "I",
            "interlaced_frame": 1,
            "top_field_first": 0,
            "repeat_pict": 0,
            "chroma_location": "topleft"
        },
        {
            "media_type": "video",
            "stream_index": 0,
            "key_frame": 1,
            "pts": 604,
            "pts_time": "20.153849",
            "pkt_dts": 604,
            "pkt_dts_time": "20.153849",
            "best_effort_timestamp": 604,
            "best_effort_timestamp_time": "20.153849",
            "duration": 1,
            "duration_time": "0.033367",
            "pkt_pos": "75090872",
            "pkt_size": "120000",
            "width": 720,
            "height": 480,
            "crop_top": 0,
            "crop_bottom": 0,
            "crop_left": 0,
            "crop_right": 0,
            "pix_fmt": "yuv411p",
            "sample_aspect_ratio": "8:9",
            "pict_type": "I",
            "interlaced_frame": 1,
            "top_field_first": 0,
            "repeat_pict": 0,
            "chroma_location": "topleft"
        },
        {
            "media_type": "video",
            "stream_index": 0,
            "key_frame": 1,
            "pts": 605,
            "pts_time": "20.187217",
            "pkt_dts": 605,
            "pkt_dts_time": "20.187217",
            "best_effort_timestamp": 605,
            "best_effort_timestamp_time": "20.187217",
            "duration": 1,
            "duration_time": "0.033367",
            "pkt_pos": "75210880",
            "pkt_size": "120000",
            "width": 720,
            "height": 480,
            "crop_top": 0,
            "crop_bottom": 0,
            "crop_left": 0,
            "crop_right": 0,
            "pix_fmt": "yuv411p",
            "sample_aspect_ratio": "8:9",
            "pict_type": "I",
            "interlaced_frame": 1,
            "top_field_first": 0,
            "repeat_pict": 0,
            "chroma_location": "topleft"
        },
        {
            "media_type": "video",
            "stream_index": 0,
            "key_frame": 1,
            "pts": 606,
            "pts_time": "20.220584",
            "pkt_dts": 606,
            "pkt_dts_time": "20.220584",
            "best_effort_timestamp": 606,
            "best_effort_timestamp_time": "20.220584",
            "duration": 1,
            "duration_time": "0.033367",
            "pkt_pos": "75330888",
            "pkt_size": "120000",
            "width": 720,
            "height": 480,
            "crop_top": 0,
            "crop_bottom": 0,
            "crop_left": 0,
            "crop_right": 0,
            "pix_fmt": "yuv411p",
            "sample_aspect_ratio": "8:9",
            "pict_type": "I",
            "interlaced_frame": 1,
            "top_field_first": 0,
            "repeat_pict": 0,
            "chroma_location": "topleft"
        },
        {
            "media_type": "video",
            "stream_index": 0,
            "key_frame": 1,
            "pts": 607,
            "pts_time": "20.253951",
            "pkt_dts": 607,
            "pkt_dts_time": "20.253951",
            "best_effort_timestamp": 607,
            "best_effort_timestamp_time": "20.253951",
            "duration": 1,
            "duration_time": "0.033367",
            "pkt_pos": "75450896",
            "pkt_size": "120000",
            "width": 720,
            "height": 480,
            "crop_top": 0,
            "crop_bottom": 0,
            "crop_left": 0,
            "crop_right": 0,
            "pix_fmt": "yuv411p",
            "sample_aspect_ratio": "8:9",
            "pict_type": "I",
            "interlaced_frame": 1,
            "top_field_first": 0,
            "repeat_pict": 0,
            "chroma_location": "topleft"
        },
        {
            "media_type": "video",
            "stream_index": 0,
            "key_frame": 1,
            "pts": 608,
            "pts_time": "20.287318",
            "pkt_dts": 608,
            "pkt_dts_time": "20.287318",
            "best_effort_timestamp": 608,
            "best_effort_timestamp_time": "20.287318",
            "duration": 1,
            "duration_time": "0.033367",
            "pkt_pos": "75570904",
            "pkt_size": "120000",
            "width": 720,
            "height": 480,
            "crop_top": 0,
            "crop_bottom": 0,
            "crop_left": 0,
            "crop_right": 0,
            "pix_fmt": "yuv411p",
            "sample_aspect_ratio": "8:9",
            "pict_type": "I",
            "interlaced_frame": 1,
            "top_field_first": 0,
            "repeat_pict": 0,
            "chroma_location": "topleft"
        },
        {
            "media_type": "video",
            "stream_index": 0,
            "key_frame": 1,
            "pts": 609,
            "pts_time": "20.320686",
            "pkt_dts": 609,
            "pkt_dts_time": "20.320686",
            "best_effort_timestamp": 609,
            "best_effort_timestamp_time": "20.320686",
            "duration": 1,
            "duration_time": "0.033367",
            "pkt_pos": "75814780",
            "pkt_size": "120000",
            "width": 720,
            "height": 480,
            "crop_top": 0,
            "crop_bottom": 0,
            "crop_left": 0,
            "crop_right": 0,
            "pix_fmt": "yuv411p",
            "sample_aspect_ratio": "8:9",
            "pict_type": "I",
            "interlaced_frame": 1,
            "top_field_first": 0,
            "repeat_pict": 0,
            "chroma_location": "topleft"
        },
        {
            "media_type": "video",
            "stream_index": 0,
            "key_frame": 1,
            "pts": 610,
            "pts_time": "20.354053",
            "pkt_dts": 610,
            "pkt_dts_time": "20.354053",
            "best_effort_timestamp": 610,
            "best_effort_timestamp_time": "20.354053",
            "duration": 1,
            "duration_time": "0.033367",
            "pkt_pos": "75934788",
            "pkt_size": "120000",
            "width": 720,
            "height": 480,
            "crop_top": 0,
            "crop_bottom": 0,
            "crop_left": 0,
            "crop_right": 0,
            "pix_fmt": "yuv411p",
            "sample_aspect_ratio": "8:9",
            "pict_type": "I",
            "interlaced_frame": 1,
            "top_field_first": 0,
            "repeat_pict": 0,
            "chroma_location": "topleft"
        },
        {
            "media_type": "video",
            "stream_index": 0,
            "key_frame": 1,
            "pts": 611,
            "pts_time": "20.387420",
            "pkt_dts": 611,
            "pkt_dts_time": "20.387420",
            "best_effort_timestamp": 611,
            "best_effort_timestamp_time": "20.387420",
            "duration": 1,
            "duration_time": "0.033367",
            "pkt_pos": "76054796",
            "pkt_size": "120000",
            "width": 720,
            "height": 480,
            "crop_top": 0,
            "crop_bottom": 0,
            "crop_left": 0,
            "crop_right": 0,
            "pix_fmt": "yuv411p",
            "sample_aspect_ratio": "8:9",
            "pict_type": "I",
            "interlaced_frame": 1,
            "top_field_first": 0,
            "repeat_pict": 0,
            "chroma_location": "topleft"
        },
        {
            "media_type": "video",
            "stream_index": 0,
            "key_frame": 1,
            "pts": 612,
            "pts_time": "20.420788",
            "pkt_dts": 612,
            "pkt_dts_time": "20.420788",
            "best_effort_timestamp": 612,
            "best_effort_timestamp_time": "20.420788",
            "duration": 1,
            "duration_time": "0.033367",
            "pkt_pos": "76174804",
            "pkt_size": "120000",
            "width": 720,
            "height": 480,
            "crop_top": 0,
            "crop_bottom": 0,
            "crop_left": 0,
            "crop_right": 0,
            "pix_fmt": "yuv411p",
            "sample_aspect_ratio": "8:9",
            "pict_type": "I",
            "interlaced_frame": 1,
            "top_field_first": 0,
            "repeat_pict": 0,
            "chroma_location": "topleft"
        },
        {
            "media_type": "video",
            "stream_index": 0,
            "key_frame": 1,
            "pts": 613,
            "pts_time": "20.454155",
            "pkt_dts": 613,
            "pkt_dts_time": "20.454155",
            "best_effort_timestamp": 613,
            "best_effort_timestamp_time": "20.454155",
            "duration": 1,
            "duration_time": "0.033367",
            "pkt_pos": "76294812",
            "pkt_size": "120000",
            "width": 720,
            "height": 480,
            "crop_top": 0,
            "crop_bottom": 0,
            "crop_left": 0,
            "crop_right": 0,
            "pix_fmt": "yuv411p",
            "sample_aspect_ratio": "8:9",
            "pict_type": "I",
            "interlaced_frame": 1,
            "top_field_first": 0,
            "repeat_pict": 0,
            "chroma_location": "topleft"
        },
        {
            "media_type": "video",
            "stream_index": 0,
            "key_frame": 1,
            "pts": 614,
            "pts_time": "20.487522",
            "pkt_dts": 614,
            "pkt_dts_time": "20.487522",
            "best_effort_timestamp": 614,
            "best_effort_timestamp_time": "20.487522",
            "duration": 1,
            "duration_time": "0.033367",
            "pkt_pos": "76414820",
            "pkt_size": "120000",
            "width": 720,
            "height": 480,
            "crop_top": 0,
            "crop_bottom": 0,
            "crop_left": 0,
            "crop_right": 0,
            "pix_fmt": "yuv411p",
            "sample_aspect_ratio": "8:9",
            "pict_type": "I",
            "interlaced_frame": 1,
            "top_field_first": 0,
            "repeat_pict": 0,
            "chroma_location": "topleft"
        },
        {
            "media_type": "video",
            "stream_index": 0,
            "key_frame": 1,
            "pts": 615,
            "pts_time": "20.520890",
            "pkt_dts": 615,
            "pkt_dts_time": "20.520890",
            "best_effort_timestamp": 615,
            "best_effort_timestamp_time": "20.520890",
            "duration": 1,
            "duration_time": "0.033367",
            "pkt_pos": "76534828",
            "pkt_size": "120000",
            "width": 720,
            "height": 480,
            "crop_top": 0,
            "crop_bottom": 0,
            "crop_left": 0,
            "crop_right": 0,
            "pix_fmt": "yuv411p",
            "sample_aspect_ratio": "8:9",
            "pict_type": "I",
            "interlaced_frame": 1,
            "top_field_first": 0,
            "repeat_pict": 0,
            "chroma_location": "topleft"
        },
        {
            "media_type": "video",
            "stream_index": 0,
            "key_frame": 1,
            "pts": 616,
            "pts_time": "20.554257",
            "pkt_dts": 616,
            "pkt_dts_time": "20.554257",
            "best_effort_timestamp": 616,
            "best_effort_timestamp_time": "20.554257",
            "duration": 1,
            "duration_time": "0.033367",
            "pkt_pos": "76654836",
            "pkt_size": "120000",
            "width": 720,
            "height": 480,
            "crop_top": 0,
            "crop_bottom": 0,
            "crop_left": 0,
            "crop_right": 0,
            "pix_fmt": "yuv411p",
            "sample_aspect_ratio": "8:9",
            "pict_type": "I",
            "interlaced_frame": 1,
            "top_field_first": 0,
            "repeat_pict": 0,
            "chroma_location": "topleft"
        },
        {
            "media_type": "video",
            "stream_index": 0,
            "key_frame": 1,
            "pts": 617,
            "pts_time": "20.587624",
            "pkt_dts": 617,
            "pkt_dts_time": "20.587624",
            "best_effort_timestamp": 617,
            "best_effort_timestamp_time": "20.587624",
            "duration": 1,
            "duration_time": "0.033367",
            "pkt_pos": "76774844",
            "pkt_size": "120000",
            "width": 720,
            "height": 480,
            "crop_top": 0,
            "crop_bottom": 0,
            "crop_left": 0,
            "crop_right": 0,
            "pix_fmt": "yuv411p",
            "sample_aspect_ratio": "8:9",
            "pict_type": "I",
            "interlaced_frame": 1,
            "top_field_first": 0,
            "repeat_pict": 0,
            "chroma_location": "topleft"
        },
        {
            "media_type": "video",
            "stream_index": 0,
            "key_frame": 1,
            "pts": 618,
            "pts_time": "20.620991",
            "pkt_dts": 618,
            "pkt_dts_time": "20.620991",
            "best_effort_timestamp": 618,
            "best_effort_timestamp_time": "20.620991",
            "duration": 1,
            "duration_time": "0.033367",
            "pkt_pos": "76894852",
            "pkt_size": "120000",
            "width": 720,
            "height": 480,
            "crop_top": 0,
            "crop_bottom": 0,
            "crop_left": 0,
            "crop_right": 0,
            "pix_fmt": "yuv411p",
            "sample_aspect_ratio": "8:9",
            "pict_type": "I",
            "interlaced_frame": 1,
            "top_field_first": 0,
            "repeat_pict": 0,
            "chroma_location": "topleft"
        },
        {
            "media_type": "video",
            "stream_index": 0,
            "key_frame": 1,
            "pts": 619,
            "pts_time": "20.654359",
            "pkt_dts": 619,
            "pkt_dts_time": "20.654359",
            "best_effort_timestamp": 619,
            "best_effort_timestamp_time": "20.654359",
            "duration": 1,
            "duration_time": "0.033367",
            "pkt_pos": "77014860",
            "pkt_size": "120000",
            "width": 720,
            "height": 480,
            "crop_top": 0,
            "crop_bottom": 0,
            "crop_left": 0,
            "crop_right": 0,
            "pix_fmt": "yuv411p",
            "sample_aspect_ratio": "8:9",
            "pict_type": "I",
            "interlaced_frame": 1,
            "top_field_first": 0,
            "repeat_pict": 0,
            "chroma_location": "topleft"
        },
        {
            "media_type": "video",
            "stream_index": 0,
            "key_frame": 1,
            "pts": 620,
            "pts_time": "20.687726",
            "pkt_dts": 620,
            "pkt_dts_time": "20.687726",
            "best_effort_timestamp": 620,
            "best_effort_timestamp_time": "20.687726",
            "duration": 1,
            "duration_time": "0.033367",
            "pkt_pos": "77134868",
            "pkt_size": "120000",
            "width": 720,
            "height": 480,
            "crop_top": 0,
            "crop_bottom": 0,
            "crop_left": 0,
            "crop_right": 0,
            "pix_fmt": "yuv411p",
            "sample_aspect_ratio": "8:9",
            "pict_type": "I",
            "interlaced_frame": 1,
            "top_field_first": 0,
            "repeat_pict": 0,
            "chroma_location": "topleft"
        },
        {
            "media_type": "video",
            "stream_index": 0,
            "key_frame": 1,
            "pts": 621,
            "pts_time": "20.721093",
            "pkt_dts": 621,
            "pkt_dts_time": "20.721093",
            "best_effort_timestamp": 621,
            "best_effort_timestamp_time": "20.721093",
            "duration": 1,
            "duration_time": "0.033367",
            "pkt_pos": "77254876",
            "pkt_size": "120000",
            "width": 720,
            "height": 480,
            "crop_top": 0,
            "crop_bottom": 0,
            "crop_left": 0,
            "crop_right": 0,
            "pix_fmt": "yuv411p",
            "sample_aspect_ratio": "8:9",
            "pict_type": "I",
            "interlaced_frame": 1,
            "top_field_first": 0,
            "repeat_pict": 0,
            "chroma_location": "topleft"
        },
        {
            "media_type": "video",
            "stream_index": 0,
            "key_frame": 1,
            "pts": 622,
            "pts_time": "20.754461",
            "pkt_dts": 622,
            "pkt_dts_time": "20.754461",
            "best_effort_timestamp": 622,
            "best_effort_timestamp_time": "20.754461",
            "duration": 1,
            "duration_time": "0.033367",
            "pkt_pos": "77374884",
            "pkt_size": "120000",
            "width": 720,
            "height": 480,
            "crop_top": 0,
            "crop_bottom": 0,
            "crop_left": 0,
            "crop_right": 0,
            "pix_fmt": "yuv411p",
            "sample_aspect_ratio": "8:9",
            "pict_type": "I",
            "interlaced_frame": 1,
            "top_field_first": 0,
            "repeat_pict": 0,
            "chroma_location": "topleft"
        },
        {
            "media_type": "video",
            "stream_index": 0,
            "key_frame": 1,
            "pts": 623,
            "pts_time": "20.787828",
            "pkt_dts": 623,
            "pkt_dts_time": "20.787828",
            "best_effort_timestamp": 623,
            "best_effort_timestamp_time": "20.787828",
            "duration": 1,
            "duration_time": "0.033367",
            "pkt_pos": "77494892",
            "pkt_size": "120000",
            "width": 720,
            "height": 480,
            "crop_top": 0,
            "crop_bottom": 0,
            "crop_left": 0,
            "crop_right": 0,
            "pix_fmt": "yuv411p",
            "sample_aspect_ratio": "8:9",
            "pict_type": "I",
            "interlaced_frame": 1,
            "top_field_first": 0,
            "repeat_pict": 0,
            "chroma_location": "topleft"
        },
        {
            "media_type": "video",
            "stream_index": 0,
            "key_frame": 1,
            "pts": 624,
            "pts_time": "20.821195",
            "pkt_dts": 624,
            "pkt_dts_time": "20.821195",
            "best_effort_timestamp": 624,
            "best_effort_timestamp_time": "20.821195",
            "duration": 1,
            "duration_time": "0.033367",
            "pkt_pos": "77614900",
            "pkt_size": "120000",
            "width": 720,
            "height": 480,
            "crop_top": 0,
            "crop_bottom": 0,
            "crop_left": 0,
            "crop_right": 0,
            "pix_fmt": "yuv411p",
            "sample_aspect_ratio": "8:9",
            "pict_type": "I",
            "interlaced_frame": 1,
            "top_field_first": 0,
            "repeat_pict": 0,
            "chroma_location": "topleft"
        },
        {
            "media_type": "video",
            "stream_index": 0,
            "key_frame": 1,
            "pts": 625,
            "pts_time": "20.854563",
            "pkt_dts": 625,
            "pkt_dts_time": "20.854563",
            "best_effort_timestamp": 625,
            "best_effort_timestamp_time": "20.854563",
            "duration": 1,
            "duration_time": "0.033367",
            "pkt_pos": "77734908",
            "pkt_size": "120000",
            "width": 720,
            "height": 480,
            "crop_top": 0,
            "crop_bottom": 0,
            "crop_left": 0,
            "crop_right": 0,
            "pix_fmt": "yuv411p",
            "sample_aspect_ratio": "8:9",
            "pict_type": "I",
            "interlaced_frame": 1,
            "top_field_first": 0,
            "repeat_pict": 0,
            "chroma_location": "topleft"
        },
        {
            "media_type": "video",
            "stream_index": 0,
            "key_frame": 1,
            "pts": 626,
            "pts_time": "20.887930",
            "pkt_dts": 626,
            "pkt_dts_time": "20.887930",
            "best_effort_timestamp": 626,
            "best_effort_timestamp_time": "20.887930",
            "duration": 1,
            "duration_time": "0.033367",
            "pkt_pos": "77854916",
            "pkt_size": "120000",
            "width": 720,
            "height": 480,
            "crop_top": 0,
            "crop_bottom": 0,
            "crop_left": 0,
            "crop_right": 0,
            "pix_fmt": "yuv411p",
            "sample_aspect_ratio": "8:9",
            "pict_type": "I",
            "interlaced_frame": 1,
            "top_field_first": 0,
            "repeat_pict": 0,
            "chroma_location": "topleft"
        },
        {
            "media_type": "video",
            "stream_index": 0,
            "key_frame": 1,
            "pts": 627,
            "pts_time": "20.921297",
            "pkt_dts": 627,
            "pkt_dts_time": "20.921297",
            "best_effort_timestamp": 627,
            "best_effort_timestamp_time": "20.921297",
            "duration": 1,
            "duration_time": "0.033367",
            "pkt_pos": "77974924",
            "pkt_size": "120000",
            "width": 720,
            "height": 480,
            "crop_top": 0,
            "crop_bottom": 0,
            "crop_left": 0,
            "crop_right": 0,
            "pix_fmt": "yuv411p",
            "sample_aspect_ratio": "8:9",
            "pict_type": "I",
            "interlaced_frame": 1,
            "top_field_first": 0,
            "repeat_pict": 0,
            "chroma_location": "topleft"
        },
        {
            "media_type": "video",
            "stream_index": 0,
            "key_frame": 1,
            "pts": 628,
            "pts_time": "20.954664",
            "pkt_dts": 628,
            "pkt_dts_time": "20.954664",
            "best_effort_timestamp": 628,
            "best_effort_timestamp_time": "20.954664",
            "duration": 1,
            "duration_time": "0.033367",
            "pkt_pos": "78094932",
            "pkt_size": "120000",
            "width": 720,
            "height": 480,
            "crop_top": 0,
            "crop_bottom": 0,
            "crop_left": 0,
            "crop_right": 0,
            "pix_fmt": "yuv411p",
            "sample_aspect_ratio": "8:9",
            "pict_type": "I",
            "interlaced_frame": 1,
            "top_field_first": 0,
            "repeat_pict": 0,
            "chroma_location": "topleft"
        },
        {
            "media_type": "video",
            "stream_index": 0,
            "key_frame": 1,
            "pts": 629,
            "pts_time": "20.988032",
            "pkt_dts": 629,
            "pkt_dts_time": "20.988032",
            "best_effort_timestamp": 629,
            "best_effort_timestamp_time": "20.988032",
            "duration": 1,
            "duration_time": "0.033367",
            "pkt_pos": "78214940",
            "pkt_size": "120000",
            "width": 720,
            "height": 480,
            "crop_top": 0,
            "crop_bottom": 0,
            "crop_left": 0,
            "crop_right": 0,
            "pix_fmt": "yuv411p",
            "sample_aspect_ratio": "8:9",
            "pict_type": "I",
            "interlaced_frame": 1,
            "top_field_first": 0,
            "repeat_pict": 0,
            "chroma_location": "topleft"
        },
        {
            "media_type": "video",
            "stream_index": 0,
            "key_frame": 1,
            "pts": 630,
            "pts_time": "21.021399",
            "pkt_dts": 630,
            "pkt_dts_time": "21.021399",
            "best_effort_timestamp": 630,
            "best_effort_timestamp_time": "21.021399",
            "duration": 1,
            "duration_time": "0.033367",
            "pkt_pos": "78334948",
            "pkt_size": "120000",
            "width": 720,
            "height": 480,
            "crop_top": 0,
            "crop_bottom": 0,
            "crop_left": 0,
            "crop_right": 0,
            "pix_fmt": "yuv411p",
            "sample_aspect_ratio": "8:9",
            "pict_type": "I",
            "interlaced_frame": 1,
            "top_field_first": 0,
            "repeat_pict": 0,
            "chroma_location": "topleft"
        },
        {
            "media_type": "video",
            "stream_index": 0,
            "key_frame": 1,
            "pts": 631,
            "pts_time": "21.054766",
            "pkt_dts": 631,
            "pkt_dts_time": "21.054766",
            "best_effort_timestamp": 631,
            "best_effort_timestamp_time": "21.054766",
            "duration": 1,
            "duration_time": "0.033367",
            "pkt_pos": "78454956",
            "pkt_size": "120000",
            "width": 720,
            "height": 480,
            "crop_top": 0,
            "crop_bottom": 0,
            "crop_left": 0,
            "crop_right": 0,
            "pix_fmt": "yuv411p",
            "sample_aspect_ratio": "8:9",
            "pict_type": "I",
            "interlaced_frame": 1,
            "top_field_first": 0,
            "repeat_pict": 0,
            "chroma_location": "topleft"
        },
        {
            "media_type": "video",
            "stream_index": 0,
            "key_frame": 1,
            "pts": 632,
            "pts_time": "21.088134",
            "pkt_dts": 632,
            "pkt_dts_time": "21.088134",
            "best_effort_timestamp": 632,
            "best_effort_timestamp_time": "21.088134",
            "duration": 1,
            "duration_time": "0.033367",
            "pkt_pos": "78574964",
            "pkt_size": "120000",
            "width": 720,
            "height": 480,
            "crop_top": 0,
            "crop_bottom": 0,
            "crop_left": 0,
            "crop_right": 0,
            "pix_fmt": "yuv411p",
            "sample_aspect_ratio": "8:9",
            "pict_type": "I",
            "interlaced_frame": 1,
            "top_field_first": 0,
            "repeat_pict": 0,
            "chroma_location": "topleft"
        },
        {
            "media_type": "video",
            "stream_index": 0,
            "key_frame": 1,
            "pts": 633,
            "pts_time": "21.121501",
            "pkt_dts": 633,
            "pkt_dts_time": "21.121501",
            "best_effort_timestamp": 633,
            "best_effort_timestamp_time": "21.121501",
            "duration": 1,
            "duration_time": "0.033367",
            "pkt_pos": "78694972",
            "pkt_size": "120000",
            "width": 720,
            "height": 480,
            "crop_top": 0,
            "crop_bottom": 0,
            "crop_left": 0,
            "crop_right": 0,
            "pix_fmt": "yuv411p",
            "sample_aspect_ratio": "8:9",
            "pict_type": "I",
            "interlaced_frame": 1,
            "top_field_first": 0,
            "repeat_pict": 0,
            "chroma_location": "topleft"
        },
        {
            "media_type": "video",
            "stream_index": 0,
            "key_frame": 1,
            "pts": 634,
            "pts_time": "21.154868",
            "pkt_dts": 634,
            "pkt_dts_time": "21.154868",
            "best_effort_timestamp": 634,
            "best_effort_timestamp_time": "21.154868",
            "duration": 1,
            "duration_time": "0.033367",
            "pkt_pos": "78814980",
            "pkt_size": "120000",
            "width": 720,
            "height": 480,
            "crop_top": 0,
            "crop_bottom": 0,
            "crop_left": 0,
            "crop_right": 0,
            "pix_fmt": "yuv411p",
            "sample_aspect_ratio": "8:9",
            "pict_type": "I",
            "interlaced_frame": 1,
            "top_field_first": 0,
            "repeat_pict": 0,
            "chroma_location": "topleft"
        },
        {
            "media_type": "video",
            "stream_index": 0,
            "key_frame": 1,
            "pts": 635,
            "pts_time": "21.188236",
            "pkt_dts": 635,
            "pkt_dts_time": "21.188236",
            "best_effort_timestamp": 635,
            "best_effort_timestamp_time": "21.188236",
            "duration": 1,
            "duration_time": "0.033367",
            "pkt_pos": "78934988",
            "pkt_size": "120000",
            "width": 720,
            "height": 480,
            "crop_top": 0,
            "crop_bottom": 0,
            "crop_left": 0,
            "crop_right": 0,
            "pix_fmt": "yuv411p",
            "sample_aspect_ratio": "8:9",
            "pict_type": "I",
            "interlaced_frame": 1,
            "top_field_first": 0,
            "repeat_pict": 0,
            "chroma_location": "topleft"
        },
        {
            "media_type": "video",
            "stream_index": 0,
            "key_frame": 1,
            "pts": 636,
            "pts_time": "21.221603",
            "pkt_dts": 636,
            "pkt_dts_time": "21.221603",
            "best_effort_timestamp": 636,
            "best_effort_timestamp_time": "21.221603",
            "duration": 1,
            "duration_time": "0.033367",
            "pkt_pos": "79054996",
            "pkt_size": "120000",
            "width": 720,
            "height": 480,
            "crop_top": 0,
            "crop_bottom": 0,
            "crop_left": 0,
            "crop_right": 0,
            "pix_fmt": "yuv411p",
            "sample_aspect_ratio": "8:9",
            "pict_type": "I",
            "interlaced_frame": 1,
            "top_field_first": 0,
            "repeat_pict": 0,
            "chroma_location": "topleft"
        },
        {
            "media_type": "video",
            "stream_index": 0,
            "key_frame": 1,
            "pts": 637,
            "pts_time": "21.254970",
            "pkt_dts": 637,
            "pkt_dts_time": "21.254970",
            "best_effort_timestamp": 637,
            "best_effort_timestamp_time": "21.254970",
            "duration": 1,
            "duration_time": "0.033367",
            "pkt_pos": "79175004",
            "pkt_size": "120000",
            "width": 720,
            "height": 480,
            "crop_top": 0,
            "crop_bottom": 0,
            "crop_left": 0,
            "crop_right": 0,
            "pix_fmt": "yuv411p",
            "sample_aspect_ratio": "8:9",
            "pict_type": "I",
            "interlaced_frame": 1,
            "top_field_first": 0,
            "repeat_pict": 0,
            "chroma_location": "topleft"
        },
        {
            "media_type": "video",
            "stream_index": 0,
            "key_frame": 1,
            "pts": 638,
            "pts_time": "21.288337",
            "pkt_dts": 638,
            "pkt_dts_time": "21.288337",
            "best_effort_timestamp": 638,
            "best_effort_timestamp_time": "21.288337",
            "duration": 1,
            "duration_time": "0.033367",
            "pkt_pos": "79418876",
            "pkt_size": "120000",
            "width": 720,
            "height": 480,
            "crop_top": 0,
            "crop_bottom": 0,
            "crop_left": 0,
            "crop_right": 0,
            "pix_fmt": "yuv411p",
            "sample_aspect_ratio": "8:9",
            "pict_type": "I",
            "interlaced_frame": 1,
            "top_field_first": 0,
            "repeat_pict": 0,
            "chroma_location": "topleft"
        },
        {
            "media_type": "video",
            "stream_index": 0,
            "key_frame": 1,
            "pts": 639,
            "pts_time": "21.321705",
            "pkt_dts": 639,
            "pkt_dts_time": "21.321705",
            "best_effort_timestamp": 639,
            "best_effort_timestamp_time": "21.321705",
            "duration": 1,
            "duration_time": "0.033367",
            "pkt_pos": "79538884",
            "pkt_size": "120000",
            "width": 720,
            "height": 480,
            "crop_top": 0,
            "crop_bottom": 0,
            "crop_left": 0,
            "crop_right": 0,
            "pix_fmt": "yuv411p",
            "sample_aspect_ratio": "8:9",
            "pict_type": "I",
            "interlaced_frame": 1,
            "top_field_first": 0,
            "repeat_pict": 0,
            "chroma_location": "topleft"
        },
        {
            "media_type": "video",
            "stream_index": 0,
            "key_frame": 1,
            "pts": 640,
            "pts_time": "21.355072",
            "pkt_dts": 640,
            "pkt_dts_time": "21.355072",
            "best_effort_timestamp": 640,
            "best_effort_timestamp_time": "21.355072",
            "duration": 1,
            "duration_time": "0.033367",
            "pkt_pos": "79658892",
            "pkt_size": "120000",
            "width": 720,
            "height": 480,
            "crop_top": 0,
            "crop_bottom": 0,
            "crop_left": 0,
            "crop_right": 0,
            "pix_fmt": "yuv411p",
            "sample_aspect_ratio": "8:9",
            "pict_type": "I",
            "interlaced_frame": 1,
            "top_field_first": 0,
            "repeat_pict": 0,
            "chroma_location": "topleft"
        },
        {
            "media_type": "video",
            "stream_index": 0,
            "key_frame": 1,
            "pts": 641,
            "pts_time": "21.388439",
            "pkt_dts": 641,
            "pkt_dts_time": "21.388439",
            "best_effort_timestamp": 641,
            "best_effort_timestamp_time": "21.388439",
            "duration": 1,
            "duration_time": "0.033367",
            "pkt_pos": "79778900",
            "pkt_size": "120000",
            "width": 720,
            "height": 480,
            "crop_top": 0,
            "crop_bottom": 0,
            "crop_left": 0,
            "crop_right": 0,
            "pix_fmt": "yuv411p",
            "sample_aspect_ratio": "8:9",
            "pict_type": "I",
            "interlaced_frame": 1,
            "top_field_first": 0,
            "repeat_pict": 0,
            "chroma_location": "topleft"
        },
        {
            "media_type": "video",
            "stream_index": 0,
            "key_frame": 1,
            "pts": 642,
            "pts_time": "21.421807",
            "pkt_dts": 642,
            "pkt_dts_time": "21.421807",
            "best_effort_timestamp": 642,
            "best_effort_timestamp_time": "21.421807",
            "duration": 1,
            "duration_time": "0.033367",
            "pkt_pos": "79898908",
            "pkt_size": "120000",
            "width": 720,
            "height": 480,
            "crop_top": 0,
            "crop_bottom": 0,
            "crop_left": 0,
            "crop_right": 0,
            "pix_fmt": "yuv411p",
            "sample_aspect_ratio": "8:9",
            "pict_type": "I",
            "interlaced_frame": 1,
            "top_field_first": 0,
            "repeat_pict": 0,
            "chroma_location": "topleft"
        },
        {
            "media_type": "video",
            "stream_index": 0,
            "key_frame": 1,
            "pts": 643,
            "pts_time": "21.455174",
            "pkt_dts": 643,
            "pkt_dts_time": "21.455174",
            "best_effort_timestamp": 643,
            "best_effort_timestamp_time": "21.455174",
            "duration": 1,
            "duration_time": "0.033367",
            "pkt_pos": "80018916",
            "pkt_size": "120000",
            "width": 720,
            "height": 480,
            "crop_top": 0,
            "crop_bottom": 0,
            "crop_left": 0,
            "crop_right": 0,
            "pix_fmt": "yuv411p",
            "sample_aspect_ratio": "8:9",
            "pict_type": "I",
            "interlaced_frame": 1,
            "top_field_first": 0,
            "repeat_pict": 0,
            "chroma_location": "topleft"
        },
        {
            "media_type": "video",
            "stream_index": 0,
            "key_frame": 1,
            "pts": 644,
            "pts_time": "21.488541",
            "pkt_dts": 644,
            "pkt_dts_time": "21.488541",
            "best_effort_timestamp": 644,
            "best_effort_timestamp_time": "21.488541",
            "duration": 1,
            "duration_time": "0.033367",
            "pkt_pos": "80138924",
            "pkt_size": "120000",
            "width": 720,
            "height": 480,
            "crop_top": 0,
            "crop_bottom": 0,
            "crop_left": 0,
            "crop_right": 0,
            "pix_fmt": "yuv411p",
            "sample_aspect_ratio": "8:9",
            "pict_type": "I",
            "interlaced_frame": 1,
            "top_field_first": 0,
            "repeat_pict": 0,
            "chroma_location": "topleft"
        },
        {
            "media_type": "video",
            "stream_index": 0,
            "key_frame": 1,
            "pts": 645,
            "pts_time": "21.521909",
            "pkt_dts": 645,
            "pkt_dts_time": "21.521909",
            "best_effort_timestamp": 645,
            "best_effort_timestamp_time": "21.521909",
            "duration": 1,
            "duration_time": "0.033367",
            "pkt_pos": "80258932",
            "pkt_size": "120000",
            "width": 720,
            "height": 480,
            "crop_top": 0,
            "crop_bottom": 0,
            "crop_left": 0,
            "crop_right": 0,
            "pix_fmt": "yuv411p",
            "sample_aspect_ratio": "8:9",
            "pict_type": "I",
            "interlaced_frame": 1,
            "top_field_first": 0,
            "repeat_pict": 0,
            "chroma_location": "topleft"
        },
        {
            "media_type": "video",
            "stream_index": 0,
            "key_frame": 1,
            "pts": 646,
            "pts_time": "21.555276",
            "pkt_dts": 646,
            "pkt_dts_time": "21.555276",
            "best_effort_timestamp": 646,
            "best_effort_timestamp_time": "21.555276",
            "duration": 1,
            "duration_time": "0.033367",
            "pkt_pos": "80378940",
            "pkt_size": "120000",
            "width": 720,
            "height": 480,
            "crop_top": 0,
            "crop_bottom": 0,
            "crop_left": 0,
            "crop_right": 0,
            "pix_fmt": "yuv411p",
            "sample_aspect_ratio": "8:9",
            "pict_type": "I",
            "interlaced_frame": 1,
            "top_field_first": 0,
            "repeat_pict": 0,
            "chroma_location": "topleft"
        },
        {
            "media_type": "video",
            "stream_index": 0,
            "key_frame": 1,
            "pts": 647,
            "pts_time": "21.588643",
            "pkt_dts": 647,
            "pkt_dts_time": "21.588643",
            "best_effort_timestamp": 647,
            "best_effort_timestamp_time": "21.588643",
            "duration": 1,
            "duration_time": "0.033367",
            "pkt_pos": "80498948",
            "pkt_size": "120000",
            "width": 720,
            "height": 480,
            "crop_top": 0,
            "crop_bottom": 0,
            "crop_left": 0,
            "crop_right": 0,
            "pix_fmt": "yuv411p",
            "sample_aspect_ratio": "8:9",
            "pict_type": "I",
            "interlaced_frame": 1,
            "top_field_first": 0,
            "repeat_pict": 0,
            "chroma_location": "topleft"
        },
        {
            "media_type": "video",
            "stream_index": 0,
            "key_frame": 1,
            "pts": 648,
            "pts_time": "21.622010",
            "pkt_dts": 648,
            "pkt_dts_time": "21.622010",
            "best_effort_timestamp": 648,
            "best_effort_timestamp_time": "21.622010",
            "duration": 1,
            "duration_time": "0.033367",
            "pkt_pos": "80618956",
            "pkt_size": "120000",
            "width": 720,
            "height": 480,
            "crop_top": 0,
            "crop_bottom": 0,
            "crop_left": 0,
            "crop_right": 0,
            "pix_fmt": "yuv411p",
            "sample_aspect_ratio": "8:9",
            "pict_type": "I",
            "interlaced_frame": 1,
            "top_field_first": 0,
            "repeat_pict": 0,
            "chroma_location": "topleft"
        },
        {
            "media_type": "video",
            "stream_index": 0,
            "key_frame": 1,
            "pts": 649,
            "pts_time": "21.655378",
            "pkt_dts": 649,
            "pkt_dts_time": "21.655378",
            "best_effort_timestamp": 649,
            "best_effort_timestamp_time": "21.655378",
            "duration": 1,
            "duration_time": "0.033367",
            "pkt_pos": "80738964",
            "pkt_size": "120000",
            "width": 720,
            "height": 480,
            "crop_top": 0,
            "crop_bottom": 0,
            "crop_left": 0,
            "crop_right": 0,
            "pix_fmt": "yuv411p",
            "sample_aspect_ratio": "8:9",
            "pict_type": "I",
            "interlaced_frame": 1,
            "top_field_first": 0,
            "repeat_pict": 0,
            "chroma_location": "topleft"
        },
        {
            "media_type": "video",
            "stream_index": 0,
            "key_frame": 1,
            "pts": 650,
            "pts_time": "21.688745",
            "pkt_dts": 650,
            "pkt_dts_time": "21.688745",
            "best_effort_timestamp": 650,
            "best_effort_timestamp_time": "21.688745",
            "duration": 1,
            "duration_time": "0.033367",
            "pkt_pos": "80858972",
            "pkt_size": "120000",
            "width": 720,
            "height": 480,
            "crop_top": 0,
            "crop_bottom": 0,
            "crop_left": 0,
            "crop_right": 0,
            "pix_fmt": "yuv411p",
            "sample_aspect_ratio": "8:9",
            "pict_type": "I",
            "interlaced_frame": 1,
            "top_field_first": 0,
            "repeat_pict": 0,
            "chroma_location": "topleft"
        },
        {
            "media_type": "video",
            "stream_index": 0,
            "key_frame": 1,
            "pts": 651,
            "pts_time": "21.722112",
            "pkt_dts": 651,
            "pkt_dts_time": "21.722112",
            "best_effort_timestamp": 651,
            "best_effort_timestamp_time": "21.722112",
            "duration": 1,
            "duration_time": "0.033367",
            "pkt_pos": "80978980",
            "pkt_size": "120000",
            "width": 720,
            "height": 480,
            "crop_top": 0,
            "crop_bottom": 0,
            "crop_left": 0,
            "crop_right": 0,
            "pix_fmt": "yuv411p",
            "sample_aspect_ratio": "8:9",
            "pict_type": "I",
            "interlaced_frame": 1,
            "top_field_first": 0,
            "repeat_pict": 0,
            "chroma_location": "topleft"
        },
        {
            "media_type": "video",
            "stream_index": 0,
            "key_frame": 1,
            "pts": 652,
            "pts_time": "21.755480",
            "pkt_dts": 652,
            "pkt_dts_time": "21.755480",
            "best_effort_timestamp": 652,
            "best_effort_timestamp_time": "21.755480",
            "duration": 1,
            "duration_time": "0.033367",
            "pkt_pos": "81098988",
            "pkt_size": "120000",
            "width": 720,
            "height": 480,
            "crop_top": 0,
            "crop_bottom": 0,
            "crop_left": 0,
            "crop_right": 0,
            "pix_fmt": "yuv411p",
            "sample_aspect_ratio": "8:9",
            "pict_type": "I",
            "interlaced_frame": 1,
            "top_field_first": 0,
            "repeat_pict": 0,
            "chroma_location": "topleft"
        },
        {
            "media_type": "video",
            "stream_index": 0,
            "key_frame": 1,
            "pts": 653,
            "pts_time": "21.788847",
            "pkt_dts": 653,
            "pkt_dts_time": "21.788847",
            "best_effort_timestamp": 653,
            "best_effort_timestamp_time": "21.788847",
            "duration": 1,
            "duration_time": "0.033367",
            "pkt_pos": "81218996",
            "pkt_size": "120000",
            "width": 720,
            "height": 480,
            "crop_top": 0,
            "crop_bottom": 0,
            "crop_left": 0,
            "crop_right": 0,
            "pix_fmt": "yuv411p",
            "sample_aspect_ratio": "8:9",
            "pict_type": "I",
            "interlaced_frame": 1,
            "top_field_first": 0,
            "repeat_pict": 0,
            "chroma_location": "topleft"
        },
        {
            "media_type": "video",
            "stream_index": 0,
            "key_frame": 1,
            "pts": 654,
            "pts_time": "21.822214",
            "pkt_dts": 654,
            "pkt_dts_time": "21.822214",
            "best_effort_timestamp": 654,
            "best_effort_timestamp_time": "21.822214",
            "duration": 1,
            "duration_time": "0.033367",
            "pkt_pos": "81339004",
            "pkt_size": "120000",
            "width": 720,
            "height": 480,
            "crop_top": 0,
            "crop_bottom": 0,
            "crop_left": 0,
            "crop_right": 0,
            "pix_fmt": "yuv411p",
            "sample_aspect_ratio": "8:9",
            "pict_type": "I",
            "interlaced_frame": 1,
            "top_field_first": 0,
            "repeat_pict": 0,
            "chroma_location": "topleft"
        },
        {
            "media_type": "video",
            "stream_index": 0,
            "key_frame": 1,
            "pts": 655,
            "pts_time": "21.855582",
            "pkt_dts": 655,
            "pkt_dts_time": "21.855582",
            "best_effort_timestamp": 655,
            "best_effort_timestamp_time": "21.855582",
            "duration": 1,
            "duration_time": "0.033367",
            "pkt_pos": "81459012",
            "pkt_size": "120000",
            "width": 720,
            "height": 480,
            "crop_top": 0,
            "crop_bottom": 0,
            "crop_left": 0,
            "crop_right": 0,
            "pix_fmt": "yuv411p",
            "sample_aspect_ratio": "8:9",
            "pict_type": "I",
            "interlaced_frame": 1,
            "top_field_first": 0,
            "repeat_pict": 0,
            "chroma_location": "topleft"
        },
        {
            "media_type": "video",
            "stream_index": 0,
            "key_frame": 1,
            "pts": 656,
            "pts_time": "21.888949",
            "pkt_dts": 656,
            "pkt_dts_time": "21.888949",
            "best_effort_timestamp": 656,
            "best_effort_timestamp_time": "21.888949",
            "duration": 1,
            "duration_time": "0.033367",
            "pkt_pos": "81579020",
            "pkt_size": "120000",
            "width": 720,
            "height": 480,
            "crop_top": 0,
            "crop_bottom": 0,
            "crop_left": 0,
            "crop_right": 0,
            "pix_fmt": "yuv411p",
            "sample_aspect_ratio": "8:9",
            "pict_type": "I",
            "interlaced_frame": 1,
            "top_field_first": 0,
            "repeat_pict": 0,
            "chroma_location": "topleft"
        },
        {
            "media_type": "video",
            "stream_index": 0,
            "key_frame": 1,
            "pts": 657,
            "pts_time": "21.922316",
            "pkt_dts": 657,
            "pkt_dts_time": "21.922316",
            "best_effort_timestamp": 657,
            "best_effort_timestamp_time": "21.922316",
            "duration": 1,
            "duration_time": "0.033367",
            "pkt_pos": "81699028",
            "pkt_size": "120000",
            "width": 720,
            "height": 480,
            "crop_top": 0,
            "crop_bottom": 0,
            "crop_left": 0,
            "crop_right": 0,
            "pix_fmt": "yuv411p",
            "sample_aspect_ratio": "8:9",
            "pict_type": "I",
            "interlaced_frame": 1,
            "top_field_first": 0,
            "repeat_pict": 0,
            "chroma_location": "topleft"
        },
        {
            "media_type": "video",
            "stream_index": 0,
            "key_frame": 1,
            "pts": 658,
            "pts_time": "21.955683",
            "pkt_dts": 658,
            "pkt_dts_time": "21.955683",
            "best_effort_timestamp": 658,
            "best_effort_timestamp_time": "21.955683",
            "duration": 1,
            "duration_time": "0.033367",
            "pkt_pos": "81819036",
            "pkt_size": "120000",
            "width": 720,
            "height": 480,
            "crop_top": 0,
            "crop_bottom": 0,
            "crop_left": 0,
            "crop_right": 0,
            "pix_fmt": "yuv411p",
            "sample_aspect_ratio": "8:9",
            "pict_type": "I",
            "interlaced_frame": 1,
            "top_field_first": 0,
            "repeat_pict": 0,
            "chroma_location": "topleft"
        },
        {
            "media_type": "video",
            "stream_index": 0,
            "key_frame": 1,
            "pts": 659,
            "pts_time": "21.989051",
            "pkt_dts": 659,
            "pkt_dts_time": "21.989051",
            "best_effort_timestamp": 659,
            "best_effort_timestamp_time": "21.989051",
            "duration": 1,
            "duration_time": "0.033367",
            "pkt_pos": "81939044",
            "pkt_size": "120000",
            "width": 720,
            "height": 480,
            "crop_top": 0,
            "crop_bottom": 0,
            "crop_left": 0,
            "crop_right": 0,
            "pix_fmt": "yuv411p",
            "sample_aspect_ratio": "8:9",
            "pict_type": "I",
            "interlaced_frame": 1,
            "top_field_first": 0,
            "repeat_pict": 0,
            "chroma_location": "topleft"
        },
        {
            "media_type": "video",
            "stream_index": 0,
            "key_frame": 1,
            "pts": 660,
            "pts_time": "22.022418",
            "pkt_dts": 660,
            "pkt_dts_time": "22.022418",
            "best_effort_timestamp": 660,
            "best_effort_timestamp_time": "22.022418",
            "duration": 1,
            "duration_time": "0.033367",
            "pkt_pos": "82059052",
            "pkt_size": "120000",
            "width": 720,
            "height": 480,
            "crop_top": 0,
            "crop_bottom": 0,
            "crop_left": 0,
            "crop_right": 0,
            "pix_fmt": "yuv411p",
            "sample_aspect_ratio": "8:9",
            "pict_type": "I",
            "interlaced_frame": 1,
            "top_field_first": 0,
            "repeat_pict": 0,
            "chroma_location": "topleft"
        },
        {
            "media_type": "video",
            "stream_index": 0,
            "key_frame": 1,
            "pts": 661,
            "pts_time": "22.055785",
            "pkt_dts": 661,
            "pkt_dts_time": "22.055785",
            "best_effort_timestamp": 661,
            "best_effort_timestamp_time": "22.055785",
            "duration": 1,
            "duration_time": "0.033367",
            "pkt_pos": "82179060",
            "pkt_size": "120000",
            "width": 720,
            "height": 480,
            "crop_top": 0,
            "crop_bottom": 0,
            "crop_left": 0,
            "crop_right": 0,
            "pix_fmt": "yuv411p",
            "sample_aspect_ratio": "8:9",
            "pict_type": "I",
            "interlaced_frame": 1,
            "top_field_first": 0,
            "repeat_pict": 0,
            "chroma_location": "topleft"
        },
        {
            "media_type": "video",
            "stream_index": 0,
            "key_frame": 1,
            "pts": 662,
            "pts_time": "22.089153",
            "pkt_dts": 662,
            "pkt_dts_time": "22.089153",
            "best_effort_timestamp": 662,
            "best_effort_timestamp_time": "22.089153",
            "duration": 1,
            "duration_time": "0.033367",
            "pkt_pos": "82299068",
            "pkt_size": "120000",
            "width": 720,
            "height": 480,
            "crop_top": 0,
            "crop_bottom": 0,
            "crop_left": 0,
            "crop_right": 0,
            "pix_fmt": "yuv411p",
            "sample_aspect_ratio": "8:9",
            "pict_type": "I",
            "interlaced_frame": 1,
            "top_field_first": 0,
            "repeat_pict": 0,
            "chroma_location": "topleft"
        },
        {
            "media_type": "video",
            "stream_index": 0,
            "key_frame": 1,
            "pts": 663,
            "pts_time": "22.122520",
            "pkt_dts": 663,
            "pkt_dts_time": "22.122520",
            "best_effort_timestamp": 663,
            "best_effort_timestamp_time": "22.122520",
            "duration": 1,
            "duration_time": "0.033367",
            "pkt_pos": "82419076",
            "pkt_size": "120000",
            "width": 720,
            "height": 480,
            "crop_top": 0,
            "crop_bottom": 0,
            "crop_left": 0,
            "crop_right": 0,
            "pix_fmt": "yuv411p",
            "sample_aspect_ratio": "8:9",
            "pict_type": "I",
            "interlaced_frame": 1,
            "top_field_first": 0,
            "repeat_pict": 0,
            "chroma_location": "topleft"
        },
        {
            "media_type": "video",
            "stream_index": 0,
            "key_frame": 1,
            "pts": 664,
            "pts_time": "22.155887",
            "pkt_dts": 664,
            "pkt_dts_time": "22.155887",
            "best_effort_timestamp": 664,
            "best_effort_timestamp_time": "22.155887",
            "duration": 1,
            "duration_time": "0.033367",
            "pkt_pos": "82539084",
            "pkt_size": "120000",
            "width": 720,
            "height": 480,
            "crop_top": 0,
            "crop_bottom": 0,
            "crop_left": 0,
            "crop_right": 0,
            "pix_fmt": "yuv411p",
            "sample_aspect_ratio": "8:9",
            "pict_type": "I",
            "interlaced_frame": 1,
            "top_field_first": 0,
            "repeat_pict": 0,
            "chroma_location": "topleft"
        },
        {
            "media_type": "video",
            "stream_index": 0,
            "key_frame": 1,
            "pts": 665,
            "pts_time": "22.189255",
            "pkt_dts": 665,
            "pkt_dts_time": "22.189255",
            "best_effort_timestamp": 665,
            "best_effort_timestamp_time": "22.189255",
            "duration": 1,
            "duration_time": "0.033367",
            "pkt_pos": "82659092",
            "pkt_size": "120000",
            "width": 720,
            "height": 480,
            "crop_top": 0,
            "crop_bottom": 0,
            "crop_left": 0,
            "crop_right": 0,
            "pix_fmt": "yuv411p",
            "sample_aspect_ratio": "8:9",
            "pict_type": "I",
            "interlaced_frame": 1,
            "top_field_first": 0,
            "repeat_pict": 0,
            "chroma_location": "topleft"
        },
        {
            "media_type": "video",
            "stream_index": 0,
            "key_frame": 1,
            "pts": 666,
            "pts_time": "22.222622",
            "pkt_dts": 666,
            "pkt_dts_time": "22.222622",
            "best_effort_timestamp": 666,
            "best_effort_timestamp_time": "22.222622",
            "duration": 1,
            "duration_time": "0.033367",
            "pkt_pos": "82779100",
            "pkt_size": "120000",
            "width": 720,
            "height": 480,
            "crop_top": 0,
            "crop_bottom": 0,
            "crop_left": 0,
            "crop_right": 0,
            "pix_fmt": "yuv411p",
            "sample_aspect_ratio": "8:9",
            "pict_type": "I",
            "interlaced_frame": 1,
            "top_field_first": 0,
            "repeat_pict": 0,
            "chroma_location": "topleft"
        },
        {
            "media_type": "video",
            "stream_index": 0,
            "key_frame": 1,
            "pts": 667,
            "pts_time": "22.255989",
            "pkt_dts": 667,
            "pkt_dts_time": "22.255989",
            "best_effort_timestamp": 667,
            "best_effort_timestamp_time": "22.255989",
            "duration": 1,
            "duration_time": "0.033367",
            "pkt_pos": "83022972",
            "pkt_size": "120000",
            "width": 720,
            "height": 480,
            "crop_top": 0,
            "crop_bottom": 0,
            "crop_left": 0,
            "crop_right": 0,
            "pix_fmt": "yuv411p",
            "sample_aspect_ratio": "8:9",
            "pict_type": "I",
            "interlaced_frame": 1,
            "top_field_first": 0,
            "repeat_pict": 0,
            "chroma_location": "topleft"
        },
        {
            "media_type": "video",
            "stream_index": 0,
            "key_frame": 1,
            "pts": 668,
            "pts_time": "22.289356",
            "pkt_dts": 668,
            "pkt_dts_time": "22.289356",
            "best_effort_timestamp": 668,
            "best_effort_timestamp_time": "22.289356",
            "duration": 1,
            "duration_time": "0.033367",
            "pkt_pos": "83142980",
            "pkt_size": "120000",
            "width": 720,
            "height": 480,
            "crop_top": 0,
            "crop_bottom": 0,
            "crop_left": 0,
            "crop_right": 0,
            "pix_fmt": "yuv411p",
            "sample_aspect_ratio": "8:9",
            "pict_type": "I",
            "interlaced_frame": 1,
            "top_field_first": 0,
            "repeat_pict": 0,
            "chroma_location": "topleft"
        },
        {
            "media_type": "video",
            "stream_index": 0,
            "key_frame": 1,
            "pts": 669,
            "pts_time": "22.322724",
            "pkt_dts": 669,
            "pkt_dts_time": "22.322724",
            "best_effort_timestamp": 669,
            "best_effort_timestamp_time": "22.322724",
            "duration": 1,
            "duration_time": "0.033367",
            "pkt_pos": "83262988",
            "pkt_size": "120000",
            "width": 720,
            "height": 480,
            "crop_top": 0,
            "crop_bottom": 0,
            "crop_left": 0,
            "crop_right": 0,
            "pix_fmt": "yuv411p",
            "sample_aspect_ratio": "8:9",
            "pict_type": "I",
            "interlaced_frame": 1,
            "top_field_first": 0,
            "repeat_pict": 0,
            "chroma_location": "topleft"
        },
        {
            "media_type": "video",
            "stream_index": 0,
            "key_frame": 1,
            "pts": 670,
            "pts_time": "22.356091",
            "pkt_dts": 670,
            "pkt_dts_time": "22.356091",
            "best_effort_timestamp": 670,
            "best_effort_timestamp_time": "22.356091",
            "duration": 1,
            "duration_time": "0.033367",
            "pkt_pos": "83382996",
            "pkt_size": "120000",
            "width": 720,
            "height": 480,
            "crop_top": 0,
            "crop_bottom": 0,
            "crop_left": 0,
            "crop_right": 0,
            "pix_fmt": "yuv411p",
            "sample_aspect_ratio": "8:9",
            "pict_type": "I",
            "interlaced_frame": 1,
            "top_field_first": 0,
            "repeat_pict": 0,
            "chroma_location": "topleft"
        },
        {
            "media_type": "video",
            "stream_index": 0,
            "key_frame": 1,
            "pts": 671,
            "pts_time": "22.389458",
            "pkt_dts": 671,
            "pkt_dts_time": "22.389458",
            "best_effort_timestamp": 671,
            "best_effort_timestamp_time": "22.389458",
            "duration": 1,
            "duration_time": "0.033367",
            "pkt_pos": "83503004",
            "pkt_size": "120000",
            "width": 720,
            "height": 480,
            "crop_top": 0,
            "crop_bottom": 0,
            "crop_left": 0,
            "crop_right": 0,
            "pix_fmt": "yuv411p",
            "sample_aspect_ratio": "8:9",
            "pict_type": "I",
            "interlaced_frame": 1,
            "top_field_first": 0,
            "repeat_pict": 0,
            "chroma_location": "topleft"
        },
        {
            "media_type": "video",
            "stream_index": 0,
            "key_frame": 1,
            "pts": 672,
            "pts_time": "22.422826",
            "pkt_dts": 672,
            "pkt_dts_time": "22.422826",
            "best_effort_timestamp": 672,
            "best_effort_timestamp_time": "22.422826",
            "duration": 1,
            "duration_time": "0.033367",
            "pkt_pos": "83623012",
            "pkt_size": "120000",
            "width": 720,
            "height": 480,
            "crop_top": 0,
            "crop_bottom": 0,
            "crop_left": 0,
            "crop_right": 0,
            "pix_fmt": "yuv411p",
            "sample_aspect_ratio": "8:9",
            "pict_type": "I",
            "interlaced_frame": 1,
            "top_field_first": 0,
            "repeat_pict": 0,
            "chroma_location": "topleft"
        },
        {
            "media_type": "video",
            "stream_index": 0,
            "key_frame": 1,
            "pts": 673,
            "pts_time": "22.456193",
            "pkt_dts": 673,
            "pkt_dts_time": "22.456193",
            "best_effort_timestamp": 673,
            "best_effort_timestamp_time": "22.456193",
            "duration": 1,
            "duration_time": "0.033367",
            "pkt_pos": "83743020",
            "pkt_size": "120000",
            "width": 720,
            "height": 480,
            "crop_top": 0,
            "crop_bottom": 0,
            "crop_left": 0,
            "crop_right": 0,
            "pix_fmt": "yuv411p",
            "sample_aspect_ratio": "8:9",
            "pict_type": "I",
            "interlaced_frame": 1,
            "top_field_first": 0,
            "repeat_pict": 0,
            "chroma_location": "topleft"
        },
        {
            "media_type": "video",
            "stream_index": 0,
            "key_frame": 1,
            "pts": 674,
            "pts_time": "22.489560",
            "pkt_dts": 674,
            "pkt_dts_time": "22.489560",
            "best_effort_timestamp": 674,
            "best_effort_timestamp_time": "22.489560",
            "duration": 1,
            "duration_time": "0.033367",
            "pkt_pos": "83863028",
            "pkt_size": "120000",
            "width": 720,
            "height": 480,
            "crop_top": 0,
            "crop_bottom": 0,
            "crop_left": 0,
            "crop_right": 0,
            "pix_fmt": "yuv411p",
            "sample_aspect_ratio": "8:9",
            "pict_type": "I",
            "interlaced_frame": 1,
            "top_field_first": 0,
            "repeat_pict": 0,
            "chroma_location": "topleft"
        },
        {
            "media_type": "video",
            "stream_index": 0,
            "key_frame": 1,
            "pts": 675,
            "pts_time": "22.522928",
            "pkt_dts": 675,
            "pkt_dts_time": "22.522928",
            "best_effort_timestamp": 675,
            "best_effort_timestamp_time": "22.522928",
            "duration": 1,
            "duration_time": "0.033367",
            "pkt_pos": "83983036",
            "pkt_size": "120000",
            "width": 720,
            "height": 480,
            "crop_top": 0,
            "crop_bottom": 0,
            "crop_left": 0,
            "crop_right": 0,
            "pix_fmt": "yuv411p",
            "sample_aspect_ratio": "8:9",
            "pict_type": "I",
            "interlaced_frame": 1,
            "top_field_first": 0,
            "repeat_pict": 0,
            "chroma_location": "topleft"
        },
        {
            "media_type": "video",
            "stream_index": 0,
            "key_frame": 1,
            "pts": 676,
            "pts_time": "22.556295",
            "pkt_dts": 676,
            "pkt_dts_time": "22.556295",
            "best_effort_timestamp": 676,
            "best_effort_timestamp_time": "22.556295",
            "duration": 1,
            "duration_time": "0.033367",
            "pkt_pos": "84103044",
            "pkt_size": "120000",
            "width": 720,
            "height": 480,
            "crop_top": 0,
            "crop_bottom": 0,
            "crop_left": 0,
            "crop_right": 0,
            "pix_fmt": "yuv411p",
            "sample_aspect_ratio": "8:9",
            "pict_type": "I",
            "interlaced_frame": 1,
            "top_field_first": 0,
            "repeat_pict": 0,
            "chroma_location": "topleft"
        },
        {
            "media_type": "video",
            "stream_index": 0,
            "key_frame": 1,
            "pts": 677,
            "pts_time": "22.589662",
            "pkt_dts": 677,
            "pkt_dts_time": "22.589662",
            "best_effort_timestamp": 677,
            "best_effort_timestamp_time": "22.589662",
            "duration": 1,
            "duration_time": "0.033367",
            "pkt_pos": "84223052",
            "pkt_size": "120000",
            "width": 720,
            "height": 480,
            "crop_top": 0,
            "crop_bottom": 0,
            "crop_left": 0,
            "crop_right": 0,
            "pix_fmt": "yuv411p",
            "sample_aspect_ratio": "8:9",
            "pict_type": "I",
            "interlaced_frame": 1,
            "top_field_first": 0,
            "repeat_pict": 0,
            "chroma_location": "topleft"
        },
        {
            "media_type": "video",
            "stream_index": 0,
            "key_frame": 1,
            "pts": 678,
            "pts_time": "22.623029",
            "pkt_dts": 678,
            "pkt_dts_time": "22.623029",
            "best_effort_timestamp": 678,
            "best_effort_timestamp_time": "22.623029",
            "duration": 1,
            "duration_time": "0.033367",
            "pkt_pos": "84343060",
            "pkt_size": "120000",
            "width": 720,
            "height": 480,
            "crop_top": 0,
            "crop_bottom": 0,
            "crop_left": 0,
            "crop_right": 0,
            "pix_fmt": "yuv411p",
            "sample_aspect_ratio": "8:9",
            "pict_type": "I",
            "interlaced_frame": 1,
            "top_field_first": 0,
            "repeat_pict": 0,
            "chroma_location": "topleft"
        },
        {
            "media_type": "video",
            "stream_index": 0,
            "key_frame": 1,
            "pts": 679,
            "pts_time": "22.656397",
            "pkt_dts": 679,
            "pkt_dts_time": "22.656397",
            "best_effort_timestamp": 679,
            "best_effort_timestamp_time": "22.656397",
            "duration": 1,
            "duration_time": "0.033367",
            "pkt_pos": "84463068",
            "pkt_size": "120000",
            "width": 720,
            "height": 480,
            "crop_top": 0,
            "crop_bottom": 0,
            "crop_left": 0,
            "crop_right": 0,
            "pix_fmt": "yuv411p",
            "sample_aspect_ratio": "8:9",
            "pict_type": "I",
            "interlaced_frame": 1,
            "top_field_first": 0,
            "repeat_pict": 0,
            "chroma_location": "topleft"
        },
        {
            "media_type": "video",
            "stream_index": 0,
            "key_frame": 1,
            "pts": 680,
            "pts_time": "22.689764",
            "pkt_dts": 680,
            "pkt_dts_time": "22.689764",
            "best_effort_timestamp": 680,
            "best_effort_timestamp_time": "22.689764",
            "duration": 1,
            "duration_time": "0.033367",
            "pkt_pos": "84583076",
            "pkt_size": "120000",
            "width": 720,
            "height": 480,
            "crop_top": 0,
            "crop_bottom": 0,
            "crop_left": 0,
            "crop_right": 0,
            "pix_fmt": "yuv411p",
            "sample_aspect_ratio": "8:9",
            "pict_type": "I",
            "interlaced_frame": 1,
            "top_field_first": 0,
            "repeat_pict": 0,
            "chroma_location": "topleft"
        },
        {
            "media_type": "video",
            "stream_index": 0,
            "key_frame": 1,
            "pts": 681,
            "pts_time": "22.723131",
            "pkt_dts": 681,
            "pkt_dts_time": "22.723131",
            "best_effort_timestamp": 681,
            "best_effort_timestamp_time": "22.723131",
            "duration": 1,
            "duration_time": "0.033367",
            "pkt_pos": "84703084",
            "pkt_size": "120000",
            "width": 720,
            "height": 480,
            "crop_top": 0,
            "crop_bottom": 0,
            "crop_left": 0,
            "crop_right": 0,
            "pix_fmt": "yuv411p",
            "sample_aspect_ratio": "8:9",
            "pict_type": "I",
            "interlaced_frame": 1,
            "top_field_first": 0,
            "repeat_pict": 0,
            "chroma_location": "topleft"
        },
        {
            "media_type": "video",
            "stream_index": 0,
            "key_frame": 1,
            "pts": 682,
            "pts_time": "22.756499",
            "pkt_dts": 682,
            "pkt_dts_time": "22.756499",
            "best_effort_timestamp": 682,
            "best_effort_timestamp_time": "22.756499",
            "duration": 1,
            "duration_time": "0.033367",
            "pkt_pos": "84823092",
            "pkt_size": "120000",
            "width": 720,
            "height": 480,
            "crop_top": 0,
            "crop_bottom": 0,
            "crop_left": 0,
            "crop_right": 0,
            "pix_fmt": "yuv411p",
            "sample_aspect_ratio": "8:9",
            "pict_type": "I",
            "interlaced_frame": 1,
            "top_field_first": 0,
            "repeat_pict": 0,
            "chroma_location": "topleft"
        },
        {
            "media_type": "video",
            "stream_index": 0,
            "key_frame": 1,
            "pts": 683,
            "pts_time": "22.789866",
            "pkt_dts": 683,
            "pkt_dts_time": "22.789866",
            "best_effort_timestamp": 683,
            "best_effort_timestamp_time": "22.789866",
            "duration": 1,
            "duration_time": "0.033367",
            "pkt_pos": "84943100",
            "pkt_size": "120000",
            "width": 720,
            "height": 480,
            "crop_top": 0,
            "crop_bottom": 0,
            "crop_left": 0,
            "crop_right": 0,
            "pix_fmt": "yuv411p",
            "sample_aspect_ratio": "8:9",
            "pict_type": "I",
            "interlaced_frame": 1,
            "top_field_first": 0,
            "repeat_pict": 0,
            "chroma_location": "topleft"
        },
        {
            "media_type": "video",
            "stream_index": 0,
            "key_frame": 1,
            "pts": 684,
            "pts_time": "22.823233",
            "pkt_dts": 684,
            "pkt_dts_time": "22.823233",
            "best_effort_timestamp": 684,
            "best_effort_timestamp_time": "22.823233",
            "duration": 1,
            "duration_time": "0.033367",
            "pkt_pos": "85063108",
            "pkt_size": "120000",
            "width": 720,
            "height": 480,
            "crop_top": 0,
            "crop_bottom": 0,
            "crop_left": 0,
            "crop_right": 0,
            "pix_fmt": "yuv411p",
            "sample_aspect_ratio": "8:9",
            "pict_type": "I",
            "interlaced_frame": 1,
            "top_field_first": 0,
            "repeat_pict": 0,
            "chroma_location": "topleft"
        },
        {
            "media_type": "video",
            "stream_index": 0,
            "key_frame": 1,
            "pts": 685,
            "pts_time": "22.856601",
            "pkt_dts": 685,
            "pkt_dts_time": "22.856601",
            "best_effort_timestamp": 685,
            "best_effort_timestamp_time": "22.856601",
            "duration": 1,
            "duration_time": "0.033367",
            "pkt_pos": "85183116",
            "pkt_size": "120000",
            "width": 720,
            "height": 480,
            "crop_top": 0,
            "crop_bottom": 0,
            "crop_left": 0,
            "crop_right": 0,
            "pix_fmt": "yuv411p",
            "sample_aspect_ratio": "8:9",
            "pict_type": "I",
            "interlaced_frame": 1,
            "top_field_first": 0,
            "repeat_pict": 0,
            "chroma_location": "topleft"
        },
        {
            "media_type": "video",
            "stream_index": 0,
            "key_frame": 1,
            "pts": 686,
            "pts_time": "22.889968",
            "pkt_dts": 686,
            "pkt_dts_time": "22.889968",
            "best_effort_timestamp": 686,
            "best_effort_timestamp_time": "22.889968",
            "duration": 1,
            "duration_time": "0.033367",
            "pkt_pos": "85303124",
            "pkt_size": "120000",
            "width": 720,
            "height": 480,
            "crop_top": 0,
            "crop_bottom": 0,
            "crop_left": 0,
            "crop_right": 0,
            "pix_fmt": "yuv411p",
            "sample_aspect_ratio": "8:9",
            "pict_type": "I",
            "interlaced_frame": 1,
            "top_field_first": 0,
            "repeat_pict": 0,
            "chroma_location": "topleft"
        },
        {
            "media_type": "video",
            "stream_index": 0,
            "key_frame": 1,
            "pts": 687,
            "pts_time": "22.923335",
            "pkt_dts": 687,
            "pkt_dts_time": "22.923335",
            "best_effort_timestamp": 687,
            "best_effort_timestamp_time": "22.923335",
            "duration": 1,
            "duration_time": "0.033367",
            "pkt_pos": "85423132",
            "pkt_size": "120000",
            "width": 720,
            "height": 480,
            "crop_top": 0,
            "crop_bottom": 0,
            "crop_left": 0,
            "crop_right": 0,
            "pix_fmt": "yuv411p",
            "sample_aspect_ratio": "8:9",
            "pict_type": "I",
            "interlaced_frame": 1,
            "top_field_first": 0,
            "repeat_pict": 0,
            "chroma_location": "topleft"
        },
        {
            "media_type": "video",
            "stream_index": 0,
            "key_frame": 1,
            "pts": 688,
            "pts_time": "22.956702",
            "pkt_dts": 688,
            "pkt_dts_time": "22.956702",
            "best_effort_timestamp": 688,
            "best_effort_timestamp_time": "22.956702",
            "duration": 1,
            "duration_time": "0.033367",
            "pkt_pos": "85543140",
            "pkt_size": "120000",
            "width": 720,
            "height": 480,
            "crop_top": 0,
            "crop_bottom": 0,
            "crop_left": 0,
            "crop_right": 0,
            "pix_fmt": "yuv411p",
            "sample_aspect_ratio": "8:9",
            "pict_type": "I",
            "interlaced_frame": 1,
            "top_field_first": 0,
            "repeat_pict": 0,
            "chroma_location": "topleft"
        },
        {
            "media_type": "video",
            "stream_index": 0,
            "key_frame": 1,
            "pts": 689,
            "pts_time": "22.990070",
            "pkt_dts": 689,
            "pkt_dts_time": "22.990070",
            "best_effort_timestamp": 689,
            "best_effort_timestamp_time": "22.990070",
            "duration": 1,
            "duration_time": "0.033367",
            "pkt_pos": "85663148",
            "pkt_size": "120000",
            "width": 720,
            "height": 480,
            "crop_top": 0,
            "crop_bottom": 0,
            "crop_left": 0,
            "crop_right": 0,
            "pix_fmt": "yuv411p",
            "sample_aspect_ratio": "8:9",
            "pict_type": "I",
            "interlaced_frame": 1,
            "top_field_first": 0,
            "repeat_pict": 0,
            "chroma_location": "topleft"
        },
        {
            "media_type": "video",
            "stream_index": 0,
            "key_frame": 1,
            "pts": 690,
            "pts_time": "23.023437",
            "pkt_dts": 690,
            "pkt_dts_time": "23.023437",
            "best_effort_timestamp": 690,
            "best_effort_timestamp_time": "23.023437",
            "duration": 1,
            "duration_time": "0.033367",
            "pkt_pos": "85783156",
            "pkt_size": "120000",
            "width": 720,
            "height": 480,
            "crop_top": 0,
            "crop_bottom": 0,
            "crop_left": 0,
            "crop_right": 0,
            "pix_fmt": "yuv411p",
            "sample_aspect_ratio": "8:9",
            "pict_type": "I",
            "interlaced_frame": 1,
            "top_field_first": 0,
            "repeat_pict": 0,
            "chroma_location": "topleft"
        },
        {
            "media_type": "video",
            "stream_index": 0,
            "key_frame": 1,
            "pts": 691,
            "pts_time": "23.056804",
            "pkt_dts": 691,
            "pkt_dts_time": "23.056804",
            "best_effort_timestamp": 691,
            "best_effort_timestamp_time": "23.056804",
            "duration": 1,
            "duration_time": "0.033367",
            "pkt_pos": "85903164",
            "pkt_size": "120000",
            "width": 720,
            "height": 480,
            "crop_top": 0,
            "crop_bottom": 0,
            "crop_left": 0,
            "crop_right": 0,
            "pix_fmt": "yuv411p",
            "sample_aspect_ratio": "8:9",
            "pict_type": "I",
            "interlaced_frame": 1,
            "top_field_first": 0,
            "repeat_pict": 0,
            "chroma_location": "topleft"
        },
        {
            "media_type": "video",
            "stream_index": 0,
            "key_frame": 1,
            "pts": 692,
            "pts_time": "23.090172",
            "pkt_dts": 692,
            "pkt_dts_time": "23.090172",
            "best_effort_timestamp": 692,
            "best_effort_timestamp_time": "23.090172",
            "duration": 1,
            "duration_time": "0.033367",
            "pkt_pos": "86023172",
            "pkt_size": "120000",
            "width": 720,
            "height": 480,
            "crop_top": 0,
            "crop_bottom": 0,
            "crop_left": 0,
            "crop_right": 0,
            "pix_fmt": "yuv411p",
            "sample_aspect_ratio": "8:9",
            "pict_type": "I",
            "interlaced_frame": 1,
            "top_field_first": 0,
            "repeat_pict": 0,
            "chroma_location": "topleft"
        },
        {
            "media_type": "video",
            "stream_index": 0,
            "key_frame": 1,
            "pts": 693,
            "pts_time": "23.123539",
            "pkt_dts": 693,
            "pkt_dts_time": "23.123539",
            "best_effort_timestamp": 693,
            "best_effort_timestamp_time": "23.123539",
            "duration": 1,
            "duration_time": "0.033367",
            "pkt_pos": "86143180",
            "pkt_size": "120000",
            "width": 720,
            "height": 480,
            "crop_top": 0,
            "crop_bottom": 0,
            "crop_left": 0,
            "crop_right": 0,
            "pix_fmt": "yuv411p",
            "sample_aspect_ratio": "8:9",
            "pict_type": "I",
            "interlaced_frame": 1,
            "top_field_first": 0,
            "repeat_pict": 0,
            "chroma_location": "topleft"
        },
        {
            "media_type": "video",
            "stream_index": 0,
            "key_frame": 1,
            "pts": 694,
            "pts_time": "23.156906",
            "pkt_dts": 694,
            "pkt_dts_time": "23.156906",
            "best_effort_timestamp": 694,
            "best_effort_timestamp_time": "23.156906",
            "duration": 1,
            "duration_time": "0.033367",
            "pkt_pos": "86263188",
            "pkt_size": "120000",
            "width": 720,
            "height": 480,
            "crop_top": 0,
            "crop_bottom": 0,
            "crop_left": 0,
            "crop_right": 0,
            "pix_fmt": "yuv411p",
            "sample_aspect_ratio": "8:9",
            "pict_type": "I",
            "interlaced_frame": 1,
            "top_field_first": 0,
            "repeat_pict": 0,
            "chroma_location": "topleft"
        },
        {
            "media_type": "video",
            "stream_index": 0,
            "key_frame": 1,
            "pts": 695,
            "pts_time": "23.190273",
            "pkt_dts": 695,
            "pkt_dts_time": "23.190273",
            "best_effort_timestamp": 695,
            "best_effort_timestamp_time": "23.190273",
            "duration": 1,
            "duration_time": "0.033367",
            "pkt_pos": "86383196",
            "pkt_size": "120000",
            "width": 720,
            "height": 480,
            "crop_top": 0,
            "crop_bottom": 0,
            "crop_left": 0,
            "crop_right": 0,
            "pix_fmt": "yuv411p",
            "sample_aspect_ratio": "8:9",
            "pict_type": "I",
            "interlaced_frame": 1,
            "top_field_first": 0,
            "repeat_pict": 0,
            "chroma_location": "topleft"
        },
        {
            "media_type": "video",
            "stream_index": 0,
            "key_frame": 1,
            "pts": 696,
            "pts_time": "23.223641",
            "pkt_dts": 696,
            "pkt_dts_time": "23.223641",
            "best_effort_timestamp": 696,
            "best_effort_timestamp_time": "23.223641",
            "duration": 1,
            "duration_time": "0.033367",
            "pkt_pos": "86627072",
            "pkt_size": "120000",
            "width": 720,
            "height": 480,
            "crop_top": 0,
            "crop_bottom": 0,
            "crop_left": 0,
            "crop_right": 0,
            "pix_fmt": "yuv411p",
            "sample_aspect_ratio": "8:9",
            "pict_type": "I",
            "interlaced_frame": 1,
            "top_field_first": 0,
            "repeat_pict": 0,
            "chroma_location": "topleft"
        },
        {
            "media_type": "video",
            "stream_index": 0,
            "key_frame": 1,
            "pts": 697,
            "pts_time": "23.257008",
            "pkt_dts": 697,
            "pkt_dts_time": "23.257008",
            "best_effort_timestamp": 697,
            "best_effort_timestamp_time": "23.257008",
            "duration": 1,
            "duration_time": "0.033367",
            "pkt_pos": "86747080",
            "pkt_size": "120000",
            "width": 720,
            "height": 480,
            "crop_top": 0,
            "crop_bottom": 0,
            "crop_left": 0,
            "crop_right": 0,
            "pix_fmt": "yuv411p",
            "sample_aspect_ratio": "8:9",
            "pict_type": "I",
            "interlaced_frame": 1,
            "top_field_first": 0,
            "repeat_pict": 0,
            "chroma_location": "topleft"
        },
        {
            "media_type": "video",
            "stream_index": 0,
            "key_frame": 1,
            "pts": 698,
            "pts_time": "23.290375",
            "pkt_dts": 698,
            "pkt_dts_time": "23.290375",
            "best_effort_timestamp": 698,
            "best_effort_timestamp_time": "23.290375",
            "duration": 1,
            "duration_time": "0.033367",
            "pkt_pos": "86867088",
            "pkt_size": "120000",
            "width": 720,
            "height": 480,
            "crop_top": 0,
            "crop_bottom": 0,
            "crop_left": 0,
            "crop_right": 0,
            "pix_fmt": "yuv411p",
            "sample_aspect_ratio": "8:9",
            "pict_type": "I",
            "interlaced_frame": 1,
            "top_field_first": 0,
            "repeat_pict": 0,
            "chroma_location": "topleft"
        },
        {
            "media_type": "video",
            "stream_index": 0,
            "key_frame": 1,
            "pts": 699,
            "pts_time": "23.323743",
            "pkt_dts": 699,
            "pkt_dts_time": "23.323743",
            "best_effort_timestamp": 699,
            "best_effort_timestamp_time": "23.323743",
            "duration": 1,
            "duration_time": "0.033367",
            "pkt_pos": "86987096",
            "pkt_size": "120000",
            "width": 720,
            "height": 480,
            "crop_top": 0,
            "crop_bottom": 0,
            "crop_left": 0,
            "crop_right": 0,
            "pix_fmt": "yuv411p",
            "sample_aspect_ratio": "8:9",
            "pict_type": "I",
            "interlaced_frame": 1,
            "top_field_first": 0,
            "repeat_pict": 0,
            "chroma_location": "topleft"
        },
        {
            "media_type": "video",
            "stream_index": 0,
            "key_frame": 1,
            "pts": 700,
            "pts_time": "23.357110",
            "pkt_dts": 700,
            "pkt_dts_time": "23.357110",
            "best_effort_timestamp": 700,
            "best_effort_timestamp_time": "23.357110",
            "duration": 1,
            "duration_time": "0.033367",
            "pkt_pos": "87107104",
            "pkt_size": "120000",
            "width": 720,
            "height": 480,
            "crop_top": 0,
            "crop_bottom": 0,
            "crop_left": 0,
            "crop_right": 0,
            "pix_fmt": "yuv411p",
            "sample_aspect_ratio": "8:9",
            "pict_type": "I",
            "interlaced_frame": 1,
            "top_field_first": 0,
            "repeat_pict": 0,
            "chroma_location": "topleft"
        },
        {
            "media_type": "video",
            "stream_index": 0,
            "key_frame": 1,
            "pts": 701,
            "pts_time": "23.390477",
            "pkt_dts": 701,
            "pkt_dts_time": "23.390477",
            "best_effort_timestamp": 701,
            "best_effort_timestamp_time": "23.390477",
            "duration": 1,
            "duration_time": "0.033367",
            "pkt_pos": "87227112",
            "pkt_size": "120000",
            "width": 720,
            "height": 480,
            "crop_top": 0,
            "crop_bottom": 0,
            "crop_left": 0,
            "crop_right": 0,
            "pix_fmt": "yuv411p",
            "sample_aspect_ratio": "8:9",
            "pict_type": "I",
            "interlaced_frame": 1,
            "top_field_first": 0,
            "repeat_pict": 0,
            "chroma_location": "topleft"
        },
        {
            "media_type": "video",
            "stream_index": 0,
            "key_frame": 1,
            "pts": 702,
            "pts_time": "23.423845",
            "pkt_dts": 702,
            "pkt_dts_time": "23.423845",
            "best_effort_timestamp": 702,
            "best_effort_timestamp_time": "23.423845",
            "duration": 1,
            "duration_time": "0.033367",
            "pkt_pos": "87347120",
            "pkt_size": "120000",
            "width": 720,
            "height": 480,
            "crop_top": 0,
            "crop_bottom": 0,
            "crop_left": 0,
            "crop_right": 0,
            "pix_fmt": "yuv411p",
            "sample_aspect_ratio": "8:9",
            "pict_type": "I",
            "interlaced_frame": 1,
            "top_field_first": 0,
            "repeat_pict": 0,
            "chroma_location": "topleft"
        },
        {
            "media_type": "video",
            "stream_index": 0,
            "key_frame": 1,
            "pts": 703,
            "pts_time": "23.457212",
            "pkt_dts": 703,
            "pkt_dts_time": "23.457212",
            "best_effort_timestamp": 703,
            "best_effort_timestamp_time": "23.457212",
            "duration": 1,
            "duration_time": "0.033367",
            "pkt_pos": "87467128",
            "pkt_size": "120000",
            "width": 720,
            "height": 480,
            "crop_top": 0,
            "crop_bottom": 0,
            "crop_left": 0,
            "crop_right": 0,
            "pix_fmt": "yuv411p",
            "sample_aspect_ratio": "8:9",
            "pict_type": "I",
            "interlaced_frame": 1,
            "top_field_first": 0,
            "repeat_pict": 0,
            "chroma_location": "topleft"
        },
        {
            "media_type": "video",
            "stream_index": 0,
            "key_frame": 1,
            "pts": 704,
            "pts_time": "23.490579",
            "pkt_dts": 704,
            "pkt_dts_time": "23.490579",
            "best_effort_timestamp": 704,
            "best_effort_timestamp_time": "23.490579",
            "duration": 1,
            "duration_time": "0.033367",
            "pkt_pos": "87587136",
            "pkt_size": "120000",
            "width": 720,
            "height": 480,
            "crop_top": 0,
            "crop_bottom": 0,
            "crop_left": 0,
            "crop_right": 0,
            "pix_fmt": "yuv411p",
            "sample_aspect_ratio": "8:9",
            "pict_type": "I",
            "interlaced_frame": 1,
            "top_field_first": 0,
            "repeat_pict": 0,
            "chroma_location": "topleft"
        },
        {
            "media_type": "video",
            "stream_index": 0,
            "key_frame": 1,
            "pts": 705,
            "pts_time": "23.523947",
            "pkt_dts": 705,
            "pkt_dts_time": "23.523947",
            "best_effort_timestamp": 705,
            "best_effort_timestamp_time": "23.523947",
            "duration": 1,
            "duration_time": "0.033367",
            "pkt_pos": "87707144",
            "pkt_size": "120000",
            "width": 720,
            "height": 480,
            "crop_top": 0,
            "crop_bottom": 0,
            "crop_left": 0,
            "crop_right": 0,
            "pix_fmt": "yuv411p",
            "sample_aspect_ratio": "8:9",
            "pict_type": "I",
            "interlaced_frame": 1,
            "top_field_first": 0,
            "repeat_pict": 0,
            "chroma_location": "topleft"
        },
        {
            "media_type": "video",
            "stream_index": 0,
            "key_frame": 1,
            "pts": 706,
            "pts_time": "23.557314",
            "pkt_dts": 706,
            "pkt_dts_time": "23.557314",
            "best_effort_timestamp": 706,
            "best_effort_timestamp_time": "23.557314",
            "duration": 1,
            "duration_time": "0.033367",
            "pkt_pos": "87827152",
            "pkt_size": "120000",
            "width": 720,
            "height": 480,
            "crop_top": 0,
            "crop_bottom": 0,
            "crop_left": 0,
            "crop_right": 0,
            "pix_fmt": "yuv411p",
            "sample_aspect_ratio": "8:9",
            "pict_type": "I",
            "interlaced_frame": 1,
            "top_field_first": 0,
            "repeat_pict": 0,
            "chroma_location": "topleft"
        },
        {
            "media_type": "video",
            "stream_index": 0,
            "key_frame": 1,
            "pts": 707,
            "pts_time": "23.590681",
            "pkt_dts": 707,
            "pkt_dts_time": "23.590681",
            "best_effort_timestamp": 707,
            "best_effort_timestamp_time": "23.590681",
            "duration": 1,
            "duration_time": "0.033367",
            "pkt_pos": "87947160",
            "pkt_size": "120000",
            "width": 720,
            "height": 480,
            "crop_top": 0,
            "crop_bottom": 0,
            "crop_left": 0,
            "crop_right": 0,
            "pix_fmt": "yuv411p",
            "sample_aspect_ratio": "8:9",
            "pict_type": "I",
            "interlaced_frame": 1,
            "top_field_first": 0,
            "repeat_pict": 0,
            "chroma_location": "topleft"
        },
        {
            "media_type": "video",
            "stream_index": 0,
            "key_frame": 1,
            "pts": 708,
            "pts_time": "23.624048",
            "pkt_dts": 708,
            "pkt_dts_time": "23.624048",
            "best_effort_timestamp": 708,
            "best_effort_timestamp_time": "23.624048",
            "duration": 1,
            "duration_time": "0.033367",
            "pkt_pos": "88067168",
            "pkt_size": "120000",
            "width": 720,
            "height": 480,
            "crop_top": 0,
            "crop_bottom": 0,
            "crop_left": 0,
            "crop_right": 0,
            "pix_fmt": "yuv411p",
            "sample_aspect_ratio": "8:9",
            "pict_type": "I",
            "interlaced_frame": 1,
            "top_field_first": 0,
            "repeat_pict": 0,
            "chroma_location": "topleft"
        },
        {
            "media_type": "video",
            "stream_index": 0,
            "key_frame": 1,
            "pts": 709,
            "pts_time": "23.657416",
            "pkt_dts": 709,
            "pkt_dts_time": "23.657416",
            "best_effort_timestamp": 709,
            "best_effort_timestamp_time": "23.657416",
            "duration": 1,
            "duration_time": "0.033367",
            "pkt_pos": "88187176",
            "pkt_size": "120000",
            "width": 720,
            "height": 480,
            "crop_top": 0,
            "crop_bottom": 0,
            "crop_left": 0,
            "crop_right": 0,
            "pix_fmt": "yuv411p",
            "sample_aspect_ratio": "8:9",
            "pict_type": "I",
            "interlaced_frame": 1,
            "top_field_first": 0,
            "repeat_pict": 0,
            "chroma_location": "topleft"
        },
        {
            "media_type": "video",
            "stream_index": 0,
            "key_frame": 1,
            "pts": 710,
            "pts_time": "23.690783",
            "pkt_dts": 710,
            "pkt_dts_time": "23.690783",
            "best_effort_timestamp": 710,
            "best_effort_timestamp_time": "23.690783",
            "duration": 1,
            "duration_time": "0.033367",
            "pkt_pos": "88307184",
            "pkt_size": "120000",
            "width": 720,
            "height": 480,
            "crop_top": 0,
            "crop_bottom": 0,
            "crop_left": 0,
            "crop_right": 0,
            "pix_fmt": "yuv411p",
            "sample_aspect_ratio": "8:9",
            "pict_type": "I",
            "interlaced_frame": 1,
            "top_field_first": 0,
            "repeat_pict": 0,
            "chroma_location": "topleft"
        },
        {
            "media_type": "video",
            "stream_index": 0,
            "key_frame": 1,
            "pts": 711,
            "pts_time": "23.724150",
            "pkt_dts": 711,
            "pkt_dts_time": "23.724150",
            "best_effort_timestamp": 711,
            "best_effort_timestamp_time": "23.724150",
            "duration": 1,
            "duration_time": "0.033367",
            "pkt_pos": "88427192",
            "pkt_size": "120000",
            "width": 720,
            "height": 480,
            "crop_top": 0,
            "crop_bottom": 0,
            "crop_left": 0,
            "crop_right": 0,
            "pix_fmt": "yuv411p",
            "sample_aspect_ratio": "8:9",
            "pict_type": "I",
            "interlaced_frame": 1,
            "top_field_first": 0,
            "repeat_pict": 0,
            "chroma_location": "topleft"
        },
        {
            "media_type": "video",
            "stream_index": 0,
            "key_frame": 1,
            "pts": 712,
            "pts_time": "23.757518",
            "pkt_dts": 712,
            "pkt_dts_time": "23.757518",
            "best_effort_timestamp": 712,
            "best_effort_timestamp_time": "23.757518",
            "duration": 1,
            "duration_time": "0.033367",
            "pkt_pos": "88547200",
            "pkt_size": "120000",
            "width": 720,
            "height": 480,
            "crop_top": 0,
            "crop_bottom": 0,
            "crop_left": 0,
            "crop_right": 0,
            "pix_fmt": "yuv411p",
            "sample_aspect_ratio": "8:9",
            "pict_type": "I",
            "interlaced_frame": 1,
            "top_field_first": 0,
            "repeat_pict": 0,
            "chroma_location": "topleft"
        },
        {
            "media_type": "video",
            "stream_index": 0,
            "key_frame": 1,
            "pts": 713,
            "pts_time": "23.790885",
            "pkt_dts": 713,
            "pkt_dts_time": "23.790885",
            "best_effort_timestamp": 713,
            "best_effort_timestamp_time": "23.790885",
            "duration": 1,
            "duration_time": "0.033367",
            "pkt_pos": "88667208",
            "pkt_size": "120000",
            "width": 720,
            "height": 480,
            "crop_top": 0,
            "crop_bottom": 0,
            "crop_left": 0,
            "crop_right": 0,
            "pix_fmt": "yuv411p",
            "sample_aspect_ratio": "8:9",
            "pict_type": "I",
            "interlaced_frame": 1,
            "top_field_first": 0,
            "repeat_pict": 0,
            "chroma_location": "topleft"
        },
        {
            "media_type": "video",
            "stream_index": 0,
            "key_frame": 1,
            "pts": 714,
            "pts_time": "23.824252",
            "pkt_dts": 714,
            "pkt_dts_time": "23.824252",
            "best_effort_timestamp": 714,
            "best_effort_timestamp_time": "23.824252",
            "duration": 1,
            "duration_time": "0.033367",
            "pkt_pos": "88787216",
            "pkt_size": "120000",
            "width": 720,
            "height": 480,
            "crop_top": 0,
            "crop_bottom": 0,
            "crop_left": 0,
            "crop_right": 0,
            "pix_fmt": "yuv411p",
            "sample_aspect_ratio": "8:9",
            "pict_type": "I",
            "interlaced_frame": 1,
            "top_field_first": 0,
            "repeat_pict": 0,
            "chroma_location": "topleft"
        },
        {
            "media_type": "video",
            "stream_index": 0,
            "key_frame": 1,
            "pts": 715,
            "pts_time": "23.857620",
            "pkt_dts": 715,
            "pkt_dts_time": "23.857620",
            "best_effort_timestamp": 715,
            "best_effort_timestamp_time": "23.857620",
            "duration": 1,
            "duration_time": "0.033367",
            "pkt_pos": "88907224",
            "pkt_size": "120000",
            "width": 720,
            "height": 480,
            "crop_top": 0,
            "crop_bottom": 0,
            "crop_left": 0,
            "crop_right": 0,
            "pix_fmt": "yuv411p",
            "sample_aspect_ratio": "8:9",
            "pict_type": "I",
            "interlaced_frame": 1,
            "top_field_first": 0,
            "repeat_pict": 0,
            "chroma_location": "topleft"
        },
        {
            "media_type": "video",
            "stream_index": 0,
            "key_frame": 1,
            "pts": 716,
            "pts_time": "23.890987",
            "pkt_dts": 716,
            "pkt_dts_time": "23.890987",
            "best_effort_timestamp": 716,
            "best_effort_timestamp_time": "23.890987",
            "duration": 1,
            "duration_time": "0.033367",
            "pkt_pos": "89027232",
            "pkt_size": "120000",
            "width": 720,
            "height": 480,
            "crop_top": 0,
            "crop_bottom": 0,
            "crop_left": 0,
            "crop_right": 0,
            "pix_fmt": "yuv411p",
            "sample_aspect_ratio": "8:9",
            "pict_type": "I",
            "interlaced_frame": 1,
            "top_field_first": 0,
            "repeat_pict": 0,
            "chroma_location": "topleft"
        },
        {
            "media_type": "video",
            "stream_index": 0,
            "key_frame": 1,
            "pts": 717,
            "pts_time": "23.924354",
            "pkt_dts": 717,
            "pkt_dts_time": "23.924354",
            "best_effort_timestamp": 717,
            "best_effort_timestamp_time": "23.924354",
            "duration": 1,
            "duration_time": "0.033367",
            "pkt_pos": "89147240",
            "pkt_size": "120000",
            "width": 720,
            "height": 480,
            "crop_top": 0,
            "crop_bottom": 0,
            "crop_left": 0,
            "crop_right": 0,
            "pix_fmt": "yuv411p",
            "sample_aspect_ratio": "8:9",
            "pict_type": "I",
            "interlaced_frame": 1,
            "top_field_first": 0,
            "repeat_pict": 0,
            "chroma_location": "topleft"
        },
        {
            "media_type": "video",
            "stream_index": 0,
            "key_frame": 1,
            "pts": 718,
            "pts_time": "23.957721",
            "pkt_dts": 718,
            "pkt_dts_time": "23.957721",
            "best_effort_timestamp": 718,
            "best_effort_timestamp_time": "23.957721",
            "duration": 1,
            "duration_time": "0.033367",
            "pkt_pos": "89267248",
            "pkt_size": "120000",
            "width": 720,
            "height": 480,
            "crop_top": 0,
            "crop_bottom": 0,
            "crop_left": 0,
            "crop_right": 0,
            "pix_fmt": "yuv411p",
            "sample_aspect_ratio": "8:9",
            "pict_type": "I",
            "interlaced_frame": 1,
            "top_field_first": 0,
            "repeat_pict": 0,
            "chroma_location": "topleft"
        },
        {
            "media_type": "video",
            "stream_index": 0,
            "key_frame": 1,
            "pts": 719,
            "pts_time": "23.991089",
            "pkt_dts": 719,
            "pkt_dts_time": "23.991089",
            "best_effort_timestamp": 719,
            "best_effort_timestamp_time": "23.991089",
            "duration": 1,
            "duration_time": "0.033367",
            "pkt_pos": "89387256",
            "pkt_size": "120000",
            "width": 720,
            "height": 480,
            "crop_top": 0,
            "crop_bottom": 0,
            "crop_left": 0,
            "crop_right": 0,
            "pix_fmt": "yuv411p",
            "sample_aspect_ratio": "8:9",
            "pict_type": "I",
            "interlaced_frame": 1,
            "top_field_first": 0,
            "repeat_pict": 0,
            "chroma_location": "topleft"
        },
        {
            "media_type": "video",
            "stream_index": 0,
            "key_frame": 1,
            "pts": 720,
            "pts_time": "24.024456",
            "pkt_dts": 720,
            "pkt_dts_time": "24.024456",
            "best_effort_timestamp": 720,
            "best_effort_timestamp_time": "24.024456",
            "duration": 1,
            "duration_time": "0.033367",
            "pkt_pos": "89507264",
            "pkt_size": "120000",
            "width": 720,
            "height": 480,
            "crop_top": 0,
            "crop_bottom": 0,
            "crop_left": 0,
            "crop_right": 0,
            "pix_fmt": "yuv411p",
            "sample_aspect_ratio": "8:9",
            "pict_type": "I",
            "interlaced_frame": 1,
            "top_field_first": 0,
            "repeat_pict": 0,
            "chroma_location": "topleft"
        },
        {
            "media_type": "video",
            "stream_index": 0,
            "key_frame": 1,
            "pts": 721,
            "pts_time": "24.057823",
            "pkt_dts": 721,
            "pkt_dts_time": "24.057823",
            "best_effort_timestamp": 721,
            "best_effort_timestamp_time": "24.057823",
            "duration": 1,
            "duration_time": "0.033367",
            "pkt_pos": "89627272",
            "pkt_size": "120000",
            "width": 720,
            "height": 480,
            "crop_top": 0,
            "crop_bottom": 0,
            "crop_left": 0,
            "crop_right": 0,
            "pix_fmt": "yuv411p",
            "sample_aspect_ratio": "8:9",
            "pict_type": "I",
            "interlaced_frame": 1,
            "top_field_first": 0,
            "repeat_pict": 0,
            "chroma_location": "topleft"
        },
        {
            "media_type": "video",
            "stream_index": 0,
            "key_frame": 1,
            "pts": 722,
            "pts_time": "24.091191",
            "pkt_dts": 722,
            "pkt_dts_time": "24.091191",
            "best_effort_timestamp": 722,
            "best_effort_timestamp_time": "24.091191",
            "duration": 1,
            "duration_time": "0.033367",
            "pkt_pos": "89747280",
            "pkt_size": "120000",
            "width": 720,
            "height": 480,
            "crop_top": 0,
            "crop_bottom": 0,
            "crop_left": 0,
            "crop_right": 0,
            "pix_fmt": "yuv411p",
            "sample_aspect_ratio": "8:9",
            "pict_type": "I",
            "interlaced_frame": 1,
            "top_field_first": 0,
            "repeat_pict": 0,
            "chroma_location": "topleft"
        },
        {
            "media_type": "video",
            "stream_index": 0,
            "key_frame": 1,
            "pts": 723,
            "pts_time": "24.124558",
            "pkt_dts": 723,
            "pkt_dts_time": "24.124558",
            "best_effort_timestamp": 723,
            "best_effort_timestamp_time": "24.124558",
            "duration": 1,
            "duration_time": "0.033367",
            "pkt_pos": "89867288",
            "pkt_size": "120000",
            "width": 720,
            "height": 480,
            "crop_top": 0,
            "crop_bottom": 0,
            "crop_left": 0,
            "crop_right": 0,
            "pix_fmt": "yuv411p",
            "sample_aspect_ratio": "8:9",
            "pict_type": "I",
            "interlaced_frame": 1,
            "top_field_first": 0,
            "repeat_pict": 0,
            "chroma_location": "topleft"
        },
        {
            "media_type": "video",
            "stream_index": 0,
            "key_frame": 1,
            "pts": 724,
            "pts_time": "24.157925",
            "pkt_dts": 724,
            "pkt_dts_time": "24.157925",
            "best_effort_timestamp": 724,
            "best_effort_timestamp_time": "24.157925",
            "duration": 1,
            "duration_time": "0.033367",
            "pkt_pos": "89987296",
            "pkt_size": "120000",
            "width": 720,
            "height": 480,
            "crop_top": 0,
            "crop_bottom": 0,
            "crop_left": 0,
            "crop_right": 0,
            "pix_fmt": "yuv411p",
            "sample_aspect_ratio": "8:9",
            "pict_type": "I",
            "interlaced_frame": 1,
            "top_field_first": 0,
            "repeat_pict": 0,
            "chroma_location": "topleft"
        },
        {
            "media_type": "video",
            "stream_index": 0,
            "key_frame": 1,
            "pts": 725,
            "pts_time": "24.191293",
            "pkt_dts": 725,
            "pkt_dts_time": "24.191293",
            "best_effort_timestamp": 725,
            "best_effort_timestamp_time": "24.191293",
            "duration": 1,
            "duration_time": "0.033367",
            "pkt_pos": "90231168",
            "pkt_size": "120000",
            "width": 720,
            "height": 480,
            "crop_top": 0,
            "crop_bottom": 0,
            "crop_left": 0,
            "crop_right": 0,
            "pix_fmt": "yuv411p",
            "sample_aspect_ratio": "8:9",
            "pict_type": "I",
            "interlaced_frame": 1,
            "top_field_first": 0,
            "repeat_pict": 0,
            "chroma_location": "topleft"
        },
        {
            "media_type": "video",
            "stream_index": 0,
            "key_frame": 1,
            "pts": 726,
            "pts_time": "24.224660",
            "pkt_dts": 726,
            "pkt_dts_time": "24.224660",
            "best_effort_timestamp": 726,
            "best_effort_timestamp_time": "24.224660",
            "duration": 1,
            "duration_time": "0.033367",
            "pkt_pos": "90351176",
            "pkt_size": "120000",
            "width": 720,
            "height": 480,
            "crop_top": 0,
            "crop_bottom": 0,
            "crop_left": 0,
            "crop_right": 0,
            "pix_fmt": "yuv411p",
            "sample_aspect_ratio": "8:9",
            "pict_type": "I",
            "interlaced_frame": 1,
            "top_field_first": 0,
            "repeat_pict": 0,
            "chroma_location": "topleft"
        },
        {
            "media_type": "video",
            "stream_index": 0,
            "key_frame": 1,
            "pts": 727,
            "pts_time": "24.258027",
            "pkt_dts": 727,
            "pkt_dts_time": "24.258027",
            "best_effort_timestamp": 727,
            "best_effort_timestamp_time": "24.258027",
            "duration": 1,
            "duration_time": "0.033367",
            "pkt_pos": "90471184",
            "pkt_size": "120000",
            "width": 720,
            "height": 480,
            "crop_top": 0,
            "crop_bottom": 0,
            "crop_left": 0,
            "crop_right": 0,
            "pix_fmt": "yuv411p",
            "sample_aspect_ratio": "8:9",
            "pict_type": "I",
            "interlaced_frame": 1,
            "top_field_first": 0,
            "repeat_pict": 0,
            "chroma_location": "topleft"
        },
        {
            "media_type": "video",
            "stream_index": 0,
            "key_frame": 1,
            "pts": 728,
            "pts_time": "24.291394",
            "pkt_dts": 728,
            "pkt_dts_time": "24.291394",
            "best_effort_timestamp": 728,
            "best_effort_timestamp_time": "24.291394",
            "duration": 1,
            "duration_time": "0.033367",
            "pkt_pos": "90591192",
            "pkt_size": "120000",
            "width": 720,
            "height": 480,
            "crop_top": 0,
            "crop_bottom": 0,
            "crop_left": 0,
            "crop_right": 0,
            "pix_fmt": "yuv411p",
            "sample_aspect_ratio": "8:9",
            "pict_type": "I",
            "interlaced_frame": 1,
            "top_field_first": 0,
            "repeat_pict": 0,
            "chroma_location": "topleft"
        },
        {
            "media_type": "video",
            "stream_index": 0,
            "key_frame": 1,
            "pts": 729,
            "pts_time": "24.324762",
            "pkt_dts": 729,
            "pkt_dts_time": "24.324762",
            "best_effort_timestamp": 729,
            "best_effort_timestamp_time": "24.324762",
            "duration": 1,
            "duration_time": "0.033367",
            "pkt_pos": "90711200",
            "pkt_size": "120000",
            "width": 720,
            "height": 480,
            "crop_top": 0,
            "crop_bottom": 0,
            "crop_left": 0,
            "crop_right": 0,
            "pix_fmt": "yuv411p",
            "sample_aspect_ratio": "8:9",
            "pict_type": "I",
            "interlaced_frame": 1,
            "top_field_first": 0,
            "repeat_pict": 0,
            "chroma_location": "topleft"
        },
        {
            "media_type": "video",
            "stream_index": 0,
            "key_frame": 1,
            "pts": 730,
            "pts_time": "24.358129",
            "pkt_dts": 730,
            "pkt_dts_time": "24.358129",
            "best_effort_timestamp": 730,
            "best_effort_timestamp_time": "24.358129",
            "duration": 1,
            "duration_time": "0.033367",
            "pkt_pos": "90831208",
            "pkt_size": "120000",
            "width": 720,
            "height": 480,
            "crop_top": 0,
            "crop_bottom": 0,
            "crop_left": 0,
            "crop_right": 0,
            "pix_fmt": "yuv411p",
            "sample_aspect_ratio": "8:9",
            "pict_type": "I",
            "interlaced_frame": 1,
            "top_field_first": 0,
            "repeat_pict": 0,
            "chroma_location": "topleft"
        },
        {
            "media_type": "video",
            "stream_index": 0,
            "key_frame": 1,
            "pts": 731,
            "pts_time": "24.391496",
            "pkt_dts": 731,
            "pkt_dts_time": "24.391496",
            "best_effort_timestamp": 731,
            "best_effort_timestamp_time": "24.391496",
            "duration": 1,
            "duration_time": "0.033367",
            "pkt_pos": "90951216",
            "pkt_size": "120000",
            "width": 720,
            "height": 480,
            "crop_top": 0,
            "crop_bottom": 0,
            "crop_left": 0,
            "crop_right": 0,
            "pix_fmt": "yuv411p",
            "sample_aspect_ratio": "8:9",
            "pict_type": "I",
            "interlaced_frame": 1,
            "top_field_first": 0,
            "repeat_pict": 0,
            "chroma_location": "topleft"
        },
        {
            "media_type": "video",
            "stream_index": 0,
            "key_frame": 1,
            "pts": 732,
            "pts_time": "24.424864",
            "pkt_dts": 732,
            "pkt_dts_time": "24.424864",
            "best_effort_timestamp": 732,
            "best_effort_timestamp_time": "24.424864",
            "duration": 1,
            "duration_time": "0.033367",
            "pkt_pos": "91071224",
            "pkt_size": "120000",
            "width": 720,
            "height": 480,
            "crop_top": 0,
            "crop_bottom": 0,
            "crop_left": 0,
            "crop_right": 0,
            "pix_fmt": "yuv411p",
            "sample_aspect_ratio": "8:9",
            "pict_type": "I",
            "interlaced_frame": 1,
            "top_field_first": 0,
            "repeat_pict": 0,
            "chroma_location": "topleft"
        },
        {
            "media_type": "video",
            "stream_index": 0,
            "key_frame": 1,
            "pts": 733,
            "pts_time": "24.458231",
            "pkt_dts": 733,
            "pkt_dts_time": "24.458231",
            "best_effort_timestamp": 733,
            "best_effort_timestamp_time": "24.458231",
            "duration": 1,
            "duration_time": "0.033367",
            "pkt_pos": "91191232",
            "pkt_size": "120000",
            "width": 720,
            "height": 480,
            "crop_top": 0,
            "crop_bottom": 0,
            "crop_left": 0,
            "crop_right": 0,
            "pix_fmt": "yuv411p",
            "sample_aspect_ratio": "8:9",
            "pict_type": "I",
            "interlaced_frame": 1,
            "top_field_first": 0,
            "repeat_pict": 0,
            "chroma_location": "topleft"
        },
        {
            "media_type": "video",
            "stream_index": 0,
            "key_frame": 1,
            "pts": 734,
            "pts_time": "24.491598",
            "pkt_dts": 734,
            "pkt_dts_time": "24.491598",
            "best_effort_timestamp": 734,
            "best_effort_timestamp_time": "24.491598",
            "duration": 1,
            "duration_time": "0.033367",
            "pkt_pos": "91311240",
            "pkt_size": "120000",
            "width": 720,
            "height": 480,
            "crop_top": 0,
            "crop_bottom": 0,
            "crop_left": 0,
            "crop_right": 0,
            "pix_fmt": "yuv411p",
            "sample_aspect_ratio": "8:9",
            "pict_type": "I",
            "interlaced_frame": 1,
            "top_field_first": 0,
            "repeat_pict": 0,
            "chroma_location": "topleft"
        },
        {
            "media_type": "video",
            "stream_index": 0,
            "key_frame": 1,
            "pts": 735,
            "pts_time": "24.524966",
            "pkt_dts": 735,
            "pkt_dts_time": "24.524966",
            "best_effort_timestamp": 735,
            "best_effort_timestamp_time": "24.524966",
            "duration": 1,
            "duration_time": "0.033367",
            "pkt_pos": "91431248",
            "pkt_size": "120000",
            "width": 720,
            "height": 480,
            "crop_top": 0,
            "crop_bottom": 0,
            "crop_left": 0,
            "crop_right": 0,
            "pix_fmt": "yuv411p",
            "sample_aspect_ratio": "8:9",
            "pict_type": "I",
            "interlaced_frame": 1,
            "top_field_first": 0,
            "repeat_pict": 0,
            "chroma_location": "topleft"
        },
        {
            "media_type": "video",
            "stream_index": 0,
            "key_frame": 1,
            "pts": 736,
            "pts_time": "24.558333",
            "pkt_dts": 736,
            "pkt_dts_time": "24.558333",
            "best_effort_timestamp": 736,
            "best_effort_timestamp_time": "24.558333",
            "duration": 1,
            "duration_time": "0.033367",
            "pkt_pos": "91551256",
            "pkt_size": "120000",
            "width": 720,
            "height": 480,
            "crop_top": 0,
            "crop_bottom": 0,
            "crop_left": 0,
            "crop_right": 0,
            "pix_fmt": "yuv411p",
            "sample_aspect_ratio": "8:9",
            "pict_type": "I",
            "interlaced_frame": 1,
            "top_field_first": 0,
            "repeat_pict": 0,
            "chroma_location": "topleft"
        },
        {
            "media_type": "video",
            "stream_index": 0,
            "key_frame": 1,
            "pts": 737,
            "pts_time": "24.591700",
            "pkt_dts": 737,
            "pkt_dts_time": "24.591700",
            "best_effort_timestamp": 737,
            "best_effort_timestamp_time": "24.591700",
            "duration": 1,
            "duration_time": "0.033367",
            "pkt_pos": "91671264",
            "pkt_size": "120000",
            "width": 720,
            "height": 480,
            "crop_top": 0,
            "crop_bottom": 0,
            "crop_left": 0,
            "crop_right": 0,
            "pix_fmt": "yuv411p",
            "sample_aspect_ratio": "8:9",
            "pict_type": "I",
            "interlaced_frame": 1,
            "top_field_first": 0,
            "repeat_pict": 0,
            "chroma_location": "topleft"
        },
        {
            "media_type": "video",
            "stream_index": 0,
            "key_frame": 1,
            "pts": 738,
            "pts_time": "24.625067",
            "pkt_dts": 738,
            "pkt_dts_time": "24.625067",
            "best_effort_timestamp": 738,
            "best_effort_timestamp_time": "24.625067",
            "duration": 1,
            "duration_time": "0.033367",
            "pkt_pos": "91791272",
            "pkt_size": "120000",
            "width": 720,
            "height": 480,
            "crop_top": 0,
            "crop_bottom": 0,
            "crop_left": 0,
            "crop_right": 0,
            "pix_fmt": "yuv411p",
            "sample_aspect_ratio": "8:9",
            "pict_type": "I",
            "interlaced_frame": 1,
            "top_field_first": 0,
            "repeat_pict": 0,
            "chroma_location": "topleft"
        },
        {
            "media_type": "video",
            "stream_index": 0,
            "key_frame": 1,
            "pts": 739,
            "pts_time": "24.658435",
            "pkt_dts": 739,
            "pkt_dts_time": "24.658435",
            "best_effort_timestamp": 739,
            "best_effort_timestamp_time": "24.658435",
            "duration": 1,
            "duration_time": "0.033367",
            "pkt_pos": "91911280",
            "pkt_size": "120000",
            "width": 720,
            "height": 480,
            "crop_top": 0,
            "crop_bottom": 0,
            "crop_left": 0,
            "crop_right": 0,
            "pix_fmt": "yuv411p",
            "sample_aspect_ratio": "8:9",
            "pict_type": "I",
            "interlaced_frame": 1,
            "top_field_first": 0,
            "repeat_pict": 0,
            "chroma_location": "topleft"
        },
        {
            "media_type": "video",
            "stream_index": 0,
            "key_frame": 1,
            "pts": 740,
            "pts_time": "24.691802",
            "pkt_dts": 740,
            "pkt_dts_time": "24.691802",
            "best_effort_timestamp": 740,
            "best_effort_timestamp_time": "24.691802",
            "duration": 1,
            "duration_time": "0.033367",
            "pkt_pos": "92031288",
            "pkt_size": "120000",
            "width": 720,
            "height": 480,
            "crop_top": 0,
            "crop_bottom": 0,
            "crop_left": 0,
            "crop_right": 0,
            "pix_fmt": "yuv411p",
            "sample_aspect_ratio": "8:9",
            "pict_type": "I",
            "interlaced_frame": 1,
            "top_field_first": 0,
            "repeat_pict": 0,
            "chroma_location": "topleft"
        },
        {
            "media_type": "video",
            "stream_index": 0,
            "key_frame": 1,
            "pts": 741,
            "pts_time": "24.725169",
            "pkt_dts": 741,
            "pkt_dts_time": "24.725169",
            "best_effort_timestamp": 741,
            "best_effort_timestamp_time": "24.725169",
            "duration": 1,
            "duration_time": "0.033367",
            "pkt_pos": "92151296",
            "pkt_size": "120000",
            "width": 720,
            "height": 480,
            "crop_top": 0,
            "crop_bottom": 0,
            "crop_left": 0,
            "crop_right": 0,
            "pix_fmt": "yuv411p",
            "sample_aspect_ratio": "8:9",
            "pict_type": "I",
            "interlaced_frame": 1,
            "top_field_first": 0,
            "repeat_pict": 0,
            "chroma_location": "topleft"
        },
        {
            "media_type": "video",
            "stream_index": 0,
            "key_frame": 1,
            "pts": 742,
            "pts_time": "24.758537",
            "pkt_dts": 742,
            "pkt_dts_time": "24.758537",
            "best_effort_timestamp": 742,
            "best_effort_timestamp_time": "24.758537",
            "duration": 1,
            "duration_time": "0.033367",
            "pkt_pos": "92271304",
            "pkt_size": "120000",
            "width": 720,
            "height": 480,
            "crop_top": 0,
            "crop_bottom": 0,
            "crop_left": 0,
            "crop_right": 0,
            "pix_fmt": "yuv411p",
            "sample_aspect_ratio": "8:9",
            "pict_type": "I",
            "interlaced_frame": 1,
            "top_field_first": 0,
            "repeat_pict": 0,
            "chroma_location": "topleft"
        },
        {
            "media_type": "video",
            "stream_index": 0,
            "key_frame": 1,
            "pts": 743,
            "pts_time": "24.791904",
            "pkt_dts": 743,
            "pkt_dts_time": "24.791904",
            "best_effort_timestamp": 743,
            "best_effort_timestamp_time": "24.791904",
            "duration": 1,
            "duration_time": "0.033367",
            "pkt_pos": "92391312",
            "pkt_size": "120000",
            "width": 720,
            "height": 480,
            "crop_top": 0,
            "crop_bottom": 0,
            "crop_left": 0,
            "crop_right": 0,
            "pix_fmt": "yuv411p",
            "sample_aspect_ratio": "8:9",
            "pict_type": "I",
            "interlaced_frame": 1,
            "top_field_first": 0,
            "repeat_pict": 0,
            "chroma_location": "topleft"
        },
        {
            "media_type": "video",
            "stream_index": 0,
            "key_frame": 1,
            "pts": 744,
            "pts_time": "24.825271",
            "pkt_dts": 744,
            "pkt_dts_time": "24.825271",
            "best_effort_timestamp": 744,
            "best_effort_timestamp_time": "24.825271",
            "duration": 1,
            "duration_time": "0.033367",
            "pkt_pos": "92511320",
            "pkt_size": "120000",
            "width": 720,
            "height": 480,
            "crop_top": 0,
            "crop_bottom": 0,
            "crop_left": 0,
            "crop_right": 0,
            "pix_fmt": "yuv411p",
            "sample_aspect_ratio": "8:9",
            "pict_type": "I",
            "interlaced_frame": 1,
            "top_field_first": 0,
            "repeat_pict": 0,
            "chroma_location": "topleft"
        },
        {
            "media_type": "video",
            "stream_index": 0,
            "key_frame": 1,
            "pts": 745,
            "pts_time": "24.858639",
            "pkt_dts": 745,
            "pkt_dts_time": "24.858639",
            "best_effort_timestamp": 745,
            "best_effort_timestamp_time": "24.858639",
            "duration": 1,
            "duration_time": "0.033367",
            "pkt_pos": "92631328",
            "pkt_size": "120000",
            "width": 720,
            "height": 480,
            "crop_top": 0,
            "crop_bottom": 0,
            "crop_left": 0,
            "crop_right": 0,
            "pix_fmt": "yuv411p",
            "sample_aspect_ratio": "8:9",
            "pict_type": "I",
            "interlaced_frame": 1,
            "top_field_first": 0,
            "repeat_pict": 0,
            "chroma_location": "topleft"
        },
        {
            "media_type": "video",
            "stream_index": 0,
            "key_frame": 1,
            "pts": 746,
            "pts_time": "24.892006",
            "pkt_dts": 746,
            "pkt_dts_time": "24.892006",
            "best_effort_timestamp": 746,
            "best_effort_timestamp_time": "24.892006",
            "duration": 1,
            "duration_time": "0.033367",
            "pkt_pos": "92751336",
            "pkt_size": "120000",
            "width": 720,
            "height": 480,
            "crop_top": 0,
            "crop_bottom": 0,
            "crop_left": 0,
            "crop_right": 0,
            "pix_fmt": "yuv411p",
            "sample_aspect_ratio": "8:9",
            "pict_type": "I",
            "interlaced_frame": 1,
            "top_field_first": 0,
            "repeat_pict": 0,
            "chroma_location": "topleft"
        },
        {
            "media_type": "video",
            "stream_index": 0,
            "key_frame": 1,
            "pts": 747,
            "pts_time": "24.925373",
            "pkt_dts": 747,
            "pkt_dts_time": "24.925373",
            "best_effort_timestamp": 747,
            "best_effort_timestamp_time": "24.925373",
            "duration": 1,
            "duration_time": "0.033367",
            "pkt_pos": "92871344",
            "pkt_size": "120000",
            "width": 720,
            "height": 480,
            "crop_top": 0,
            "crop_bottom": 0,
            "crop_left": 0,
            "crop_right": 0,
            "pix_fmt": "yuv411p",
            "sample_aspect_ratio": "8:9",
            "pict_type": "I",
            "interlaced_frame": 1,
            "top_field_first": 0,
            "repeat_pict": 0,
            "chroma_location": "topleft"
        },
        {
            "media_type": "video",
            "stream_index": 0,
            "key_frame": 1,
            "pts": 748,
            "pts_time": "24.958740",
            "pkt_dts": 748,
            "pkt_dts_time": "24.958740",
            "best_effort_timestamp": 748,
            "best_effort_timestamp_time": "24.958740",
            "duration": 1,
            "duration_time": "0.033367",
            "pkt_pos": "92991352",
            "pkt_size": "120000",
            "width": 720,
            "height": 480,
            "crop_top": 0,
            "crop_bottom": 0,
            "crop_left": 0,
            "crop_right": 0,
            "pix_fmt": "yuv411p",
            "sample_aspect_ratio": "8:9",
            "pict_type": "I",
            "interlaced_frame": 1,
            "top_field_first": 0,
            "repeat_pict": 0,
            "chroma_location": "topleft"
        },
        {
            "media_type": "video",
            "stream_index": 0,
            "key_frame": 1,
            "pts": 749,
            "pts_time": "24.992108",
            "pkt_dts": 749,
            "pkt_dts_time": "24.992108",
            "best_effort_timestamp": 749,
            "best_effort_timestamp_time": "24.992108",
            "duration": 1,
            "duration_time": "0.033367",
            "pkt_pos": "93111360",
            "pkt_size": "120000",
            "width": 720,
            "height": 480,
            "crop_top": 0,
            "crop_bottom": 0,
            "crop_left": 0,
            "crop_right": 0,
            "pix_fmt": "yuv411p",
            "sample_aspect_ratio": "8:9",
            "pict_type": "I",
            "interlaced_frame": 1,
            "top_field_first": 0,
            "repeat_pict": 0,
            "chroma_location": "topleft"
        },
        {
            "media_type": "video",
            "stream_index": 0,
            "key_frame": 1,
            "pts": 750,
            "pts_time": "25.025475",
            "pkt_dts": 750,
            "pkt_dts_time": "25.025475",
            "best_effort_timestamp": 750,
            "best_effort_timestamp_time": "25.025475",
            "duration": 1,
            "duration_time": "0.033367",
            "pkt_pos": "93231368",
            "pkt_size": "120000",
            "width": 720,
            "height": 480,
            "crop_top": 0,
            "crop_bottom": 0,
            "crop_left": 0,
            "crop_right": 0,
            "pix_fmt": "yuv411p",
            "sample_aspect_ratio": "8:9",
            "pict_type": "I",
            "interlaced_frame": 1,
            "top_field_first": 0,
            "repeat_pict": 0,
            "chroma_location": "topleft"
        },
        {
            "media_type": "video",
            "stream_index": 0,
            "key_frame": 1,
            "pts": 751,
            "pts_time": "25.058842",
            "pkt_dts": 751,
            "pkt_dts_time": "25.058842",
            "best_effort_timestamp": 751,
            "best_effort_timestamp_time": "25.058842",
            "duration": 1,
            "duration_time": "0.033367",
            "pkt_pos": "93351376",
            "pkt_size": "120000",
            "width": 720,
            "height": 480,
            "crop_top": 0,
            "crop_bottom": 0,
            "crop_left": 0,
            "crop_right": 0,
            "pix_fmt": "yuv411p",
            "sample_aspect_ratio": "8:9",
            "pict_type": "I",
            "interlaced_frame": 1,
            "top_field_first": 0,
            "repeat_pict": 0,
            "chroma_location": "topleft"
        },
        {
            "media_type": "video",
            "stream_index": 0,
            "key_frame": 1,
            "pts": 752,
            "pts_time": "25.092210",
            "pkt_dts": 752,
            "pkt_dts_time": "25.092210",
            "best_effort_timestamp": 752,
            "best_effort_timestamp_time": "25.092210",
            "duration": 1,
            "duration_time": "0.033367",
            "pkt_pos": "93471384",
            "pkt_size": "120000",
            "width": 720,
            "height": 480,
            "crop_top": 0,
            "crop_bottom": 0,
            "crop_left": 0,
            "crop_right": 0,
            "pix_fmt": "yuv411p",
            "sample_aspect_ratio": "8:9",
            "pict_type": "I",
            "interlaced_frame": 1,
            "top_field_first": 0,
            "repeat_pict": 0,
            "chroma_location": "topleft"
        },
        {
            "media_type": "video",
            "stream_index": 0,
            "key_frame": 1,
            "pts": 753,
            "pts_time": "25.125577",
            "pkt_dts": 753,
            "pkt_dts_time": "25.125577",
            "best_effort_timestamp": 753,
            "best_effort_timestamp_time": "25.125577",
            "duration": 1,
            "duration_time": "0.033367",
            "pkt_pos": "93591392",
            "pkt_size": "120000",
            "width": 720,
            "height": 480,
            "crop_top": 0,
            "crop_bottom": 0,
            "crop_left": 0,
            "crop_right": 0,
            "pix_fmt": "yuv411p",
            "sample_aspect_ratio": "8:9",
            "pict_type": "I",
            "interlaced_frame": 1,
            "top_field_first": 0,
            "repeat_pict": 0,
            "chroma_location": "topleft"
        },
        {
            "media_type": "video",
            "stream_index": 0,
            "key_frame": 1,
            "pts": 754,
            "pts_time": "25.158944",
            "pkt_dts": 754,
            "pkt_dts_time": "25.158944",
            "best_effort_timestamp": 754,
            "best_effort_timestamp_time": "25.158944",
            "duration": 1,
            "duration_time": "0.033367",
            "pkt_pos": "93835264",
            "pkt_size": "120000",
            "width": 720,
            "height": 480,
            "crop_top": 0,
            "crop_bottom": 0,
            "crop_left": 0,
            "crop_right": 0,
            "pix_fmt": "yuv411p",
            "sample_aspect_ratio": "8:9",
            "pict_type": "I",
            "interlaced_frame": 1,
            "top_field_first": 0,
            "repeat_pict": 0,
            "chroma_location": "topleft"
        },
        {
            "media_type": "video",
            "stream_index": 0,
            "key_frame": 1,
            "pts": 755,
            "pts_time": "25.192312",
            "pkt_dts": 755,
            "pkt_dts_time": "25.192312",
            "best_effort_timestamp": 755,
            "best_effort_timestamp_time": "25.192312",
            "duration": 1,
            "duration_time": "0.033367",
            "pkt_pos": "93955272",
            "pkt_size": "120000",
            "width": 720,
            "height": 480,
            "crop_top": 0,
            "crop_bottom": 0,
            "crop_left": 0,
            "crop_right": 0,
            "pix_fmt": "yuv411p",
            "sample_aspect_ratio": "8:9",
            "pict_type": "I",
            "interlaced_frame": 1,
            "top_field_first": 0,
            "repeat_pict": 0,
            "chroma_location": "topleft"
        },
        {
            "media_type": "video",
            "stream_index": 0,
            "key_frame": 1,
            "pts": 756,
            "pts_time": "25.225679",
            "pkt_dts": 756,
            "pkt_dts_time": "25.225679",
            "best_effort_timestamp": 756,
            "best_effort_timestamp_time": "25.225679",
            "duration": 1,
            "duration_time": "0.033367",
            "pkt_pos": "94075280",
            "pkt_size": "120000",
            "width": 720,
            "height": 480,
            "crop_top": 0,
            "crop_bottom": 0,
            "crop_left": 0,
            "crop_right": 0,
            "pix_fmt": "yuv411p",
            "sample_aspect_ratio": "8:9",
            "pict_type": "I",
            "interlaced_frame": 1,
            "top_field_first": 0,
            "repeat_pict": 0,
            "chroma_location": "topleft"
        },
        {
            "media_type": "video",
            "stream_index": 0,
            "key_frame": 1,
            "pts": 757,
            "pts_time": "25.259046",
            "pkt_dts": 757,
            "pkt_dts_time": "25.259046",
            "best_effort_timestamp": 757,
            "best_effort_timestamp_time": "25.259046",
            "duration": 1,
            "duration_time": "0.033367",
            "pkt_pos": "94195288",
            "pkt_size": "120000",
            "width": 720,
            "height": 480,
            "crop_top": 0,
            "crop_bottom": 0,
            "crop_left": 0,
            "crop_right": 0,
            "pix_fmt": "yuv411p",
            "sample_aspect_ratio": "8:9",
            "pict_type": "I",
            "interlaced_frame": 1,
            "top_field_first": 0,
            "repeat_pict": 0,
            "chroma_location": "topleft"
        },
        {
            "media_type": "video",
            "stream_index": 0,
            "key_frame": 1,
            "pts": 758,
            "pts_time": "25.292413",
            "pkt_dts": 758,
            "pkt_dts_time": "25.292413",
            "best_effort_timestamp": 758,
            "best_effort_timestamp_time": "25.292413",
            "duration": 1,
            "duration_time": "0.033367",
            "pkt_pos": "94315296",
            "pkt_size": "120000",
            "width": 720,
            "height": 480,
            "crop_top": 0,
            "crop_bottom": 0,
            "crop_left": 0,
            "crop_right": 0,
            "pix_fmt": "yuv411p",
            "sample_aspect_ratio": "8:9",
            "pict_type": "I",
            "interlaced_frame": 1,
            "top_field_first": 0,
            "repeat_pict": 0,
            "chroma_location": "topleft"
        },
        {
            "media_type": "video",
            "stream_index": 0,
            "key_frame": 1,
            "pts": 759,
            "pts_time": "25.325781",
            "pkt_dts": 759,
            "pkt_dts_time": "25.325781",
            "best_effort_timestamp": 759,
            "best_effort_timestamp_time": "25.325781",
            "duration": 1,
            "duration_time": "0.033367",
            "pkt_pos": "94435304",
            "pkt_size": "120000",
            "width": 720,
            "height": 480,
            "crop_top": 0,
            "crop_bottom": 0,
            "crop_left": 0,
            "crop_right": 0,
            "pix_fmt": "yuv411p",
            "sample_aspect_ratio": "8:9",
            "pict_type": "I",
            "interlaced_frame": 1,
            "top_field_first": 0,
            "repeat_pict": 0,
            "chroma_location": "topleft"
        },
        {
            "media_type": "video",
            "stream_index": 0,
            "key_frame": 1,
            "pts": 760,
            "pts_time": "25.359148",
            "pkt_dts": 760,
            "pkt_dts_time": "25.359148",
            "best_effort_timestamp": 760,
            "best_effort_timestamp_time": "25.359148",
            "duration": 1,
            "duration_time": "0.033367",
            "pkt_pos": "94555312",
            "pkt_size": "120000",
            "width": 720,
            "height": 480,
            "crop_top": 0,
            "crop_bottom": 0,
            "crop_left": 0,
            "crop_right": 0,
            "pix_fmt": "yuv411p",
            "sample_aspect_ratio": "8:9",
            "pict_type": "I",
            "interlaced_frame": 1,
            "top_field_first": 0,
            "repeat_pict": 0,
            "chroma_location": "topleft"
        },
        {
            "media_type": "video",
            "stream_index": 0,
            "key_frame": 1,
            "pts": 761,
            "pts_time": "25.392515",
            "pkt_dts": 761,
            "pkt_dts_time": "25.392515",
            "best_effort_timestamp": 761,
            "best_effort_timestamp_time": "25.392515",
            "duration": 1,
            "duration_time": "0.033367",
            "pkt_pos": "94675320",
            "pkt_size": "120000",
            "width": 720,
            "height": 480,
            "crop_top": 0,
            "crop_bottom": 0,
            "crop_left": 0,
            "crop_right": 0,
            "pix_fmt": "yuv411p",
            "sample_aspect_ratio": "8:9",
            "pict_type": "I",
            "interlaced_frame": 1,
            "top_field_first": 0,
            "repeat_pict": 0,
            "chroma_location": "topleft"
        },
        {
            "media_type": "video",
            "stream_index": 0,
            "key_frame": 1,
            "pts": 762,
            "pts_time": "25.425883",
            "pkt_dts": 762,
            "pkt_dts_time": "25.425883",
            "best_effort_timestamp": 762,
            "best_effort_timestamp_time": "25.425883",
            "duration": 1,
            "duration_time": "0.033367",
            "pkt_pos": "94795328",
            "pkt_size": "120000",
            "width": 720,
            "height": 480,
            "crop_top": 0,
            "crop_bottom": 0,
            "crop_left": 0,
            "crop_right": 0,
            "pix_fmt": "yuv411p",
            "sample_aspect_ratio": "8:9",
            "pict_type": "I",
            "interlaced_frame": 1,
            "top_field_first": 0,
            "repeat_pict": 0,
            "chroma_location": "topleft"
        },
        {
            "media_type": "video",
            "stream_index": 0,
            "key_frame": 1,
            "pts": 763,
            "pts_time": "25.459250",
            "pkt_dts": 763,
            "pkt_dts_time": "25.459250",
            "best_effort_timestamp": 763,
            "best_effort_timestamp_time": "25.459250",
            "duration": 1,
            "duration_time": "0.033367",
            "pkt_pos": "94915336",
            "pkt_size": "120000",
            "width": 720,
            "height": 480,
            "crop_top": 0,
            "crop_bottom": 0,
            "crop_left": 0,
            "crop_right": 0,
            "pix_fmt": "yuv411p",
            "sample_aspect_ratio": "8:9",
            "pict_type": "I",
            "interlaced_frame": 1,
            "top_field_first": 0,
            "repeat_pict": 0,
            "chroma_location": "topleft"
        },
        {
            "media_type": "video",
            "stream_index": 0,
            "key_frame": 1,
            "pts": 764,
            "pts_time": "25.492617",
            "pkt_dts": 764,
            "pkt_dts_time": "25.492617",
            "best_effort_timestamp": 764,
            "best_effort_timestamp_time": "25.492617",
            "duration": 1,
            "duration_time": "0.033367",
            "pkt_pos": "95035344",
            "pkt_size": "120000",
            "width": 720,
            "height": 480,
            "crop_top": 0,
            "crop_bottom": 0,
            "crop_left": 0,
            "crop_right": 0,
            "pix_fmt": "yuv411p",
            "sample_aspect_ratio": "8:9",
            "pict_type": "I",
            "interlaced_frame": 1,
            "top_field_first": 0,
            "repeat_pict": 0,
            "chroma_location": "topleft"
        },
        {
            "media_type": "video",
            "stream_index": 0,
            "key_frame": 1,
            "pts": 765,
            "pts_time": "25.525985",
            "pkt_dts": 765,
            "pkt_dts_time": "25.525985",
            "best_effort_timestamp": 765,
            "best_effort_timestamp_time": "25.525985",
            "duration": 1,
            "duration_time": "0.033367",
            "pkt_pos": "95155352",
            "pkt_size": "120000",
            "width": 720,
            "height": 480,
            "crop_top": 0,
            "crop_bottom": 0,
            "crop_left": 0,
            "crop_right": 0,
            "pix_fmt": "yuv411p",
            "sample_aspect_ratio": "8:9",
            "pict_type": "I",
            "interlaced_frame": 1,
            "top_field_first": 0,
            "repeat_pict": 0,
            "chroma_location": "topleft"
        },
        {
            "media_type": "video",
            "stream_index": 0,
            "key_frame": 1,
            "pts": 766,
            "pts_time": "25.559352",
            "pkt_dts": 766,
            "pkt_dts_time": "25.559352",
            "best_effort_timestamp": 766,
            "best_effort_timestamp_time": "25.559352",
            "duration": 1,
            "duration_time": "0.033367",
            "pkt_pos": "95275360",
            "pkt_size": "120000",
            "width": 720,
            "height": 480,
            "crop_top": 0,
            "crop_bottom": 0,
            "crop_left": 0,
            "crop_right": 0,
            "pix_fmt": "yuv411p",
            "sample_aspect_ratio": "8:9",
            "pict_type": "I",
            "interlaced_frame": 1,
            "top_field_first": 0,
            "repeat_pict": 0,
            "chroma_location": "topleft"
        },
        {
            "media_type": "video",
            "stream_index": 0,
            "key_frame": 1,
            "pts": 767,
            "pts_time": "25.592719",
            "pkt_dts": 767,
            "pkt_dts_time": "25.592719",
            "best_effort_timestamp": 767,
            "best_effort_timestamp_time": "25.592719",
            "duration": 1,
            "duration_time": "0.033367",
            "pkt_pos": "95395368",
            "pkt_size": "120000",
            "width": 720,
            "height": 480,
            "crop_top": 0,
            "crop_bottom": 0,
            "crop_left": 0,
            "crop_right": 0,
            "pix_fmt": "yuv411p",
            "sample_aspect_ratio": "8:9",
            "pict_type": "I",
            "interlaced_frame": 1,
            "top_field_first": 0,
            "repeat_pict": 0,
            "chroma_location": "topleft"
        },
        {
            "media_type": "video",
            "stream_index": 0,
            "key_frame": 1,
            "pts": 768,
            "pts_time": "25.626086",
            "pkt_dts": 768,
            "pkt_dts_time": "25.626086",
            "best_effort_timestamp": 768,
            "best_effort_timestamp_time": "25.626086",
            "duration": 1,
            "duration_time": "0.033367",
            "pkt_pos": "95515376",
            "pkt_size": "120000",
            "width": 720,
            "height": 480,
            "crop_top": 0,
            "crop_bottom": 0,
            "crop_left": 0,
            "crop_right": 0,
            "pix_fmt": "yuv411p",
            "sample_aspect_ratio": "8:9",
            "pict_type": "I",
            "interlaced_frame": 1,
            "top_field_first": 0,
            "repeat_pict": 0,
            "chroma_location": "topleft"
        },
        {
            "media_type": "video",
            "stream_index": 0,
            "key_frame": 1,
            "pts": 769,
            "pts_time": "25.659454",
            "pkt_dts": 769,
            "pkt_dts_time": "25.659454",
            "best_effort_timestamp": 769,
            "best_effort_timestamp_time": "25.659454",
            "duration": 1,
            "duration_time": "0.033367",
            "pkt_pos": "95635384",
            "pkt_size": "120000",
            "width": 720,
            "height": 480,
            "crop_top": 0,
            "crop_bottom": 0,
            "crop_left": 0,
            "crop_right": 0,
            "pix_fmt": "yuv411p",
            "sample_aspect_ratio": "8:9",
            "pict_type": "I",
            "interlaced_frame": 1,
            "top_field_first": 0,
            "repeat_pict": 0,
            "chroma_location": "topleft"
        },
        {
            "media_type": "video",
            "stream_index": 0,
            "key_frame": 1,
            "pts": 770,
            "pts_time": "25.692821",
            "pkt_dts": 770,
            "pkt_dts_time": "25.692821",
            "best_effort_timestamp": 770,
            "best_effort_timestamp_time": "25.692821",
            "duration": 1,
            "duration_time": "0.033367",
            "pkt_pos": "95755392",
            "pkt_size": "120000",
            "width": 720,
            "height": 480,
            "crop_top": 0,
            "crop_bottom": 0,
            "crop_left": 0,
            "crop_right": 0,
            "pix_fmt": "yuv411p",
            "sample_aspect_ratio": "8:9",
            "pict_type": "I",
            "interlaced_frame": 1,
            "top_field_first": 0,
            "repeat_pict": 0,
            "chroma_location": "topleft"
        },
        {
            "media_type": "video",
            "stream_index": 0,
            "key_frame": 1,
            "pts": 771,
            "pts_time": "25.726188",
            "pkt_dts": 771,
            "pkt_dts_time": "25.726188",
            "best_effort_timestamp": 771,
            "best_effort_timestamp_time": "25.726188",
            "duration": 1,
            "duration_time": "0.033367",
            "pkt_pos": "95875400",
            "pkt_size": "120000",
            "width": 720,
            "height": 480,
            "crop_top": 0,
            "crop_bottom": 0,
            "crop_left": 0,
            "crop_right": 0,
            "pix_fmt": "yuv411p",
            "sample_aspect_ratio": "8:9",
            "pict_type": "I",
            "interlaced_frame": 1,
            "top_field_first": 0,
            "repeat_pict": 0,
            "chroma_location": "topleft"
        },
        {
            "media_type": "video",
            "stream_index": 0,
            "key_frame": 1,
            "pts": 772,
            "pts_time": "25.759556",
            "pkt_dts": 772,
            "pkt_dts_time": "25.759556",
            "best_effort_timestamp": 772,
            "best_effort_timestamp_time": "25.759556",
            "duration": 1,
            "duration_time": "0.033367",
            "pkt_pos": "95995408",
            "pkt_size": "120000",
            "width": 720,
            "height": 480,
            "crop_top": 0,
            "crop_bottom": 0,
            "crop_left": 0,
            "crop_right": 0,
            "pix_fmt": "yuv411p",
            "sample_aspect_ratio": "8:9",
            "pict_type": "I",
            "interlaced_frame": 1,
            "top_field_first": 0,
            "repeat_pict": 0,
            "chroma_location": "topleft"
        },
        {
            "media_type": "video",
            "stream_index": 0,
            "key_frame": 1,
            "pts": 773,
            "pts_time": "25.792923",
            "pkt_dts": 773,
            "pkt_dts_time": "25.792923",
            "best_effort_timestamp": 773,
            "best_effort_timestamp_time": "25.792923",
            "duration": 1,
            "duration_time": "0.033367",
            "pkt_pos": "96115416",
            "pkt_size": "120000",
            "width": 720,
            "height": 480,
            "crop_top": 0,
            "crop_bottom": 0,
            "crop_left": 0,
            "crop_right": 0,
            "pix_fmt": "yuv411p",
            "sample_aspect_ratio": "8:9",
            "pict_type": "I",
            "interlaced_frame": 1,
            "top_field_first": 0,
            "repeat_pict": 0,
            "chroma_location": "topleft"
        },
        {
            "media_type": "video",
            "stream_index": 0,
            "key_frame": 1,
            "pts": 774,
            "pts_time": "25.826290",
            "pkt_dts": 774,
            "pkt_dts_time": "25.826290",
            "best_effort_timestamp": 774,
            "best_effort_timestamp_time": "25.826290",
            "duration": 1,
            "duration_time": "0.033367",
            "pkt_pos": "96235424",
            "pkt_size": "120000",
            "width": 720,
            "height": 480,
            "crop_top": 0,
            "crop_bottom": 0,
            "crop_left": 0,
            "crop_right": 0,
            "pix_fmt": "yuv411p",
            "sample_aspect_ratio": "8:9",
            "pict_type": "I",
            "interlaced_frame": 1,
            "top_field_first": 0,
            "repeat_pict": 0,
            "chroma_location": "topleft"
        },
        {
            "media_type": "video",
            "stream_index": 0,
            "key_frame": 1,
            "pts": 775,
            "pts_time": "25.859658",
            "pkt_dts": 775,
            "pkt_dts_time": "25.859658",
            "best_effort_timestamp": 775,
            "best_effort_timestamp_time": "25.859658",
            "duration": 1,
            "duration_time": "0.033367",
            "pkt_pos": "96355432",
            "pkt_size": "120000",
            "width": 720,
            "height": 480,
            "crop_top": 0,
            "crop_bottom": 0,
            "crop_left": 0,
            "crop_right": 0,
            "pix_fmt": "yuv411p",
            "sample_aspect_ratio": "8:9",
            "pict_type": "I",
            "interlaced_frame": 1,
            "top_field_first": 0,
            "repeat_pict": 0,
            "chroma_location": "topleft"
        },
        {
            "media_type": "video",
            "stream_index": 0,
            "key_frame": 1,
            "pts": 776,
            "pts_time": "25.893025",
            "pkt_dts": 776,
            "pkt_dts_time": "25.893025",
            "best_effort_timestamp": 776,
            "best_effort_timestamp_time": "25.893025",
            "duration": 1,
            "duration_time": "0.033367",
            "pkt_pos": "96475440",
            "pkt_size": "120000",
            "width": 720,
            "height": 480,
            "crop_top": 0,
            "crop_bottom": 0,
            "crop_left": 0,
            "crop_right": 0,
            "pix_fmt": "yuv411p",
            "sample_aspect_ratio": "8:9",
            "pict_type": "I",
            "interlaced_frame": 1,
            "top_field_first": 0,
            "repeat_pict": 0,
            "chroma_location": "topleft"
        },
        {
            "media_type": "video",
            "stream_index": 0,
            "key_frame": 1,
            "pts": 777,
            "pts_time": "25.926392",
            "pkt_dts": 777,
            "pkt_dts_time": "25.926392",
            "best_effort_timestamp": 777,
            "best_effort_timestamp_time": "25.926392",
            "duration": 1,
            "duration_time": "0.033367",
            "pkt_pos": "96595448",
            "pkt_size": "120000",
            "width": 720,
            "height": 480,
            "crop_top": 0,
            "crop_bottom": 0,
            "crop_left": 0,
            "crop_right": 0,
            "pix_fmt": "yuv411p",
            "sample_aspect_ratio": "8:9",
            "pict_type": "I",
            "interlaced_frame": 1,
            "top_field_first": 0,
            "repeat_pict": 0,
            "chroma_location": "topleft"
        },
        {
            "media_type": "video",
            "stream_index": 0,
            "key_frame": 1,
            "pts": 778,
            "pts_time": "25.959759",
            "pkt_dts": 778,
            "pkt_dts_time": "25.959759",
            "best_effort_timestamp": 778,
            "best_effort_timestamp_time": "25.959759",
            "duration": 1,
            "duration_time": "0.033367",
            "pkt_pos": "96715456",
            "pkt_size": "120000",
            "width": 720,
            "height": 480,
            "crop_top": 0,
            "crop_bottom": 0,
            "crop_left": 0,
            "crop_right": 0,
            "pix_fmt": "yuv411p",
            "sample_aspect_ratio": "8:9",
            "pict_type": "I",
            "interlaced_frame": 1,
            "top_field_first": 0,
            "repeat_pict": 0,
            "chroma_location": "topleft"
        },
        {
            "media_type": "video",
            "stream_index": 0,
            "key_frame": 1,
            "pts": 779,
            "pts_time": "25.993127",
            "pkt_dts": 779,
            "pkt_dts_time": "25.993127",
            "best_effort_timestamp": 779,
            "best_effort_timestamp_time": "25.993127",
            "duration": 1,
            "duration_time": "0.033367",
            "pkt_pos": "96835464",
            "pkt_size": "120000",
            "width": 720,
            "height": 480,
            "crop_top": 0,
            "crop_bottom": 0,
            "crop_left": 0,
            "crop_right": 0,
            "pix_fmt": "yuv411p",
            "sample_aspect_ratio": "8:9",
            "pict_type": "I",
            "interlaced_frame": 1,
            "top_field_first": 0,
            "repeat_pict": 0,
            "chroma_location": "topleft"
        },
        {
            "media_type": "video",
            "stream_index": 0,
            "key_frame": 1,
            "pts": 780,
            "pts_time": "26.026494",
            "pkt_dts": 780,
            "pkt_dts_time": "26.026494",
            "best_effort_timestamp": 780,
            "best_effort_timestamp_time": "26.026494",
            "duration": 1,
            "duration_time": "0.033367",
            "pkt_pos": "96955472",
            "pkt_size": "120000",
            "width": 720,
            "height": 480,
            "crop_top": 0,
            "crop_bottom": 0,
            "crop_left": 0,
            "crop_right": 0,
            "pix_fmt": "yuv411p",
            "sample_aspect_ratio": "8:9",
            "pict_type": "I",
            "interlaced_frame": 1,
            "top_field_first": 0,
            "repeat_pict": 0,
            "chroma_location": "topleft"
        },
        {
            "media_type": "video",
            "stream_index": 0,
            "key_frame": 1,
            "pts": 781,
            "pts_time": "26.059861",
            "pkt_dts": 781,
            "pkt_dts_time": "26.059861",
            "best_effort_timestamp": 781,
            "best_effort_timestamp_time": "26.059861",
            "duration": 1,
            "duration_time": "0.033367",
            "pkt_pos": "97075480",
            "pkt_size": "120000",
            "width": 720,
            "height": 480,
            "crop_top": 0,
            "crop_bottom": 0,
            "crop_left": 0,
            "crop_right": 0,
            "pix_fmt": "yuv411p",
            "sample_aspect_ratio": "8:9",
            "pict_type": "I",
            "interlaced_frame": 1,
            "top_field_first": 0,
            "repeat_pict": 0,
            "chroma_location": "topleft"
        },
        {
            "media_type": "video",
            "stream_index": 0,
            "key_frame": 1,
            "pts": 782,
            "pts_time": "26.093229",
            "pkt_dts": 782,
            "pkt_dts_time": "26.093229",
            "best_effort_timestamp": 782,
            "best_effort_timestamp_time": "26.093229",
            "duration": 1,
            "duration_time": "0.033367",
            "pkt_pos": "97195488",
            "pkt_size": "120000",
            "width": 720,
            "height": 480,
            "crop_top": 0,
            "crop_bottom": 0,
            "crop_left": 0,
            "crop_right": 0,
            "pix_fmt": "yuv411p",
            "sample_aspect_ratio": "8:9",
            "pict_type": "I",
            "interlaced_frame": 1,
            "top_field_first": 0,
            "repeat_pict": 0,
            "chroma_location": "topleft"
        },
        {
            "media_type": "video",
            "stream_index": 0,
            "key_frame": 1,
            "pts": 783,
            "pts_time": "26.126596",
            "pkt_dts": 783,
            "pkt_dts_time": "26.126596",
            "best_effort_timestamp": 783,
            "best_effort_timestamp_time": "26.126596",
            "duration": 1,
            "duration_time": "0.033367",
            "pkt_pos": "97439364",
            "pkt_size": "120000",
            "width": 720,
            "height": 480,
            "crop_top": 0,
            "crop_bottom": 0,
            "crop_left": 0,
            "crop_right": 0,
            "pix_fmt": "yuv411p",
            "sample_aspect_ratio": "8:9",
            "pict_type": "I",
            "interlaced_frame": 1,
            "top_field_first": 0,
            "repeat_pict": 0,
            "chroma_location": "topleft"
        },
        {
            "media_type": "video",
            "stream_index": 0,
            "key_frame": 1,
            "pts": 784,
            "pts_time": "26.159963",
            "pkt_dts": 784,
            "pkt_dts_time": "26.159963",
            "best_effort_timestamp": 784,
            "best_effort_timestamp_time": "26.159963",
            "duration": 1,
            "duration_time": "0.033367",
            "pkt_pos": "97559372",
            "pkt_size": "120000",
            "width": 720,
            "height": 480,
            "crop_top": 0,
            "crop_bottom": 0,
            "crop_left": 0,
            "crop_right": 0,
            "pix_fmt": "yuv411p",
            "sample_aspect_ratio": "8:9",
            "pict_type": "I",
            "interlaced_frame": 1,
            "top_field_first": 0,
            "repeat_pict": 0,
            "chroma_location": "topleft"
        },
        {
            "media_type": "video",
            "stream_index": 0,
            "key_frame": 1,
            "pts": 785,
            "pts_time": "26.193331",
            "pkt_dts": 785,
            "pkt_dts_time": "26.193331",
            "best_effort_timestamp": 785,
            "best_effort_timestamp_time": "26.193331",
            "duration": 1,
            "duration_time": "0.033367",
            "pkt_pos": "97679380",
            "pkt_size": "120000",
            "width": 720,
            "height": 480,
            "crop_top": 0,
            "crop_bottom": 0,
            "crop_left": 0,
            "crop_right": 0,
            "pix_fmt": "yuv411p",
            "sample_aspect_ratio": "8:9",
            "pict_type": "I",
            "interlaced_frame": 1,
            "top_field_first": 0,
            "repeat_pict": 0,
            "chroma_location": "topleft"
        },
        {
            "media_type": "video",
            "stream_index": 0,
            "key_frame": 1,
            "pts": 786,
            "pts_time": "26.226698",
            "pkt_dts": 786,
            "pkt_dts_time": "26.226698",
            "best_effort_timestamp": 786,
            "best_effort_timestamp_time": "26.226698",
            "duration": 1,
            "duration_time": "0.033367",
            "pkt_pos": "97799388",
            "pkt_size": "120000",
            "width": 720,
            "height": 480,
            "crop_top": 0,
            "crop_bottom": 0,
            "crop_left": 0,
            "crop_right": 0,
            "pix_fmt": "yuv411p",
            "sample_aspect_ratio": "8:9",
            "pict_type": "I",
            "interlaced_frame": 1,
            "top_field_first": 0,
            "repeat_pict": 0,
            "chroma_location": "topleft"
        },
        {
            "media_type": "video",
            "stream_index": 0,
            "key_frame": 1,
            "pts": 787,
            "pts_time": "26.260065",
            "pkt_dts": 787,
            "pkt_dts_time": "26.260065",
            "best_effort_timestamp": 787,
            "best_effort_timestamp_time": "26.260065",
            "duration": 1,
            "duration_time": "0.033367",
            "pkt_pos": "97919396",
            "pkt_size": "120000",
            "width": 720,
            "height": 480,
            "crop_top": 0,
            "crop_bottom": 0,
            "crop_left": 0,
            "crop_right": 0,
            "pix_fmt": "yuv411p",
            "sample_aspect_ratio": "8:9",
            "pict_type": "I",
            "interlaced_frame": 1,
            "top_field_first": 0,
            "repeat_pict": 0,
            "chroma_location": "topleft"
        },
        {
            "media_type": "video",
            "stream_index": 0,
            "key_frame": 1,
            "pts": 788,
            "pts_time": "26.293432",
            "pkt_dts": 788,
            "pkt_dts_time": "26.293432",
            "best_effort_timestamp": 788,
            "best_effort_timestamp_time": "26.293432",
            "duration": 1,
            "duration_time": "0.033367",
            "pkt_pos": "98039404",
            "pkt_size": "120000",
            "width": 720,
            "height": 480,
            "crop_top": 0,
            "crop_bottom": 0,
            "crop_left": 0,
            "crop_right": 0,
            "pix_fmt": "yuv411p",
            "sample_aspect_ratio": "8:9",
            "pict_type": "I",
            "interlaced_frame": 1,
            "top_field_first": 0,
            "repeat_pict": 0,
            "chroma_location": "topleft"
        },
        {
            "media_type": "video",
            "stream_index": 0,
            "key_frame": 1,
            "pts": 789,
            "pts_time": "26.326800",
            "pkt_dts": 789,
            "pkt_dts_time": "26.326800",
            "best_effort_timestamp": 789,
            "best_effort_timestamp_time": "26.326800",
            "duration": 1,
            "duration_time": "0.033367",
            "pkt_pos": "98159412",
            "pkt_size": "120000",
            "width": 720,
            "height": 480,
            "crop_top": 0,
            "crop_bottom": 0,
            "crop_left": 0,
            "crop_right": 0,
            "pix_fmt": "yuv411p",
            "sample_aspect_ratio": "8:9",
            "pict_type": "I",
            "interlaced_frame": 1,
            "top_field_first": 0,
            "repeat_pict": 0,
            "chroma_location": "topleft"
        },
        {
            "media_type": "video",
            "stream_index": 0,
            "key_frame": 1,
            "pts": 790,
            "pts_time": "26.360167",
            "pkt_dts": 790,
            "pkt_dts_time": "26.360167",
            "best_effort_timestamp": 790,
            "best_effort_timestamp_time": "26.360167",
            "duration": 1,
            "duration_time": "0.033367",
            "pkt_pos": "98279420",
            "pkt_size": "120000",
            "width": 720,
            "height": 480,
            "crop_top": 0,
            "crop_bottom": 0,
            "crop_left": 0,
            "crop_right": 0,
            "pix_fmt": "yuv411p",
            "sample_aspect_ratio": "8:9",
            "pict_type": "I",
            "interlaced_frame": 1,
            "top_field_first": 0,
            "repeat_pict": 0,
            "chroma_location": "topleft"
        },
        {
            "media_type": "video",
            "stream_index": 0,
            "key_frame": 1,
            "pts": 791,
            "pts_time": "26.393534",
            "pkt_dts": 791,
            "pkt_dts_time": "26.393534",
            "best_effort_timestamp": 791,
            "best_effort_timestamp_time": "26.393534",
            "duration": 1,
            "duration_time": "0.033367",
            "pkt_pos": "98399428",
            "pkt_size": "120000",
            "width": 720,
            "height": 480,
            "crop_top": 0,
            "crop_bottom": 0,
            "crop_left": 0,
            "crop_right": 0,
            "pix_fmt": "yuv411p",
            "sample_aspect_ratio": "8:9",
            "pict_type": "I",
            "interlaced_frame": 1,
            "top_field_first": 0,
            "repeat_pict": 0,
            "chroma_location": "topleft"
        },
        {
            "media_type": "video",
            "stream_index": 0,
            "key_frame": 1,
            "pts": 792,
            "pts_time": "26.426902",
            "pkt_dts": 792,
            "pkt_dts_time": "26.426902",
            "best_effort_timestamp": 792,
            "best_effort_timestamp_time": "26.426902",
            "duration": 1,
            "duration_time": "0.033367",
            "pkt_pos": "98519436",
            "pkt_size": "120000",
            "width": 720,
            "height": 480,
            "crop_top": 0,
            "crop_bottom": 0,
            "crop_left": 0,
            "crop_right": 0,
            "pix_fmt": "yuv411p",
            "sample_aspect_ratio": "8:9",
            "pict_type": "I",
            "interlaced_frame": 1,
            "top_field_first": 0,
            "repeat_pict": 0,
            "chroma_location": "topleft"
        },
        {
            "media_type": "video",
            "stream_index": 0,
            "key_frame": 1,
            "pts": 793,
            "pts_time": "26.460269",
            "pkt_dts": 793,
            "pkt_dts_time": "26.460269",
            "best_effort_timestamp": 793,
            "best_effort_timestamp_time": "26.460269",
            "duration": 1,
            "duration_time": "0.033367",
            "pkt_pos": "98639444",
            "pkt_size": "120000",
            "width": 720,
            "height": 480,
            "crop_top": 0,
            "crop_bottom": 0,
            "crop_left": 0,
            "crop_right": 0,
            "pix_fmt": "yuv411p",
            "sample_aspect_ratio": "8:9",
            "pict_type": "I",
            "interlaced_frame": 1,
            "top_field_first": 0,
            "repeat_pict": 0,
            "chroma_location": "topleft"
        },
        {
            "media_type": "video",
            "stream_index": 0,
            "key_frame": 1,
            "pts": 794,
            "pts_time": "26.493636",
            "pkt_dts": 794,
            "pkt_dts_time": "26.493636",
            "best_effort_timestamp": 794,
            "best_effort_timestamp_time": "26.493636",
            "duration": 1,
            "duration_time": "0.033367",
            "pkt_pos": "98759452",
            "pkt_size": "120000",
            "width": 720,
            "height": 480,
            "crop_top": 0,
            "crop_bottom": 0,
            "crop_left": 0,
            "crop_right": 0,
            "pix_fmt": "yuv411p",
            "sample_aspect_ratio": "8:9",
            "pict_type": "I",
            "interlaced_frame": 1,
            "top_field_first": 0,
            "repeat_pict": 0,
            "chroma_location": "topleft"
        },
        {
            "media_type": "video",
            "stream_index": 0,
            "key_frame": 1,
            "pts": 795,
            "pts_time": "26.527004",
            "pkt_dts": 795,
            "pkt_dts_time": "26.527004",
            "best_effort_timestamp": 795,
            "best_effort_timestamp_time": "26.527004",
            "duration": 1,
            "duration_time": "0.033367",
            "pkt_pos": "98879460",
            "pkt_size": "120000",
            "width": 720,
            "height": 480,
            "crop_top": 0,
            "crop_bottom": 0,
            "crop_left": 0,
            "crop_right": 0,
            "pix_fmt": "yuv411p",
            "sample_aspect_ratio": "8:9",
            "pict_type": "I",
            "interlaced_frame": 1,
            "top_field_first": 0,
            "repeat_pict": 0,
            "chroma_location": "topleft"
        },
        {
            "media_type": "video",
            "stream_index": 0,
            "key_frame": 1,
            "pts": 796,
            "pts_time": "26.560371",
            "pkt_dts": 796,
            "pkt_dts_time": "26.560371",
            "best_effort_timestamp": 796,
            "best_effort_timestamp_time": "26.560371",
            "duration": 1,
            "duration_time": "0.033367",
            "pkt_pos": "98999468",
            "pkt_size": "120000",
            "width": 720,
            "height": 480,
            "crop_top": 0,
            "crop_bottom": 0,
            "crop_left": 0,
            "crop_right": 0,
            "pix_fmt": "yuv411p",
            "sample_aspect_ratio": "8:9",
            "pict_type": "I",
            "interlaced_frame": 1,
            "top_field_first": 0,
            "repeat_pict": 0,
            "chroma_location": "topleft"
        },
        {
            "media_type": "video",
            "stream_index": 0,
            "key_frame": 1,
            "pts": 797,
            "pts_time": "26.593738",
            "pkt_dts": 797,
            "pkt_dts_time": "26.593738",
            "best_effort_timestamp": 797,
            "best_effort_timestamp_time": "26.593738",
            "duration": 1,
            "duration_time": "0.033367",
            "pkt_pos": "99119476",
            "pkt_size": "120000",
            "width": 720,
            "height": 480,
            "crop_top": 0,
            "crop_bottom": 0,
            "crop_left": 0,
            "crop_right": 0,
            "pix_fmt": "yuv411p",
            "sample_aspect_ratio": "8:9",
            "pict_type": "I",
            "interlaced_frame": 1,
            "top_field_first": 0,
            "repeat_pict": 0,
            "chroma_location": "topleft"
        },
        {
            "media_type": "video",
            "stream_index": 0,
            "key_frame": 1,
            "pts": 798,
            "pts_time": "26.627105",
            "pkt_dts": 798,
            "pkt_dts_time": "26.627105",
            "best_effort_timestamp": 798,
            "best_effort_timestamp_time": "26.627105",
            "duration": 1,
            "duration_time": "0.033367",
            "pkt_pos": "99239484",
            "pkt_size": "120000",
            "width": 720,
            "height": 480,
            "crop_top": 0,
            "crop_bottom": 0,
            "crop_left": 0,
            "crop_right": 0,
            "pix_fmt": "yuv411p",
            "sample_aspect_ratio": "8:9",
            "pict_type": "I",
            "interlaced_frame": 1,
            "top_field_first": 0,
            "repeat_pict": 0,
            "chroma_location": "topleft"
        },
        {
            "media_type": "video",
            "stream_index": 0,
            "key_frame": 1,
            "pts": 799,
            "pts_time": "26.660473",
            "pkt_dts": 799,
            "pkt_dts_time": "26.660473",
            "best_effort_timestamp": 799,
            "best_effort_timestamp_time": "26.660473",
            "duration": 1,
            "duration_time": "0.033367",
            "pkt_pos": "99359492",
            "pkt_size": "120000",
            "width": 720,
            "height": 480,
            "crop_top": 0,
            "crop_bottom": 0,
            "crop_left": 0,
            "crop_right": 0,
            "pix_fmt": "yuv411p",
            "sample_aspect_ratio": "8:9",
            "pict_type": "I",
            "interlaced_frame": 1,
            "top_field_first": 0,
            "repeat_pict": 0,
            "chroma_location": "topleft"
        },
        {
            "media_type": "video",
            "stream_index": 0,
            "key_frame": 1,
            "pts": 800,
            "pts_time": "26.693840",
            "pkt_dts": 800,
            "pkt_dts_time": "26.693840",
            "best_effort_timestamp": 800,
            "best_effort_timestamp_time": "26.693840",
            "duration": 1,
            "duration_time": "0.033367",
            "pkt_pos": "99479500",
            "pkt_size": "120000",
            "width": 720,
            "height": 480,
            "crop_top": 0,
            "crop_bottom": 0,
            "crop_left": 0,
            "crop_right": 0,
            "pix_fmt": "yuv411p",
            "sample_aspect_ratio": "8:9",
            "pict_type": "I",
            "interlaced_frame": 1,
            "top_field_first": 0,
            "repeat_pict": 0,
            "chroma_location": "topleft"
        },
        {
            "media_type": "video",
            "stream_index": 0,
            "key_frame": 1,
            "pts": 801,
            "pts_time": "26.727207",
            "pkt_dts": 801,
            "pkt_dts_time": "26.727207",
            "best_effort_timestamp": 801,
            "best_effort_timestamp_time": "26.727207",
            "duration": 1,
            "duration_time": "0.033367",
            "pkt_pos": "99599508",
            "pkt_size": "120000",
            "width": 720,
            "height": 480,
            "crop_top": 0,
            "crop_bottom": 0,
            "crop_left": 0,
            "crop_right": 0,
            "pix_fmt": "yuv411p",
            "sample_aspect_ratio": "8:9",
            "pict_type": "I",
            "interlaced_frame": 1,
            "top_field_first": 0,
            "repeat_pict": 0,
            "chroma_location": "topleft"
        },
        {
            "media_type": "video",
            "stream_index": 0,
            "key_frame": 1,
            "pts": 802,
            "pts_time": "26.760575",
            "pkt_dts": 802,
            "pkt_dts_time": "26.760575",
            "best_effort_timestamp": 802,
            "best_effort_timestamp_time": "26.760575",
            "duration": 1,
            "duration_time": "0.033367",
            "pkt_pos": "99719516",
            "pkt_size": "120000",
            "width": 720,
            "height": 480,
            "crop_top": 0,
            "crop_bottom": 0,
            "crop_left": 0,
            "crop_right": 0,
            "pix_fmt": "yuv411p",
            "sample_aspect_ratio": "8:9",
            "pict_type": "I",
            "interlaced_frame": 1,
            "top_field_first": 0,
            "repeat_pict": 0,
            "chroma_location": "topleft"
        },
        {
            "media_type": "video",
            "stream_index": 0,
            "key_frame": 1,
            "pts": 803,
            "pts_time": "26.793942",
            "pkt_dts": 803,
            "pkt_dts_time": "26.793942",
            "best_effort_timestamp": 803,
            "best_effort_timestamp_time": "26.793942",
            "duration": 1,
            "duration_time": "0.033367",
            "pkt_pos": "99839524",
            "pkt_size": "120000",
            "width": 720,
            "height": 480,
            "crop_top": 0,
            "crop_bottom": 0,
            "crop_left": 0,
            "crop_right": 0,
            "pix_fmt": "yuv411p",
            "sample_aspect_ratio": "8:9",
            "pict_type": "I",
            "interlaced_frame": 1,
            "top_field_first": 0,
            "repeat_pict": 0,
            "chroma_location": "topleft"
        },
        {
            "media_type": "video",
            "stream_index": 0,
            "key_frame": 1,
            "pts": 804,
            "pts_time": "26.827309",
            "pkt_dts": 804,
            "pkt_dts_time": "26.827309",
            "best_effort_timestamp": 804,
            "best_effort_timestamp_time": "26.827309",
            "duration": 1,
            "duration_time": "0.033367",
            "pkt_pos": "99959532",
            "pkt_size": "120000",
            "width": 720,
            "height": 480,
            "crop_top": 0,
            "crop_bottom": 0,
            "crop_left": 0,
            "crop_right": 0,
            "pix_fmt": "yuv411p",
            "sample_aspect_ratio": "8:9",
            "pict_type": "I",
            "interlaced_frame": 1,
            "top_field_first": 0,
            "repeat_pict": 0,
            "chroma_location": "topleft"
        },
        {
            "media_type": "video",
            "stream_index": 0,
            "key_frame": 1,
            "pts": 805,
            "pts_time": "26.860677",
            "pkt_dts": 805,
            "pkt_dts_time": "26.860677",
            "best_effort_timestamp": 805,
            "best_effort_timestamp_time": "26.860677",
            "duration": 1,
            "duration_time": "0.033367",
            "pkt_pos": "100079540",
            "pkt_size": "120000",
            "width": 720,
            "height": 480,
            "crop_top": 0,
            "crop_bottom": 0,
            "crop_left": 0,
            "crop_right": 0,
            "pix_fmt": "yuv411p",
            "sample_aspect_ratio": "8:9",
            "pict_type": "I",
            "interlaced_frame": 1,
            "top_field_first": 0,
            "repeat_pict": 0,
            "chroma_location": "topleft"
        },
        {
            "media_type": "video",
            "stream_index": 0,
            "key_frame": 1,
            "pts": 806,
            "pts_time": "26.894044",
            "pkt_dts": 806,
            "pkt_dts_time": "26.894044",
            "best_effort_timestamp": 806,
            "best_effort_timestamp_time": "26.894044",
            "duration": 1,
            "duration_time": "0.033367",
            "pkt_pos": "100199548",
            "pkt_size": "120000",
            "width": 720,
            "height": 480,
            "crop_top": 0,
            "crop_bottom": 0,
            "crop_left": 0,
            "crop_right": 0,
            "pix_fmt": "yuv411p",
            "sample_aspect_ratio": "8:9",
            "pict_type": "I",
            "interlaced_frame": 1,
            "top_field_first": 0,
            "repeat_pict": 0,
            "chroma_location": "topleft"
        },
        {
            "media_type": "video",
            "stream_index": 0,
            "key_frame": 1,
            "pts": 807,
            "pts_time": "26.927411",
            "pkt_dts": 807,
            "pkt_dts_time": "26.927411",
            "best_effort_timestamp": 807,
            "best_effort_timestamp_time": "26.927411",
            "duration": 1,
            "duration_time": "0.033367",
            "pkt_pos": "100319556",
            "pkt_size": "120000",
            "width": 720,
            "height": 480,
            "crop_top": 0,
            "crop_bottom": 0,
            "crop_left": 0,
            "crop_right": 0,
            "pix_fmt": "yuv411p",
            "sample_aspect_ratio": "8:9",
            "pict_type": "I",
            "interlaced_frame": 1,
            "top_field_first": 0,
            "repeat_pict": 0,
            "chroma_location": "topleft"
        },
        {
            "media_type": "video",
            "stream_index": 0,
            "key_frame": 1,
            "pts": 808,
            "pts_time": "26.960778",
            "pkt_dts": 808,
            "pkt_dts_time": "26.960778",
            "best_effort_timestamp": 808,
            "best_effort_timestamp_time": "26.960778",
            "duration": 1,
            "duration_time": "0.033367",
            "pkt_pos": "100439564",
            "pkt_size": "120000",
            "width": 720,
            "height": 480,
            "crop_top": 0,
            "crop_bottom": 0,
            "crop_left": 0,
            "crop_right": 0,
            "pix_fmt": "yuv411p",
            "sample_aspect_ratio": "8:9",
            "pict_type": "I",
            "interlaced_frame": 1,
            "top_field_first": 0,
            "repeat_pict": 0,
            "chroma_location": "topleft"
        }
    ],
    "streams": [
        {
            "index": 0,
            "codec_name": "dvvideo",
            "codec_long_name": "DV (Digital Video)",
            "codec_type": "video",
            "codec_tag_string": "dvsd",
            "codec_tag": "0x64737664",
            "width": 720,
            "height": 480,
            "coded_width": 720,
            "coded_height": 480,
            "closed_captions": 0,
            "film_grain": 0,
            "has_b_frames": 0,
            "sample_aspect_ratio": "8:9",
            "display_aspect_ratio": "4:3",
            "pix_fmt": "yuv411p",
            "level": -99,
            "chroma_location": "topleft",
            "refs": 1,
            "r_frame_rate": "10000000/333673",
            "avg_frame_rate": "10000000/333673",
            "time_base": "333673/10000000",
            "start_pts": 0,
            "start_time": "0.000000",
            "duration_ts": 809,
            "duration": "26.994146",
            "bit_rate": "28771229",
            "nb_frames": "809",
            "nb_read_frames": "809",
            "disposition": {
                "default": 0,
                "dub": 0,
                "original": 0,
                "comment": 0,
                "lyrics": 0,
                "karaoke": 0,
                "forced": 0,
                "hearing_impaired": 0,
                "visual_impaired": 0,
                "clean_effects": 0,
                "attached_pic": 0,
                "timed_thumbnails": 0,
                "non_diegetic": 0,
                "captions": 0,
                "descriptions": 0,
                "metadata": 0,
                "dependent": 0,
                "still_image": 0,
                "multilayer": 0
            }
        }
    ],
    "format": {
        "filename": "/Users/admin/docs/911-worktrees/sherlock-wtc7-investigation/research/sherlock-wtc7-investigation/cbs-vince-source-screen/stage1/raw/clip2-attempt2.avi",
        "nb_streams": 2,
        "nb_programs": 0,
        "nb_stream_groups": 0,
        "format_name": "avi",
        "format_long_name": "AVI (Audio Video Interleaved)",
        "start_time": "0.000000",
        "duration": "26.994146",
        "size": "100684560",
        "bit_rate": "29838931",
        "probe_score": 100
    }
}
