[info] Input #0, avi, from '/Users/admin/docs/911-worktrees/sherlock-wtc7-investigation/research/sherlock-wtc7-investigation/cbs-vince-source-screen/stage4/raw/clip7-attempt1.avi':
[info]   Duration: 00:00:37.64, start: 0.000000, bitrate: 29828 kb/s
[info]   Stream #0:0: Video: dvvideo (dvsd / 0x64737664), yuv411p, 720x480 [SAR 8:9 DAR 4:3], 28771 kb/s, 29.97 fps, 29.97 tbr, 29.97 tbn
[info]   Stream #0:1: Audio: pcm_s16le ([1][0][0][0] / 0x0001), 32000 Hz, 2 channels, s16, 1024 kb/s
[info] Stream mapping:
[info]   Stream #0:0 -> #0:0 (dvvideo (native) -> png (native))
[Parsed_showinfo_1 @ 0xc49008d80] [info] config in time_base: 333673/10000000, frame_rate: 10000000/333673
[Parsed_showinfo_1 @ 0xc49008d80] [info] config out time_base: 0/0, frame_rate: 0/0
[Parsed_showinfo_1 @ 0xc49008d80] [info] n:   0 pts:      0 pts_time:0       duration:      1 duration_time:0.0333673 fmt:yuv411p cl:topleft sar:8/9 s:720x480 i:B iskey:0 type:? checksum:993B57DA plane_checksum:[03940253 D9907E0B 497ED76D] mean:[152 151 113] stdev:[55.0 16.8 12.9]
[Parsed_showinfo_1 @ 0xc49008d80] [info] color_range:unknown color_space:unknown color_primaries:unknown color_trc:unknown
[info] Output #0, image2, to '/Users/admin/docs/911-worktrees/sherlock-wtc7-investigation/research/sherlock-wtc7-investigation/cbs-frame-correspondence/dense-clip7/extract02/vince-clip7/native/frame-%06d.png':
[info]   Metadata:
[info]     encoder         : Lavf61.7.100
[info]   Stream #0:0: Video: png, rgb24(pc, gbr/unknown/unknown, bottom coded first (swapped)), 720x480 [SAR 8:9 DAR 4:3], q=2-31, 200 kb/s, 29.97 fps, 29.97 tbn
[info]       Metadata:
[info]         encoder         : Lavc61.19.101 png
[Parsed_showinfo_1 @ 0xc49008d80] [info] n:   1 pts:      1 pts_time:0.0333673 duration:      1 duration_time:0.0333673 fmt:yuv411p cl:topleft sar:8/9 s:720x480 i:B iskey:0 type:? checksum:6374D258 plane_checksum:[30211200 328A287F A92997D9] mean:[153 150 113] stdev:[54.5 16.1 12.5]
[Parsed_showinfo_1 @ 0xc49008d80] [info] color_range:unknown color_space:unknown color_primaries:unknown color_trc:unknown
[Parsed_showinfo_1 @ 0xc49008d80] [info] n:   2 pts:      2 pts_time:0.0667346 duration:      1 duration_time:0.0333673 fmt:yuv411p cl:topleft sar:8/9 s:720x480 i:B iskey:0 type:? checksum:9B5FA01D plane_checksum:[6385905E 112A82A9 179A8D07] mean:[153 150 113] stdev:[54.3 15.7 12.6]
[Parsed_showinfo_1 @ 0xc49008d80] [info] color_range:unknown color_space:unknown color_primaries:unknown color_trc:unknown
[Parsed_showinfo_1 @ 0xc49008d80] [info] n:   3 pts:      3 pts_time:0.100102 duration:      1 duration_time:0.0333673 fmt:yuv411p cl:topleft sar:8/9 s:720x480 i:B iskey:0 type:? checksum:D9408062 plane_checksum:[8E910154 4966AE12 22A4D0ED] mean:[152 150 113] stdev:[54.3 15.4 12.5]
[Parsed_showinfo_1 @ 0xc49008d80] [info] color_range:unknown color_space:unknown color_primaries:unknown color_trc:unknown
[Parsed_showinfo_1 @ 0xc49008d80] [info] n:   4 pts:      4 pts_time:0.133469 duration:      1 duration_time:0.0333673 fmt:yuv411p cl:topleft sar:8/9 s:720x480 i:B iskey:0 type:? checksum:177DC0D9 plane_checksum:[F1023F61 01A97B8A 9BE205EE] mean:[152 150 113] stdev:[54.6 15.6 12.3]
[Parsed_showinfo_1 @ 0xc49008d80] [info] color_range:unknown color_space:unknown color_primaries:unknown color_trc:unknown
[Parsed_showinfo_1 @ 0xc49008d80] [info] n:   5 pts:      5 pts_time:0.166836 duration:      1 duration_time:0.0333673 fmt:yuv411p cl:topleft sar:8/9 s:720x480 i:B iskey:0 type:? checksum:034F1F1C plane_checksum:[329B8069 893629B5 3C1774EF] mean:[152 150 113] stdev:[54.6 15.5 12.2]
[Parsed_showinfo_1 @ 0xc49008d80] [info] color_range:unknown color_space:unknown color_primaries:unknown color_trc:unknown
[Parsed_showinfo_1 @ 0xc49008d80] [info] n:   6 pts:      6 pts_time:0.200204 duration:      1 duration_time:0.0333673 fmt:yuv411p cl:topleft sar:8/9 s:720x480 i:B iskey:0 type:? checksum:D2CFC044 plane_checksum:[7B46233A 938FF87A 5A8AA481] mean:[151 149 113] stdev:[54.3 15.2 12.1]
[Parsed_showinfo_1 @ 0xc49008d80] [info] color_range:unknown color_space:unknown color_primaries:unknown color_trc:unknown
[Parsed_showinfo_1 @ 0xc49008d80] [info] n:   7 pts:      7 pts_time:0.233571 duration:      1 duration_time:0.0333673 fmt:yuv411p cl:topleft sar:8/9 s:720x480 i:B iskey:0 type:? checksum:66AB2676 plane_checksum:[1C71BCA1 296E9003 629DD9B4] mean:[150 149 114] stdev:[54.1 15.1 12.0]
[Parsed_showinfo_1 @ 0xc49008d80] [info] color_range:unknown color_space:unknown color_primaries:unknown color_trc:unknown
[Parsed_showinfo_1 @ 0xc49008d80] [info] n:   8 pts:      8 pts_time:0.266938 duration:      1 duration_time:0.0333673 fmt:yuv411p cl:topleft sar:8/9 s:720x480 i:B iskey:0 type:? checksum:ADB8D09B plane_checksum:[5C11BC5F 20CB2496 0346EF97] mean:[150 149 114] stdev:[54.0 15.3 11.9]
[Parsed_showinfo_1 @ 0xc49008d80] [info] color_range:unknown color_space:unknown color_primaries:unknown color_trc:unknown
[Parsed_showinfo_1 @ 0xc49008d80] [info] n:   9 pts:      9 pts_time:0.300306 duration:      1 duration_time:0.0333673 fmt:yuv411p cl:topleft sar:8/9 s:720x480 i:B iskey:0 type:? checksum:D1E4CA2F plane_checksum:[3C6D6FCC AD5C1319 CE23474A] mean:[149 149 114] stdev:[54.5 15.5 11.9]
[Parsed_showinfo_1 @ 0xc49008d80] [info] color_range:unknown color_space:unknown color_primaries:unknown color_trc:unknown
[Parsed_showinfo_1 @ 0xc49008d80] [info] n:  10 pts:     10 pts_time:0.333673 duration:      1 duration_time:0.0333673 fmt:yuv411p cl:topleft sar:8/9 s:720x480 i:B iskey:0 type:? checksum:900CA8A4 plane_checksum:[040ABE59 7083A5FE D605443E] mean:[149 148 114] stdev:[55.1 15.6 11.9]
[Parsed_showinfo_1 @ 0xc49008d80] [info] color_range:unknown color_space:unknown color_primaries:unknown color_trc:unknown
[Parsed_showinfo_1 @ 0xc49008d80] [info] n:  11 pts:     11 pts_time:0.36704 duration:      1 duration_time:0.0333673 fmt:yuv411p cl:topleft sar:8/9 s:720x480 i:B iskey:0 type:? checksum:DC171E76 plane_checksum:[0F224636 473D7EBC A5625975] mean:[148 148 114] stdev:[55.5 15.9 12.0]
[Parsed_showinfo_1 @ 0xc49008d80] [info] color_range:unknown color_space:unknown color_primaries:unknown color_trc:unknown
[Parsed_showinfo_1 @ 0xc49008d80] [info] n:  12 pts:     12 pts_time:0.400408 duration:      1 duration_time:0.0333673 fmt:yuv411p cl:topleft sar:8/9 s:720x480 i:B iskey:0 type:? checksum:C4C7948B plane_checksum:[7FCDB4B2 CBEB6667 82B67963] mean:[148 148 114] stdev:[55.7 16.0 12.1]
[Parsed_showinfo_1 @ 0xc49008d80] [info] color_range:unknown color_space:unknown color_primaries:unknown color_trc:unknown
[Parsed_showinfo_1 @ 0xc49008d80] [info] n:  13 pts:     13 pts_time:0.433775 duration:      1 duration_time:0.0333673 fmt:yuv411p cl:topleft sar:8/9 s:720x480 i:B iskey:0 type:? checksum:98AADA95 plane_checksum:[BC8B9AE7 B7277F55 B9D9C04A] mean:[149 148 114] stdev:[54.7 15.8 12.1]
[Parsed_showinfo_1 @ 0xc49008d80] [info] color_range:unknown color_space:unknown color_primaries:unknown color_trc:unknown
[Parsed_showinfo_1 @ 0xc49008d80] [info] n:  14 pts:     14 pts_time:0.467142 duration:      1 duration_time:0.0333673 fmt:yuv411p cl:topleft sar:8/9 s:720x480 i:B iskey:0 type:? checksum:F39466EF plane_checksum:[690AF827 6135CCFB 3C77A1AF] mean:[149 148 114] stdev:[54.3 15.6 12.1]
[Parsed_showinfo_1 @ 0xc49008d80] [info] color_range:unknown color_space:unknown color_primaries:unknown color_trc:unknown
[Parsed_showinfo_1 @ 0xc49008d80] [info] n:  15 pts:     15 pts_time:0.50051 duration:      1 duration_time:0.0333673 fmt:yuv411p cl:topleft sar:8/9 s:720x480 i:B iskey:0 type:? checksum:21B28963 plane_checksum:[10E80327 57F4FF8F A1A6869E] mean:[150 149 114] stdev:[53.8 15.9 12.0]
[Parsed_showinfo_1 @ 0xc49008d80] [info] color_range:unknown color_space:unknown color_primaries:unknown color_trc:unknown
[Parsed_showinfo_1 @ 0xc49008d80] [info] n:  16 pts:     16 pts_time:0.533877 duration:      1 duration_time:0.0333673 fmt:yuv411p cl:topleft sar:8/9 s:720x480 i:B iskey:0 type:? checksum:9034DEB5 plane_checksum:[2A8DD690 108C67EB 2512A02B] mean:[149 149 114] stdev:[53.4 15.9 12.0]
[Parsed_showinfo_1 @ 0xc49008d80] [info] color_range:unknown color_space:unknown color_primaries:unknown color_trc:unknown
[Parsed_showinfo_1 @ 0xc49008d80] [info] n:  17 pts:     17 pts_time:0.567244 duration:      1 duration_time:0.0333673 fmt:yuv411p cl:topleft sar:8/9 s:720x480 i:B iskey:0 type:? checksum:5C14C74F plane_checksum:[FA07BD6F 8FA6824B EDA28786] mean:[149 149 114] stdev:[53.2 15.8 12.1]
[Parsed_showinfo_1 @ 0xc49008d80] [info] color_range:unknown color_space:unknown color_primaries:unknown color_trc:unknown
[Parsed_showinfo_1 @ 0xc49008d80] [info] n:  18 pts:     18 pts_time:0.600611 duration:      1 duration_time:0.0333673 fmt:yuv411p cl:topleft sar:8/9 s:720x480 i:B iskey:0 type:? checksum:482752BE plane_checksum:[957BD142 0342E5D1 87E99B8D] mean:[148 149 114] stdev:[52.9 16.1 12.2]
[Parsed_showinfo_1 @ 0xc49008d80] [info] color_range:unknown color_space:unknown color_primaries:unknown color_trc:unknown
[Parsed_showinfo_1 @ 0xc49008d80] [info] n:  19 pts:     19 pts_time:0.633979 duration:      1 duration_time:0.0333673 fmt:yuv411p cl:topleft sar:8/9 s:720x480 i:B iskey:0 type:? checksum:A85FD703 plane_checksum:[DF1AF091 A74F4696 6CEF9FCD] mean:[147 150 114] stdev:[52.8 16.3 12.0]
[Parsed_showinfo_1 @ 0xc49008d80] [info] color_range:unknown color_space:unknown color_primaries:unknown color_trc:unknown
[Parsed_showinfo_1 @ 0xc49008d80] [info] n:  20 pts:     20 pts_time:0.667346 duration:      1 duration_time:0.0333673 fmt:yuv411p cl:topleft sar:8/9 s:720x480 i:B iskey:0 type:? checksum:AE7754E4 plane_checksum:[B4C5939E AD2101F3 DFB5BF44] mean:[146 149 114] stdev:[52.8 16.2 12.2]
[Parsed_showinfo_1 @ 0xc49008d80] [info] color_range:unknown color_space:unknown color_primaries:unknown color_trc:unknown
[Parsed_showinfo_1 @ 0xc49008d80] [info] n:  21 pts:     21 pts_time:0.700713 duration:      1 duration_time:0.0333673 fmt:yuv411p cl:topleft sar:8/9 s:720x480 i:B iskey:0 type:? checksum:0404BBF4 plane_checksum:[109DE87A 929C64DB 42986E90] mean:[144 149 114] stdev:[52.2 16.0 12.2]
[Parsed_showinfo_1 @ 0xc49008d80] [info] color_range:unknown color_space:unknown color_primaries:unknown color_trc:unknown
[Parsed_showinfo_1 @ 0xc49008d80] [info] n:  22 pts:     22 pts_time:0.734081 duration:      1 duration_time:0.0333673 fmt:yuv411p cl:topleft sar:8/9 s:720x480 i:B iskey:0 type:? checksum:FCF4B359 plane_checksum:[96209FA4 7D87E077 9782332F] mean:[143 149 114] stdev:[51.8 15.9 12.3]
[Parsed_showinfo_1 @ 0xc49008d80] [info] color_range:unknown color_space:unknown color_primaries:unknown color_trc:unknown
[Parsed_showinfo_1 @ 0xc49008d80] [info] n:  23 pts:     23 pts_time:0.767448 duration:      1 duration_time:0.0333673 fmt:yuv411p cl:topleft sar:8/9 s:720x480 i:B iskey:0 type:? checksum:79AB65F2 plane_checksum:[B4A54483 C52DDAA4 E5BB46BC] mean:[143 149 114] stdev:[52.1 16.0 12.2]
[Parsed_showinfo_1 @ 0xc49008d80] [info] color_range:unknown color_space:unknown color_primaries:unknown color_trc:unknown
[Parsed_showinfo_1 @ 0xc49008d80] [info] n:  24 pts:     24 pts_time:0.800815 duration:      1 duration_time:0.0333673 fmt:yuv411p cl:topleft sar:8/9 s:720x480 i:B iskey:0 type:? checksum:2D23978D plane_checksum:[4751649C FC15E1DE 68ED5104] mean:[143 149 114] stdev:[52.0 16.2 12.3]
[Parsed_showinfo_1 @ 0xc49008d80] [info] color_range:unknown color_space:unknown color_primaries:unknown color_trc:unknown
[Parsed_showinfo_1 @ 0xc49008d80] [info] n:  25 pts:     25 pts_time:0.834183 duration:      1 duration_time:0.0333673 fmt:yuv411p cl:topleft sar:8/9 s:720x480 i:B iskey:0 type:? checksum:A182FC20 plane_checksum:[B42775C0 E952F8E9 28E08D68] mean:[142 149 114] stdev:[51.8 16.4 12.2]
[Parsed_showinfo_1 @ 0xc49008d80] [info] color_range:unknown color_space:unknown color_primaries:unknown color_trc:unknown
[Parsed_showinfo_1 @ 0xc49008d80] [info] n:  26 pts:     26 pts_time:0.86755 duration:      1 duration_time:0.0333673 fmt:yuv411p cl:topleft sar:8/9 s:720x480 i:B iskey:0 type:? checksum:3FAACD89 plane_checksum:[DCE15340 AAC5E715 104C9325] mean:[141 149 114] stdev:[51.7 16.2 12.2]
[Parsed_showinfo_1 @ 0xc49008d80] [info] color_range:unknown color_space:unknown color_primaries:unknown color_trc:unknown
[Parsed_showinfo_1 @ 0xc49008d80] [info] n:  27 pts:     27 pts_time:0.900917 duration:      1 duration_time:0.0333673 fmt:yuv411p cl:topleft sar:8/9 s:720x480 i:B iskey:0 type:? checksum:8C45F984 plane_checksum:[85962186 6D0C00CA BAC8D734] mean:[141 149 114] stdev:[51.8 16.3 12.2]
[Parsed_showinfo_1 @ 0xc49008d80] [info] color_range:unknown color_space:unknown color_primaries:unknown color_trc:unknown
[Parsed_showinfo_1 @ 0xc49008d80] [info] n:  28 pts:     28 pts_time:0.934284 duration:      1 duration_time:0.0333673 fmt:yuv411p cl:topleft sar:8/9 s:720x480 i:B iskey:0 type:? checksum:C8AF212F plane_checksum:[BDC17BF4 DB52C699 9E37DE84] mean:[141 148 114] stdev:[51.9 16.6 12.2]
[Parsed_showinfo_1 @ 0xc49008d80] [info] color_range:unknown color_space:unknown color_primaries:unknown color_trc:unknown
[Parsed_showinfo_1 @ 0xc49008d80] [info] n:  29 pts:     29 pts_time:0.967652 duration:      1 duration_time:0.0333673 fmt:yuv411p cl:topleft sar:8/9 s:720x480 i:B iskey:0 type:? checksum:95DC7CCE plane_checksum:[BB54C008 1BACB9FF EC9402B8] mean:[140 148 115] stdev:[51.9 16.6 12.2]
[Parsed_showinfo_1 @ 0xc49008d80] [info] color_range:unknown color_space:unknown color_primaries:unknown color_trc:unknown
[Parsed_showinfo_1 @ 0xc49008d80] [info] n:  30 pts:     30 pts_time:1.001019 duration:      1 duration_time:0.0333673 fmt:yuv411p cl:topleft sar:8/9 s:720x480 i:B iskey:0 type:? checksum:C1D57CD8 plane_checksum:[9967ABE6 07ABDB16 AFF4F5BE] mean:[140 149 114] stdev:[52.0 16.8 12.3]
[Parsed_showinfo_1 @ 0xc49008d80] [info] color_range:unknown color_space:unknown color_primaries:unknown color_trc:unknown
[Parsed_showinfo_1 @ 0xc49008d80] [info] n:  31 pts:     31 pts_time:1.034386 duration:      1 duration_time:0.0333673 fmt:yuv411p cl:topleft sar:8/9 s:720x480 i:B iskey:0 type:? checksum:095ED624 plane_checksum:[E5A0DA87 391AE279 2B8D1915] mean:[140 149 115] stdev:[52.0 16.7 12.4]
[Parsed_showinfo_1 @ 0xc49008d80] [info] color_range:unknown color_space:unknown color_primaries:unknown color_trc:unknown
[Parsed_showinfo_1 @ 0xc49008d80] [info] n:  32 pts:     32 pts_time:1.067754 duration:      1 duration_time:0.0333673 fmt:yuv411p cl:topleft sar:8/9 s:720x480 i:B iskey:0 type:? checksum:DBDB945E plane_checksum:[3DC51A9B 8C15807F E84EF935] mean:[139 148 114] stdev:[51.8 16.7 12.4]
[Parsed_showinfo_1 @ 0xc49008d80] [info] color_range:unknown color_space:unknown color_primaries:unknown color_trc:unknown
[Parsed_showinfo_1 @ 0xc49008d80] [info] n:  33 pts:     33 pts_time:1.101121 duration:      1 duration_time:0.0333673 fmt:yuv411p cl:topleft sar:8/9 s:720x480 i:B iskey:0 type:? checksum:75F7E859 plane_checksum:[1459187F 9640A1B2 7BF22E28] mean:[140 148 115] stdev:[51.8 16.5 12.4]
[Parsed_showinfo_1 @ 0xc49008d80] [info] color_range:unknown color_space:unknown color_primaries:unknown color_trc:unknown
[Parsed_showinfo_1 @ 0xc49008d80] [info] n:  34 pts:     34 pts_time:1.134488 duration:      1 duration_time:0.0333673 fmt:yuv411p cl:topleft sar:8/9 s:720x480 i:B iskey:0 type:? checksum:B7CF4C17 plane_checksum:[429E4D94 2A01CDC6 A30230AE] mean:[140 148 115] stdev:[51.6 16.9 12.4]
[Parsed_showinfo_1 @ 0xc49008d80] [info] color_range:unknown color_space:unknown color_primaries:unknown color_trc:unknown
[Parsed_showinfo_1 @ 0xc49008d80] [info] n:  35 pts:     35 pts_time:1.167856 duration:      1 duration_time:0.0333673 fmt:yuv411p cl:topleft sar:8/9 s:720x480 i:B iskey:0 type:? checksum:CC4C8BA5 plane_checksum:[EEC1293C 3D0C19F9 45FF4870] mean:[141 149 115] stdev:[51.5 17.1 12.5]
[Parsed_showinfo_1 @ 0xc49008d80] [info] color_range:unknown color_space:unknown color_primaries:unknown color_trc:unknown
[Parsed_showinfo_1 @ 0xc49008d80] [info] n:  36 pts:     36 pts_time:1.201223 duration:      1 duration_time:0.0333673 fmt:yuv411p cl:topleft sar:8/9 s:720x480 i:B iskey:0 type:? checksum:CED116CC plane_checksum:[EF7EC1BB AF79EFFA 8D1C64F9] mean:[141 149 115] stdev:[51.2 17.0 12.5]
[Parsed_showinfo_1 @ 0xc49008d80] [info] color_range:unknown color_space:unknown color_primaries:unknown color_trc:unknown
[Parsed_showinfo_1 @ 0xc49008d80] [info] n:  37 pts:     37 pts_time:1.23459 duration:      1 duration_time:0.0333673 fmt:yuv411p cl:topleft sar:8/9 s:720x480 i:B iskey:0 type:? checksum:D3D538B9 plane_checksum:[AA1A388D 30ACB04D 522F4FD0] mean:[141 148 115] stdev:[51.0 17.3 12.5]
[Parsed_showinfo_1 @ 0xc49008d80] [info] color_range:unknown color_space:unknown color_primaries:unknown color_trc:unknown
[Parsed_showinfo_1 @ 0xc49008d80] [info] n:  38 pts:     38 pts_time:1.267957 duration:      1 duration_time:0.0333673 fmt:yuv411p cl:topleft sar:8/9 s:720x480 i:B iskey:0 type:? checksum:80F4025D plane_checksum:[290D3089 67A59484 B58B3D41] mean:[141 148 115] stdev:[50.7 17.4 12.5]
[Parsed_showinfo_1 @ 0xc49008d80] [info] color_range:unknown color_space:unknown color_primaries:unknown color_trc:unknown
[Parsed_showinfo_1 @ 0xc49008d80] [info] n:  39 pts:     39 pts_time:1.301325 duration:      1 duration_time:0.0333673 fmt:yuv411p cl:topleft sar:8/9 s:720x480 i:B iskey:0 type:? checksum:DADFAEB5 plane_checksum:[3FF1A032 01C2814D 00D98D27] mean:[142 148 115] stdev:[50.7 17.6 12.4]
[Parsed_showinfo_1 @ 0xc49008d80] [info] color_range:unknown color_space:unknown color_primaries:unknown color_trc:unknown
[Parsed_showinfo_1 @ 0xc49008d80] [info] n:  40 pts:     40 pts_time:1.334692 duration:      1 duration_time:0.0333673 fmt:yuv411p cl:topleft sar:8/9 s:720x480 i:B iskey:0 type:? checksum:CBE134A9 plane_checksum:[A0FC20D1 7A75981C E0727BAD] mean:[142 148 115] stdev:[50.6 17.7 12.4]
[Parsed_showinfo_1 @ 0xc49008d80] [info] color_range:unknown color_space:unknown color_primaries:unknown color_trc:unknown
[Parsed_showinfo_1 @ 0xc49008d80] [info] n:  41 pts:     41 pts_time:1.368059 duration:      1 duration_time:0.0333673 fmt:yuv411p cl:topleft sar:8/9 s:720x480 i:B iskey:0 type:? checksum:69584DE6 plane_checksum:[2BC81C05 1221694A 765CC888] mean:[142 148 115] stdev:[50.5 17.6 12.2]
[Parsed_showinfo_1 @ 0xc49008d80] [info] color_range:unknown color_space:unknown color_primaries:unknown color_trc:unknown
[Parsed_showinfo_1 @ 0xc49008d80] [info] n:  42 pts:     42 pts_time:1.401427 duration:      1 duration_time:0.0333673 fmt:yuv411p cl:topleft sar:8/9 s:720x480 i:B iskey:0 type:? checksum:7021BD10 plane_checksum:[A0F4A8C1 68E80A67 D70D09E8] mean:[142 148 115] stdev:[50.6 17.6 12.1]
[Parsed_showinfo_1 @ 0xc49008d80] [info] color_range:unknown color_space:unknown color_primaries:unknown color_trc:unknown
[Parsed_showinfo_1 @ 0xc49008d80] [info] n:  43 pts:     43 pts_time:1.434794 duration:      1 duration_time:0.0333673 fmt:yuv411p cl:topleft sar:8/9 s:720x480 i:B iskey:0 type:? checksum:A080D250 plane_checksum:[03061B5F AD8E9EFD 63D317F4] mean:[142 148 115] stdev:[50.7 17.7 12.0]
[Parsed_showinfo_1 @ 0xc49008d80] [info] color_range:unknown color_space:unknown color_primaries:unknown color_trc:unknown
[Parsed_showinfo_1 @ 0xc49008d80] [info] n:  44 pts:     44 pts_time:1.468161 duration:      1 duration_time:0.0333673 fmt:yuv411p cl:topleft sar:8/9 s:720x480 i:B iskey:0 type:? checksum:7BC483DE plane_checksum:[383CD643 37869992 6E3813FA] mean:[142 148 115] stdev:[50.6 17.6 12.1]
[Parsed_showinfo_1 @ 0xc49008d80] [info] color_range:unknown color_space:unknown color_primaries:unknown color_trc:unknown
[Parsed_showinfo_1 @ 0xc49008d80] [info] n:  45 pts:     45 pts_time:1.501529 duration:      1 duration_time:0.0333673 fmt:yuv411p cl:topleft sar:8/9 s:720x480 i:B iskey:0 type:? checksum:38ED56FB plane_checksum:[3E144EE7 39BAC69E D5104167] mean:[142 148 115] stdev:[50.6 17.7 12.2]
[Parsed_showinfo_1 @ 0xc49008d80] [info] color_range:unknown color_space:unknown color_primaries:unknown color_trc:unknown
[Parsed_showinfo_1 @ 0xc49008d80] [info] n:  46 pts:     46 pts_time:1.534896 duration:      1 duration_time:0.0333673 fmt:yuv411p cl:topleft sar:8/9 s:720x480 i:B iskey:0 type:? checksum:4DD26EB8 plane_checksum:[EA04403E 4752D532 D0FD5939] mean:[142 148 116] stdev:[50.5 17.8 12.4]
[Parsed_showinfo_1 @ 0xc49008d80] [info] color_range:unknown color_space:unknown color_primaries:unknown color_trc:unknown
[Parsed_showinfo_1 @ 0xc49008d80] [info] n:  47 pts:     47 pts_time:1.568263 duration:      1 duration_time:0.0333673 fmt:yuv411p cl:topleft sar:8/9 s:720x480 i:B iskey:0 type:? checksum:F9E9E421 plane_checksum:[DD669CEF 6F34E8F1 86EE5E32] mean:[143 148 116] stdev:[50.5 17.8 12.6]
[Parsed_showinfo_1 @ 0xc49008d80] [info] color_range:unknown color_space:unknown color_primaries:unknown color_trc:unknown
[Parsed_showinfo_1 @ 0xc49008d80] [info] n:  48 pts:     48 pts_time:1.60163 duration:      1 duration_time:0.0333673 fmt:yuv411p cl:topleft sar:8/9 s:720x480 i:B iskey:0 type:? checksum:07192885 plane_checksum:[240B1516 A35FAE64 AC0364FC] mean:[143 148 116] stdev:[50.5 17.7 12.5]
[Parsed_showinfo_1 @ 0xc49008d80] [info] color_range:unknown color_space:unknown color_primaries:unknown color_trc:unknown
[Parsed_showinfo_1 @ 0xc49008d80] [info] n:  49 pts:     49 pts_time:1.634998 duration:      1 duration_time:0.0333673 fmt:yuv411p cl:topleft sar:8/9 s:720x480 i:B iskey:0 type:? checksum:5FFAC365 plane_checksum:[25D5463F D794010D B2487C19] mean:[144 148 116] stdev:[50.6 17.9 12.5]
[Parsed_showinfo_1 @ 0xc49008d80] [info] color_range:unknown color_space:unknown color_primaries:unknown color_trc:unknown
[Parsed_showinfo_1 @ 0xc49008d80] [info] n:  50 pts:     50 pts_time:1.668365 duration:      1 duration_time:0.0333673 fmt:yuv411p cl:topleft sar:8/9 s:720x480 i:B iskey:0 type:? checksum:35EC114B plane_checksum:[ED8FA8D7 971D3AD4 AB3E2D91] mean:[144 148 115] stdev:[50.7 17.9 12.6]
[Parsed_showinfo_1 @ 0xc49008d80] [info] color_range:unknown color_space:unknown color_primaries:unknown color_trc:unknown
[Parsed_showinfo_1 @ 0xc49008d80] [info] n:  51 pts:     51 pts_time:1.701732 duration:      1 duration_time:0.0333673 fmt:yuv411p cl:topleft sar:8/9 s:720x480 i:B iskey:0 type:? checksum:D3CE1194 plane_checksum:[9E7C7547 C93E4892 012353AC] mean:[144 148 116] stdev:[50.9 17.8 12.3]
[Parsed_showinfo_1 @ 0xc49008d80] [info] color_range:unknown color_space:unknown color_primaries:unknown color_trc:unknown
[Parsed_showinfo_1 @ 0xc49008d80] [info] n:  52 pts:     52 pts_time:1.7351  duration:      1 duration_time:0.0333673 fmt:yuv411p cl:topleft sar:8/9 s:720x480 i:B iskey:0 type:? checksum:FA84AE55 plane_checksum:[C1100F4B C02C3756 33B667B4] mean:[144 148 116] stdev:[51.0 17.4 12.2]
[Parsed_showinfo_1 @ 0xc49008d80] [info] color_range:unknown color_space:unknown color_primaries:unknown color_trc:unknown
[Parsed_showinfo_1 @ 0xc49008d80] [info] n:  53 pts:     53 pts_time:1.768467 duration:      1 duration_time:0.0333673 fmt:yuv411p cl:topleft sar:8/9 s:720x480 i:B iskey:0 type:? checksum:6A039FCA plane_checksum:[61E9167F 235F0B57 7AF47DF4] mean:[144 148 116] stdev:[51.2 17.5 12.1]
[Parsed_showinfo_1 @ 0xc49008d80] [info] color_range:unknown color_space:unknown color_primaries:unknown color_trc:unknown
[Parsed_showinfo_1 @ 0xc49008d80] [info] n:  54 pts:     54 pts_time:1.801834 duration:      1 duration_time:0.0333673 fmt:yuv411p cl:topleft sar:8/9 s:720x480 i:B iskey:0 type:? checksum:9E6A3B01 plane_checksum:[B869B2ED 11B7322D 130755D8] mean:[143 148 116] stdev:[51.3 17.4 12.0]
[Parsed_showinfo_1 @ 0xc49008d80] [info] color_range:unknown color_space:unknown color_primaries:unknown color_trc:unknown
[Parsed_showinfo_1 @ 0xc49008d80] [info] n:  55 pts:     55 pts_time:1.835202 duration:      1 duration_time:0.0333673 fmt:yuv411p cl:topleft sar:8/9 s:720x480 i:B iskey:0 type:? checksum:E6DD7F67 plane_checksum:[60910526 D29143BC 20413685] mean:[143 148 115] stdev:[51.4 17.4 12.2]
[Parsed_showinfo_1 @ 0xc49008d80] [info] color_range:unknown color_space:unknown color_primaries:unknown color_trc:unknown
[Parsed_showinfo_1 @ 0xc49008d80] [info] n:  56 pts:     56 pts_time:1.868569 duration:      1 duration_time:0.0333673 fmt:yuv411p cl:topleft sar:8/9 s:720x480 i:B iskey:0 type:? checksum:96253314 plane_checksum:[C64CA388 53E6625D 69822D20] mean:[143 148 115] stdev:[51.5 17.5 12.3]
[Parsed_showinfo_1 @ 0xc49008d80] [info] color_range:unknown color_space:unknown color_primaries:unknown color_trc:unknown
[Parsed_showinfo_1 @ 0xc49008d80] [info] n:  57 pts:     57 pts_time:1.901936 duration:      1 duration_time:0.0333673 fmt:yuv411p cl:topleft sar:8/9 s:720x480 i:B iskey:0 type:? checksum:7A348A53 plane_checksum:[6EDD22C1 5E6214D0 976052C2] mean:[143 148 116] stdev:[51.5 17.3 12.2]
[Parsed_showinfo_1 @ 0xc49008d80] [info] color_range:unknown color_space:unknown color_primaries:unknown color_trc:unknown
[Parsed_showinfo_1 @ 0xc49008d80] [info] n:  58 pts:     58 pts_time:1.935303 duration:      1 duration_time:0.0333673 fmt:yuv411p cl:topleft sar:8/9 s:720x480 i:B iskey:0 type:? checksum:1397BD22 plane_checksum:[5DA2B106 3135ECDB 52341F32] mean:[143 148 115] stdev:[51.4 17.2 12.3]
[Parsed_showinfo_1 @ 0xc49008d80] [info] color_range:unknown color_space:unknown color_primaries:unknown color_trc:unknown
[Parsed_showinfo_1 @ 0xc49008d80] [info] n:  59 pts:     59 pts_time:1.968671 duration:      1 duration_time:0.0333673 fmt:yuv411p cl:topleft sar:8/9 s:720x480 i:B iskey:0 type:? checksum:9F89866E plane_checksum:[26CE5B4B 3002F4C5 CB23364F] mean:[143 148 115] stdev:[51.4 17.2 12.3]
[Parsed_showinfo_1 @ 0xc49008d80] [info] color_range:unknown color_space:unknown color_primaries:unknown color_trc:unknown
[Parsed_showinfo_1 @ 0xc49008d80] [info] n:  60 pts:     60 pts_time:2.002038 duration:      1 duration_time:0.0333673 fmt:yuv411p cl:topleft sar:8/9 s:720x480 i:B iskey:0 type:? checksum:4AFF8AC2 plane_checksum:[19CBF292 49B57591 B6742290] mean:[143 147 115] stdev:[51.5 17.2 12.3]
[Parsed_showinfo_1 @ 0xc49008d80] [info] color_range:unknown color_space:unknown color_primaries:unknown color_trc:unknown
[Parsed_showinfo_1 @ 0xc49008d80] [info] n:  61 pts:     61 pts_time:2.035405 duration:      1 duration_time:0.0333673 fmt:yuv411p cl:topleft sar:8/9 s:720x480 i:B iskey:0 type:? checksum:C93EF3E9 plane_checksum:[1F75FC20 DDA5CC83 F4532B37] mean:[142 148 115] stdev:[51.5 17.2 12.4]
[Parsed_showinfo_1 @ 0xc49008d80] [info] color_range:unknown color_space:unknown color_primaries:unknown color_trc:unknown
[Parsed_showinfo_1 @ 0xc49008d80] [info] n:  62 pts:     62 pts_time:2.068773 duration:      1 duration_time:0.0333673 fmt:yuv411p cl:topleft sar:8/9 s:720x480 i:B iskey:0 type:? checksum:D7FA4DD0 plane_checksum:[F03A027F 3E25F883 81C552BF] mean:[142 148 116] stdev:[51.3 17.3 12.3]
[Parsed_showinfo_1 @ 0xc49008d80] [info] color_range:unknown color_space:unknown color_primaries:unknown color_trc:unknown
[Parsed_showinfo_1 @ 0xc49008d80] [info] n:  63 pts:     63 pts_time:2.10214 duration:      1 duration_time:0.0333673 fmt:yuv411p cl:topleft sar:8/9 s:720x480 i:B iskey:0 type:? checksum:7B71E1EB plane_checksum:[3B372D9A 5433136B C167A0E6] mean:[142 148 116] stdev:[51.2 17.4 12.3]
[Parsed_showinfo_1 @ 0xc49008d80] [info] color_range:unknown color_space:unknown color_primaries:unknown color_trc:unknown
[Parsed_showinfo_1 @ 0xc49008d80] [info] n:  64 pts:     64 pts_time:2.135507 duration:      1 duration_time:0.0333673 fmt:yuv411p cl:topleft sar:8/9 s:720x480 i:B iskey:0 type:? checksum:A720A903 plane_checksum:[7F4DDDFF D77CF0F3 AAADD9F3] mean:[143 148 116] stdev:[51.2 17.4 12.1]
[Parsed_showinfo_1 @ 0xc49008d80] [info] color_range:unknown color_space:unknown color_primaries:unknown color_trc:unknown
[Parsed_showinfo_1 @ 0xc49008d80] [info] n:  65 pts:     65 pts_time:2.168875 duration:      1 duration_time:0.0333673 fmt:yuv411p cl:topleft sar:8/9 s:720x480 i:B iskey:0 type:? checksum:CB5FDAC3 plane_checksum:[26B6D72D A0771155 368AF232] mean:[143 148 116] stdev:[51.1 17.3 12.1]
[Parsed_showinfo_1 @ 0xc49008d80] [info] color_range:unknown color_space:unknown color_primaries:unknown color_trc:unknown
[Parsed_showinfo_1 @ 0xc49008d80] [info] n:  66 pts:     66 pts_time:2.202242 duration:      1 duration_time:0.0333673 fmt:yuv411p cl:topleft sar:8/9 s:720x480 i:B iskey:0 type:? checksum:A2D01090 plane_checksum:[D468312F CF59EAA5 CF82F49E] mean:[143 148 116] stdev:[50.8 17.2 12.0]
[Parsed_showinfo_1 @ 0xc49008d80] [info] color_range:unknown color_space:unknown color_primaries:unknown color_trc:unknown
[Parsed_showinfo_1 @ 0xc49008d80] [info] n:  67 pts:     67 pts_time:2.235609 duration:      1 duration_time:0.0333673 fmt:yuv411p cl:topleft sar:8/9 s:720x480 i:B iskey:0 type:? checksum:5982DCC1 plane_checksum:[06B3636F A2FE696C 9DF30FE6] mean:[143 147 116] stdev:[50.7 17.2 12.0]
[Parsed_showinfo_1 @ 0xc49008d80] [info] color_range:unknown color_space:unknown color_primaries:unknown color_trc:unknown
[Parsed_showinfo_1 @ 0xc49008d80] [info] n:  68 pts:     68 pts_time:2.268976 duration:      1 duration_time:0.0333673 fmt:yuv411p cl:topleft sar:8/9 s:720x480 i:B iskey:0 type:? checksum:69D93104 plane_checksum:[D60EBF30 48984CAF 8C7C2516] mean:[144 147 116] stdev:[50.7 17.2 12.1]
[Parsed_showinfo_1 @ 0xc49008d80] [info] color_range:unknown color_space:unknown color_primaries:unknown color_trc:unknown
[Parsed_showinfo_1 @ 0xc49008d80] [info] n:  69 pts:     69 pts_time:2.302344 duration:      1 duration_time:0.0333673 fmt:yuv411p cl:topleft sar:8/9 s:720x480 i:B iskey:0 type:? checksum:9538DD47 plane_checksum:[C757EF31 CBDCECA4 59D60163] mean:[144 147 116] stdev:[50.7 17.3 12.1]
[Parsed_showinfo_1 @ 0xc49008d80] [info] color_range:unknown color_space:unknown color_primaries:unknown color_trc:unknown
[Parsed_showinfo_1 @ 0xc49008d80] [info] n:  70 pts:     70 pts_time:2.335711 duration:      1 duration_time:0.0333673 fmt:yuv411p cl:topleft sar:8/9 s:720x480 i:B iskey:0 type:? checksum:1B20E419 plane_checksum:[2C3F3917 6EB1B761 7BF2F392] mean:[143 147 116] stdev:[50.7 17.3 12.1]
[Parsed_showinfo_1 @ 0xc49008d80] [info] color_range:unknown color_space:unknown color_primaries:unknown color_trc:unknown
[Parsed_showinfo_1 @ 0xc49008d80] [info] n:  71 pts:     71 pts_time:2.369078 duration:      1 duration_time:0.0333673 fmt:yuv411p cl:topleft sar:8/9 s:720x480 i:B iskey:0 type:? checksum:8B616AAC plane_checksum:[BDFEE82F 4D247BAA 84FA06C4] mean:[143 147 116] stdev:[50.6 17.2 12.2]
[Parsed_showinfo_1 @ 0xc49008d80] [info] color_range:unknown color_space:unknown color_primaries:unknown color_trc:unknown
[Parsed_showinfo_1 @ 0xc49008d80] [info] n:  72 pts:     72 pts_time:2.402446 duration:      1 duration_time:0.0333673 fmt:yuv411p cl:topleft sar:8/9 s:720x480 i:B iskey:0 type:? checksum:0E6719EC plane_checksum:[36DABDE0 16063FBA 26931C43] mean:[142 147 116] stdev:[50.6 17.4 12.0]
[Parsed_showinfo_1 @ 0xc49008d80] [info] color_range:unknown color_space:unknown color_primaries:unknown color_trc:unknown
[Parsed_showinfo_1 @ 0xc49008d80] [info] n:  73 pts:     73 pts_time:2.435813 duration:      1 duration_time:0.0333673 fmt:yuv411p cl:topleft sar:8/9 s:720x480 i:B iskey:0 type:? checksum:0724C8A7 plane_checksum:[5FF50620 074E4152 A67C8135] mean:[142 147 116] stdev:[50.7 17.5 12.1]
[Parsed_showinfo_1 @ 0xc49008d80] [info] color_range:unknown color_space:unknown color_primaries:unknown color_trc:unknown
[Parsed_showinfo_1 @ 0xc49008d80] [info] n:  74 pts:     74 pts_time:2.46918 duration:      1 duration_time:0.0333673 fmt:yuv411p cl:topleft sar:8/9 s:720x480 i:B iskey:0 type:? checksum:56720246 plane_checksum:[E1CC92EB 6684E82F D1E8870E] mean:[142 146 116] stdev:[50.6 17.6 12.0]
[Parsed_showinfo_1 @ 0xc49008d80] [info] color_range:unknown color_space:unknown color_primaries:unknown color_trc:unknown
[Parsed_showinfo_1 @ 0xc49008d80] [info] n:  75 pts:     75 pts_time:2.502548 duration:      1 duration_time:0.0333673 fmt:yuv411p cl:topleft sar:8/9 s:720x480 i:B iskey:0 type:? checksum:CD41F5FC plane_checksum:[7C73A12D 8BB3BE27 1A4D9699] mean:[142 146 116] stdev:[50.6 17.4 12.1]
[Parsed_showinfo_1 @ 0xc49008d80] [info] color_range:unknown color_space:unknown color_primaries:unknown color_trc:unknown
[Parsed_showinfo_1 @ 0xc49008d80] [info] n:  76 pts:     76 pts_time:2.535915 duration:      1 duration_time:0.0333673 fmt:yuv411p cl:topleft sar:8/9 s:720x480 i:B iskey:0 type:? checksum:2F72580A plane_checksum:[37401768 1380B8DD 6AA387B6] mean:[142 146 116] stdev:[50.6 17.5 12.1]
[Parsed_showinfo_1 @ 0xc49008d80] [info] color_range:unknown color_space:unknown color_primaries:unknown color_trc:unknown
[Parsed_showinfo_1 @ 0xc49008d80] [info] n:  77 pts:     77 pts_time:2.569282 duration:      1 duration_time:0.0333673 fmt:yuv411p cl:topleft sar:8/9 s:720x480 i:B iskey:0 type:? checksum:CFF18845 plane_checksum:[3314CF90 9A0C187A 8481A02C] mean:[142 146 117] stdev:[50.6 17.5 12.2]
[Parsed_showinfo_1 @ 0xc49008d80] [info] color_range:unknown color_space:unknown color_primaries:unknown color_trc:unknown
[Parsed_showinfo_1 @ 0xc49008d80] [info] n:  78 pts:     78 pts_time:2.602649 duration:      1 duration_time:0.0333673 fmt:yuv411p cl:topleft sar:8/9 s:720x480 i:B iskey:0 type:? checksum:B4C2D9CB plane_checksum:[C0263D66 4F0BF0BD 7153AB99] mean:[141 146 117] stdev:[50.5 17.6 12.3]
[Parsed_showinfo_1 @ 0xc49008d80] [info] color_range:unknown color_space:unknown color_primaries:unknown color_trc:unknown
[Parsed_showinfo_1 @ 0xc49008d80] [info] n:  79 pts:     79 pts_time:2.636017 duration:      1 duration_time:0.0333673 fmt:yuv411p cl:topleft sar:8/9 s:720x480 i:B iskey:0 type:? checksum:FC15710C plane_checksum:[B4B4D720 99DC0231 4A5497AC] mean:[141 146 116] stdev:[50.5 17.6 12.2]
[Parsed_showinfo_1 @ 0xc49008d80] [info] color_range:unknown color_space:unknown color_primaries:unknown color_trc:unknown
[Parsed_showinfo_1 @ 0xc49008d80] [info] n:  80 pts:     80 pts_time:2.669384 duration:      1 duration_time:0.0333673 fmt:yuv411p cl:topleft sar:8/9 s:720x480 i:B iskey:0 type:? checksum:04612BBA plane_checksum:[DBBCA00F 1B561D36 D1866E66] mean:[141 146 116] stdev:[50.5 17.8 12.3]
[Parsed_showinfo_1 @ 0xc49008d80] [info] color_range:unknown color_space:unknown color_primaries:unknown color_trc:unknown
[Parsed_showinfo_1 @ 0xc49008d80] [info] n:  81 pts:     81 pts_time:2.702751 duration:      1 duration_time:0.0333673 fmt:yuv411p cl:topleft sar:8/9 s:720x480 i:B iskey:0 type:? checksum:F8E5EE93 plane_checksum:[E0945B88 939E299E C37B696D] mean:[141 146 116] stdev:[50.5 17.7 12.5]
[Parsed_showinfo_1 @ 0xc49008d80] [info] color_range:unknown color_space:unknown color_primaries:unknown color_trc:unknown
[Parsed_showinfo_1 @ 0xc49008d80] [info] n:  82 pts:     82 pts_time:2.736119 duration:      1 duration_time:0.0333673 fmt:yuv411p cl:topleft sar:8/9 s:720x480 i:B iskey:0 type:? checksum:67993211 plane_checksum:[3126D27E 2954F8E7 864A668E] mean:[140 146 116] stdev:[50.3 17.7 12.5]
[Parsed_showinfo_1 @ 0xc49008d80] [info] color_range:unknown color_space:unknown color_primaries:unknown color_trc:unknown
[Parsed_showinfo_1 @ 0xc49008d80] [info] n:  83 pts:     83 pts_time:2.769486 duration:      1 duration_time:0.0333673 fmt:yuv411p cl:topleft sar:8/9 s:720x480 i:B iskey:0 type:? checksum:C036936E plane_checksum:[3ED55903 9588D787 1FEF62D5] mean:[141 146 116] stdev:[50.4 17.8 12.6]
[Parsed_showinfo_1 @ 0xc49008d80] [info] color_range:unknown color_space:unknown color_primaries:unknown color_trc:unknown
[Parsed_showinfo_1 @ 0xc49008d80] [info] n:  84 pts:     84 pts_time:2.802853 duration:      1 duration_time:0.0333673 fmt:yuv411p cl:topleft sar:8/9 s:720x480 i:B iskey:0 type:? checksum:3584CB0D plane_checksum:[A3C52ECC 23BA1F53 F6907CEE] mean:[141 146 116] stdev:[50.3 17.8 12.4]
[Parsed_showinfo_1 @ 0xc49008d80] [info] color_range:unknown color_space:unknown color_primaries:unknown color_trc:unknown
[Parsed_showinfo_1 @ 0xc49008d80] [info] n:  85 pts:     85 pts_time:2.836221 duration:      1 duration_time:0.0333673 fmt:yuv411p cl:topleft sar:8/9 s:720x480 i:B iskey:0 type:? checksum:BD8EAB25 plane_checksum:[7341CCD7 82394651 034897EE] mean:[141 147 116] stdev:[50.4 17.8 12.3]
[Parsed_showinfo_1 @ 0xc49008d80] [info] color_range:unknown color_space:unknown color_primaries:unknown color_trc:unknown
[Parsed_showinfo_1 @ 0xc49008d80] [info] n:  86 pts:     86 pts_time:2.869588 duration:      1 duration_time:0.0333673 fmt:yuv411p cl:topleft sar:8/9 s:720x480 i:B iskey:0 type:? checksum:B241B02D plane_checksum:[ABE1D293 FF185630 F31B875B] mean:[141 147 116] stdev:[50.3 17.7 12.3]
[Parsed_showinfo_1 @ 0xc49008d80] [info] color_range:unknown color_space:unknown color_primaries:unknown color_trc:unknown
[Parsed_showinfo_1 @ 0xc49008d80] [info] n:  87 pts:     87 pts_time:2.902955 duration:      1 duration_time:0.0333673 fmt:yuv411p cl:topleft sar:8/9 s:720x480 i:B iskey:0 type:? checksum:F4555619 plane_checksum:[B7A8CF55 33651FDB 31A766DA] mean:[142 146 116] stdev:[50.4 17.6 12.2]
[Parsed_showinfo_1 @ 0xc49008d80] [info] color_range:unknown color_space:unknown color_primaries:unknown color_trc:unknown
[Parsed_showinfo_1 @ 0xc49008d80] [info] n:  88 pts:     88 pts_time:2.936322 duration:      1 duration_time:0.0333673 fmt:yuv411p cl:topleft sar:8/9 s:720x480 i:B iskey:0 type:? checksum:24CCD907 plane_checksum:[D1817CEF 4F21161B 3AFF45FD] mean:[142 146 116] stdev:[50.5 17.6 12.2]
[Parsed_showinfo_1 @ 0xc49008d80] [info] color_range:unknown color_space:unknown color_primaries:unknown color_trc:unknown
[Parsed_showinfo_1 @ 0xc49008d80] [info] n:  89 pts:     89 pts_time:2.96969 duration:      1 duration_time:0.0333673 fmt:yuv411p cl:topleft sar:8/9 s:720x480 i:B iskey:0 type:? checksum:7749F409 plane_checksum:[B1D69AE6 A7EC0660 AD9552C3] mean:[142 146 116] stdev:[50.6 17.6 12.1]
[Parsed_showinfo_1 @ 0xc49008d80] [info] color_range:unknown color_space:unknown color_primaries:unknown color_trc:unknown
[Parsed_showinfo_1 @ 0xc49008d80] [info] n:  90 pts:     90 pts_time:3.003057 duration:      1 duration_time:0.0333673 fmt:yuv411p cl:topleft sar:8/9 s:720x480 i:B iskey:0 type:? checksum:E8717758 plane_checksum:[40FAFDF2 0A57FA3F E4BA7F09] mean:[142 146 116] stdev:[50.9 17.5 12.1]
[Parsed_showinfo_1 @ 0xc49008d80] [info] color_range:unknown color_space:unknown color_primaries:unknown color_trc:unknown
[Parsed_showinfo_1 @ 0xc49008d80] [info] n:  91 pts:     91 pts_time:3.036424 duration:      1 duration_time:0.0333673 fmt:yuv411p cl:topleft sar:8/9 s:720x480 i:B iskey:0 type:? checksum:072E766D plane_checksum:[C855DEA4 BA7829C6 ED566DF4] mean:[142 146 116] stdev:[51.0 17.6 12.2]
[Parsed_showinfo_1 @ 0xc49008d80] [info] color_range:unknown color_space:unknown color_primaries:unknown color_trc:unknown
[Parsed_showinfo_1 @ 0xc49008d80] [info] n:  92 pts:     92 pts_time:3.069792 duration:      1 duration_time:0.0333673 fmt:yuv411p cl:topleft sar:8/9 s:720x480 i:B iskey:0 type:? checksum:26764763 plane_checksum:[F7C0A947 1B5A3329 34446AE4] mean:[142 147 116] stdev:[51.1 17.4 12.3]
[Parsed_showinfo_1 @ 0xc49008d80] [info] color_range:unknown color_space:unknown color_primaries:unknown color_trc:unknown
[Parsed_showinfo_1 @ 0xc49008d80] [info] n:  93 pts:     93 pts_time:3.103159 duration:      1 duration_time:0.0333673 fmt:yuv411p cl:topleft sar:8/9 s:720x480 i:B iskey:0 type:? checksum:81D4EBA8 plane_checksum:[C3792E13 16DB42D1 BCA07AC4] mean:[142 147 116] stdev:[51.0 17.4 12.2]
[Parsed_showinfo_1 @ 0xc49008d80] [info] color_range:unknown color_space:unknown color_primaries:unknown color_trc:unknown
[Parsed_showinfo_1 @ 0xc49008d80] [info] n:  94 pts:     94 pts_time:3.136526 duration:      1 duration_time:0.0333673 fmt:yuv411p cl:topleft sar:8/9 s:720x480 i:B iskey:0 type:? checksum:CCC9173A plane_checksum:[C430922A 5D2D2117 F61B63EA] mean:[142 146 116] stdev:[51.1 17.4 12.2]
[Parsed_showinfo_1 @ 0xc49008d80] [info] color_range:unknown color_space:unknown color_primaries:unknown color_trc:unknown
[Parsed_showinfo_1 @ 0xc49008d80] [info] n:  95 pts:     95 pts_time:3.169894 duration:      1 duration_time:0.0333673 fmt:yuv411p cl:topleft sar:8/9 s:720x480 i:B iskey:0 type:? checksum:4A802CEA plane_checksum:[C27889A1 CF514113 5D616227] mean:[142 147 116] stdev:[51.2 17.5 12.1]
[Parsed_showinfo_1 @ 0xc49008d80] [info] color_range:unknown color_space:unknown color_primaries:unknown color_trc:unknown
[Parsed_showinfo_1 @ 0xc49008d80] [info] n:  96 pts:     96 pts_time:3.203261 duration:      1 duration_time:0.0333673 fmt:yuv411p cl:topleft sar:8/9 s:720x480 i:B iskey:0 type:? checksum:DEBE5322 plane_checksum:[07397D7F 5A30443F E74D9155] mean:[142 147 116] stdev:[51.0 17.4 12.1]
[Parsed_showinfo_1 @ 0xc49008d80] [info] color_range:unknown color_space:unknown color_primaries:unknown color_trc:unknown
[Parsed_showinfo_1 @ 0xc49008d80] [info] n:  97 pts:     97 pts_time:3.236628 duration:      1 duration_time:0.0333673 fmt:yuv411p cl:topleft sar:8/9 s:720x480 i:B iskey:0 type:? checksum:879548DB plane_checksum:[7A75665C C617148F C47BCDE1] mean:[142 146 117] stdev:[51.0 17.3 12.0]
[Parsed_showinfo_1 @ 0xc49008d80] [info] color_range:unknown color_space:unknown color_primaries:unknown color_trc:unknown
[Parsed_showinfo_1 @ 0xc49008d80] [info] n:  98 pts:     98 pts_time:3.269995 duration:      1 duration_time:0.0333673 fmt:yuv411p cl:topleft sar:8/9 s:720x480 i:B iskey:0 type:? checksum:0E51BB36 plane_checksum:[0027DA41 CDE61371 2913CD75] mean:[142 146 117] stdev:[51.1 17.4 12.0]
[Parsed_showinfo_1 @ 0xc49008d80] [info] color_range:unknown color_space:unknown color_primaries:unknown color_trc:unknown
[Parsed_showinfo_1 @ 0xc49008d80] [info] n:  99 pts:     99 pts_time:3.303363 duration:      1 duration_time:0.0333673 fmt:yuv411p cl:topleft sar:8/9 s:720x480 i:B iskey:0 type:? checksum:FCEBDB30 plane_checksum:[2D62285D CBD6E01B A69CD2A9] mean:[142 146 117] stdev:[51.2 17.4 12.0]
[Parsed_showinfo_1 @ 0xc49008d80] [info] color_range:unknown color_space:unknown color_primaries:unknown color_trc:unknown
[Parsed_showinfo_1 @ 0xc49008d80] [info] n: 100 pts:    100 pts_time:3.33673 duration:      1 duration_time:0.0333673 fmt:yuv411p cl:topleft sar:8/9 s:720x480 i:B iskey:0 type:? checksum:4B902124 plane_checksum:[0B53D310 DC8D9825 0D25B5D1] mean:[142 146 117] stdev:[51.0 17.3 12.0]
[Parsed_showinfo_1 @ 0xc49008d80] [info] color_range:unknown color_space:unknown color_primaries:unknown color_trc:unknown
[Parsed_showinfo_1 @ 0xc49008d80] [info] n: 101 pts:    101 pts_time:3.370097 duration:      1 duration_time:0.0333673 fmt:yuv411p cl:topleft sar:8/9 s:720x480 i:B iskey:0 type:? checksum:A95A1C3E plane_checksum:[F82E04A1 44F56015 1610B779] mean:[142 146 117] stdev:[51.0 17.4 12.1]
[Parsed_showinfo_1 @ 0xc49008d80] [info] color_range:unknown color_space:unknown color_primaries:unknown color_trc:unknown
[Parsed_showinfo_1 @ 0xc49008d80] [info] n: 102 pts:    102 pts_time:3.403465 duration:      1 duration_time:0.0333673 fmt:yuv411p cl:topleft sar:8/9 s:720x480 i:B iskey:0 type:? checksum:8E1255FE plane_checksum:[B80D5477 A3732ADA A978D69E] mean:[142 146 117] stdev:[50.6 17.2 12.1]
[Parsed_showinfo_1 @ 0xc49008d80] [info] color_range:unknown color_space:unknown color_primaries:unknown color_trc:unknown
[Parsed_showinfo_1 @ 0xc49008d80] [info] n: 103 pts:    103 pts_time:3.436832 duration:      1 duration_time:0.0333673 fmt:yuv411p cl:topleft sar:8/9 s:720x480 i:B iskey:0 type:? checksum:51B6E51A plane_checksum:[2606DD18 E2A32076 C375E77D] mean:[142 146 117] stdev:[50.5 17.2 12.1]
[Parsed_showinfo_1 @ 0xc49008d80] [info] color_range:unknown color_space:unknown color_primaries:unknown color_trc:unknown
[Parsed_showinfo_1 @ 0xc49008d80] [info] n: 104 pts:    104 pts_time:3.470199 duration:      1 duration_time:0.0333673 fmt:yuv411p cl:topleft sar:8/9 s:720x480 i:B iskey:0 type:? checksum:8ACCC398 plane_checksum:[0A86019D C34AEAB3 674BD739] mean:[142 146 117] stdev:[50.4 17.2 12.2]
[Parsed_showinfo_1 @ 0xc49008d80] [info] color_range:unknown color_space:unknown color_primaries:unknown color_trc:unknown
[Parsed_showinfo_1 @ 0xc49008d80] [info] n: 105 pts:    105 pts_time:3.503567 duration:      1 duration_time:0.0333673 fmt:yuv411p cl:topleft sar:8/9 s:720x480 i:B iskey:0 type:? checksum:9664FA50 plane_checksum:[F74362D7 21CEDB7A 05FABBF0] mean:[142 145 117] stdev:[50.5 17.2 12.2]
[Parsed_showinfo_1 @ 0xc49008d80] [info] color_range:unknown color_space:unknown color_primaries:unknown color_trc:unknown
[Parsed_showinfo_1 @ 0xc49008d80] [info] n: 106 pts:    106 pts_time:3.536934 duration:      1 duration_time:0.0333673 fmt:yuv411p cl:topleft sar:8/9 s:720x480 i:B iskey:0 type:? checksum:9EEA2202 plane_checksum:[2951BAFC 8471AC3A D268BAAE] mean:[142 145 117] stdev:[50.6 17.5 12.3]
[Parsed_showinfo_1 @ 0xc49008d80] [info] color_range:unknown color_space:unknown color_primaries:unknown color_trc:unknown
[Parsed_showinfo_1 @ 0xc49008d80] [info] n: 107 pts:    107 pts_time:3.570301 duration:      1 duration_time:0.0333673 fmt:yuv411p cl:topleft sar:8/9 s:720x480 i:B iskey:0 type:? checksum:1D4C27B5 plane_checksum:[2D786CB3 6887EABC C514D028] mean:[142 146 117] stdev:[50.7 17.5 12.2]
[Parsed_showinfo_1 @ 0xc49008d80] [info] color_range:unknown color_space:unknown color_primaries:unknown color_trc:unknown
[Parsed_showinfo_1 @ 0xc49008d80] [info] n: 108 pts:    108 pts_time:3.603668 duration:      1 duration_time:0.0333673 fmt:yuv411p cl:topleft sar:8/9 s:720x480 i:B iskey:0 type:? checksum:998F2131 plane_checksum:[E28FEB9E 48690ECA F7FF26BA] mean:[142 146 117] stdev:[50.9 17.7 12.2]
[Parsed_showinfo_1 @ 0xc49008d80] [info] color_range:unknown color_space:unknown color_primaries:unknown color_trc:unknown
[Parsed_showinfo_1 @ 0xc49008d80] [info] n: 109 pts:    109 pts_time:3.637036 duration:      1 duration_time:0.0333673 fmt:yuv411p cl:topleft sar:8/9 s:720x480 i:B iskey:0 type:? checksum:2F736F03 plane_checksum:[C0DA725A 6298E13A B4371B60] mean:[142 146 117] stdev:[50.8 17.6 12.1]
[Parsed_showinfo_1 @ 0xc49008d80] [info] color_range:unknown color_space:unknown color_primaries:unknown color_trc:unknown
[Parsed_showinfo_1 @ 0xc49008d80] [info] n: 110 pts:    110 pts_time:3.670403 duration:      1 duration_time:0.0333673 fmt:yuv411p cl:topleft sar:8/9 s:720x480 i:B iskey:0 type:? checksum:301D57B8 plane_checksum:[25BA9C7E 5452AE0E 656F0D1D] mean:[142 145 117] stdev:[50.8 17.6 12.1]
[Parsed_showinfo_1 @ 0xc49008d80] [info] color_range:unknown color_space:unknown color_primaries:unknown color_trc:unknown
[Parsed_showinfo_1 @ 0xc49008d80] [info] n: 111 pts:    111 pts_time:3.70377 duration:      1 duration_time:0.0333673 fmt:yuv411p cl:topleft sar:8/9 s:720x480 i:B iskey:0 type:? checksum:74B3639B plane_checksum:[0767B31F 90505057 8A546016] mean:[141 145 117] stdev:[50.8 17.5 12.0]
[Parsed_showinfo_1 @ 0xc49008d80] [info] color_range:unknown color_space:unknown color_primaries:unknown color_trc:unknown
[Parsed_showinfo_1 @ 0xc49008d80] [info] n: 112 pts:    112 pts_time:3.737138 duration:      1 duration_time:0.0333673 fmt:yuv411p cl:topleft sar:8/9 s:720x480 i:B iskey:0 type:? checksum:ECD09884 plane_checksum:[DA4E3015 CC90F84E 74507012] mean:[141 145 117] stdev:[50.8 17.4 12.1]
[Parsed_showinfo_1 @ 0xc49008d80] [info] color_range:unknown color_space:unknown color_primaries:unknown color_trc:unknown
[Parsed_showinfo_1 @ 0xc49008d80] [info] n: 113 pts:    113 pts_time:3.770505 duration:      1 duration_time:0.0333673 fmt:yuv411p cl:topleft sar:8/9 s:720x480 i:B iskey:0 type:? checksum:BE2D5280 plane_checksum:[A28240A0 1685A34B 2A2A6E86] mean:[141 145 117] stdev:[50.9 17.4 12.2]
[Parsed_showinfo_1 @ 0xc49008d80] [info] color_range:unknown color_space:unknown color_primaries:unknown color_trc:unknown
[Parsed_showinfo_1 @ 0xc49008d80] [info] n: 114 pts:    114 pts_time:3.803872 duration:      1 duration_time:0.0333673 fmt:yuv411p cl:topleft sar:8/9 s:720x480 i:B iskey:0 type:? checksum:A77283D3 plane_checksum:[E7440142 0A3EDFE2 BEBCA2A0] mean:[140 145 117] stdev:[50.8 17.6 12.1]
[Parsed_showinfo_1 @ 0xc49008d80] [info] color_range:unknown color_space:unknown color_primaries:unknown color_trc:unknown
[Parsed_showinfo_1 @ 0xc49008d80] [info] n: 115 pts:    115 pts_time:3.83724 duration:      1 duration_time:0.0333673 fmt:yuv411p cl:topleft sar:8/9 s:720x480 i:B iskey:0 type:? checksum:576E4C5B plane_checksum:[A45BDF00 4906B9CC 271EB371] mean:[141 145 117] stdev:[51.0 17.7 12.0]
[Parsed_showinfo_1 @ 0xc49008d80] [info] color_range:unknown color_space:unknown color_primaries:unknown color_trc:unknown
[Parsed_showinfo_1 @ 0xc49008d80] [info] n: 116 pts:    116 pts_time:3.870607 duration:      1 duration_time:0.0333673 fmt:yuv411p cl:topleft sar:8/9 s:720x480 i:B iskey:0 type:? checksum:D88C4517 plane_checksum:[B3BB06D1 1267A880 2CD695B7] mean:[140 145 117] stdev:[51.0 17.7 12.1]
[Parsed_showinfo_1 @ 0xc49008d80] [info] color_range:unknown color_space:unknown color_primaries:unknown color_trc:unknown
[Parsed_showinfo_1 @ 0xc49008d80] [info] n: 117 pts:    117 pts_time:3.903974 duration:      1 duration_time:0.0333673 fmt:yuv411p cl:topleft sar:8/9 s:720x480 i:B iskey:0 type:? checksum:53E44AA3 plane_checksum:[BF96F1EC B529C656 84979243] mean:[140 145 117] stdev:[51.1 17.5 12.2]
[Parsed_showinfo_1 @ 0xc49008d80] [info] color_range:unknown color_space:unknown color_primaries:unknown color_trc:unknown
[Parsed_showinfo_1 @ 0xc49008d80] [info] n: 118 pts:    118 pts_time:3.937341 duration:      1 duration_time:0.0333673 fmt:yuv411p cl:topleft sar:8/9 s:720x480 i:B iskey:0 type:? checksum:9DC157DA plane_checksum:[226A4E39 D037C2D7 C92B46BB] mean:[140 145 117] stdev:[51.2 17.5 12.4]
[Parsed_showinfo_1 @ 0xc49008d80] [info] color_range:unknown color_space:unknown color_primaries:unknown color_trc:unknown
[Parsed_showinfo_1 @ 0xc49008d80] [info] n: 119 pts:    119 pts_time:3.970709 duration:      1 duration_time:0.0333673 fmt:yuv411p cl:topleft sar:8/9 s:720x480 i:B iskey:0 type:? checksum:333B769A plane_checksum:[A66D513C A3B2BD8C 702E67C3] mean:[141 145 117] stdev:[51.3 17.5 12.3]
[Parsed_showinfo_1 @ 0xc49008d80] [info] color_range:unknown color_space:unknown color_primaries:unknown color_trc:unknown
[Parsed_showinfo_1 @ 0xc49008d80] [info] n: 120 pts:    120 pts_time:4.004076 duration:      1 duration_time:0.0333673 fmt:yuv411p cl:topleft sar:8/9 s:720x480 i:B iskey:0 type:? checksum:1DBFD21A plane_checksum:[36502540 BC276241 60A74A99] mean:[141 144 117] stdev:[51.4 17.4 12.2]
[Parsed_showinfo_1 @ 0xc49008d80] [info] color_range:unknown color_space:unknown color_primaries:unknown color_trc:unknown
[Parsed_showinfo_1 @ 0xc49008d80] [info] n: 121 pts:    121 pts_time:4.037443 duration:      1 duration_time:0.0333673 fmt:yuv411p cl:topleft sar:8/9 s:720x480 i:B iskey:0 type:? checksum:6D54467E plane_checksum:[65348D1D 96925F89 ACE359C9] mean:[141 144 117] stdev:[51.5 17.4 12.3]
[Parsed_showinfo_1 @ 0xc49008d80] [info] color_range:unknown color_space:unknown color_primaries:unknown color_trc:unknown
[Parsed_showinfo_1 @ 0xc49008d80] [info] n: 122 pts:    122 pts_time:4.070811 duration:      1 duration_time:0.0333673 fmt:yuv411p cl:topleft sar:8/9 s:720x480 i:B iskey:0 type:? checksum:9A4297AF plane_checksum:[76470399 45424952 A0164AC4] mean:[141 144 117] stdev:[51.7 17.3 12.3]
[Parsed_showinfo_1 @ 0xc49008d80] [info] color_range:unknown color_space:unknown color_primaries:unknown color_trc:unknown
[Parsed_showinfo_1 @ 0xc49008d80] [info] n: 123 pts:    123 pts_time:4.104178 duration:      1 duration_time:0.0333673 fmt:yuv411p cl:topleft sar:8/9 s:720x480 i:B iskey:0 type:? checksum:964C96DB plane_checksum:[4D97E237 F06C3A10 C9B57A85] mean:[141 144 117] stdev:[51.8 17.1 12.4]
[Parsed_showinfo_1 @ 0xc49008d80] [info] color_range:unknown color_space:unknown color_primaries:unknown color_trc:unknown
[Parsed_showinfo_1 @ 0xc49008d80] [info] n: 124 pts:    124 pts_time:4.137545 duration:      1 duration_time:0.0333673 fmt:yuv411p cl:topleft sar:8/9 s:720x480 i:B iskey:0 type:? checksum:90D00CE2 plane_checksum:[593D98FB B4F91C3D 739D579B] mean:[141 144 117] stdev:[51.8 17.0 12.4]
[Parsed_showinfo_1 @ 0xc49008d80] [info] color_range:unknown color_space:unknown color_primaries:unknown color_trc:unknown
[Parsed_showinfo_1 @ 0xc49008d80] [info] n: 125 pts:    125 pts_time:4.170913 duration:      1 duration_time:0.0333673 fmt:yuv411p cl:topleft sar:8/9 s:720x480 i:B iskey:0 type:? checksum:F99B6DC7 plane_checksum:[34A5EBDA F84B455B B8053C83] mean:[141 144 117] stdev:[51.8 17.1 12.2]
[Parsed_showinfo_1 @ 0xc49008d80] [info] color_range:unknown color_space:unknown color_primaries:unknown color_trc:unknown
[Parsed_showinfo_1 @ 0xc49008d80] [info] n: 126 pts:    126 pts_time:4.20428 duration:      1 duration_time:0.0333673 fmt:yuv411p cl:topleft sar:8/9 s:720x480 i:B iskey:0 type:? checksum:4185FDF3 plane_checksum:[4807346C 4E7F66F5 D9256292] mean:[141 144 117] stdev:[51.7 17.1 12.2]
[Parsed_showinfo_1 @ 0xc49008d80] [info] color_range:unknown color_space:unknown color_primaries:unknown color_trc:unknown
[Parsed_showinfo_1 @ 0xc49008d80] [info] n: 127 pts:    127 pts_time:4.237647 duration:      1 duration_time:0.0333673 fmt:yuv411p cl:topleft sar:8/9 s:720x480 i:B iskey:0 type:? checksum:8D911021 plane_checksum:[F6676AFA CB5A3555 67576FC3] mean:[141 144 117] stdev:[51.6 17.1 12.2]
[Parsed_showinfo_1 @ 0xc49008d80] [info] color_range:unknown color_space:unknown color_primaries:unknown color_trc:unknown
[Parsed_showinfo_1 @ 0xc49008d80] [info] n: 128 pts:    128 pts_time:4.271014 duration:      1 duration_time:0.0333673 fmt:yuv411p cl:topleft sar:8/9 s:720x480 i:B iskey:0 type:? checksum:E9087FA5 plane_checksum:[A068E8E1 D29A0719 34708F9C] mean:[141 144 117] stdev:[51.6 17.1 12.2]
[Parsed_showinfo_1 @ 0xc49008d80] [info] color_range:unknown color_space:unknown color_primaries:unknown color_trc:unknown
[Parsed_showinfo_1 @ 0xc49008d80] [info] n: 129 pts:    129 pts_time:4.304382 duration:      1 duration_time:0.0333673 fmt:yuv411p cl:topleft sar:8/9 s:720x480 i:B iskey:0 type:? checksum:F8AD88A4 plane_checksum:[36EA95C0 10593FF9 9676B2DC] mean:[141 144 117] stdev:[51.7 17.2 12.1]
[Parsed_showinfo_1 @ 0xc49008d80] [info] color_range:unknown color_space:unknown color_primaries:unknown color_trc:unknown
[Parsed_showinfo_1 @ 0xc49008d80] [info] n: 130 pts:    130 pts_time:4.337749 duration:      1 duration_time:0.0333673 fmt:yuv411p cl:topleft sar:8/9 s:720x480 i:B iskey:0 type:? checksum:0DA142BE plane_checksum:[E7D55E1D 69752B2B 33CAB967] mean:[140 144 117] stdev:[51.7 17.4 12.3]
[Parsed_showinfo_1 @ 0xc49008d80] [info] color_range:unknown color_space:unknown color_primaries:unknown color_trc:unknown
[Parsed_showinfo_1 @ 0xc49008d80] [info] n: 131 pts:    131 pts_time:4.371116 duration:      1 duration_time:0.0333673 fmt:yuv411p cl:topleft sar:8/9 s:720x480 i:B iskey:0 type:? checksum:971C3FC2 plane_checksum:[4AF51F0B 5BC22AFC 9713F5AC] mean:[140 144 118] stdev:[51.9 17.3 12.2]
[Parsed_showinfo_1 @ 0xc49008d80] [info] color_range:unknown color_space:unknown color_primaries:unknown color_trc:unknown
[Parsed_showinfo_1 @ 0xc49008d80] [info] n: 132 pts:    132 pts_time:4.404484 duration:      1 duration_time:0.0333673 fmt:yuv411p cl:topleft sar:8/9 s:720x480 i:B iskey:0 type:? checksum:00198C40 plane_checksum:[66F18904 654E058B 4D55FDA2] mean:[140 144 118] stdev:[51.8 17.4 12.2]
[Parsed_showinfo_1 @ 0xc49008d80] [info] color_range:unknown color_space:unknown color_primaries:unknown color_trc:unknown
[Parsed_showinfo_1 @ 0xc49008d80] [info] n: 133 pts:    133 pts_time:4.437851 duration:      1 duration_time:0.0333673 fmt:yuv411p cl:topleft sar:8/9 s:720x480 i:B iskey:0 type:? checksum:CFBFE786 plane_checksum:[9708F026 E9BAF9C0 14ADFD82] mean:[139 144 118] stdev:[51.6 17.5 12.1]
[Parsed_showinfo_1 @ 0xc49008d80] [info] color_range:unknown color_space:unknown color_primaries:unknown color_trc:unknown
[Parsed_showinfo_1 @ 0xc49008d80] [info] n: 134 pts:    134 pts_time:4.471218 duration:      1 duration_time:0.0333673 fmt:yuv411p cl:topleft sar:8/9 s:720x480 i:B iskey:0 type:? checksum:C499B800 plane_checksum:[FF42E3F1 7450EBD3 BF89E81E] mean:[140 144 117] stdev:[51.7 17.5 12.1]
[Parsed_showinfo_1 @ 0xc49008d80] [info] color_range:unknown color_space:unknown color_primaries:unknown color_trc:unknown
[Parsed_showinfo_1 @ 0xc49008d80] [info] n: 135 pts:    135 pts_time:4.504586 duration:      1 duration_time:0.0333673 fmt:yuv411p cl:topleft sar:8/9 s:720x480 i:B iskey:0 type:? checksum:71C52A63 plane_checksum:[B34E4BFE 049C11D8 9C9ECC7E] mean:[140 144 117] stdev:[51.7 17.4 12.2]
[Parsed_showinfo_1 @ 0xc49008d80] [info] color_range:unknown color_space:unknown color_primaries:unknown color_trc:unknown
[Parsed_showinfo_1 @ 0xc49008d80] [info] n: 136 pts:    136 pts_time:4.537953 duration:      1 duration_time:0.0333673 fmt:yuv411p cl:topleft sar:8/9 s:720x480 i:B iskey:0 type:? checksum:EF325BA0 plane_checksum:[3F59B1CA DC4EDB77 64B5CE41] mean:[140 144 117] stdev:[51.5 17.5 12.2]
[Parsed_showinfo_1 @ 0xc49008d80] [info] color_range:unknown color_space:unknown color_primaries:unknown color_trc:unknown
[Parsed_showinfo_1 @ 0xc49008d80] [info] n: 137 pts:    137 pts_time:4.57132 duration:      1 duration_time:0.0333673 fmt:yuv411p cl:topleft sar:8/9 s:720x480 i:B iskey:0 type:? checksum:88D55529 plane_checksum:[DE27A71A CE41D973 9230D47E] mean:[140 144 117] stdev:[51.4 17.5 12.1]
[Parsed_showinfo_1 @ 0xc49008d80] [info] color_range:unknown color_space:unknown color_primaries:unknown color_trc:unknown
[Parsed_showinfo_1 @ 0xc49008d80] [info] n: 138 pts:    138 pts_time:4.604687 duration:      1 duration_time:0.0333673 fmt:yuv411p cl:topleft sar:8/9 s:720x480 i:B iskey:0 type:? checksum:22D0278F plane_checksum:[21C16644 C5A4DFC9 59CAE164] mean:[140 144 117] stdev:[51.4 17.4 12.0]
[Parsed_showinfo_1 @ 0xc49008d80] [info] color_range:unknown color_space:unknown color_primaries:unknown color_trc:unknown
[Parsed_showinfo_1 @ 0xc49008d80] [info] n: 139 pts:    139 pts_time:4.638055 duration:      1 duration_time:0.0333673 fmt:yuv411p cl:topleft sar:8/9 s:720x480 i:B iskey:0 type:? checksum:A006C678 plane_checksum:[B8343874 0A3AA9EF 9081E406] mean:[140 144 117] stdev:[51.3 17.5 12.0]
[Parsed_showinfo_1 @ 0xc49008d80] [info] color_range:unknown color_space:unknown color_primaries:unknown color_trc:unknown
[Parsed_showinfo_1 @ 0xc49008d80] [info] n: 140 pts:    140 pts_time:4.671422 duration:      1 duration_time:0.0333673 fmt:yuv411p cl:topleft sar:8/9 s:720x480 i:B iskey:0 type:? checksum:4C64B7D6 plane_checksum:[C1C22623 6266AA36 A2B5E76E] mean:[140 144 117] stdev:[51.2 17.4 12.1]
[Parsed_showinfo_1 @ 0xc49008d80] [info] color_range:unknown color_space:unknown color_primaries:unknown color_trc:unknown
[Parsed_showinfo_1 @ 0xc49008d80] [info] n: 141 pts:    141 pts_time:4.704789 duration:      1 duration_time:0.0333673 fmt:yuv411p cl:topleft sar:8/9 s:720x480 i:B iskey:0 type:? checksum:9AA52B25 plane_checksum:[04649267 9F869CAF F055FBF1] mean:[141 144 118] stdev:[51.1 17.6 12.1]
[Parsed_showinfo_1 @ 0xc49008d80] [info] color_range:unknown color_space:unknown color_primaries:unknown color_trc:unknown
[Parsed_showinfo_1 @ 0xc49008d80] [info] n: 142 pts:    142 pts_time:4.738157 duration:      1 duration_time:0.0333673 fmt:yuv411p cl:topleft sar:8/9 s:720x480 i:B iskey:0 type:? checksum:AB8D93B6 plane_checksum:[E82E2BBF 7DA3AF79 51C0B86F] mean:[141 144 117] stdev:[51.1 17.5 12.0]
[Parsed_showinfo_1 @ 0xc49008d80] [info] color_range:unknown color_space:unknown color_primaries:unknown color_trc:unknown
[Parsed_showinfo_1 @ 0xc49008d80] [info] n: 143 pts:    143 pts_time:4.771524 duration:      1 duration_time:0.0333673 fmt:yuv411p cl:topleft sar:8/9 s:720x480 i:B iskey:0 type:? checksum:AF325852 plane_checksum:[EDBF53A5 FF15638C 034DA112] mean:[141 144 117] stdev:[50.9 17.6 12.1]
[Parsed_showinfo_1 @ 0xc49008d80] [info] color_range:unknown color_space:unknown color_primaries:unknown color_trc:unknown
[Parsed_showinfo_1 @ 0xc49008d80] [info] n: 144 pts:    144 pts_time:4.804891 duration:      1 duration_time:0.0333673 fmt:yuv411p cl:topleft sar:8/9 s:720x480 i:B iskey:0 type:? checksum:2D5E7FBB plane_checksum:[0E37677A 7F46638A D46BB4A8] mean:[141 144 117] stdev:[50.8 17.8 12.2]
[Parsed_showinfo_1 @ 0xc49008d80] [info] color_range:unknown color_space:unknown color_primaries:unknown color_trc:unknown
[Parsed_showinfo_1 @ 0xc49008d80] [info] n: 145 pts:    145 pts_time:4.838259 duration:      1 duration_time:0.0333673 fmt:yuv411p cl:topleft sar:8/9 s:720x480 i:B iskey:0 type:? checksum:0258FE9E plane_checksum:[9DADE593 8AC4623D C43AB6BF] mean:[141 144 117] stdev:[50.7 17.8 12.1]
[Parsed_showinfo_1 @ 0xc49008d80] [info] color_range:unknown color_space:unknown color_primaries:unknown color_trc:unknown
[Parsed_showinfo_1 @ 0xc49008d80] [info] n: 146 pts:    146 pts_time:4.871626 duration:      1 duration_time:0.0333673 fmt:yuv411p cl:topleft sar:8/9 s:720x480 i:B iskey:0 type:? checksum:ADAE3286 plane_checksum:[F46486F3 3D80A61A CBAB056A] mean:[141 144 118] stdev:[50.7 17.9 12.1]
[Parsed_showinfo_1 @ 0xc49008d80] [info] color_range:unknown color_space:unknown color_primaries:unknown color_trc:unknown
[Parsed_showinfo_1 @ 0xc49008d80] [info] n: 147 pts:    147 pts_time:4.904993 duration:      1 duration_time:0.0333673 fmt:yuv411p cl:topleft sar:8/9 s:720x480 i:B iskey:0 type:? checksum:5BF9F020 plane_checksum:[F658385F F919C4C9 0783F2E9] mean:[141 144 118] stdev:[50.6 18.2 12.1]
[Parsed_showinfo_1 @ 0xc49008d80] [info] color_range:unknown color_space:unknown color_primaries:unknown color_trc:unknown
[Parsed_showinfo_1 @ 0xc49008d80] [info] n: 148 pts:    148 pts_time:4.93836 duration:      1 duration_time:0.0333673 fmt:yuv411p cl:topleft sar:8/9 s:720x480 i:B iskey:0 type:? checksum:A94A202D plane_checksum:[55BAD74A 738C7B80 B259CD45] mean:[141 144 117] stdev:[50.5 18.0 12.1]
[Parsed_showinfo_1 @ 0xc49008d80] [info] color_range:unknown color_space:unknown color_primaries:unknown color_trc:unknown
[Parsed_showinfo_1 @ 0xc49008d80] [info] n: 149 pts:    149 pts_time:4.971728 duration:      1 duration_time:0.0333673 fmt:yuv411p cl:topleft sar:8/9 s:720x480 i:B iskey:0 type:? checksum:1FD39ECA plane_checksum:[19156570 AFED5CC6 25DEDC85] mean:[141 144 117] stdev:[50.5 18.0 12.1]
[Parsed_showinfo_1 @ 0xc49008d80] [info] color_range:unknown color_space:unknown color_primaries:unknown color_trc:unknown
[Parsed_showinfo_1 @ 0xc49008d80] [info] n: 150 pts:    150 pts_time:5.005095 duration:      1 duration_time:0.0333673 fmt:yuv411p cl:topleft sar:8/9 s:720x480 i:B iskey:0 type:? checksum:B83E1679 plane_checksum:[EAF2ED95 2DDF6384 D33DC542] mean:[141 144 117] stdev:[50.3 18.1 12.2]
[Parsed_showinfo_1 @ 0xc49008d80] [info] color_range:unknown color_space:unknown color_primaries:unknown color_trc:unknown
[Parsed_showinfo_1 @ 0xc49008d80] [info] n: 151 pts:    151 pts_time:5.038462 duration:      1 duration_time:0.0333673 fmt:yuv411p cl:topleft sar:8/9 s:720x480 i:B iskey:0 type:? checksum:4D4C9EC1 plane_checksum:[0AA45EBB 30B564D5 C370DB22] mean:[141 144 117] stdev:[50.2 18.3 12.1]
[Parsed_showinfo_1 @ 0xc49008d80] [info] color_range:unknown color_space:unknown color_primaries:unknown color_trc:unknown
[Parsed_showinfo_1 @ 0xc49008d80] [info] n: 152 pts:    152 pts_time:5.07183 duration:      1 duration_time:0.0333673 fmt:yuv411p cl:topleft sar:8/9 s:720x480 i:B iskey:0 type:? checksum:6A2EB251 plane_checksum:[546C2FE9 426D825C B477000C] mean:[141 144 118] stdev:[50.1 18.3 12.0]
[Parsed_showinfo_1 @ 0xc49008d80] [info] color_range:unknown color_space:unknown color_primaries:unknown color_trc:unknown
[Parsed_showinfo_1 @ 0xc49008d80] [info] n: 153 pts:    153 pts_time:5.105197 duration:      1 duration_time:0.0333673 fmt:yuv411p cl:topleft sar:8/9 s:720x480 i:B iskey:0 type:? checksum:BA4D4176 plane_checksum:[B14F6478 2BDB9DD6 1B9D3F19] mean:[142 144 118] stdev:[49.9 18.3 11.9]
[Parsed_showinfo_1 @ 0xc49008d80] [info] color_range:unknown color_space:unknown color_primaries:unknown color_trc:unknown
[Parsed_showinfo_1 @ 0xc49008d80] [info] n: 154 pts:    154 pts_time:5.138564 duration:      1 duration_time:0.0333673 fmt:yuv411p cl:topleft sar:8/9 s:720x480 i:B iskey:0 type:? checksum:DE9136E4 plane_checksum:[FDEC60B1 32227710 3F565F14] mean:[142 144 118] stdev:[49.7 18.4 11.8]
[Parsed_showinfo_1 @ 0xc49008d80] [info] color_range:unknown color_space:unknown color_primaries:unknown color_trc:unknown
[Parsed_showinfo_1 @ 0xc49008d80] [info] n: 155 pts:    155 pts_time:5.171932 duration:      1 duration_time:0.0333673 fmt:yuv411p cl:topleft sar:8/9 s:720x480 i:B iskey:0 type:? checksum:8526ABC1 plane_checksum:[055C0B3B 09545DF5 673A4291] mean:[142 144 118] stdev:[49.6 18.3 11.8]
[Parsed_showinfo_1 @ 0xc49008d80] [info] color_range:unknown color_space:unknown color_primaries:unknown color_trc:unknown
[Parsed_showinfo_1 @ 0xc49008d80] [info] n: 156 pts:    156 pts_time:5.205299 duration:      1 duration_time:0.0333673 fmt:yuv411p cl:topleft sar:8/9 s:720x480 i:B iskey:0 type:? checksum:25809A6A plane_checksum:[5DE38B6B BDF9F926 841115CA] mean:[142 143 118] stdev:[49.5 18.2 12.0]
[Parsed_showinfo_1 @ 0xc49008d80] [info] color_range:unknown color_space:unknown color_primaries:unknown color_trc:unknown
[Parsed_showinfo_1 @ 0xc49008d80] [info] n: 157 pts:    157 pts_time:5.238666 duration:      1 duration_time:0.0333673 fmt:yuv411p cl:topleft sar:8/9 s:720x480 i:B iskey:0 type:? checksum:49626FCC plane_checksum:[A67A209A 8B43777E 2753D7A5] mean:[144 143 117] stdev:[49.7 18.2 12.0]
[Parsed_showinfo_1 @ 0xc49008d80] [info] color_range:unknown color_space:unknown color_primaries:unknown color_trc:unknown
[Parsed_showinfo_1 @ 0xc49008d80] [info] n: 158 pts:    158 pts_time:5.272033 duration:      1 duration_time:0.0333673 fmt:yuv411p cl:topleft sar:8/9 s:720x480 i:B iskey:0 type:? checksum:0475145A plane_checksum:[C181CCFC C2627BF2 40B1CB4E] mean:[145 143 117] stdev:[49.7 18.3 12.1]
[Parsed_showinfo_1 @ 0xc49008d80] [info] color_range:unknown color_space:unknown color_primaries:unknown color_trc:unknown
[Parsed_showinfo_1 @ 0xc49008d80] [info] n: 159 pts:    159 pts_time:5.305401 duration:      1 duration_time:0.0333673 fmt:yuv411p cl:topleft sar:8/9 s:720x480 i:B iskey:0 type:? checksum:8598079F plane_checksum:[A992DF9F 6EDF5129 CED1D6B9] mean:[145 143 117] stdev:[49.7 18.3 12.2]
[Parsed_showinfo_1 @ 0xc49008d80] [info] color_range:unknown color_space:unknown color_primaries:unknown color_trc:unknown
[Parsed_showinfo_1 @ 0xc49008d80] [info] n: 160 pts:    160 pts_time:5.338768 duration:      1 duration_time:0.0333673 fmt:yuv411p cl:topleft sar:8/9 s:720x480 i:B iskey:0 type:? checksum:20B0E929 plane_checksum:[26FCEF4C 488636C8 6B06C306] mean:[145 143 117] stdev:[49.7 18.1 12.2]
[Parsed_showinfo_1 @ 0xc49008d80] [info] color_range:unknown color_space:unknown color_primaries:unknown color_trc:unknown
[Parsed_showinfo_1 @ 0xc49008d80] [info] n: 161 pts:    161 pts_time:5.372135 duration:      1 duration_time:0.0333673 fmt:yuv411p cl:topleft sar:8/9 s:720x480 i:B iskey:0 type:? checksum:E2D49ACB plane_checksum:[28039B5E BD7D2F49 BC30D015] mean:[146 143 117] stdev:[49.7 18.0 12.2]
[Parsed_showinfo_1 @ 0xc49008d80] [info] color_range:unknown color_space:unknown color_primaries:unknown color_trc:unknown
[Parsed_showinfo_1 @ 0xc49008d80] [info] n: 162 pts:    162 pts_time:5.405503 duration:      1 duration_time:0.0333673 fmt:yuv411p cl:topleft sar:8/9 s:720x480 i:B iskey:0 type:? checksum:E606AF5C plane_checksum:[6928EC8B A9F4FED0 DC15C3E3] mean:[146 143 117] stdev:[49.4 18.0 12.1]
[Parsed_showinfo_1 @ 0xc49008d80] [info] color_range:unknown color_space:unknown color_primaries:unknown color_trc:unknown
[Parsed_showinfo_1 @ 0xc49008d80] [info] n: 163 pts:    163 pts_time:5.43887 duration:      1 duration_time:0.0333673 fmt:yuv411p cl:topleft sar:8/9 s:720x480 i:B iskey:0 type:? checksum:17A040A1 plane_checksum:[C1722266 0B5D4847 D7CAD5E5] mean:[147 143 117] stdev:[49.1 18.2 12.0]
[Parsed_showinfo_1 @ 0xc49008d80] [info] color_range:unknown color_space:unknown color_primaries:unknown color_trc:unknown
[Parsed_showinfo_1 @ 0xc49008d80] [info] n: 164 pts:    164 pts_time:5.472237 duration:      1 duration_time:0.0333673 fmt:yuv411p cl:topleft sar:8/9 s:720x480 i:B iskey:0 type:? checksum:85D030A4 plane_checksum:[49A44175 CD3A2AA6 ADD2C47A] mean:[147 143 117] stdev:[48.9 18.3 12.0]
[Parsed_showinfo_1 @ 0xc49008d80] [info] color_range:unknown color_space:unknown color_primaries:unknown color_trc:unknown
[Parsed_showinfo_1 @ 0xc49008d80] [info] n: 165 pts:    165 pts_time:5.505605 duration:      1 duration_time:0.0333673 fmt:yuv411p cl:topleft sar:8/9 s:720x480 i:B iskey:0 type:? checksum:7AA7D4E5 plane_checksum:[6823C589 415A4E48 174BC105] mean:[148 143 117] stdev:[48.7 18.5 11.9]
[Parsed_showinfo_1 @ 0xc49008d80] [info] color_range:unknown color_space:unknown color_primaries:unknown color_trc:unknown
[Parsed_showinfo_1 @ 0xc49008d80] [info] n: 166 pts:    166 pts_time:5.538972 duration:      1 duration_time:0.0333673 fmt:yuv411p cl:topleft sar:8/9 s:720x480 i:B iskey:0 type:? checksum:67A296CA plane_checksum:[1C7D9F56 DD763C3F 562ABB26] mean:[148 143 117] stdev:[48.5 18.5 11.9]
[Parsed_showinfo_1 @ 0xc49008d80] [info] color_range:unknown color_space:unknown color_primaries:unknown color_trc:unknown
[Parsed_showinfo_1 @ 0xc49008d80] [info] n: 167 pts:    167 pts_time:5.572339 duration:      1 duration_time:0.0333673 fmt:yuv411p cl:topleft sar:8/9 s:720x480 i:B iskey:0 type:? checksum:2C25A6D4 plane_checksum:[75F46FE5 0FEB5F85 53D6D75B] mean:[148 143 117] stdev:[48.3 18.4 12.0]
[Parsed_showinfo_1 @ 0xc49008d80] [info] color_range:unknown color_space:unknown color_primaries:unknown color_trc:unknown
[Parsed_showinfo_1 @ 0xc49008d80] [info] n: 168 pts:    168 pts_time:5.605706 duration:      1 duration_time:0.0333673 fmt:yuv411p cl:topleft sar:8/9 s:720x480 i:B iskey:0 type:? checksum:6376D50D plane_checksum:[05617CE6 85D87296 7DBDE582] mean:[148 143 117] stdev:[48.1 18.4 12.0]
[Parsed_showinfo_1 @ 0xc49008d80] [info] color_range:unknown color_space:unknown color_primaries:unknown color_trc:unknown
[Parsed_showinfo_1 @ 0xc49008d80] [info] n: 169 pts:    169 pts_time:5.639074 duration:      1 duration_time:0.0333673 fmt:yuv411p cl:topleft sar:8/9 s:720x480 i:B iskey:0 type:? checksum:C399B202 plane_checksum:[6FE4D0F2 1A591DD7 98C4C32A] mean:[148 143 117] stdev:[48.1 18.5 11.9]
[Parsed_showinfo_1 @ 0xc49008d80] [info] color_range:unknown color_space:unknown color_primaries:unknown color_trc:unknown
[Parsed_showinfo_1 @ 0xc49008d80] [info] n: 170 pts:    170 pts_time:5.672441 duration:      1 duration_time:0.0333673 fmt:yuv411p cl:topleft sar:8/9 s:720x480 i:B iskey:0 type:? checksum:BC68FCCA plane_checksum:[075C8A23 E493BBD2 50B5B6C6] mean:[149 142 117] stdev:[48.1 18.4 12.0]
[Parsed_showinfo_1 @ 0xc49008d80] [info] color_range:unknown color_space:unknown color_primaries:unknown color_trc:unknown
[Parsed_showinfo_1 @ 0xc49008d80] [info] n: 171 pts:    171 pts_time:5.705808 duration:      1 duration_time:0.0333673 fmt:yuv411p cl:topleft sar:8/9 s:720x480 i:B iskey:0 type:? checksum:A227A9AB plane_checksum:[DCF50CB1 BCAEB706 D227E5E5] mean:[149 142 117] stdev:[48.1 18.4 12.1]
[Parsed_showinfo_1 @ 0xc49008d80] [info] color_range:unknown color_space:unknown color_primaries:unknown color_trc:unknown
[Parsed_showinfo_1 @ 0xc49008d80] [info] n: 172 pts:    172 pts_time:5.739176 duration:      1 duration_time:0.0333673 fmt:yuv411p cl:topleft sar:8/9 s:720x480 i:B iskey:0 type:? checksum:C8204D26 plane_checksum:[0C6A36EC 09583B0A B2E1DB21] mean:[149 142 117] stdev:[48.2 18.4 12.1]
[Parsed_showinfo_1 @ 0xc49008d80] [info] color_range:unknown color_space:unknown color_primaries:unknown color_trc:unknown
[Parsed_showinfo_1 @ 0xc49008d80] [info] n: 173 pts:    173 pts_time:5.772543 duration:      1 duration_time:0.0333673 fmt:yuv411p cl:topleft sar:8/9 s:720x480 i:B iskey:0 type:? checksum:43350F91 plane_checksum:[2C96E21B 62FE3616 6314F742] mean:[149 142 118] stdev:[48.3 18.5 11.9]
[Parsed_showinfo_1 @ 0xc49008d80] [info] color_range:unknown color_space:unknown color_primaries:unknown color_trc:unknown
[Parsed_showinfo_1 @ 0xc49008d80] [info] n: 174 pts:    174 pts_time:5.80591 duration:      1 duration_time:0.0333673 fmt:yuv411p cl:topleft sar:8/9 s:720x480 i:B iskey:0 type:? checksum:9A21EA4C plane_checksum:[40D1BF26 F0331DE6 A4DA0D40] mean:[149 142 118] stdev:[48.4 18.5 12.0]
[Parsed_showinfo_1 @ 0xc49008d80] [info] color_range:unknown color_space:unknown color_primaries:unknown color_trc:unknown
[Parsed_showinfo_1 @ 0xc49008d80] [info] n: 175 pts:    175 pts_time:5.839278 duration:      1 duration_time:0.0333673 fmt:yuv411p cl:topleft sar:8/9 s:720x480 i:B iskey:0 type:? checksum:62FB8388 plane_checksum:[EC177F9F 29D1D2A8 94913132] mean:[149 142 118] stdev:[48.4 18.5 12.0]
[Parsed_showinfo_1 @ 0xc49008d80] [info] color_range:unknown color_space:unknown color_primaries:unknown color_trc:unknown
[Parsed_showinfo_1 @ 0xc49008d80] [info] n: 176 pts:    176 pts_time:5.872645 duration:      1 duration_time:0.0333673 fmt:yuv411p cl:topleft sar:8/9 s:720x480 i:B iskey:0 type:? checksum:6DB8CFF7 plane_checksum:[BA44448B 92A548E6 2D464286] mean:[149 141 118] stdev:[48.5 18.4 11.8]
[Parsed_showinfo_1 @ 0xc49008d80] [info] color_range:unknown color_space:unknown color_primaries:unknown color_trc:unknown
[Parsed_showinfo_1 @ 0xc49008d80] [info] n: 177 pts:    177 pts_time:5.906012 duration:      1 duration_time:0.0333673 fmt:yuv411p cl:topleft sar:8/9 s:720x480 i:B iskey:0 type:? checksum:47AFF778 plane_checksum:[6BE57377 1A1311BC 6C1F7245] mean:[149 141 118] stdev:[48.4 18.4 11.8]
[Parsed_showinfo_1 @ 0xc49008d80] [info] color_range:unknown color_space:unknown color_primaries:unknown color_trc:unknown
[Parsed_showinfo_1 @ 0xc49008d80] [info] n: 178 pts:    178 pts_time:5.939379 duration:      1 duration_time:0.0333673 fmt:yuv411p cl:topleft sar:8/9 s:720x480 i:B iskey:0 type:? checksum:2809D7F1 plane_checksum:[6DCD7470 4F2EE5EA 5A127D88] mean:[149 141 118] stdev:[48.4 18.5 11.9]
[Parsed_showinfo_1 @ 0xc49008d80] [info] color_range:unknown color_space:unknown color_primaries:unknown color_trc:unknown
[Parsed_showinfo_1 @ 0xc49008d80] [info] n: 179 pts:    179 pts_time:5.972747 duration:      1 duration_time:0.0333673 fmt:yuv411p cl:topleft sar:8/9 s:720x480 i:B iskey:0 type:? checksum:3D36BA3F plane_checksum:[34779A69 D946AA50 D72B7577] mean:[149 141 118] stdev:[48.4 18.4 12.0]
[Parsed_showinfo_1 @ 0xc49008d80] [info] color_range:unknown color_space:unknown color_primaries:unknown color_trc:unknown
[Parsed_showinfo_1 @ 0xc49008d80] [info] n: 180 pts:    180 pts_time:6.006114 duration:      1 duration_time:0.0333673 fmt:yuv411p cl:topleft sar:8/9 s:720x480 i:B iskey:0 type:? checksum:8B020EFC plane_checksum:[E9992863 19CE72B4 161073D6] mean:[149 141 118] stdev:[48.4 18.2 12.0]
[Parsed_showinfo_1 @ 0xc49008d80] [info] color_range:unknown color_space:unknown color_primaries:unknown color_trc:unknown
[Parsed_showinfo_1 @ 0xc49008d80] [info] n: 181 pts:    181 pts_time:6.039481 duration:      1 duration_time:0.0333673 fmt:yuv411p cl:topleft sar:8/9 s:720x480 i:B iskey:0 type:? checksum:DA1396D8 plane_checksum:[C9BDBFF3 E00D2DC9 C696A90D] mean:[149 140 118] stdev:[48.5 18.5 11.9]
[Parsed_showinfo_1 @ 0xc49008d80] [info] color_range:unknown color_space:unknown color_primaries:unknown color_trc:unknown
[Parsed_showinfo_1 @ 0xc49008d80] [info] n: 182 pts:    182 pts_time:6.072849 duration:      1 duration_time:0.0333673 fmt:yuv411p cl:topleft sar:8/9 s:720x480 i:B iskey:0 type:? checksum:20E61421 plane_checksum:[ACC528CD 6CBAF8AE 9660F288] mean:[149 140 118] stdev:[48.5 18.3 11.8]
[Parsed_showinfo_1 @ 0xc49008d80] [info] color_range:unknown color_space:unknown color_primaries:unknown color_trc:unknown
[Parsed_showinfo_1 @ 0xc49008d80] [info] n: 183 pts:    183 pts_time:6.106216 duration:      1 duration_time:0.0333673 fmt:yuv411p cl:topleft sar:8/9 s:720x480 i:B iskey:0 type:? checksum:01E1B6A0 plane_checksum:[5920D017 CA09C39B 1C1622DF] mean:[149 140 118] stdev:[48.4 18.1 11.7]
[Parsed_showinfo_1 @ 0xc49008d80] [info] color_range:unknown color_space:unknown color_primaries:unknown color_trc:unknown
[Parsed_showinfo_1 @ 0xc49008d80] [info] n: 184 pts:    184 pts_time:6.139583 duration:      1 duration_time:0.0333673 fmt:yuv411p cl:topleft sar:8/9 s:720x480 i:B iskey:0 type:? checksum:6844098B plane_checksum:[A5A97A39 99095DBE C0283185] mean:[149 140 118] stdev:[48.4 18.1 11.7]
[Parsed_showinfo_1 @ 0xc49008d80] [info] color_range:unknown color_space:unknown color_primaries:unknown color_trc:unknown
[Parsed_showinfo_1 @ 0xc49008d80] [info] n: 185 pts:    185 pts_time:6.172951 duration:      1 duration_time:0.0333673 fmt:yuv411p cl:topleft sar:8/9 s:720x480 i:B iskey:0 type:? checksum:DD85ABCA plane_checksum:[DC7E113D 50832F17 B9946B76] mean:[149 140 119] stdev:[48.3 18.0 11.6]
[Parsed_showinfo_1 @ 0xc49008d80] [info] color_range:unknown color_space:unknown color_primaries:unknown color_trc:unknown
[Parsed_showinfo_1 @ 0xc49008d80] [info] n: 186 pts:    186 pts_time:6.206318 duration:      1 duration_time:0.0333673 fmt:yuv411p cl:topleft sar:8/9 s:720x480 i:B iskey:0 type:? checksum:EB49A69E plane_checksum:[46DBE569 D3AD0977 6494B7AF] mean:[149 140 119] stdev:[48.3 18.1 11.6]
[Parsed_showinfo_1 @ 0xc49008d80] [info] color_range:unknown color_space:unknown color_primaries:unknown color_trc:unknown
[Parsed_showinfo_1 @ 0xc49008d80] [info] n: 187 pts:    187 pts_time:6.239685 duration:      1 duration_time:0.0333673 fmt:yuv411p cl:topleft sar:8/9 s:720x480 i:B iskey:0 type:? checksum:9E0A3472 plane_checksum:[5C40E199 462FCA9A 058E8821] mean:[148 139 119] stdev:[48.3 18.2 11.5]
[Parsed_showinfo_1 @ 0xc49008d80] [info] color_range:unknown color_space:unknown color_primaries:unknown color_trc:unknown
[Parsed_showinfo_1 @ 0xc49008d80] [info] n: 188 pts:    188 pts_time:6.273052 duration:      1 duration_time:0.0333673 fmt:yuv411p cl:topleft sar:8/9 s:720x480 i:B iskey:0 type:? checksum:BC82A73D plane_checksum:[71096646 85726A50 B733D698] mean:[148 139 119] stdev:[48.2 18.2 11.4]
[Parsed_showinfo_1 @ 0xc49008d80] [info] color_range:unknown color_space:unknown color_primaries:unknown color_trc:unknown
[Parsed_showinfo_1 @ 0xc49008d80] [info] n: 189 pts:    189 pts_time:6.30642 duration:      1 duration_time:0.0333673 fmt:yuv411p cl:topleft sar:8/9 s:720x480 i:B iskey:0 type:? checksum:6E86C076 plane_checksum:[1C2705CA A1F6D911 7E4BE18C] mean:[147 139 119] stdev:[47.9 18.0 11.4]
[Parsed_showinfo_1 @ 0xc49008d80] [info] color_range:unknown color_space:unknown color_primaries:unknown color_trc:unknown
[Parsed_showinfo_1 @ 0xc49008d80] [info] n: 190 pts:    190 pts_time:6.339787 duration:      1 duration_time:0.0333673 fmt:yuv411p cl:topleft sar:8/9 s:720x480 i:B iskey:0 type:? checksum:521CEC69 plane_checksum:[2FE28F0A 8F3A4BCA 703F1195] mean:[147 138 119] stdev:[47.9 17.9 11.6]
[Parsed_showinfo_1 @ 0xc49008d80] [info] color_range:unknown color_space:unknown color_primaries:unknown color_trc:unknown
[Parsed_showinfo_1 @ 0xc49008d80] [info] n: 191 pts:    191 pts_time:6.373154 duration:      1 duration_time:0.0333673 fmt:yuv411p cl:topleft sar:8/9 s:720x480 i:B iskey:0 type:? checksum:09A47A43 plane_checksum:[2274F807 9F11688C D92E19A1] mean:[147 138 119] stdev:[47.7 17.8 11.5]
[Parsed_showinfo_1 @ 0xc49008d80] [info] color_range:unknown color_space:unknown color_primaries:unknown color_trc:unknown
[Parsed_showinfo_1 @ 0xc49008d80] [info] n: 192 pts:    192 pts_time:6.406522 duration:      1 duration_time:0.0333673 fmt:yuv411p cl:topleft sar:8/9 s:720x480 i:B iskey:0 type:? checksum:BBE1175A plane_checksum:[BDF81783 C81D9E11 8A8F61B7] mean:[147 138 119] stdev:[47.5 18.0 11.4]
[Parsed_showinfo_1 @ 0xc49008d80] [info] color_range:unknown color_space:unknown color_primaries:unknown color_trc:unknown
[Parsed_showinfo_1 @ 0xc49008d80] [info] n: 193 pts:    193 pts_time:6.439889 duration:      1 duration_time:0.0333673 fmt:yuv411p cl:topleft sar:8/9 s:720x480 i:B iskey:0 type:? checksum:A72EDAFA plane_checksum:[0CF92BF0 4E8831AD 476F7D5D] mean:[147 137 119] stdev:[47.6 17.9 11.3]
[Parsed_showinfo_1 @ 0xc49008d80] [info] color_range:unknown color_space:unknown color_primaries:unknown color_trc:unknown
[Parsed_showinfo_1 @ 0xc49008d80] [info] n: 194 pts:    194 pts_time:6.473256 duration:      1 duration_time:0.0333673 fmt:yuv411p cl:topleft sar:8/9 s:720x480 i:B iskey:0 type:? checksum:E7EF53C9 plane_checksum:[0D1BC09B 58F83700 4D895C1F] mean:[147 137 119] stdev:[47.2 18.1 11.3]
[Parsed_showinfo_1 @ 0xc49008d80] [info] color_range:unknown color_space:unknown color_primaries:unknown color_trc:unknown
[Parsed_showinfo_1 @ 0xc49008d80] [info] n: 195 pts:    195 pts_time:6.506624 duration:      1 duration_time:0.0333673 fmt:yuv411p cl:topleft sar:8/9 s:720x480 i:B iskey:0 type:? checksum:37454BEF plane_checksum:[62798BDC 75AE18F2 B5CFA712] mean:[148 137 120] stdev:[47.4 18.5 11.3]
[Parsed_showinfo_1 @ 0xc49008d80] [info] color_range:unknown color_space:unknown color_primaries:unknown color_trc:unknown
[Parsed_showinfo_1 @ 0xc49008d80] [info] n: 196 pts:    196 pts_time:6.539991 duration:      1 duration_time:0.0333673 fmt:yuv411p cl:topleft sar:8/9 s:720x480 i:B iskey:0 type:? checksum:596AA172 plane_checksum:[3CA8A153 DE312FCE B0F3D042] mean:[148 137 120] stdev:[47.4 18.7 11.3]
[Parsed_showinfo_1 @ 0xc49008d80] [info] color_range:unknown color_space:unknown color_primaries:unknown color_trc:unknown
[Parsed_showinfo_1 @ 0xc49008d80] [info] n: 197 pts:    197 pts_time:6.573358 duration:      1 duration_time:0.0333673 fmt:yuv411p cl:topleft sar:8/9 s:720x480 i:B iskey:0 type:? checksum:A09B564F plane_checksum:[D33897AE 8FA1E4CE C082D9B5] mean:[148 137 120] stdev:[47.4 18.9 11.3]
[Parsed_showinfo_1 @ 0xc49008d80] [info] color_range:unknown color_space:unknown color_primaries:unknown color_trc:unknown
[Parsed_showinfo_1 @ 0xc49008d80] [info] n: 198 pts:    198 pts_time:6.606725 duration:      1 duration_time:0.0333673 fmt:yuv411p cl:topleft sar:8/9 s:720x480 i:B iskey:0 type:? checksum:DE617183 plane_checksum:[B2A27A3D CC12DD2D BA881A0A] mean:[148 137 120] stdev:[47.5 18.9 11.2]
[Parsed_showinfo_1 @ 0xc49008d80] [info] color_range:unknown color_space:unknown color_primaries:unknown color_trc:unknown
[Parsed_showinfo_1 @ 0xc49008d80] [info] n: 199 pts:    199 pts_time:6.640093 duration:      1 duration_time:0.0333673 fmt:yuv411p cl:topleft sar:8/9 s:720x480 i:B iskey:0 type:? checksum:2373B3AD plane_checksum:[11AF0832 CF489F55 49250C26] mean:[148 137 120] stdev:[47.5 19.0 11.2]
[Parsed_showinfo_1 @ 0xc49008d80] [info] color_range:unknown color_space:unknown color_primaries:unknown color_trc:unknown
[Parsed_showinfo_1 @ 0xc49008d80] [info] n: 200 pts:    200 pts_time:6.67346 duration:      1 duration_time:0.0333673 fmt:yuv411p cl:topleft sar:8/9 s:720x480 i:B iskey:0 type:? checksum:0FE14526 plane_checksum:[3ED78699 F5158337 7E483B47] mean:[148 137 120] stdev:[47.5 19.1 11.1]
[Parsed_showinfo_1 @ 0xc49008d80] [info] color_range:unknown color_space:unknown color_primaries:unknown color_trc:unknown
[Parsed_showinfo_1 @ 0xc49008d80] [info] n: 201 pts:    201 pts_time:6.706827 duration:      1 duration_time:0.0333673 fmt:yuv411p cl:topleft sar:8/9 s:720x480 i:B iskey:0 type:? checksum:814ED029 plane_checksum:[DF606004 E0E6161E 1C1D5A07] mean:[148 137 120] stdev:[47.4 18.9 11.2]
[Parsed_showinfo_1 @ 0xc49008d80] [info] color_range:unknown color_space:unknown color_primaries:unknown color_trc:unknown
[Parsed_showinfo_1 @ 0xc49008d80] [info] n: 202 pts:    202 pts_time:6.740195 duration:      1 duration_time:0.0333673 fmt:yuv411p cl:topleft sar:8/9 s:720x480 i:B iskey:0 type:? checksum:0E6CDC3C plane_checksum:[5848C124 4B21B2F7 2FF26812] mean:[148 136 120] stdev:[47.3 18.9 11.2]
[Parsed_showinfo_1 @ 0xc49008d80] [info] color_range:unknown color_space:unknown color_primaries:unknown color_trc:unknown
[Parsed_showinfo_1 @ 0xc49008d80] [info] n: 203 pts:    203 pts_time:6.773562 duration:      1 duration_time:0.0333673 fmt:yuv411p cl:topleft sar:8/9 s:720x480 i:B iskey:0 type:? checksum:5F2E1A68 plane_checksum:[F0FD252A C9CA84AF 31237080] mean:[148 136 120] stdev:[47.1 19.0 11.1]
[Parsed_showinfo_1 @ 0xc49008d80] [info] color_range:unknown color_space:unknown color_primaries:unknown color_trc:unknown
[Parsed_showinfo_1 @ 0xc49008d80] [info] n: 204 pts:    204 pts_time:6.806929 duration:      1 duration_time:0.0333673 fmt:yuv411p cl:topleft sar:8/9 s:720x480 i:B iskey:0 type:? checksum:5FA54216 plane_checksum:[4E3E7AAE A6BF4CCC CA5A7A8D] mean:[148 136 120] stdev:[47.1 18.9 11.0]
[Parsed_showinfo_1 @ 0xc49008d80] [info] color_range:unknown color_space:unknown color_primaries:unknown color_trc:unknown
[Parsed_showinfo_1 @ 0xc49008d80] [info] n: 205 pts:    205 pts_time:6.840297 duration:      1 duration_time:0.0333673 fmt:yuv411p cl:topleft sar:8/9 s:720x480 i:B iskey:0 type:? checksum:D655DAB3 plane_checksum:[40300FAA B9DD2569 611DA5A0] mean:[148 136 120] stdev:[47.1 18.9 11.1]
[Parsed_showinfo_1 @ 0xc49008d80] [info] color_range:unknown color_space:unknown color_primaries:unknown color_trc:unknown
[Parsed_showinfo_1 @ 0xc49008d80] [info] n: 206 pts:    206 pts_time:6.873664 duration:      1 duration_time:0.0333673 fmt:yuv411p cl:topleft sar:8/9 s:720x480 i:B iskey:0 type:? checksum:80B236AE plane_checksum:[1BA9AF7A 9159DCFA 5DEFAA1C] mean:[148 136 120] stdev:[47.2 18.9 11.1]
[Parsed_showinfo_1 @ 0xc49008d80] [info] color_range:unknown color_space:unknown color_primaries:unknown color_trc:unknown
[Parsed_showinfo_1 @ 0xc49008d80] [info] n: 207 pts:    207 pts_time:6.907031 duration:      1 duration_time:0.0333673 fmt:yuv411p cl:topleft sar:8/9 s:720x480 i:B iskey:0 type:? checksum:698CCFC0 plane_checksum:[95E19C0E 7FE78DD7 6420A5CC] mean:[148 135 120] stdev:[47.2 19.2 11.1]
[Parsed_showinfo_1 @ 0xc49008d80] [info] color_range:unknown color_space:unknown color_primaries:unknown color_trc:unknown
[Parsed_showinfo_1 @ 0xc49008d80] [info] n: 208 pts:    208 pts_time:6.940398 duration:      1 duration_time:0.0333673 fmt:yuv411p cl:topleft sar:8/9 s:720x480 i:B iskey:0 type:? checksum:83A78059 plane_checksum:[0DCF7E73 697348FC 6B70B8DB] mean:[148 135 120] stdev:[47.1 19.2 11.0]
[Parsed_showinfo_1 @ 0xc49008d80] [info] color_range:unknown color_space:unknown color_primaries:unknown color_trc:unknown
[Parsed_showinfo_1 @ 0xc49008d80] [info] n: 209 pts:    209 pts_time:6.973766 duration:      1 duration_time:0.0333673 fmt:yuv411p cl:topleft sar:8/9 s:720x480 i:B iskey:0 type:? checksum:C6F939A5 plane_checksum:[52170F67 ADEC2EFD A3ACFB32] mean:[148 135 121] stdev:[47.0 19.3 10.9]
[Parsed_showinfo_1 @ 0xc49008d80] [info] color_range:unknown color_space:unknown color_primaries:unknown color_trc:unknown
[Parsed_showinfo_1 @ 0xc49008d80] [info] n: 210 pts:    210 pts_time:7.007133 duration:      1 duration_time:0.0333673 fmt:yuv411p cl:topleft sar:8/9 s:720x480 i:B iskey:0 type:? checksum:BE94E432 plane_checksum:[EA86FB39 A472D902 2AD40FE8] mean:[149 135 121] stdev:[47.0 19.5 10.9]
[Parsed_showinfo_1 @ 0xc49008d80] [info] color_range:unknown color_space:unknown color_primaries:unknown color_trc:unknown
[Parsed_showinfo_1 @ 0xc49008d80] [info] n: 211 pts:    211 pts_time:7.0405  duration:      1 duration_time:0.0333673 fmt:yuv411p cl:topleft sar:8/9 s:720x480 i:B iskey:0 type:? checksum:8968DF28 plane_checksum:[E812410F B67D9C5E 4E2101BB] mean:[149 134 121] stdev:[47.1 19.4 11.1]
[Parsed_showinfo_1 @ 0xc49008d80] [info] color_range:unknown color_space:unknown color_primaries:unknown color_trc:unknown
[Parsed_showinfo_1 @ 0xc49008d80] [info] n: 212 pts:    212 pts_time:7.073868 duration:      1 duration_time:0.0333673 fmt:yuv411p cl:topleft sar:8/9 s:720x480 i:B iskey:0 type:? checksum:53948AD2 plane_checksum:[A4C9AA12 38D2AD2A 77CA3387] mean:[149 134 121] stdev:[47.1 19.4 10.9]
[Parsed_showinfo_1 @ 0xc49008d80] [info] color_range:unknown color_space:unknown color_primaries:unknown color_trc:unknown
[Parsed_showinfo_1 @ 0xc49008d80] [info] n: 213 pts:    213 pts_time:7.107235 duration:      1 duration_time:0.0333673 fmt:yuv411p cl:topleft sar:8/9 s:720x480 i:B iskey:0 type:? checksum:7A151156 plane_checksum:[BDF33596 D04D84B6 EFDA56FB] mean:[149 134 121] stdev:[47.2 19.5 10.8]
[Parsed_showinfo_1 @ 0xc49008d80] [info] color_range:unknown color_space:unknown color_primaries:unknown color_trc:unknown
[Parsed_showinfo_1 @ 0xc49008d80] [info] n: 214 pts:    214 pts_time:7.140602 duration:      1 duration_time:0.0333673 fmt:yuv411p cl:topleft sar:8/9 s:720x480 i:B iskey:0 type:? checksum:A29E86AC plane_checksum:[943C2744 ADD00906 E7A85662] mean:[149 133 121] stdev:[47.5 19.7 10.7]
[Parsed_showinfo_1 @ 0xc49008d80] [info] color_range:unknown color_space:unknown color_primaries:unknown color_trc:unknown
[Parsed_showinfo_1 @ 0xc49008d80] [info] n: 215 pts:    215 pts_time:7.17397 duration:      1 duration_time:0.0333673 fmt:yuv411p cl:topleft sar:8/9 s:720x480 i:B iskey:0 type:? checksum:8EE64B95 plane_checksum:[F02874D6 A6C16F51 C48B675F] mean:[150 133 121] stdev:[47.8 19.9 10.9]
[Parsed_showinfo_1 @ 0xc49008d80] [info] color_range:unknown color_space:unknown color_primaries:unknown color_trc:unknown
[Parsed_showinfo_1 @ 0xc49008d80] [info] n: 216 pts:    216 pts_time:7.207337 duration:      1 duration_time:0.0333673 fmt:yuv411p cl:topleft sar:8/9 s:720x480 i:B iskey:0 type:? checksum:D6053EF1 plane_checksum:[38515DBD BE354AF0 D9E99635] mean:[150 133 121] stdev:[48.1 20.0 10.9]
[Parsed_showinfo_1 @ 0xc49008d80] [info] color_range:unknown color_space:unknown color_primaries:unknown color_trc:unknown
[Parsed_showinfo_1 @ 0xc49008d80] [info] n: 217 pts:    217 pts_time:7.240704 duration:      1 duration_time:0.0333673 fmt:yuv411p cl:topleft sar:8/9 s:720x480 i:B iskey:0 type:? checksum:E0B648B4 plane_checksum:[32866F1D DD74160B F989C37D] mean:[150 133 121] stdev:[48.4 20.0 10.9]
[Parsed_showinfo_1 @ 0xc49008d80] [info] color_range:unknown color_space:unknown color_primaries:unknown color_trc:unknown
[Parsed_showinfo_1 @ 0xc49008d80] [info] n: 218 pts:    218 pts_time:7.274071 duration:      1 duration_time:0.0333673 fmt:yuv411p cl:topleft sar:8/9 s:720x480 i:B iskey:0 type:? checksum:6473EB7A plane_checksum:[828F7B61 65C29995 DADDD675] mean:[150 132 121] stdev:[48.4 20.2 10.8]
[Parsed_showinfo_1 @ 0xc49008d80] [info] color_range:unknown color_space:unknown color_primaries:unknown color_trc:unknown
[Parsed_showinfo_1 @ 0xc49008d80] [info] n: 219 pts:    219 pts_time:7.307439 duration:      1 duration_time:0.0333673 fmt:yuv411p cl:topleft sar:8/9 s:720x480 i:B iskey:0 type:? checksum:ABD8CC02 plane_checksum:[8535BD03 DB8E0B2C CDBE03D3] mean:[150 132 121] stdev:[48.5 20.1 10.7]
[Parsed_showinfo_1 @ 0xc49008d80] [info] color_range:unknown color_space:unknown color_primaries:unknown color_trc:unknown
[Parsed_showinfo_1 @ 0xc49008d80] [info] n: 220 pts:    220 pts_time:7.340806 duration:      1 duration_time:0.0333673 fmt:yuv411p cl:topleft sar:8/9 s:720x480 i:B iskey:0 type:? checksum:0AF1DA83 plane_checksum:[3E0E7DE8 EF7B4C64 F3741037] mean:[149 131 121] stdev:[48.6 20.0 10.7]
[Parsed_showinfo_1 @ 0xc49008d80] [info] color_range:unknown color_space:unknown color_primaries:unknown color_trc:unknown
[Parsed_showinfo_1 @ 0xc49008d80] [info] n: 221 pts:    221 pts_time:7.374173 duration:      1 duration_time:0.0333673 fmt:yuv411p cl:topleft sar:8/9 s:720x480 i:B iskey:0 type:? checksum:35F1A358 plane_checksum:[4500CBF4 24D99926 7D703E2F] mean:[150 131 122] stdev:[48.7 20.1 10.7]
[Parsed_showinfo_1 @ 0xc49008d80] [info] color_range:unknown color_space:unknown color_primaries:unknown color_trc:unknown
[Parsed_showinfo_1 @ 0xc49008d80] [info] n: 222 pts:    222 pts_time:7.407541 duration:      1 duration_time:0.0333673 fmt:yuv411p cl:topleft sar:8/9 s:720x480 i:B iskey:0 type:? checksum:0D26291D plane_checksum:[852ED12D D4D7CF20 082D88B2] mean:[149 130 122] stdev:[48.6 19.8 10.7]
[Parsed_showinfo_1 @ 0xc49008d80] [info] color_range:unknown color_space:unknown color_primaries:unknown color_trc:unknown
[Parsed_showinfo_1 @ 0xc49008d80] [info] n: 223 pts:    223 pts_time:7.440908 duration:      1 duration_time:0.0333673 fmt:yuv411p cl:topleft sar:8/9 s:720x480 i:B iskey:0 type:? checksum:FDA3FE55 plane_checksum:[0911D988 31DB6535 5BDFBF89] mean:[148 130 122] stdev:[48.7 19.5 10.8]
[Parsed_showinfo_1 @ 0xc49008d80] [info] color_range:unknown color_space:unknown color_primaries:unknown color_trc:unknown
[Parsed_showinfo_1 @ 0xc49008d80] [info] n: 224 pts:    224 pts_time:7.474275 duration:      1 duration_time:0.0333673 fmt:yuv411p cl:topleft sar:8/9 s:720x480 i:B iskey:0 type:? checksum:E2A81F51 plane_checksum:[EDCA4AB5 3566EBAC 7D75E8D2] mean:[149 130 122] stdev:[48.8 19.3 10.6]
[Parsed_showinfo_1 @ 0xc49008d80] [info] color_range:unknown color_space:unknown color_primaries:unknown color_trc:unknown
[Parsed_showinfo_1 @ 0xc49008d80] [info] n: 225 pts:    225 pts_time:7.507643 duration:      1 duration_time:0.0333673 fmt:yuv411p cl:topleft sar:8/9 s:720x480 i:B iskey:0 type:? checksum:CB46F261 plane_checksum:[22C2FCC4 7AC8EB74 B3180A1A] mean:[148 130 122] stdev:[49.0 19.0 10.4]
[Parsed_showinfo_1 @ 0xc49008d80] [info] color_range:unknown color_space:unknown color_primaries:unknown color_trc:unknown
[Parsed_showinfo_1 @ 0xc49008d80] [info] n: 226 pts:    226 pts_time:7.54101 duration:      1 duration_time:0.0333673 fmt:yuv411p cl:topleft sar:8/9 s:720x480 i:B iskey:0 type:? checksum:81F85E5D plane_checksum:[0B2EA269 79BB9CE2 F6F41F03] mean:[149 129 122] stdev:[49.1 18.9 10.3]
[Parsed_showinfo_1 @ 0xc49008d80] [info] color_range:unknown color_space:unknown color_primaries:unknown color_trc:unknown
[Parsed_showinfo_1 @ 0xc49008d80] [info] n: 227 pts:    227 pts_time:7.574377 duration:      1 duration_time:0.0333673 fmt:yuv411p cl:topleft sar:8/9 s:720x480 i:B iskey:0 type:? checksum:0C7AF034 plane_checksum:[88734667 4C366AB2 D8313F1B] mean:[149 129 122] stdev:[49.1 18.8 10.4]
[Parsed_showinfo_1 @ 0xc49008d80] [info] color_range:unknown color_space:unknown color_primaries:unknown color_trc:unknown
[Parsed_showinfo_1 @ 0xc49008d80] [info] n: 228 pts:    228 pts_time:7.607744 duration:      1 duration_time:0.0333673 fmt:yuv411p cl:topleft sar:8/9 s:720x480 i:B iskey:0 type:? checksum:64688D0A plane_checksum:[93D80367 0F611E94 2ABB6B0F] mean:[149 129 122] stdev:[49.3 18.6 10.3]
[Parsed_showinfo_1 @ 0xc49008d80] [info] color_range:unknown color_space:unknown color_primaries:unknown color_trc:unknown
[Parsed_showinfo_1 @ 0xc49008d80] [info] n: 229 pts:    229 pts_time:7.641112 duration:      1 duration_time:0.0333673 fmt:yuv411p cl:topleft sar:8/9 s:720x480 i:B iskey:0 type:? checksum:4B0A6863 plane_checksum:[169B116F F285D8A8 A9B87E3D] mean:[150 129 122] stdev:[49.4 18.6 10.3]
[Parsed_showinfo_1 @ 0xc49008d80] [info] color_range:unknown color_space:unknown color_primaries:unknown color_trc:unknown
[Parsed_showinfo_1 @ 0xc49008d80] [info] n: 230 pts:    230 pts_time:7.674479 duration:      1 duration_time:0.0333673 fmt:yuv411p cl:topleft sar:8/9 s:720x480 i:B iskey:0 type:? checksum:529C2DB1 plane_checksum:[90650A6F CE6E8253 2BA9A0E0] mean:[150 129 123] stdev:[49.6 18.6 10.3]
[Parsed_showinfo_1 @ 0xc49008d80] [info] color_range:unknown color_space:unknown color_primaries:unknown color_trc:unknown
[Parsed_showinfo_1 @ 0xc49008d80] [info] n: 231 pts:    231 pts_time:7.707846 duration:      1 duration_time:0.0333673 fmt:yuv411p cl:topleft sar:8/9 s:720x480 i:B iskey:0 type:? checksum:3EFE1130 plane_checksum:[39A04CD1 C6A8F84F F6BECBF2] mean:[151 128 123] stdev:[49.9 18.7 10.2]
[Parsed_showinfo_1 @ 0xc49008d80] [info] color_range:unknown color_space:unknown color_primaries:unknown color_trc:unknown
[Parsed_showinfo_1 @ 0xc49008d80] [info] n: 232 pts:    232 pts_time:7.741214 duration:      1 duration_time:0.0333673 fmt:yuv411p cl:topleft sar:8/9 s:720x480 i:B iskey:0 type:? checksum:44D4D39F plane_checksum:[F09A6548 A6366DC2 713E0095] mean:[151 128 123] stdev:[50.1 18.7 10.2]
[Parsed_showinfo_1 @ 0xc49008d80] [info] color_range:unknown color_space:unknown color_primaries:unknown color_trc:unknown
[Parsed_showinfo_1 @ 0xc49008d80] [info] n: 233 pts:    233 pts_time:7.774581 duration:      1 duration_time:0.0333673 fmt:yuv411p cl:topleft sar:8/9 s:720x480 i:B iskey:0 type:? checksum:E1CC53C2 plane_checksum:[6C482014 2D24F6CF 9EFF3CD0] mean:[152 127 123] stdev:[50.3 18.8 10.1]
[Parsed_showinfo_1 @ 0xc49008d80] [info] color_range:unknown color_space:unknown color_primaries:unknown color_trc:unknown
[Parsed_showinfo_1 @ 0xc49008d80] [info] n: 234 pts:    234 pts_time:7.807948 duration:      1 duration_time:0.0333673 fmt:yuv411p cl:topleft sar:8/9 s:720x480 i:B iskey:0 type:? checksum:9EA7B6A6 plane_checksum:[484CCFB3 1E466444 C14282A0] mean:[153 127 123] stdev:[50.6 18.9 10.1]
[Parsed_showinfo_1 @ 0xc49008d80] [info] color_range:unknown color_space:unknown color_primaries:unknown color_trc:unknown
[Parsed_showinfo_1 @ 0xc49008d80] [info] n: 235 pts:    235 pts_time:7.841316 duration:      1 duration_time:0.0333673 fmt:yuv411p cl:topleft sar:8/9 s:720x480 i:B iskey:0 type:? checksum:600784C2 plane_checksum:[9B740A6E 93A5CD1A EA57AD2B] mean:[153 126 123] stdev:[50.8 18.9 10.1]
[Parsed_showinfo_1 @ 0xc49008d80] [info] color_range:unknown color_space:unknown color_primaries:unknown color_trc:unknown
[Parsed_showinfo_1 @ 0xc49008d80] [info] n: 236 pts:    236 pts_time:7.874683 duration:      1 duration_time:0.0333673 fmt:yuv411p cl:topleft sar:8/9 s:720x480 i:B iskey:0 type:? checksum:DE9B4FAC plane_checksum:[863E2681 E1E737E6 5589F136] mean:[154 126 124] stdev:[51.0 19.0 10.0]
[Parsed_showinfo_1 @ 0xc49008d80] [info] color_range:unknown color_space:unknown color_primaries:unknown color_trc:unknown
[Parsed_showinfo_1 @ 0xc49008d80] [info] n: 237 pts:    237 pts_time:7.90805 duration:      1 duration_time:0.0333673 fmt:yuv411p cl:topleft sar:8/9 s:720x480 i:B iskey:0 type:? checksum:9D9B2FD0 plane_checksum:[B6EC6C55 95F07EFF 759C446D] mean:[155 126 124] stdev:[51.4 19.0 10.0]
[Parsed_showinfo_1 @ 0xc49008d80] [info] color_range:unknown color_space:unknown color_primaries:unknown color_trc:unknown
[Parsed_showinfo_1 @ 0xc49008d80] [info] n: 238 pts:    238 pts_time:7.941417 duration:      1 duration_time:0.0333673 fmt:yuv411p cl:topleft sar:8/9 s:720x480 i:B iskey:0 type:? checksum:7787AEE7 plane_checksum:[D4A42E1B 8CC90047 25218085] mean:[155 125 124] stdev:[51.7 19.2 10.2]
[Parsed_showinfo_1 @ 0xc49008d80] [info] color_range:unknown color_space:unknown color_primaries:unknown color_trc:unknown
[Parsed_showinfo_1 @ 0xc49008d80] [info] n: 239 pts:    239 pts_time:7.974785 duration:      1 duration_time:0.0333673 fmt:yuv411p cl:topleft sar:8/9 s:720x480 i:B iskey:0 type:? checksum:061C5ACC plane_checksum:[92492F85 B6A57202 4429B936] mean:[156 125 124] stdev:[51.7 19.2 10.1]
[Parsed_showinfo_1 @ 0xc49008d80] [info] color_range:unknown color_space:unknown color_primaries:unknown color_trc:unknown
[Parsed_showinfo_1 @ 0xc49008d80] [info] n: 240 pts:    240 pts_time:8.008152 duration:      1 duration_time:0.0333673 fmt:yuv411p cl:topleft sar:8/9 s:720x480 i:B iskey:0 type:? checksum:8AAC3744 plane_checksum:[5DC99483 4778BD52 4D8EE551] mean:[156 124 124] stdev:[52.0 19.2 9.9]
[Parsed_showinfo_1 @ 0xc49008d80] [info] color_range:unknown color_space:unknown color_primaries:unknown color_trc:unknown
[Parsed_showinfo_1 @ 0xc49008d80] [info] n: 241 pts:    241 pts_time:8.041519 duration:      1 duration_time:0.0333673 fmt:yuv411p cl:topleft sar:8/9 s:720x480 i:B iskey:0 type:? checksum:0908F072 plane_checksum:[030E955F 233D31E3 B1572930] mean:[156 124 124] stdev:[52.0 19.3 9.9]
[Parsed_showinfo_1 @ 0xc49008d80] [info] color_range:unknown color_space:unknown color_primaries:unknown color_trc:unknown
[Parsed_showinfo_1 @ 0xc49008d80] [info] n: 242 pts:    242 pts_time:8.074887 duration:      1 duration_time:0.0333673 fmt:yuv411p cl:topleft sar:8/9 s:720x480 i:B iskey:0 type:? checksum:DF0053CB plane_checksum:[F8EC2D4A 9A1ACCA6 855959CC] mean:[156 123 125] stdev:[52.0 19.3 9.9]
[Parsed_showinfo_1 @ 0xc49008d80] [info] color_range:unknown color_space:unknown color_primaries:unknown color_trc:unknown
[Parsed_showinfo_1 @ 0xc49008d80] [info] n: 243 pts:    243 pts_time:8.108254 duration:      1 duration_time:0.0333673 fmt:yuv411p cl:topleft sar:8/9 s:720x480 i:B iskey:0 type:? checksum:F2FF2034 plane_checksum:[D73F4258 72BD786B 02166562] mean:[156 123 125] stdev:[51.9 19.4 9.7]
[Parsed_showinfo_1 @ 0xc49008d80] [info] color_range:unknown color_space:unknown color_primaries:unknown color_trc:unknown
[Parsed_showinfo_1 @ 0xc49008d80] [info] n: 244 pts:    244 pts_time:8.141621 duration:      1 duration_time:0.0333673 fmt:yuv411p cl:topleft sar:8/9 s:720x480 i:B iskey:0 type:? checksum:0EC61D57 plane_checksum:[8F40720F EDB74E9F B2ED5C9A] mean:[156 123 125] stdev:[51.8 19.3 9.8]
[Parsed_showinfo_1 @ 0xc49008d80] [info] color_range:unknown color_space:unknown color_primaries:unknown color_trc:unknown
[Parsed_showinfo_1 @ 0xc49008d80] [info] n: 245 pts:    245 pts_time:8.174989 duration:      1 duration_time:0.0333673 fmt:yuv411p cl:topleft sar:8/9 s:720x480 i:B iskey:0 type:? checksum:ECD604E9 plane_checksum:[7D594738 AD5F5978 7AFD642A] mean:[156 123 125] stdev:[51.8 19.5 9.9]
[Parsed_showinfo_1 @ 0xc49008d80] [info] color_range:unknown color_space:unknown color_primaries:unknown color_trc:unknown
[Parsed_showinfo_1 @ 0xc49008d80] [info] n: 246 pts:    246 pts_time:8.208356 duration:      1 duration_time:0.0333673 fmt:yuv411p cl:topleft sar:8/9 s:720x480 i:B iskey:0 type:? checksum:F57684A4 plane_checksum:[4947CA62 6EB638A3 4C788190] mean:[155 123 125] stdev:[51.7 19.5 9.8]
[Parsed_showinfo_1 @ 0xc49008d80] [info] color_range:unknown color_space:unknown color_primaries:unknown color_trc:unknown
[Parsed_showinfo_1 @ 0xc49008d80] [info] n: 247 pts:    247 pts_time:8.241723 duration:      1 duration_time:0.0333673 fmt:yuv411p cl:topleft sar:8/9 s:720x480 i:B iskey:0 type:? checksum:7070DB26 plane_checksum:[50BB36A5 53C3295B A0A97B26] mean:[155 123 125] stdev:[51.7 19.3 9.8]
[Parsed_showinfo_1 @ 0xc49008d80] [info] color_range:unknown color_space:unknown color_primaries:unknown color_trc:unknown
[Parsed_showinfo_1 @ 0xc49008d80] [info] n: 248 pts:    248 pts_time:8.27509 duration:      1 duration_time:0.0333673 fmt:yuv411p cl:topleft sar:8/9 s:720x480 i:B iskey:0 type:? checksum:7FE327CB plane_checksum:[13B7A45D EAB30F14 DBF7744B] mean:[155 123 125] stdev:[51.6 19.4 9.9]
[Parsed_showinfo_1 @ 0xc49008d80] [info] color_range:unknown color_space:unknown color_primaries:unknown color_trc:unknown
[Parsed_showinfo_1 @ 0xc49008d80] [info] n: 249 pts:    249 pts_time:8.308458 duration:      1 duration_time:0.0333673 fmt:yuv411p cl:topleft sar:8/9 s:720x480 i:B iskey:0 type:? checksum:075BA409 plane_checksum:[471832F8 4A0EF81B E9CD78E7] mean:[155 123 125] stdev:[51.7 19.4 10.1]
[Parsed_showinfo_1 @ 0xc49008d80] [info] color_range:unknown color_space:unknown color_primaries:unknown color_trc:unknown
[Parsed_showinfo_1 @ 0xc49008d80] [info] n: 250 pts:    250 pts_time:8.341825 duration:      1 duration_time:0.0333673 fmt:yuv411p cl:topleft sar:8/9 s:720x480 i:B iskey:0 type:? checksum:7D17F037 plane_checksum:[75157BD4 7FE7F929 9B8E7B2B] mean:[154 123 125] stdev:[51.7 19.3 10.1]
[Parsed_showinfo_1 @ 0xc49008d80] [info] color_range:unknown color_space:unknown color_primaries:unknown color_trc:unknown
[Parsed_showinfo_1 @ 0xc49008d80] [info] n: 251 pts:    251 pts_time:8.375192 duration:      1 duration_time:0.0333673 fmt:yuv411p cl:topleft sar:8/9 s:720x480 i:B iskey:0 type:? checksum:4617877E plane_checksum:[6A232901 310BE538 A7D17936] mean:[155 123 125] stdev:[51.4 19.4 10.2]
[Parsed_showinfo_1 @ 0xc49008d80] [info] color_range:unknown color_space:unknown color_primaries:unknown color_trc:unknown
[Parsed_showinfo_1 @ 0xc49008d80] [info] n: 252 pts:    252 pts_time:8.40856 duration:      1 duration_time:0.0333673 fmt:yuv411p cl:topleft sar:8/9 s:720x480 i:B iskey:0 type:? checksum:A4976399 plane_checksum:[AC23161A 4E26E5A9 A5C167C7] mean:[155 123 125] stdev:[51.5 19.4 10.2]
[Parsed_showinfo_1 @ 0xc49008d80] [info] color_range:unknown color_space:unknown color_primaries:unknown color_trc:unknown
[Parsed_showinfo_1 @ 0xc49008d80] [info] n: 253 pts:    253 pts_time:8.441927 duration:      1 duration_time:0.0333673 fmt:yuv411p cl:topleft sar:8/9 s:720x480 i:B iskey:0 type:? checksum:DC2FF7FE plane_checksum:[4891CD2F 9519D38B 43AC5735] mean:[155 123 125] stdev:[51.5 19.5 10.2]
[Parsed_showinfo_1 @ 0xc49008d80] [info] color_range:unknown color_space:unknown color_primaries:unknown color_trc:unknown
[Parsed_showinfo_1 @ 0xc49008d80] [info] n: 254 pts:    254 pts_time:8.475294 duration:      1 duration_time:0.0333673 fmt:yuv411p cl:topleft sar:8/9 s:720x480 i:B iskey:0 type:? checksum:A789D721 plane_checksum:[DCC20B18 EEF38017 A4C04BF2] mean:[155 122 125] stdev:[51.4 19.7 10.1]
[Parsed_showinfo_1 @ 0xc49008d80] [info] color_range:unknown color_space:unknown color_primaries:unknown color_trc:unknown
[Parsed_showinfo_1 @ 0xc49008d80] [info] n: 255 pts:    255 pts_time:8.508662 duration:      1 duration_time:0.0333673 fmt:yuv411p cl:topleft sar:8/9 s:720x480 i:B iskey:0 type:? checksum:1B1AEB04 plane_checksum:[8ADE4000 EC2B3F7E 3B466B86] mean:[155 122 125] stdev:[51.4 19.6 10.2]
[Parsed_showinfo_1 @ 0xc49008d80] [info] color_range:unknown color_space:unknown color_primaries:unknown color_trc:unknown
[Parsed_showinfo_1 @ 0xc49008d80] [info] n: 256 pts:    256 pts_time:8.542029 duration:      1 duration_time:0.0333673 fmt:yuv411p cl:topleft sar:8/9 s:720x480 i:B iskey:0 type:? checksum:09BA612E plane_checksum:[8DFFDAEB 89D4F9B7 6E9E8C6E] mean:[155 122 125] stdev:[51.3 19.8 10.2]
[Parsed_showinfo_1 @ 0xc49008d80] [info] color_range:unknown color_space:unknown color_primaries:unknown color_trc:unknown
[Parsed_showinfo_1 @ 0xc49008d80] [info] n: 257 pts:    257 pts_time:8.575396 duration:      1 duration_time:0.0333673 fmt:yuv411p cl:topleft sar:8/9 s:720x480 i:B iskey:0 type:? checksum:DB9108FE plane_checksum:[2B41A75B 6F71C79B 2EA499EA] mean:[155 122 125] stdev:[51.3 19.7 10.2]
[Parsed_showinfo_1 @ 0xc49008d80] [info] color_range:unknown color_space:unknown color_primaries:unknown color_trc:unknown
[Parsed_showinfo_1 @ 0xc49008d80] [info] n: 258 pts:    258 pts_time:8.608763 duration:      1 duration_time:0.0333673 fmt:yuv411p cl:topleft sar:8/9 s:720x480 i:B iskey:0 type:? checksum:4C361090 plane_checksum:[DE95C780 31249623 2A0EB2CF] mean:[155 122 125] stdev:[51.3 19.7 10.2]
[Parsed_showinfo_1 @ 0xc49008d80] [info] color_range:unknown color_space:unknown color_primaries:unknown color_trc:unknown
[Parsed_showinfo_1 @ 0xc49008d80] [info] n: 259 pts:    259 pts_time:8.642131 duration:      1 duration_time:0.0333673 fmt:yuv411p cl:topleft sar:8/9 s:720x480 i:B iskey:0 type:? checksum:4E360708 plane_checksum:[62F33080 05781637 AD30C042] mean:[155 121 125] stdev:[51.3 19.9 10.2]
[Parsed_showinfo_1 @ 0xc49008d80] [info] color_range:unknown color_space:unknown color_primaries:unknown color_trc:unknown
[Parsed_showinfo_1 @ 0xc49008d80] [info] n: 260 pts:    260 pts_time:8.675498 duration:      1 duration_time:0.0333673 fmt:yuv411p cl:topleft sar:8/9 s:720x480 i:B iskey:0 type:? checksum:C85F81DE plane_checksum:[8E54E145 5A11C0E9 0C18DF92] mean:[155 121 125] stdev:[51.2 19.9 10.2]
[Parsed_showinfo_1 @ 0xc49008d80] [info] color_range:unknown color_space:unknown color_primaries:unknown color_trc:unknown
[Parsed_showinfo_1 @ 0xc49008d80] [info] n: 261 pts:    261 pts_time:8.708865 duration:      1 duration_time:0.0333673 fmt:yuv411p cl:topleft sar:8/9 s:720x480 i:B iskey:0 type:? checksum:6F41FD59 plane_checksum:[5B6E58A8 2F866A8E C8613A23] mean:[156 121 125] stdev:[51.1 19.6 10.1]
[Parsed_showinfo_1 @ 0xc49008d80] [info] color_range:unknown color_space:unknown color_primaries:unknown color_trc:unknown
[Parsed_showinfo_1 @ 0xc49008d80] [info] n: 262 pts:    262 pts_time:8.742233 duration:      1 duration_time:0.0333673 fmt:yuv411p cl:topleft sar:8/9 s:720x480 i:B iskey:0 type:? checksum:02DE168D plane_checksum:[58411FAB 4D68A747 90204F8C] mean:[157 120 125] stdev:[51.1 19.8 10.1]
[Parsed_showinfo_1 @ 0xc49008d80] [info] color_range:unknown color_space:unknown color_primaries:unknown color_trc:unknown
[Parsed_showinfo_1 @ 0xc49008d80] [info] n: 263 pts:    263 pts_time:8.7756  duration:      1 duration_time:0.0333673 fmt:yuv411p cl:topleft sar:8/9 s:720x480 i:B iskey:0 type:? checksum:80F33782 plane_checksum:[2508EE77 D38EDB80 B3F96D6D] mean:[157 120 125] stdev:[51.2 19.9 10.1]
[Parsed_showinfo_1 @ 0xc49008d80] [info] color_range:unknown color_space:unknown color_primaries:unknown color_trc:unknown
[Parsed_showinfo_1 @ 0xc49008d80] [info] n: 264 pts:    264 pts_time:8.808967 duration:      1 duration_time:0.0333673 fmt:yuv411p cl:topleft sar:8/9 s:720x480 i:B iskey:0 type:? checksum:4653BB95 plane_checksum:[D16ED813 85DC2C21 87B7B752] mean:[158 119 126] stdev:[51.2 19.9 10.1]
[Parsed_showinfo_1 @ 0xc49008d80] [info] color_range:unknown color_space:unknown color_primaries:unknown color_trc:unknown
[Parsed_showinfo_1 @ 0xc49008d80] [info] n: 265 pts:    265 pts_time:8.842335 duration:      1 duration_time:0.0333673 fmt:yuv411p cl:topleft sar:8/9 s:720x480 i:B iskey:0 type:? checksum:93367CEA plane_checksum:[A9A021B5 D8635A56 40D900DF] mean:[158 119 126] stdev:[51.4 19.6 10.0]
[Parsed_showinfo_1 @ 0xc49008d80] [info] color_range:unknown color_space:unknown color_primaries:unknown color_trc:unknown
[Parsed_showinfo_1 @ 0xc49008d80] [info] n: 266 pts:    266 pts_time:8.875702 duration:      1 duration_time:0.0333673 fmt:yuv411p cl:topleft sar:8/9 s:720x480 i:B iskey:0 type:? checksum:CC56ADD5 plane_checksum:[6D3B7F9B BAC791CD 33D19C5E] mean:[159 117 126] stdev:[51.4 18.9 9.6]
[Parsed_showinfo_1 @ 0xc49008d80] [info] color_range:unknown color_space:unknown color_primaries:unknown color_trc:unknown
[Parsed_showinfo_1 @ 0xc49008d80] [info] n: 267 pts:    267 pts_time:8.909069 duration:      1 duration_time:0.0333673 fmt:yuv411p cl:topleft sar:8/9 s:720x480 i:B iskey:0 type:? checksum:C4D2FF77 plane_checksum:[D9C64EE2 0CBF77C4 A0B638D1] mean:[159 116 127] stdev:[50.9 18.1 9.0]
[Parsed_showinfo_1 @ 0xc49008d80] [info] color_range:unknown color_space:unknown color_primaries:unknown color_trc:unknown
[Parsed_showinfo_1 @ 0xc49008d80] [info] n: 268 pts:    268 pts_time:8.942436 duration:      1 duration_time:0.0333673 fmt:yuv411p cl:topleft sar:8/9 s:720x480 i:B iskey:0 type:? checksum:E3590F42 plane_checksum:[27CE696B 18A32CCC CF8078FC] mean:[157 115 127] stdev:[50.8 17.9 8.7]
[Parsed_showinfo_1 @ 0xc49008d80] [info] color_range:unknown color_space:unknown color_primaries:unknown color_trc:unknown
[Parsed_showinfo_1 @ 0xc49008d80] [info] n: 269 pts:    269 pts_time:8.975804 duration:      1 duration_time:0.0333673 fmt:yuv411p cl:topleft sar:8/9 s:720x480 i:B iskey:0 type:? checksum:4A256ABB plane_checksum:[583C4786 EA4C938D DE028F99] mean:[156 114 127] stdev:[50.5 18.0 8.5]
[Parsed_showinfo_1 @ 0xc49008d80] [info] color_range:unknown color_space:unknown color_primaries:unknown color_trc:unknown
[Parsed_showinfo_1 @ 0xc49008d80] [info] n: 270 pts:    270 pts_time:9.009171 duration:      1 duration_time:0.0333673 fmt:yuv411p cl:topleft sar:8/9 s:720x480 i:B iskey:0 type:? checksum:09EF2202 plane_checksum:[4809DC89 D801CF20 E987763B] mean:[155 114 127] stdev:[50.1 18.1 8.4]
[Parsed_showinfo_1 @ 0xc49008d80] [info] color_range:unknown color_space:unknown color_primaries:unknown color_trc:unknown
[Parsed_showinfo_1 @ 0xc49008d80] [info] n: 271 pts:    271 pts_time:9.042538 duration:      1 duration_time:0.0333673 fmt:yuv411p cl:topleft sar:8/9 s:720x480 i:B iskey:0 type:? checksum:5A4B9EDB plane_checksum:[5A104419 E58D20F2 130939D0] mean:[155 115 127] stdev:[49.9 18.6 8.6]
[Parsed_showinfo_1 @ 0xc49008d80] [info] color_range:unknown color_space:unknown color_primaries:unknown color_trc:unknown
[Parsed_showinfo_1 @ 0xc49008d80] [info] n: 272 pts:    272 pts_time:9.075906 duration:      1 duration_time:0.0333673 fmt:yuv411p cl:topleft sar:8/9 s:720x480 i:B iskey:0 type:? checksum:7EADC1CE plane_checksum:[822A64E2 6EA771E7 396FEAF6] mean:[155 116 127] stdev:[49.7 19.0 8.8]
[Parsed_showinfo_1 @ 0xc49008d80] [info] color_range:unknown color_space:unknown color_primaries:unknown color_trc:unknown
[Parsed_showinfo_1 @ 0xc49008d80] [info] n: 273 pts:    273 pts_time:9.109273 duration:      1 duration_time:0.0333673 fmt:yuv411p cl:topleft sar:8/9 s:720x480 i:B iskey:0 type:? checksum:6BA290FC plane_checksum:[C4A37F49 93078E57 3B8D834D] mean:[155 117 126] stdev:[49.5 19.5 9.0]
[Parsed_showinfo_1 @ 0xc49008d80] [info] color_range:unknown color_space:unknown color_primaries:unknown color_trc:unknown
[Parsed_showinfo_1 @ 0xc49008d80] [info] n: 274 pts:    274 pts_time:9.14264 duration:      1 duration_time:0.0333673 fmt:yuv411p cl:topleft sar:8/9 s:720x480 i:B iskey:0 type:? checksum:50FFA215 plane_checksum:[DDD61802 30CC53AF 98C93664] mean:[155 118 126] stdev:[49.6 19.6 9.1]
[Parsed_showinfo_1 @ 0xc49008d80] [info] color_range:unknown color_space:unknown color_primaries:unknown color_trc:unknown
[Parsed_showinfo_1 @ 0xc49008d80] [info] n: 275 pts:    275 pts_time:9.176008 duration:      1 duration_time:0.0333673 fmt:yuv411p cl:topleft sar:8/9 s:720x480 i:B iskey:0 type:? checksum:9D1D49A8 plane_checksum:[6F875B3B BB29C87D 7F2925E1] mean:[155 118 126] stdev:[49.8 19.6 9.2]
[Parsed_showinfo_1 @ 0xc49008d80] [info] color_range:unknown color_space:unknown color_primaries:unknown color_trc:unknown
[Parsed_showinfo_1 @ 0xc49008d80] [info] n: 276 pts:    276 pts_time:9.209375 duration:      1 duration_time:0.0333673 fmt:yuv411p cl:topleft sar:8/9 s:720x480 i:B iskey:0 type:? checksum:10D45DC4 plane_checksum:[0AC03F21 35EE2D52 F048F142] mean:[155 118 126] stdev:[49.9 19.6 9.3]
[Parsed_showinfo_1 @ 0xc49008d80] [info] color_range:unknown color_space:unknown color_primaries:unknown color_trc:unknown
[Parsed_showinfo_1 @ 0xc49008d80] [info] n: 277 pts:    277 pts_time:9.242742 duration:      1 duration_time:0.0333673 fmt:yuv411p cl:topleft sar:8/9 s:720x480 i:B iskey:0 type:? checksum:EB8DBE5B plane_checksum:[3606F2A5 E59BFDE8 47ACCDB0] mean:[155 118 126] stdev:[50.3 19.6 9.3]
[Parsed_showinfo_1 @ 0xc49008d80] [info] color_range:unknown color_space:unknown color_primaries:unknown color_trc:unknown
[Parsed_showinfo_1 @ 0xc49008d80] [info] n: 278 pts:    278 pts_time:9.276109 duration:      1 duration_time:0.0333673 fmt:yuv411p cl:topleft sar:8/9 s:720x480 i:B iskey:0 type:? checksum:7CA7241A plane_checksum:[C88CCEDB FF686572 AAD6EFAF] mean:[156 118 126] stdev:[50.4 19.4 9.3]
[Parsed_showinfo_1 @ 0xc49008d80] [info] color_range:unknown color_space:unknown color_primaries:unknown color_trc:unknown
[Parsed_showinfo_1 @ 0xc49008d80] [info] n: 279 pts:    279 pts_time:9.309477 duration:      1 duration_time:0.0333673 fmt:yuv411p cl:topleft sar:8/9 s:720x480 i:B iskey:0 type:? checksum:4021324B plane_checksum:[7944F0AB A44229ED DFEE17A4] mean:[156 118 126] stdev:[50.7 19.1 9.2]
[Parsed_showinfo_1 @ 0xc49008d80] [info] color_range:unknown color_space:unknown color_primaries:unknown color_trc:unknown
[Parsed_showinfo_1 @ 0xc49008d80] [info] n: 280 pts:    280 pts_time:9.342844 duration:      1 duration_time:0.0333673 fmt:yuv411p cl:topleft sar:8/9 s:720x480 i:B iskey:0 type:? checksum:7561ADFC plane_checksum:[C4F491CD 55C6E3A4 FEFD387C] mean:[156 117 126] stdev:[50.7 18.7 9.0]
[Parsed_showinfo_1 @ 0xc49008d80] [info] color_range:unknown color_space:unknown color_primaries:unknown color_trc:unknown
[Parsed_showinfo_1 @ 0xc49008d80] [info] n: 281 pts:    281 pts_time:9.376211 duration:      1 duration_time:0.0333673 fmt:yuv411p cl:topleft sar:8/9 s:720x480 i:B iskey:0 type:? checksum:B6B2A94F plane_checksum:[3567AFE5 95F9A939 353C5022] mean:[155 117 126] stdev:[50.7 18.5 8.9]
[Parsed_showinfo_1 @ 0xc49008d80] [info] color_range:unknown color_space:unknown color_primaries:unknown color_trc:unknown
[Parsed_showinfo_1 @ 0xc49008d80] [info] n: 282 pts:    282 pts_time:9.409579 duration:      1 duration_time:0.0333673 fmt:yuv411p cl:topleft sar:8/9 s:720x480 i:B iskey:0 type:? checksum:9B406378 plane_checksum:[3E105BD5 775AB0C6 646256CE] mean:[155 117 126] stdev:[50.7 18.4 8.9]
[Parsed_showinfo_1 @ 0xc49008d80] [info] color_range:unknown color_space:unknown color_primaries:unknown color_trc:unknown
[Parsed_showinfo_1 @ 0xc49008d80] [info] n: 283 pts:    283 pts_time:9.442946 duration:      1 duration_time:0.0333673 fmt:yuv411p cl:topleft sar:8/9 s:720x480 i:B iskey:0 type:? checksum:6A90A843 plane_checksum:[A49385BE 63E89E0E 11EA8468] mean:[155 117 126] stdev:[50.7 18.2 8.9]
[Parsed_showinfo_1 @ 0xc49008d80] [info] color_range:unknown color_space:unknown color_primaries:unknown color_trc:unknown
[Parsed_showinfo_1 @ 0xc49008d80] [info] n: 284 pts:    284 pts_time:9.476313 duration:      1 duration_time:0.0333673 fmt:yuv411p cl:topleft sar:8/9 s:720x480 i:B iskey:0 type:? checksum:07835DF2 plane_checksum:[C72E435E 6BFF8F0E 8E978B77] mean:[155 117 126] stdev:[50.5 18.2 8.8]
[Parsed_showinfo_1 @ 0xc49008d80] [info] color_range:unknown color_space:unknown color_primaries:unknown color_trc:unknown
[Parsed_showinfo_1 @ 0xc49008d80] [info] n: 285 pts:    285 pts_time:9.50968 duration:      1 duration_time:0.0333673 fmt:yuv411p cl:topleft sar:8/9 s:720x480 i:B iskey:0 type:? checksum:524ED725 plane_checksum:[C1F3A886 5D9F9806 2DE8968A] mean:[155 117 126] stdev:[50.5 18.1 8.9]
[Parsed_showinfo_1 @ 0xc49008d80] [info] color_range:unknown color_space:unknown color_primaries:unknown color_trc:unknown
[Parsed_showinfo_1 @ 0xc49008d80] [info] n: 286 pts:    286 pts_time:9.543048 duration:      1 duration_time:0.0333673 fmt:yuv411p cl:topleft sar:8/9 s:720x480 i:B iskey:0 type:? checksum:F1729521 plane_checksum:[E976E506 871413CE ADF99C3E] mean:[155 118 126] stdev:[50.4 18.0 9.0]
[Parsed_showinfo_1 @ 0xc49008d80] [info] color_range:unknown color_space:unknown color_primaries:unknown color_trc:unknown
[Parsed_showinfo_1 @ 0xc49008d80] [info] n: 287 pts:    287 pts_time:9.576415 duration:      1 duration_time:0.0333673 fmt:yuv411p cl:topleft sar:8/9 s:720x480 i:B iskey:0 type:? checksum:8E043C5D plane_checksum:[8D905CF3 C2D266A7 0E9378B4] mean:[154 118 126] stdev:[50.3 18.1 9.1]
[Parsed_showinfo_1 @ 0xc49008d80] [info] color_range:unknown color_space:unknown color_primaries:unknown color_trc:unknown
[Parsed_showinfo_1 @ 0xc49008d80] [info] n: 288 pts:    288 pts_time:9.609782 duration:      1 duration_time:0.0333673 fmt:yuv411p cl:topleft sar:8/9 s:720x480 i:B iskey:0 type:? checksum:5EA8C427 plane_checksum:[C73E10AD B0468A7C FF1E28FE] mean:[154 118 126] stdev:[50.3 18.3 9.1]
[Parsed_showinfo_1 @ 0xc49008d80] [info] color_range:unknown color_space:unknown color_primaries:unknown color_trc:unknown
[Parsed_showinfo_1 @ 0xc49008d80] [info] n: 289 pts:    289 pts_time:9.64315 duration:      1 duration_time:0.0333673 fmt:yuv411p cl:topleft sar:8/9 s:720x480 i:B iskey:0 type:? checksum:466AD699 plane_checksum:[9C3C04B7 B3E0CC30 A7E005B2] mean:[154 118 126] stdev:[50.2 18.5 9.3]
[Parsed_showinfo_1 @ 0xc49008d80] [info] color_range:unknown color_space:unknown color_primaries:unknown color_trc:unknown
[Parsed_showinfo_1 @ 0xc49008d80] [info] n: 290 pts:    290 pts_time:9.676517 duration:      1 duration_time:0.0333673 fmt:yuv411p cl:topleft sar:8/9 s:720x480 i:B iskey:0 type:? checksum:01D91915 plane_checksum:[0E51FEA7 58B309CC B7FB1093] mean:[154 118 126] stdev:[50.4 18.6 9.4]
[Parsed_showinfo_1 @ 0xc49008d80] [info] color_range:unknown color_space:unknown color_primaries:unknown color_trc:unknown
[Parsed_showinfo_1 @ 0xc49008d80] [info] n: 291 pts:    291 pts_time:9.709884 duration:      1 duration_time:0.0333673 fmt:yuv411p cl:topleft sar:8/9 s:720x480 i:B iskey:0 type:? checksum:EB39DCB9 plane_checksum:[7FC7A973 47362653 594A0CF3] mean:[154 118 126] stdev:[50.4 18.8 9.4]
[Parsed_showinfo_1 @ 0xc49008d80] [info] color_range:unknown color_space:unknown color_primaries:unknown color_trc:unknown
[Parsed_showinfo_1 @ 0xc49008d80] [info] n: 292 pts:    292 pts_time:9.743252 duration:      1 duration_time:0.0333673 fmt:yuv411p cl:topleft sar:8/9 s:720x480 i:B iskey:0 type:? checksum:C4063E8C plane_checksum:[D31AD033 70077ED1 8597EF6A] mean:[154 119 126] stdev:[50.3 18.9 9.3]
[Parsed_showinfo_1 @ 0xc49008d80] [info] color_range:unknown color_space:unknown color_primaries:unknown color_trc:unknown
[Parsed_showinfo_1 @ 0xc49008d80] [info] n: 293 pts:    293 pts_time:9.776619 duration:      1 duration_time:0.0333673 fmt:yuv411p cl:topleft sar:8/9 s:720x480 i:B iskey:0 type:? checksum:8B9869BF plane_checksum:[DBFB0999 BE5D822B 4B47DDEC] mean:[155 119 126] stdev:[50.4 18.9 9.4]
[Parsed_showinfo_1 @ 0xc49008d80] [info] color_range:unknown color_space:unknown color_primaries:unknown color_trc:unknown
[Parsed_showinfo_1 @ 0xc49008d80] [info] n: 294 pts:    294 pts_time:9.809986 duration:      1 duration_time:0.0333673 fmt:yuv411p cl:topleft sar:8/9 s:720x480 i:B iskey:0 type:? checksum:7B52BC7A plane_checksum:[D14254A7 66DC8299 0C9DE52B] mean:[155 119 126] stdev:[50.2 19.0 9.4]
[Parsed_showinfo_1 @ 0xc49008d80] [info] color_range:unknown color_space:unknown color_primaries:unknown color_trc:unknown
[Parsed_showinfo_1 @ 0xc49008d80] [info] n: 295 pts:    295 pts_time:9.843354 duration:      1 duration_time:0.0333673 fmt:yuv411p cl:topleft sar:8/9 s:720x480 i:B iskey:0 type:? checksum:54DFB088 plane_checksum:[79A13271 0B50A08C 17DBDD7C] mean:[155 119 126] stdev:[50.2 18.7 9.4]
[Parsed_showinfo_1 @ 0xc49008d80] [info] color_range:unknown color_space:unknown color_primaries:unknown color_trc:unknown
[Parsed_showinfo_1 @ 0xc49008d80] [info] n: 296 pts:    296 pts_time:9.876721 duration:      1 duration_time:0.0333673 fmt:yuv411p cl:topleft sar:8/9 s:720x480 i:B iskey:0 type:? checksum:1D125C89 plane_checksum:[E0BEDA67 3EF1B3C7 E9D5CE3D] mean:[155 119 126] stdev:[50.2 18.8 9.4]
[Parsed_showinfo_1 @ 0xc49008d80] [info] color_range:unknown color_space:unknown color_primaries:unknown color_trc:unknown
[Parsed_showinfo_1 @ 0xc49008d80] [info] n: 297 pts:    297 pts_time:9.910088 duration:      1 duration_time:0.0333673 fmt:yuv411p cl:topleft sar:8/9 s:720x480 i:B iskey:0 type:? checksum:C3EE5492 plane_checksum:[27DEB505 E57ACEE7 0774D088] mean:[155 119 126] stdev:[50.3 19.0 9.5]
[Parsed_showinfo_1 @ 0xc49008d80] [info] color_range:unknown color_space:unknown color_primaries:unknown color_trc:unknown
[Parsed_showinfo_1 @ 0xc49008d80] [info] n: 298 pts:    298 pts_time:9.943455 duration:      1 duration_time:0.0333673 fmt:yuv411p cl:topleft sar:8/9 s:720x480 i:B iskey:0 type:? checksum:4DFC412A plane_checksum:[726C8F8E 8B32E898 5A9FC8E6] mean:[155 119 126] stdev:[50.3 19.1 9.5]
[Parsed_showinfo_1 @ 0xc49008d80] [info] color_range:unknown color_space:unknown color_primaries:unknown color_trc:unknown
[Parsed_showinfo_1 @ 0xc49008d80] [info] n: 299 pts:    299 pts_time:9.976823 duration:      1 duration_time:0.0333673 fmt:yuv411p cl:topleft sar:8/9 s:720x480 i:B iskey:0 type:? checksum:833A67E1 plane_checksum:[7D195C0E 213F3CCE 7978CEF6] mean:[155 119 126] stdev:[50.3 19.1 9.5]
[Parsed_showinfo_1 @ 0xc49008d80] [info] color_range:unknown color_space:unknown color_primaries:unknown color_trc:unknown
[Parsed_showinfo_1 @ 0xc49008d80] [info] n: 300 pts:    300 pts_time:10.01019 duration:      1 duration_time:0.0333673 fmt:yuv411p cl:topleft sar:8/9 s:720x480 i:B iskey:0 type:? checksum:B0EB0461 plane_checksum:[5EA7EE7D DB665A4D 879BBB79] mean:[155 119 126] stdev:[50.4 19.1 9.6]
[Parsed_showinfo_1 @ 0xc49008d80] [info] color_range:unknown color_space:unknown color_primaries:unknown color_trc:unknown
[Parsed_showinfo_1 @ 0xc49008d80] [info] n: 301 pts:    301 pts_time:10.043557 duration:      1 duration_time:0.0333673 fmt:yuv411p cl:topleft sar:8/9 s:720x480 i:B iskey:0 type:? checksum:F6B98E13 plane_checksum:[C9BF30CE FC9B9D8F 489BBFA7] mean:[155 120 126] stdev:[50.4 19.1 9.6]
[Parsed_showinfo_1 @ 0xc49008d80] [info] color_range:unknown color_space:unknown color_primaries:unknown color_trc:unknown
[Parsed_showinfo_1 @ 0xc49008d80] [info] n: 302 pts:    302 pts_time:10.076925 duration:      1 duration_time:0.0333673 fmt:yuv411p cl:topleft sar:8/9 s:720x480 i:B iskey:0 type:? checksum:DB543AE5 plane_checksum:[EB6D9D03 7BE1D5B4 F68CC810] mean:[156 120 126] stdev:[50.4 19.2 9.7]
[Parsed_showinfo_1 @ 0xc49008d80] [info] color_range:unknown color_space:unknown color_primaries:unknown color_trc:unknown
[Parsed_showinfo_1 @ 0xc49008d80] [info] n: 303 pts:    303 pts_time:10.110292 duration:      1 duration_time:0.0333673 fmt:yuv411p cl:topleft sar:8/9 s:720x480 i:B iskey:0 type:? checksum:001B4E8B plane_checksum:[D943B8A4 C8ABD455 F243C174] mean:[156 120 126] stdev:[50.4 19.4 9.8]
[Parsed_showinfo_1 @ 0xc49008d80] [info] color_range:unknown color_space:unknown color_primaries:unknown color_trc:unknown
[Parsed_showinfo_1 @ 0xc49008d80] [info] n: 304 pts:    304 pts_time:10.143659 duration:      1 duration_time:0.0333673 fmt:yuv411p cl:topleft sar:8/9 s:720x480 i:B iskey:0 type:? checksum:23D036DE plane_checksum:[DCDEABF8 01EBBE8E DBB9CC3A] mean:[156 120 126] stdev:[50.5 19.4 9.7]
[Parsed_showinfo_1 @ 0xc49008d80] [info] color_range:unknown color_space:unknown color_primaries:unknown color_trc:unknown
[Parsed_showinfo_1 @ 0xc49008d80] [info] n: 305 pts:    305 pts_time:10.177027 duration:      1 duration_time:0.0333673 fmt:yuv411p cl:topleft sar:8/9 s:720x480 i:B iskey:0 type:? checksum:78BF16FC plane_checksum:[042C8DD2 3486CC04 963BBD08] mean:[155 120 126] stdev:[50.4 19.4 9.6]
[Parsed_showinfo_1 @ 0xc49008d80] [info] color_range:unknown color_space:unknown color_primaries:unknown color_trc:unknown
[Parsed_showinfo_1 @ 0xc49008d80] [info] n: 306 pts:    306 pts_time:10.210394 duration:      1 duration_time:0.0333673 fmt:yuv411p cl:topleft sar:8/9 s:720x480 i:B iskey:0 type:? checksum:88D4D211 plane_checksum:[57B92D23 122BDC12 205DC8CD] mean:[155 120 126] stdev:[50.3 19.3 9.6]
[Parsed_showinfo_1 @ 0xc49008d80] [info] color_range:unknown color_space:unknown color_primaries:unknown color_trc:unknown
[Parsed_showinfo_1 @ 0xc49008d80] [info] n: 307 pts:    307 pts_time:10.243761 duration:      1 duration_time:0.0333673 fmt:yuv411p cl:topleft sar:8/9 s:720x480 i:B iskey:0 type:? checksum:715B1E12 plane_checksum:[E5C933F9 9BD91629 98C5D3E1] mean:[155 120 126] stdev:[50.4 19.1 9.5]
[Parsed_showinfo_1 @ 0xc49008d80] [info] color_range:unknown color_space:unknown color_primaries:unknown color_trc:unknown
[Parsed_showinfo_1 @ 0xc49008d80] [info] n: 308 pts:    308 pts_time:10.277128 duration:      1 duration_time:0.0333673 fmt:yuv411p cl:topleft sar:8/9 s:720x480 i:B iskey:0 type:? checksum:4A3AA061 plane_checksum:[2359667F C1F98640 F1A2B393] mean:[154 120 126] stdev:[50.3 19.1 9.5]
[Parsed_showinfo_1 @ 0xc49008d80] [info] color_range:unknown color_space:unknown color_primaries:unknown color_trc:unknown
[Parsed_showinfo_1 @ 0xc49008d80] [info] n: 309 pts:    309 pts_time:10.310496 duration:      1 duration_time:0.0333673 fmt:yuv411p cl:topleft sar:8/9 s:720x480 i:B iskey:0 type:? checksum:A3675425 plane_checksum:[AE5F844C D0101326 3B82BCA4] mean:[151 121 126] stdev:[50.7 18.8 9.4]
[Parsed_showinfo_1 @ 0xc49008d80] [info] color_range:unknown color_space:unknown color_primaries:unknown color_trc:unknown
[Parsed_showinfo_1 @ 0xc49008d80] [info] n: 310 pts:    310 pts_time:10.343863 duration:      1 duration_time:0.0333673 fmt:yuv411p cl:topleft sar:8/9 s:720x480 i:B iskey:0 type:? checksum:3C6FD86D plane_checksum:[06F7576F F63001D1 E1E67F2D] mean:[148 121 126] stdev:[51.6 18.5 9.4]
[Parsed_showinfo_1 @ 0xc49008d80] [info] color_range:unknown color_space:unknown color_primaries:unknown color_trc:unknown
[Parsed_showinfo_1 @ 0xc49008d80] [info] n: 311 pts:    311 pts_time:10.37723 duration:      1 duration_time:0.0333673 fmt:yuv411p cl:topleft sar:8/9 s:720x480 i:B iskey:0 type:? checksum:3FE1629C plane_checksum:[255ACB69 93ED66CA FC7C305A] mean:[143 122 125] stdev:[52.5 18.2 9.4]
[Parsed_showinfo_1 @ 0xc49008d80] [info] color_range:unknown color_space:unknown color_primaries:unknown color_trc:unknown
[Parsed_showinfo_1 @ 0xc49008d80] [info] n: 312 pts:    312 pts_time:10.410598 duration:      1 duration_time:0.0333673 fmt:yuv411p cl:topleft sar:8/9 s:720x480 i:B iskey:0 type:? checksum:FE5E8937 plane_checksum:[8E81A378 3035110F FCE6D4A1] mean:[138 124 125] stdev:[53.1 17.5 9.3]
[Parsed_showinfo_1 @ 0xc49008d80] [info] color_range:unknown color_space:unknown color_primaries:unknown color_trc:unknown
[Parsed_showinfo_1 @ 0xc49008d80] [info] n: 313 pts:    313 pts_time:10.443965 duration:      1 duration_time:0.0333673 fmt:yuv411p cl:topleft sar:8/9 s:720x480 i:B iskey:0 type:? checksum:0BE318D8 plane_checksum:[D6D34278 E5EF6A95 F5CC6BBC] mean:[133 125 125] stdev:[53.3 17.0 9.2]
[Parsed_showinfo_1 @ 0xc49008d80] [info] color_range:unknown color_space:unknown color_primaries:unknown color_trc:unknown
[Parsed_showinfo_1 @ 0xc49008d80] [info] n: 314 pts:    314 pts_time:10.477332 duration:      1 duration_time:0.0333673 fmt:yuv411p cl:topleft sar:8/9 s:720x480 i:B iskey:0 type:? checksum:C73F905F plane_checksum:[7B6B1241 63AD6C20 285011FE] mean:[127 125 124] stdev:[53.2 16.5 9.1]
[Parsed_showinfo_1 @ 0xc49008d80] [info] color_range:unknown color_space:unknown color_primaries:unknown color_trc:unknown
[Parsed_showinfo_1 @ 0xc49008d80] [info] n: 315 pts:    315 pts_time:10.5107 duration:      1 duration_time:0.0333673 fmt:yuv411p cl:topleft sar:8/9 s:720x480 i:B iskey:0 type:? checksum:E62070FC plane_checksum:[A913453A 9E5D5C94 B8D8CF1F] mean:[123 126 124] stdev:[52.6 16.1 9.0]
[Parsed_showinfo_1 @ 0xc49008d80] [info] color_range:unknown color_space:unknown color_primaries:unknown color_trc:unknown
[Parsed_showinfo_1 @ 0xc49008d80] [info] n: 316 pts:    316 pts_time:10.544067 duration:      1 duration_time:0.0333673 fmt:yuv411p cl:topleft sar:8/9 s:720x480 i:B iskey:0 type:? checksum:1C44F889 plane_checksum:[2498E99A F3217CD2 5D4A920E] mean:[119 127 124] stdev:[51.6 15.6 9.0]
[Parsed_showinfo_1 @ 0xc49008d80] [info] color_range:unknown color_space:unknown color_primaries:unknown color_trc:unknown
[Parsed_showinfo_1 @ 0xc49008d80] [info] n: 317 pts:    317 pts_time:10.577434 duration:      1 duration_time:0.0333673 fmt:yuv411p cl:topleft sar:8/9 s:720x480 i:B iskey:0 type:? checksum:384AE382 plane_checksum:[9C16CA3C 011CE093 002738A4] mean:[115 128 124] stdev:[50.3 14.8 9.0]
[Parsed_showinfo_1 @ 0xc49008d80] [info] color_range:unknown color_space:unknown color_primaries:unknown color_trc:unknown
[Parsed_showinfo_1 @ 0xc49008d80] [info] n: 318 pts:    318 pts_time:10.610801 duration:      1 duration_time:0.0333673 fmt:yuv411p cl:topleft sar:8/9 s:720x480 i:B iskey:0 type:? checksum:E5F8D80A plane_checksum:[F0B0138A DEE4C457 55450029] mean:[112 129 124] stdev:[49.2 14.4 9.1]
[Parsed_showinfo_1 @ 0xc49008d80] [info] color_range:unknown color_space:unknown color_primaries:unknown color_trc:unknown
[Parsed_showinfo_1 @ 0xc49008d80] [info] n: 319 pts:    319 pts_time:10.644169 duration:      1 duration_time:0.0333673 fmt:yuv411p cl:topleft sar:8/9 s:720x480 i:B iskey:0 type:? checksum:5B87B293 plane_checksum:[50CB4E08 17FC8EAE 60A1D5CE] mean:[110 129 123] stdev:[48.4 13.9 9.3]
[Parsed_showinfo_1 @ 0xc49008d80] [info] color_range:unknown color_space:unknown color_primaries:unknown color_trc:unknown
[Parsed_showinfo_1 @ 0xc49008d80] [info] n: 320 pts:    320 pts_time:10.677536 duration:      1 duration_time:0.0333673 fmt:yuv411p cl:topleft sar:8/9 s:720x480 i:B iskey:0 type:? checksum:8C527EDF plane_checksum:[DFE2D652 CA4F2568 0DB18316] mean:[109 130 123] stdev:[47.9 13.8 9.3]
[Parsed_showinfo_1 @ 0xc49008d80] [info] color_range:unknown color_space:unknown color_primaries:unknown color_trc:unknown
[Parsed_showinfo_1 @ 0xc49008d80] [info] n: 321 pts:    321 pts_time:10.710903 duration:      1 duration_time:0.0333673 fmt:yuv411p cl:topleft sar:8/9 s:720x480 i:B iskey:0 type:? checksum:C2FD3175 plane_checksum:[69411417 86DCC3D9 5BBE5976] mean:[108 130 123] stdev:[47.8 13.9 9.4]
[Parsed_showinfo_1 @ 0xc49008d80] [info] color_range:unknown color_space:unknown color_primaries:unknown color_trc:unknown
[Parsed_showinfo_1 @ 0xc49008d80] [info] n: 322 pts:    322 pts_time:10.744271 duration:      1 duration_time:0.0333673 fmt:yuv411p cl:topleft sar:8/9 s:720x480 i:B iskey:0 type:? checksum:9F09D96F plane_checksum:[D3AA6511 DD094009 ACF43455] mean:[107 131 123] stdev:[47.7 14.1 9.4]
[Parsed_showinfo_1 @ 0xc49008d80] [info] color_range:unknown color_space:unknown color_primaries:unknown color_trc:unknown
[Parsed_showinfo_1 @ 0xc49008d80] [info] n: 323 pts:    323 pts_time:10.777638 duration:      1 duration_time:0.0333673 fmt:yuv411p cl:topleft sar:8/9 s:720x480 i:B iskey:0 type:? checksum:10605F86 plane_checksum:[0985BD13 23FA72E1 10542F83] mean:[107 131 123] stdev:[47.8 14.3 9.5]
[Parsed_showinfo_1 @ 0xc49008d80] [info] color_range:unknown color_space:unknown color_primaries:unknown color_trc:unknown
[Parsed_showinfo_1 @ 0xc49008d80] [info] n: 324 pts:    324 pts_time:10.811005 duration:      1 duration_time:0.0333673 fmt:yuv411p cl:topleft sar:8/9 s:720x480 i:B iskey:0 type:? checksum:5EF5A8F5 plane_checksum:[9CF8DB89 0B4A9D60 56062FFD] mean:[107 131 123] stdev:[47.9 14.5 9.5]
[Parsed_showinfo_1 @ 0xc49008d80] [info] color_range:unknown color_space:unknown color_primaries:unknown color_trc:unknown
[Parsed_showinfo_1 @ 0xc49008d80] [info] n: 325 pts:    325 pts_time:10.844373 duration:      1 duration_time:0.0333673 fmt:yuv411p cl:topleft sar:8/9 s:720x480 i:B iskey:0 type:? checksum:A0A2C920 plane_checksum:[79B0E2B4 024EB170 A29334ED] mean:[107 131 123] stdev:[48.0 14.5 9.5]
[Parsed_showinfo_1 @ 0xc49008d80] [info] color_range:unknown color_space:unknown color_primaries:unknown color_trc:unknown
[Parsed_showinfo_1 @ 0xc49008d80] [info] n: 326 pts:    326 pts_time:10.87774 duration:      1 duration_time:0.0333673 fmt:yuv411p cl:topleft sar:8/9 s:720x480 i:B iskey:0 type:? checksum:49CF214A plane_checksum:[4EB80AB4 DDD0E369 5A23331E] mean:[108 131 123] stdev:[48.2 14.5 9.6]
[Parsed_showinfo_1 @ 0xc49008d80] [info] color_range:unknown color_space:unknown color_primaries:unknown color_trc:unknown
[Parsed_showinfo_1 @ 0xc49008d80] [info] n: 327 pts:    327 pts_time:10.911107 duration:      1 duration_time:0.0333673 fmt:yuv411p cl:topleft sar:8/9 s:720x480 i:B iskey:0 type:? checksum:3DB1C991 plane_checksum:[1674B17A 9ABCCE29 762D49DF] mean:[109 131 123] stdev:[48.5 14.4 9.6]
[Parsed_showinfo_1 @ 0xc49008d80] [info] color_range:unknown color_space:unknown color_primaries:unknown color_trc:unknown
[Parsed_showinfo_1 @ 0xc49008d80] [info] n: 328 pts:    328 pts_time:10.944474 duration:      1 duration_time:0.0333673 fmt:yuv411p cl:topleft sar:8/9 s:720x480 i:B iskey:0 type:? checksum:3FBD1BEA plane_checksum:[902600FD 9BA08C8E C49C8E50] mean:[109 131 123] stdev:[48.6 14.5 9.6]
[Parsed_showinfo_1 @ 0xc49008d80] [info] color_range:unknown color_space:unknown color_primaries:unknown color_trc:unknown
[Parsed_showinfo_1 @ 0xc49008d80] [info] n: 329 pts:    329 pts_time:10.977842 duration:      1 duration_time:0.0333673 fmt:yuv411p cl:topleft sar:8/9 s:720x480 i:B iskey:0 type:? checksum:F370C842 plane_checksum:[B1FA1E47 FB2B01F5 BD3BA806] mean:[111 130 123] stdev:[49.2 14.6 9.6]
[Parsed_showinfo_1 @ 0xc49008d80] [info] color_range:unknown color_space:unknown color_primaries:unknown color_trc:unknown
[Parsed_showinfo_1 @ 0xc49008d80] [info] n: 330 pts:    330 pts_time:11.011209 duration:      1 duration_time:0.0333673 fmt:yuv411p cl:topleft sar:8/9 s:720x480 i:B iskey:0 type:? checksum:389967A1 plane_checksum:[BFBB04F8 930C94E5 D086CDB5] mean:[113 130 123] stdev:[49.4 14.8 9.6]
[Parsed_showinfo_1 @ 0xc49008d80] [info] color_range:unknown color_space:unknown color_primaries:unknown color_trc:unknown
[Parsed_showinfo_1 @ 0xc49008d80] [info] n: 331 pts:    331 pts_time:11.044576 duration:      1 duration_time:0.0333673 fmt:yuv411p cl:topleft sar:8/9 s:720x480 i:B iskey:0 type:? checksum:A6695C24 plane_checksum:[8B3545CA F8FF4F5C CF8BC6EF] mean:[115 130 123] stdev:[49.6 15.0 9.6]
[Parsed_showinfo_1 @ 0xc49008d80] [info] color_range:unknown color_space:unknown color_primaries:unknown color_trc:unknown
[Parsed_showinfo_1 @ 0xc49008d80] [info] n: 332 pts:    332 pts_time:11.077944 duration:      1 duration_time:0.0333673 fmt:yuv411p cl:topleft sar:8/9 s:720x480 i:B iskey:0 type:? checksum:AF8743B4 plane_checksum:[6595A242 BDB1E628 EECFBB2C] mean:[116 130 123] stdev:[49.9 15.2 9.7]
[Parsed_showinfo_1 @ 0xc49008d80] [info] color_range:unknown color_space:unknown color_primaries:unknown color_trc:unknown
[Parsed_showinfo_1 @ 0xc49008d80] [info] n: 333 pts:    333 pts_time:11.111311 duration:      1 duration_time:0.0333673 fmt:yuv411p cl:topleft sar:8/9 s:720x480 i:B iskey:0 type:? checksum:EE74BCC8 plane_checksum:[06F2253F AF9CE747 604BB033] mean:[117 130 123] stdev:[50.1 15.4 9.6]
[Parsed_showinfo_1 @ 0xc49008d80] [info] color_range:unknown color_space:unknown color_primaries:unknown color_trc:unknown
[Parsed_showinfo_1 @ 0xc49008d80] [info] n: 334 pts:    334 pts_time:11.144678 duration:      1 duration_time:0.0333673 fmt:yuv411p cl:topleft sar:8/9 s:720x480 i:B iskey:0 type:? checksum:E1FBD541 plane_checksum:[61E505A3 3A2D2CEA A681A2B4] mean:[117 130 123] stdev:[50.2 15.3 9.8]
[Parsed_showinfo_1 @ 0xc49008d80] [info] color_range:unknown color_space:unknown color_primaries:unknown color_trc:unknown
[Parsed_showinfo_1 @ 0xc49008d80] [info] n: 335 pts:    335 pts_time:11.178046 duration:      1 duration_time:0.0333673 fmt:yuv411p cl:topleft sar:8/9 s:720x480 i:B iskey:0 type:? checksum:FEC04DF8 plane_checksum:[249CB2EC 433433A7 04AC6756] mean:[118 130 123] stdev:[50.4 15.6 9.7]
[Parsed_showinfo_1 @ 0xc49008d80] [info] color_range:unknown color_space:unknown color_primaries:unknown color_trc:unknown
[Parsed_showinfo_1 @ 0xc49008d80] [info] n: 336 pts:    336 pts_time:11.211413 duration:      1 duration_time:0.0333673 fmt:yuv411p cl:topleft sar:8/9 s:720x480 i:B iskey:0 type:? checksum:7AD5BAF9 plane_checksum:[9C6AFCCB 94E265F4 E95E582B] mean:[118 130 123] stdev:[50.4 15.7 9.9]
[Parsed_showinfo_1 @ 0xc49008d80] [info] color_range:unknown color_space:unknown color_primaries:unknown color_trc:unknown
[Parsed_showinfo_1 @ 0xc49008d80] [info] n: 337 pts:    337 pts_time:11.24478 duration:      1 duration_time:0.0333673 fmt:yuv411p cl:topleft sar:8/9 s:720x480 i:B iskey:0 type:? checksum:682C4DDD plane_checksum:[071F5803 8CDB9838 BA8A5D93] mean:[117 130 123] stdev:[50.2 15.8 9.7]
[Parsed_showinfo_1 @ 0xc49008d80] [info] color_range:unknown color_space:unknown color_primaries:unknown color_trc:unknown
[Parsed_showinfo_1 @ 0xc49008d80] [info] n: 338 pts:    338 pts_time:11.278147 duration:      1 duration_time:0.0333673 fmt:yuv411p cl:topleft sar:8/9 s:720x480 i:B iskey:0 type:? checksum:3EF9EB42 plane_checksum:[7933FCEB 4E119012 E4885E36] mean:[117 130 123] stdev:[50.3 15.8 9.8]
[Parsed_showinfo_1 @ 0xc49008d80] [info] color_range:unknown color_space:unknown color_primaries:unknown color_trc:unknown
[Parsed_showinfo_1 @ 0xc49008d80] [info] n: 339 pts:    339 pts_time:11.311515 duration:      1 duration_time:0.0333673 fmt:yuv411p cl:topleft sar:8/9 s:720x480 i:B iskey:0 type:? checksum:C35E8E0A plane_checksum:[829A8134 FA56C478 D0F3484F] mean:[117 130 123] stdev:[50.3 15.8 9.9]
[Parsed_showinfo_1 @ 0xc49008d80] [info] color_range:unknown color_space:unknown color_primaries:unknown color_trc:unknown
[Parsed_showinfo_1 @ 0xc49008d80] [info] n: 340 pts:    340 pts_time:11.344882 duration:      1 duration_time:0.0333673 fmt:yuv411p cl:topleft sar:8/9 s:720x480 i:B iskey:0 type:? checksum:3FABC1DC plane_checksum:[A5EA6594 2CAA0C7E 6A864FCA] mean:[117 130 123] stdev:[50.4 15.8 9.9]
[Parsed_showinfo_1 @ 0xc49008d80] [info] color_range:unknown color_space:unknown color_primaries:unknown color_trc:unknown
[Parsed_showinfo_1 @ 0xc49008d80] [info] n: 341 pts:    341 pts_time:11.378249 duration:      1 duration_time:0.0333673 fmt:yuv411p cl:topleft sar:8/9 s:720x480 i:B iskey:0 type:? checksum:7ECEF66C plane_checksum:[B4CA9878 E37E2306 D1033AEE] mean:[117 131 123] stdev:[50.6 15.7 10.0]
[Parsed_showinfo_1 @ 0xc49008d80] [info] color_range:unknown color_space:unknown color_primaries:unknown color_trc:unknown
[Parsed_showinfo_1 @ 0xc49008d80] [info] n: 342 pts:    342 pts_time:11.411617 duration:      1 duration_time:0.0333673 fmt:yuv411p cl:topleft sar:8/9 s:720x480 i:B iskey:0 type:? checksum:1FEC1570 plane_checksum:[018D77DE 9336709C 4DC92CE7] mean:[116 131 123] stdev:[50.9 15.8 10.1]
[Parsed_showinfo_1 @ 0xc49008d80] [info] color_range:unknown color_space:unknown color_primaries:unknown color_trc:unknown
[Parsed_showinfo_1 @ 0xc49008d80] [info] n: 343 pts:    343 pts_time:11.444984 duration:      1 duration_time:0.0333673 fmt:yuv411p cl:topleft sar:8/9 s:720x480 i:B iskey:0 type:? checksum:64260B68 plane_checksum:[937261E8 3C3E8D9A 43661BD7] mean:[117 131 123] stdev:[51.3 15.8 10.2]
[Parsed_showinfo_1 @ 0xc49008d80] [info] color_range:unknown color_space:unknown color_primaries:unknown color_trc:unknown
[Parsed_showinfo_1 @ 0xc49008d80] [info] n: 344 pts:    344 pts_time:11.478351 duration:      1 duration_time:0.0333673 fmt:yuv411p cl:topleft sar:8/9 s:720x480 i:B iskey:0 type:? checksum:3CB60A7A plane_checksum:[28F18854 E3D27FEA C19C022D] mean:[117 131 123] stdev:[51.3 15.9 10.2]
[Parsed_showinfo_1 @ 0xc49008d80] [info] color_range:unknown color_space:unknown color_primaries:unknown color_trc:unknown
[Parsed_showinfo_1 @ 0xc49008d80] [info] n: 345 pts:    345 pts_time:11.511719 duration:      1 duration_time:0.0333673 fmt:yuv411p cl:topleft sar:8/9 s:720x480 i:B iskey:0 type:? checksum:2911D6A5 plane_checksum:[69EA9668 90E26464 2073DBCA] mean:[117 131 123] stdev:[51.5 15.9 10.3]
[Parsed_showinfo_1 @ 0xc49008d80] [info] color_range:unknown color_space:unknown color_primaries:unknown color_trc:unknown
[Parsed_showinfo_1 @ 0xc49008d80] [info] n: 346 pts:    346 pts_time:11.545086 duration:      1 duration_time:0.0333673 fmt:yuv411p cl:topleft sar:8/9 s:720x480 i:B iskey:0 type:? checksum:285CF7AE plane_checksum:[35ADAA9D 57716EEB E449DE17] mean:[117 131 123] stdev:[51.4 15.8 10.4]
[Parsed_showinfo_1 @ 0xc49008d80] [info] color_range:unknown color_space:unknown color_primaries:unknown color_trc:unknown
[Parsed_showinfo_1 @ 0xc49008d80] [info] n: 347 pts:    347 pts_time:11.578453 duration:      1 duration_time:0.0333673 fmt:yuv411p cl:topleft sar:8/9 s:720x480 i:B iskey:0 type:? checksum:FAB8AD59 plane_checksum:[BF130C2B A4BCCBB1 BDFBD56E] mean:[117 131 123] stdev:[51.2 15.8 10.4]
[Parsed_showinfo_1 @ 0xc49008d80] [info] color_range:unknown color_space:unknown color_primaries:unknown color_trc:unknown
[Parsed_showinfo_1 @ 0xc49008d80] [info] n: 348 pts:    348 pts_time:11.61182 duration:      1 duration_time:0.0333673 fmt:yuv411p cl:topleft sar:8/9 s:720x480 i:B iskey:0 type:? checksum:7C43D091 plane_checksum:[80DE29DE E3D9D147 FF30D55D] mean:[116 131 123] stdev:[51.0 15.7 10.5]
[Parsed_showinfo_1 @ 0xc49008d80] [info] color_range:unknown color_space:unknown color_primaries:unknown color_trc:unknown
[Parsed_showinfo_1 @ 0xc49008d80] [info] n: 349 pts:    349 pts_time:11.645188 duration:      1 duration_time:0.0333673 fmt:yuv411p cl:topleft sar:8/9 s:720x480 i:B iskey:0 type:? checksum:7CE45CB2 plane_checksum:[950AC51B E1AEF264 CF24A515] mean:[116 131 123] stdev:[50.6 15.7 10.5]
[Parsed_showinfo_1 @ 0xc49008d80] [info] color_range:unknown color_space:unknown color_primaries:unknown color_trc:unknown
[Parsed_showinfo_1 @ 0xc49008d80] [info] n: 350 pts:    350 pts_time:11.678555 duration:      1 duration_time:0.0333673 fmt:yuv411p cl:topleft sar:8/9 s:720x480 i:B iskey:0 type:? checksum:756836C2 plane_checksum:[B00150E1 F7B64B13 B1909ABF] mean:[115 131 123] stdev:[50.2 15.6 10.4]
[Parsed_showinfo_1 @ 0xc49008d80] [info] color_range:unknown color_space:unknown color_primaries:unknown color_trc:unknown
[Parsed_showinfo_1 @ 0xc49008d80] [info] n: 351 pts:    351 pts_time:11.711922 duration:      1 duration_time:0.0333673 fmt:yuv411p cl:topleft sar:8/9 s:720x480 i:B iskey:0 type:? checksum:B528EFEB plane_checksum:[6A9CA152 6605BC04 F3BA9286] mean:[115 132 123] stdev:[49.8 15.4 10.2]
[Parsed_showinfo_1 @ 0xc49008d80] [info] color_range:unknown color_space:unknown color_primaries:unknown color_trc:unknown
[Parsed_showinfo_1 @ 0xc49008d80] [info] n: 352 pts:    352 pts_time:11.74529 duration:      1 duration_time:0.0333673 fmt:yuv411p cl:topleft sar:8/9 s:720x480 i:B iskey:0 type:? checksum:C399C14B plane_checksum:[70477A74 2371EB6A F8235B5E] mean:[114 132 122] stdev:[49.4 15.3 10.3]
[Parsed_showinfo_1 @ 0xc49008d80] [info] color_range:unknown color_space:unknown color_primaries:unknown color_trc:unknown
[Parsed_showinfo_1 @ 0xc49008d80] [info] n: 353 pts:    353 pts_time:11.778657 duration:      1 duration_time:0.0333673 fmt:yuv411p cl:topleft sar:8/9 s:720x480 i:B iskey:0 type:? checksum:84E384C8 plane_checksum:[FE2310A0 C1EA4707 1BA92D21] mean:[114 132 122] stdev:[49.1 15.2 10.4]
[Parsed_showinfo_1 @ 0xc49008d80] [info] color_range:unknown color_space:unknown color_primaries:unknown color_trc:unknown
[Parsed_showinfo_1 @ 0xc49008d80] [info] n: 354 pts:    354 pts_time:11.812024 duration:      1 duration_time:0.0333673 fmt:yuv411p cl:topleft sar:8/9 s:720x480 i:B iskey:0 type:? checksum:C63C873E plane_checksum:[4B5BC400 E6DDC7A0 6DACFB80] mean:[114 133 122] stdev:[48.9 15.1 10.5]
[Parsed_showinfo_1 @ 0xc49008d80] [info] color_range:unknown color_space:unknown color_primaries:unknown color_trc:unknown
[Parsed_showinfo_1 @ 0xc49008d80] [info] n: 355 pts:    355 pts_time:11.845392 duration:      1 duration_time:0.0333673 fmt:yuv411p cl:topleft sar:8/9 s:720x480 i:B iskey:0 type:? checksum:2294F84E plane_checksum:[6C1EE252 374555AB C0EBC042] mean:[114 133 122] stdev:[48.5 15.2 10.5]
[Parsed_showinfo_1 @ 0xc49008d80] [info] color_range:unknown color_space:unknown color_primaries:unknown color_trc:unknown
[Parsed_showinfo_1 @ 0xc49008d80] [info] n: 356 pts:    356 pts_time:11.878759 duration:      1 duration_time:0.0333673 fmt:yuv411p cl:topleft sar:8/9 s:720x480 i:B iskey:0 type:? checksum:DACC4AE1 plane_checksum:[4FB7C6D6 700A00F1 52FE830B] mean:[114 133 122] stdev:[48.3 15.2 10.7]
[Parsed_showinfo_1 @ 0xc49008d80] [info] color_range:unknown color_space:unknown color_primaries:unknown color_trc:unknown
[Parsed_showinfo_1 @ 0xc49008d80] [info] n: 357 pts:    357 pts_time:11.912126 duration:      1 duration_time:0.0333673 fmt:yuv411p cl:topleft sar:8/9 s:720x480 i:B iskey:0 type:? checksum:5CCFB6FD plane_checksum:[A1FEDE52 6B32CBA5 FAFF0CF7] mean:[114 134 121] stdev:[48.0 15.2 10.8]
[Parsed_showinfo_1 @ 0xc49008d80] [info] color_range:unknown color_space:unknown color_primaries:unknown color_trc:unknown
[Parsed_showinfo_1 @ 0xc49008d80] [info] n: 358 pts:    358 pts_time:11.945493 duration:      1 duration_time:0.0333673 fmt:yuv411p cl:topleft sar:8/9 s:720x480 i:B iskey:0 type:? checksum:156A5114 plane_checksum:[68D31087 64F9788D 90BDC7F1] mean:[114 135 121] stdev:[47.8 15.2 10.9]
[Parsed_showinfo_1 @ 0xc49008d80] [info] color_range:unknown color_space:unknown color_primaries:unknown color_trc:unknown
[Parsed_showinfo_1 @ 0xc49008d80] [info] n: 359 pts:    359 pts_time:11.978861 duration:      1 duration_time:0.0333673 fmt:yuv411p cl:topleft sar:8/9 s:720x480 i:B iskey:0 type:? checksum:91A6684D plane_checksum:[C657E2E2 9A470550 DA68800C] mean:[115 135 121] stdev:[47.8 15.4 11.0]
[Parsed_showinfo_1 @ 0xc49008d80] [info] color_range:unknown color_space:unknown color_primaries:unknown color_trc:unknown
[Parsed_showinfo_1 @ 0xc49008d80] [info] n: 360 pts:    360 pts_time:12.012228 duration:      1 duration_time:0.0333673 fmt:yuv411p cl:topleft sar:8/9 s:720x480 i:B iskey:0 type:? checksum:038972D3 plane_checksum:[2DEDF1FF 89D261F1 BE9B1ED4] mean:[115 135 121] stdev:[47.8 15.5 11.0]
[Parsed_showinfo_1 @ 0xc49008d80] [info] color_range:unknown color_space:unknown color_primaries:unknown color_trc:unknown
[Parsed_showinfo_1 @ 0xc49008d80] [info] n: 361 pts:    361 pts_time:12.045595 duration:      1 duration_time:0.0333673 fmt:yuv411p cl:topleft sar:8/9 s:720x480 i:B iskey:0 type:? checksum:8C237A6E plane_checksum:[1417DAE3 E35BBE1C 9E29E151] mean:[116 136 120] stdev:[47.9 15.6 11.0]
[Parsed_showinfo_1 @ 0xc49008d80] [info] color_range:unknown color_space:unknown color_primaries:unknown color_trc:unknown
[Parsed_showinfo_1 @ 0xc49008d80] [info] n: 362 pts:    362 pts_time:12.078963 duration:      1 duration_time:0.0333673 fmt:yuv411p cl:topleft sar:8/9 s:720x480 i:B iskey:0 type:? checksum:D8306CC9 plane_checksum:[5C689521 8339507C 380E871D] mean:[117 136 120] stdev:[48.1 15.7 11.0]
[Parsed_showinfo_1 @ 0xc49008d80] [info] color_range:unknown color_space:unknown color_primaries:unknown color_trc:unknown
[Parsed_showinfo_1 @ 0xc49008d80] [info] n: 363 pts:    363 pts_time:12.11233 duration:      1 duration_time:0.0333673 fmt:yuv411p cl:topleft sar:8/9 s:720x480 i:B iskey:0 type:? checksum:F90C9F05 plane_checksum:[0DE15D88 ADADE794 AECA59DA] mean:[117 136 120] stdev:[48.2 15.7 11.2]
[Parsed_showinfo_1 @ 0xc49008d80] [info] color_range:unknown color_space:unknown color_primaries:unknown color_trc:unknown
[Parsed_showinfo_1 @ 0xc49008d80] [info] n: 364 pts:    364 pts_time:12.145697 duration:      1 duration_time:0.0333673 fmt:yuv411p cl:topleft sar:8/9 s:720x480 i:B iskey:0 type:? checksum:5477CDD1 plane_checksum:[E4B952BC 9E197098 3D820A7D] mean:[118 137 120] stdev:[48.4 15.6 11.2]
[Parsed_showinfo_1 @ 0xc49008d80] [info] color_range:unknown color_space:unknown color_primaries:unknown color_trc:unknown
[Parsed_showinfo_1 @ 0xc49008d80] [info] n: 365 pts:    365 pts_time:12.179065 duration:      1 duration_time:0.0333673 fmt:yuv411p cl:topleft sar:8/9 s:720x480 i:B iskey:0 type:? checksum:87741BED plane_checksum:[AD9E97C5 7E0AB0D4 511ED336] mean:[118 137 120] stdev:[48.6 15.4 11.3]
[Parsed_showinfo_1 @ 0xc49008d80] [info] color_range:unknown color_space:unknown color_primaries:unknown color_trc:unknown
[Parsed_showinfo_1 @ 0xc49008d80] [info] n: 366 pts:    366 pts_time:12.212432 duration:      1 duration_time:0.0333673 fmt:yuv411p cl:topleft sar:8/9 s:720x480 i:B iskey:0 type:? checksum:2B52FB99 plane_checksum:[81D998CA F4A2CB07 101697B9] mean:[118 137 120] stdev:[48.7 15.1 11.3]
[Parsed_showinfo_1 @ 0xc49008d80] [info] color_range:unknown color_space:unknown color_primaries:unknown color_trc:unknown
[Parsed_showinfo_1 @ 0xc49008d80] [info] n: 367 pts:    367 pts_time:12.245799 duration:      1 duration_time:0.0333673 fmt:yuv411p cl:topleft sar:8/9 s:720x480 i:B iskey:0 type:? checksum:5139DAAF plane_checksum:[E8AA0085 34704BF6 C0FA8E34] mean:[118 137 119] stdev:[48.7 15.0 11.3]
[Parsed_showinfo_1 @ 0xc49008d80] [info] color_range:unknown color_space:unknown color_primaries:unknown color_trc:unknown
[Parsed_showinfo_1 @ 0xc49008d80] [info] n: 368 pts:    368 pts_time:12.279166 duration:      1 duration_time:0.0333673 fmt:yuv411p cl:topleft sar:8/9 s:720x480 i:B iskey:0 type:? checksum:3CCA5ABC plane_checksum:[208036B8 1DC9DF60 0F7F4495] mean:[120 138 119] stdev:[49.5 15.0 11.4]
[Parsed_showinfo_1 @ 0xc49008d80] [info] color_range:unknown color_space:unknown color_primaries:unknown color_trc:unknown
[Parsed_showinfo_1 @ 0xc49008d80] [info] n: 369 pts:    369 pts_time:12.312534 duration:      1 duration_time:0.0333673 fmt:yuv411p cl:topleft sar:8/9 s:720x480 i:B iskey:0 type:? checksum:C31B3A42 plane_checksum:[392CB796 3B9C343B 9C104E62] mean:[121 138 119] stdev:[50.4 14.9 11.4]
[Parsed_showinfo_1 @ 0xc49008d80] [info] color_range:unknown color_space:unknown color_primaries:unknown color_trc:unknown
[Parsed_showinfo_1 @ 0xc49008d80] [info] n: 370 pts:    370 pts_time:12.345901 duration:      1 duration_time:0.0333673 fmt:yuv411p cl:topleft sar:8/9 s:720x480 i:B iskey:0 type:? checksum:F113774A plane_checksum:[00CEA52A 5907C7E4 CB8C0A2D] mean:[123 139 119] stdev:[51.1 14.9 11.3]
[Parsed_showinfo_1 @ 0xc49008d80] [info] color_range:unknown color_space:unknown color_primaries:unknown color_trc:unknown
[Parsed_showinfo_1 @ 0xc49008d80] [info] n: 371 pts:    371 pts_time:12.379268 duration:      1 duration_time:0.0333673 fmt:yuv411p cl:topleft sar:8/9 s:720x480 i:B iskey:0 type:? checksum:B3F57B04 plane_checksum:[088640A7 EE4A5A67 A3CEDFE7] mean:[124 139 119] stdev:[51.8 14.8 11.4]
[Parsed_showinfo_1 @ 0xc49008d80] [info] color_range:unknown color_space:unknown color_primaries:unknown color_trc:unknown
[Parsed_showinfo_1 @ 0xc49008d80] [info] n: 372 pts:    372 pts_time:12.412636 duration:      1 duration_time:0.0333673 fmt:yuv411p cl:topleft sar:8/9 s:720x480 i:B iskey:0 type:? checksum:C12BB5A0 plane_checksum:[98B22E9D 697FE343 3038A3B1] mean:[124 139 119] stdev:[52.1 14.6 11.5]
[Parsed_showinfo_1 @ 0xc49008d80] [info] color_range:unknown color_space:unknown color_primaries:unknown color_trc:unknown
[Parsed_showinfo_1 @ 0xc49008d80] [info] n: 373 pts:    373 pts_time:12.446003 duration:      1 duration_time:0.0333673 fmt:yuv411p cl:topleft sar:8/9 s:720x480 i:B iskey:0 type:? checksum:E307400C plane_checksum:[1AD18C04 DFFE4239 75D071C0] mean:[125 140 119] stdev:[52.4 14.6 11.4]
[Parsed_showinfo_1 @ 0xc49008d80] [info] color_range:unknown color_space:unknown color_primaries:unknown color_trc:unknown
[Parsed_showinfo_1 @ 0xc49008d80] [info] n: 374 pts:    374 pts_time:12.47937 duration:      1 duration_time:0.0333673 fmt:yuv411p cl:topleft sar:8/9 s:720x480 i:B iskey:0 type:? checksum:A81407D6 plane_checksum:[FA02042F 0A8CB37A DBEB501E] mean:[125 140 119] stdev:[52.7 15.1 11.4]
[Parsed_showinfo_1 @ 0xc49008d80] [info] color_range:unknown color_space:unknown color_primaries:unknown color_trc:unknown
[Parsed_showinfo_1 @ 0xc49008d80] [info] n: 375 pts:    375 pts_time:12.512738 duration:      1 duration_time:0.0333673 fmt:yuv411p cl:topleft sar:8/9 s:720x480 i:B iskey:0 type:? checksum:A1C5828B plane_checksum:[3167F30C 8DEB34B7 5A555AB9] mean:[126 140 119] stdev:[52.9 15.3 11.4]
[Parsed_showinfo_1 @ 0xc49008d80] [info] color_range:unknown color_space:unknown color_primaries:unknown color_trc:unknown
[Parsed_showinfo_1 @ 0xc49008d80] [info] n: 376 pts:    376 pts_time:12.546105 duration:      1 duration_time:0.0333673 fmt:yuv411p cl:topleft sar:8/9 s:720x480 i:B iskey:0 type:? checksum:7CF32D7F plane_checksum:[8E486A65 640586FE 7F823C0D] mean:[126 141 118] stdev:[52.9 15.4 11.3]
[Parsed_showinfo_1 @ 0xc49008d80] [info] color_range:unknown color_space:unknown color_primaries:unknown color_trc:unknown
[Parsed_showinfo_1 @ 0xc49008d80] [info] n: 377 pts:    377 pts_time:12.579472 duration:      1 duration_time:0.0333673 fmt:yuv411p cl:topleft sar:8/9 s:720x480 i:B iskey:0 type:? checksum:BB97BDEC plane_checksum:[2AB5A3E7 6824E843 792831B3] mean:[126 141 118] stdev:[52.8 15.5 11.5]
[Parsed_showinfo_1 @ 0xc49008d80] [info] color_range:unknown color_space:unknown color_primaries:unknown color_trc:unknown
[Parsed_showinfo_1 @ 0xc49008d80] [info] n: 378 pts:    378 pts_time:12.612839 duration:      1 duration_time:0.0333673 fmt:yuv411p cl:topleft sar:8/9 s:720x480 i:B iskey:0 type:? checksum:F2AB6BF9 plane_checksum:[E4523AED C4901E04 AFE71308] mean:[127 141 118] stdev:[52.9 15.8 11.7]
[Parsed_showinfo_1 @ 0xc49008d80] [info] color_range:unknown color_space:unknown color_primaries:unknown color_trc:unknown
[Parsed_showinfo_1 @ 0xc49008d80] [info] n: 379 pts:    379 pts_time:12.646207 duration:      1 duration_time:0.0333673 fmt:yuv411p cl:topleft sar:8/9 s:720x480 i:B iskey:0 type:? checksum:F661ACF7 plane_checksum:[6ADE8236 FC570453 4BF9266E] mean:[127 141 118] stdev:[52.7 16.0 11.6]
[Parsed_showinfo_1 @ 0xc49008d80] [info] color_range:unknown color_space:unknown color_primaries:unknown color_trc:unknown
[Parsed_showinfo_1 @ 0xc49008d80] [info] n: 380 pts:    380 pts_time:12.679574 duration:      1 duration_time:0.0333673 fmt:yuv411p cl:topleft sar:8/9 s:720x480 i:B iskey:0 type:? checksum:9F3E43ED plane_checksum:[8B45ECBF A7391906 E2113E19] mean:[127 141 118] stdev:[52.7 15.9 11.6]
[Parsed_showinfo_1 @ 0xc49008d80] [info] color_range:unknown color_space:unknown color_primaries:unknown color_trc:unknown
[Parsed_showinfo_1 @ 0xc49008d80] [info] n: 381 pts:    381 pts_time:12.712941 duration:      1 duration_time:0.0333673 fmt:yuv411p cl:topleft sar:8/9 s:720x480 i:B iskey:0 type:? checksum:6CB87705 plane_checksum:[DD29F96E 525B0EA6 ACFA6EE2] mean:[127 141 119] stdev:[52.5 16.0 11.6]
[Parsed_showinfo_1 @ 0xc49008d80] [info] color_range:unknown color_space:unknown color_primaries:unknown color_trc:unknown
[Parsed_showinfo_1 @ 0xc49008d80] [info] n: 382 pts:    382 pts_time:12.746309 duration:      1 duration_time:0.0333673 fmt:yuv411p cl:topleft sar:8/9 s:720x480 i:B iskey:0 type:? checksum:13EDCB21 plane_checksum:[5589242E D15081E3 3E172510] mean:[127 141 118] stdev:[52.4 16.2 11.7]
[Parsed_showinfo_1 @ 0xc49008d80] [info] color_range:unknown color_space:unknown color_primaries:unknown color_trc:unknown
[Parsed_showinfo_1 @ 0xc49008d80] [info] n: 383 pts:    383 pts_time:12.779676 duration:      1 duration_time:0.0333673 fmt:yuv411p cl:topleft sar:8/9 s:720x480 i:B iskey:0 type:? checksum:8F095477 plane_checksum:[E8D1892F B628A480 5A3926B9] mean:[128 141 118] stdev:[52.4 16.2 11.7]
[Parsed_showinfo_1 @ 0xc49008d80] [info] color_range:unknown color_space:unknown color_primaries:unknown color_trc:unknown
[Parsed_showinfo_1 @ 0xc49008d80] [info] n: 384 pts:    384 pts_time:12.813043 duration:      1 duration_time:0.0333673 fmt:yuv411p cl:topleft sar:8/9 s:720x480 i:B iskey:0 type:? checksum:74A9EFAC plane_checksum:[2411F723 8BF8BCC8 08D83BB2] mean:[128 141 118] stdev:[52.2 16.2 11.6]
[Parsed_showinfo_1 @ 0xc49008d80] [info] color_range:unknown color_space:unknown color_primaries:unknown color_trc:unknown
[Parsed_showinfo_1 @ 0xc49008d80] [info] n: 385 pts:    385 pts_time:12.846411 duration:      1 duration_time:0.0333673 fmt:yuv411p cl:topleft sar:8/9 s:720x480 i:B iskey:0 type:? checksum:D8B0A38A plane_checksum:[867B8A3A 0AC1C9C3 D1DF4F7E] mean:[128 141 119] stdev:[52.3 16.3 11.6]
[Parsed_showinfo_1 @ 0xc49008d80] [info] color_range:unknown color_space:unknown color_primaries:unknown color_trc:unknown
[Parsed_showinfo_1 @ 0xc49008d80] [info] n: 386 pts:    386 pts_time:12.879778 duration:      1 duration_time:0.0333673 fmt:yuv411p cl:topleft sar:8/9 s:720x480 i:B iskey:0 type:? checksum:DD33485E plane_checksum:[164BCE23 D2790775 7DAB72B7] mean:[129 141 119] stdev:[52.0 16.4 11.7]
[Parsed_showinfo_1 @ 0xc49008d80] [info] color_range:unknown color_space:unknown color_primaries:unknown color_trc:unknown
[Parsed_showinfo_1 @ 0xc49008d80] [info] n: 387 pts:    387 pts_time:12.913145 duration:      1 duration_time:0.0333673 fmt:yuv411p cl:topleft sar:8/9 s:720x480 i:B iskey:0 type:? checksum:DE486784 plane_checksum:[D21FD021 C1D64481 C13152D3] mean:[129 141 119] stdev:[52.0 16.4 11.5]
[Parsed_showinfo_1 @ 0xc49008d80] [info] color_range:unknown color_space:unknown color_primaries:unknown color_trc:unknown
[Parsed_showinfo_1 @ 0xc49008d80] [info] n: 388 pts:    388 pts_time:12.946512 duration:      1 duration_time:0.0333673 fmt:yuv411p cl:topleft sar:8/9 s:720x480 i:B iskey:0 type:? checksum:E7DF2CCB plane_checksum:[E09A8846 41C94EE2 19375594] mean:[130 141 119] stdev:[51.7 16.6 11.5]
[Parsed_showinfo_1 @ 0xc49008d80] [info] color_range:unknown color_space:unknown color_primaries:unknown color_trc:unknown
[Parsed_showinfo_1 @ 0xc49008d80] [info] n: 389 pts:    389 pts_time:12.97988 duration:      1 duration_time:0.0333673 fmt:yuv411p cl:topleft sar:8/9 s:720x480 i:B iskey:0 type:? checksum:7D3C38D4 plane_checksum:[A27BA0D8 35333CFE AF1F5AEF] mean:[131 141 119] stdev:[51.4 16.7 11.5]
[Parsed_showinfo_1 @ 0xc49008d80] [info] color_range:unknown color_space:unknown color_primaries:unknown color_trc:unknown
[Parsed_showinfo_1 @ 0xc49008d80] [info] n: 390 pts:    390 pts_time:13.013247 duration:      1 duration_time:0.0333673 fmt:yuv411p cl:topleft sar:8/9 s:720x480 i:B iskey:0 type:? checksum:7737D4A4 plane_checksum:[DD1E986C 755C1596 E6E226A2] mean:[132 141 118] stdev:[51.2 16.8 11.6]
[Parsed_showinfo_1 @ 0xc49008d80] [info] color_range:unknown color_space:unknown color_primaries:unknown color_trc:unknown
[Parsed_showinfo_1 @ 0xc49008d80] [info] n: 391 pts:    391 pts_time:13.046614 duration:      1 duration_time:0.0333673 fmt:yuv411p cl:topleft sar:8/9 s:720x480 i:B iskey:0 type:? checksum:FDC0501A plane_checksum:[AF54D33A 12AF3D16 705D3FBB] mean:[133 141 118] stdev:[51.0 16.5 11.7]
[Parsed_showinfo_1 @ 0xc49008d80] [info] color_range:unknown color_space:unknown color_primaries:unknown color_trc:unknown
[Parsed_showinfo_1 @ 0xc49008d80] [info] n: 392 pts:    392 pts_time:13.079982 duration:      1 duration_time:0.0333673 fmt:yuv411p cl:topleft sar:8/9 s:720x480 i:B iskey:0 type:? checksum:7C4473E3 plane_checksum:[29E11934 53603538 8D492577] mean:[134 141 118] stdev:[50.7 16.5 11.6]
[Parsed_showinfo_1 @ 0xc49008d80] [info] color_range:unknown color_space:unknown color_primaries:unknown color_trc:unknown
[Parsed_showinfo_1 @ 0xc49008d80] [info] n: 393 pts:    393 pts_time:13.113349 duration:      1 duration_time:0.0333673 fmt:yuv411p cl:topleft sar:8/9 s:720x480 i:B iskey:0 type:? checksum:4CF6EACE plane_checksum:[6DC5D23F E3BA0AD2 B00A0DBD] mean:[135 141 118] stdev:[50.3 16.6 11.9]
[Parsed_showinfo_1 @ 0xc49008d80] [info] color_range:unknown color_space:unknown color_primaries:unknown color_trc:unknown
[Parsed_showinfo_1 @ 0xc49008d80] [info] n: 394 pts:    394 pts_time:13.146716 duration:      1 duration_time:0.0333673 fmt:yuv411p cl:topleft sar:8/9 s:720x480 i:B iskey:0 type:? checksum:95EC1EBC plane_checksum:[CAFD5920 5594F0EB E1AAD493] mean:[136 141 118] stdev:[49.9 17.0 11.8]
[Parsed_showinfo_1 @ 0xc49008d80] [info] color_range:unknown color_space:unknown color_primaries:unknown color_trc:unknown
[Parsed_showinfo_1 @ 0xc49008d80] [info] n: 395 pts:    395 pts_time:13.180084 duration:      1 duration_time:0.0333673 fmt:yuv411p cl:topleft sar:8/9 s:720x480 i:B iskey:0 type:? checksum:588D993C plane_checksum:[6D3CA2F5 6B4D19A4 A13ADC94] mean:[137 141 118] stdev:[49.5 17.2 12.0]
[Parsed_showinfo_1 @ 0xc49008d80] [info] color_range:unknown color_space:unknown color_primaries:unknown color_trc:unknown
[Parsed_showinfo_1 @ 0xc49008d80] [info] n: 396 pts:    396 pts_time:13.213451 duration:      1 duration_time:0.0333673 fmt:yuv411p cl:topleft sar:8/9 s:720x480 i:B iskey:0 type:? checksum:4DAED383 plane_checksum:[EC6FA0EC 18AE5FB4 F36DD2D4] mean:[137 141 118] stdev:[49.2 17.3 11.9]
[Parsed_showinfo_1 @ 0xc49008d80] [info] color_range:unknown color_space:unknown color_primaries:unknown color_trc:unknown
[Parsed_showinfo_1 @ 0xc49008d80] [info] n: 397 pts:    397 pts_time:13.246818 duration:      1 duration_time:0.0333673 fmt:yuv411p cl:topleft sar:8/9 s:720x480 i:B iskey:0 type:? checksum:D9530572 plane_checksum:[FE38D4FC 7F38357C E241FADC] mean:[137 141 118] stdev:[48.7 17.4 11.9]
[Parsed_showinfo_1 @ 0xc49008d80] [info] color_range:unknown color_space:unknown color_primaries:unknown color_trc:unknown
[Parsed_showinfo_1 @ 0xc49008d80] [info] n: 398 pts:    398 pts_time:13.280185 duration:      1 duration_time:0.0333673 fmt:yuv411p cl:topleft sar:8/9 s:720x480 i:B iskey:0 type:? checksum:E7F32489 plane_checksum:[C1520B81 57FFF61D A4E422DC] mean:[138 141 118] stdev:[48.8 17.5 11.9]
[Parsed_showinfo_1 @ 0xc49008d80] [info] color_range:unknown color_space:unknown color_primaries:unknown color_trc:unknown
[Parsed_showinfo_1 @ 0xc49008d80] [info] n: 399 pts:    399 pts_time:13.313553 duration:      1 duration_time:0.0333673 fmt:yuv411p cl:topleft sar:8/9 s:720x480 i:B iskey:0 type:? checksum:39408441 plane_checksum:[A0479D5E AE5BBE32 221428A2] mean:[138 141 118] stdev:[48.8 17.6 11.8]
[Parsed_showinfo_1 @ 0xc49008d80] [info] color_range:unknown color_space:unknown color_primaries:unknown color_trc:unknown
[Parsed_showinfo_1 @ 0xc49008d80] [info] n: 400 pts:    400 pts_time:13.34692 duration:      1 duration_time:0.0333673 fmt:yuv411p cl:topleft sar:8/9 s:720x480 i:B iskey:0 type:? checksum:74186BCA plane_checksum:[223D3CB2 5AE4D056 C5F45EB3] mean:[138 141 119] stdev:[48.4 17.5 11.9]
[Parsed_showinfo_1 @ 0xc49008d80] [info] color_range:unknown color_space:unknown color_primaries:unknown color_trc:unknown
[Parsed_showinfo_1 @ 0xc49008d80] [info] n: 401 pts:    401 pts_time:13.380287 duration:      1 duration_time:0.0333673 fmt:yuv411p cl:topleft sar:8/9 s:720x480 i:B iskey:0 type:? checksum:8C36BE98 plane_checksum:[7547448E AD3F00C8 AC267942] mean:[138 141 119] stdev:[48.3 18.0 11.9]
[Parsed_showinfo_1 @ 0xc49008d80] [info] color_range:unknown color_space:unknown color_primaries:unknown color_trc:unknown
[Parsed_showinfo_1 @ 0xc49008d80] [info] n: 402 pts:    402 pts_time:13.413655 duration:      1 duration_time:0.0333673 fmt:yuv411p cl:topleft sar:8/9 s:720x480 i:B iskey:0 type:? checksum:D0A55763 plane_checksum:[6150DF93 8090F488 985D832A] mean:[138 141 119] stdev:[48.3 18.2 11.9]
[Parsed_showinfo_1 @ 0xc49008d80] [info] color_range:unknown color_space:unknown color_primaries:unknown color_trc:unknown
[Parsed_showinfo_1 @ 0xc49008d80] [info] n: 403 pts:    403 pts_time:13.447022 duration:      1 duration_time:0.0333673 fmt:yuv411p cl:topleft sar:8/9 s:720x480 i:B iskey:0 type:? checksum:D75C9E2F plane_checksum:[5880F258 FBE1403E 54266B8A] mean:[139 141 119] stdev:[48.3 18.3 12.0]
[Parsed_showinfo_1 @ 0xc49008d80] [info] color_range:unknown color_space:unknown color_primaries:unknown color_trc:unknown
[Parsed_showinfo_1 @ 0xc49008d80] [info] n: 404 pts:    404 pts_time:13.480389 duration:      1 duration_time:0.0333673 fmt:yuv411p cl:topleft sar:8/9 s:720x480 i:B iskey:0 type:? checksum:5A0B3F1D plane_checksum:[C4E1E687 37CA2B54 31AD2D33] mean:[139 141 118] stdev:[48.2 18.5 12.1]
[Parsed_showinfo_1 @ 0xc49008d80] [info] color_range:unknown color_space:unknown color_primaries:unknown color_trc:unknown
[Parsed_showinfo_1 @ 0xc49008d80] [info] n: 405 pts:    405 pts_time:13.513757 duration:      1 duration_time:0.0333673 fmt:yuv411p cl:topleft sar:8/9 s:720x480 i:B iskey:0 type:? checksum:CB83510C plane_checksum:[ED41ED59 2B4014E4 27554EC0] mean:[140 141 119] stdev:[48.4 18.5 12.1]
[Parsed_showinfo_1 @ 0xc49008d80] [info] color_range:unknown color_space:unknown color_primaries:unknown color_trc:unknown
[Parsed_showinfo_1 @ 0xc49008d80] [info] n: 406 pts:    406 pts_time:13.547124 duration:      1 duration_time:0.0333673 fmt:yuv411p cl:topleft sar:8/9 s:720x480 i:B iskey:0 type:? checksum:6D9D680B plane_checksum:[AEF60A40 5086F1E0 984E6BDC] mean:[140 141 119] stdev:[48.4 18.8 12.1]
[Parsed_showinfo_1 @ 0xc49008d80] [info] color_range:unknown color_space:unknown color_primaries:unknown color_trc:unknown
[Parsed_showinfo_1 @ 0xc49008d80] [info] n: 407 pts:    407 pts_time:13.580491 duration:      1 duration_time:0.0333673 fmt:yuv411p cl:topleft sar:8/9 s:720x480 i:B iskey:0 type:? checksum:1F0EA487 plane_checksum:[8E798520 5508E92A 661D362E] mean:[141 141 118] stdev:[48.7 19.3 12.2]
[Parsed_showinfo_1 @ 0xc49008d80] [info] color_range:unknown color_space:unknown color_primaries:unknown color_trc:unknown
[Parsed_showinfo_1 @ 0xc49008d80] [info] n: 408 pts:    408 pts_time:13.613858 duration:      1 duration_time:0.0333673 fmt:yuv411p cl:topleft sar:8/9 s:720x480 i:B iskey:0 type:? checksum:DF07FB17 plane_checksum:[1F8D0D7A 8D63C7B3 846825EA] mean:[142 141 118] stdev:[49.1 19.6 12.3]
[Parsed_showinfo_1 @ 0xc49008d80] [info] color_range:unknown color_space:unknown color_primaries:unknown color_trc:unknown
[Parsed_showinfo_1 @ 0xc49008d80] [info] n: 409 pts:    409 pts_time:13.647226 duration:      1 duration_time:0.0333673 fmt:yuv411p cl:topleft sar:8/9 s:720x480 i:B iskey:0 type:? checksum:FF04DC58 plane_checksum:[DD89E13D EA87C684 34E23488] mean:[143 141 118] stdev:[49.3 19.9 12.4]
[Parsed_showinfo_1 @ 0xc49008d80] [info] color_range:unknown color_space:unknown color_primaries:unknown color_trc:unknown
[Parsed_showinfo_1 @ 0xc49008d80] [info] n: 410 pts:    410 pts_time:13.680593 duration:      1 duration_time:0.0333673 fmt:yuv411p cl:topleft sar:8/9 s:720x480 i:B iskey:0 type:? checksum:23A2698A plane_checksum:[2B6D07ED 1F2552A5 CE430EF8] mean:[144 141 118] stdev:[49.5 20.2 12.4]
[Parsed_showinfo_1 @ 0xc49008d80] [info] color_range:unknown color_space:unknown color_primaries:unknown color_trc:unknown
[Parsed_showinfo_1 @ 0xc49008d80] [info] n: 411 pts:    411 pts_time:13.71396 duration:      1 duration_time:0.0333673 fmt:yuv411p cl:topleft sar:8/9 s:720x480 i:B iskey:0 type:? checksum:F8DDAC65 plane_checksum:[34FF18F2 4ED29A72 4A4FF8F2] mean:[144 142 118] stdev:[49.5 20.2 12.5]
[Parsed_showinfo_1 @ 0xc49008d80] [info] color_range:unknown color_space:unknown color_primaries:unknown color_trc:unknown
[Parsed_showinfo_1 @ 0xc49008d80] [info] n: 412 pts:    412 pts_time:13.747328 duration:      1 duration_time:0.0333673 fmt:yuv411p cl:topleft sar:8/9 s:720x480 i:B iskey:0 type:? checksum:562A4B26 plane_checksum:[EE82A241 AD0BCE65 2AD3DA62] mean:[144 142 118] stdev:[49.5 20.4 12.5]
[Parsed_showinfo_1 @ 0xc49008d80] [info] color_range:unknown color_space:unknown color_primaries:unknown color_trc:unknown
[Parsed_showinfo_1 @ 0xc49008d80] [info] n: 413 pts:    413 pts_time:13.780695 duration:      1 duration_time:0.0333673 fmt:yuv411p cl:topleft sar:8/9 s:720x480 i:B iskey:0 type:? checksum:DFCC4A52 plane_checksum:[EC7A7156 169C2D3C 7E64ABB1] mean:[144 142 118] stdev:[49.7 20.8 12.7]
[Parsed_showinfo_1 @ 0xc49008d80] [info] color_range:unknown color_space:unknown color_primaries:unknown color_trc:unknown
[Parsed_showinfo_1 @ 0xc49008d80] [info] n: 414 pts:    414 pts_time:13.814062 duration:      1 duration_time:0.0333673 fmt:yuv411p cl:topleft sar:8/9 s:720x480 i:B iskey:0 type:? checksum:0C594D96 plane_checksum:[5529BC5B ECCE5D63 824A33C9] mean:[144 142 118] stdev:[49.6 20.9 13.1]
[Parsed_showinfo_1 @ 0xc49008d80] [info] color_range:unknown color_space:unknown color_primaries:unknown color_trc:unknown
[Parsed_showinfo_1 @ 0xc49008d80] [info] n: 415 pts:    415 pts_time:13.84743 duration:      1 duration_time:0.0333673 fmt:yuv411p cl:topleft sar:8/9 s:720x480 i:B iskey:0 type:? checksum:8860F28C plane_checksum:[0F222AEA 75D1BBF1 A4C00BB1] mean:[144 142 118] stdev:[49.5 20.8 13.1]
[Parsed_showinfo_1 @ 0xc49008d80] [info] color_range:unknown color_space:unknown color_primaries:unknown color_trc:unknown
[Parsed_showinfo_1 @ 0xc49008d80] [info] n: 416 pts:    416 pts_time:13.880797 duration:      1 duration_time:0.0333673 fmt:yuv411p cl:topleft sar:8/9 s:720x480 i:B iskey:0 type:? checksum:36E3A1D5 plane_checksum:[D3A4633B 45BB5E28 3482E063] mean:[145 143 117] stdev:[49.5 20.8 13.2]
[Parsed_showinfo_1 @ 0xc49008d80] [info] color_range:unknown color_space:unknown color_primaries:unknown color_trc:unknown
[Parsed_showinfo_1 @ 0xc49008d80] [info] n: 417 pts:    417 pts_time:13.914164 duration:      1 duration_time:0.0333673 fmt:yuv411p cl:topleft sar:8/9 s:720x480 i:B iskey:0 type:? checksum:845B07ED plane_checksum:[D52C0E28 CA9F71AC 320C880A] mean:[145 143 117] stdev:[49.5 20.7 13.2]
[Parsed_showinfo_1 @ 0xc49008d80] [info] color_range:unknown color_space:unknown color_primaries:unknown color_trc:unknown
[Parsed_showinfo_1 @ 0xc49008d80] [info] n: 418 pts:    418 pts_time:13.947531 duration:      1 duration_time:0.0333673 fmt:yuv411p cl:topleft sar:8/9 s:720x480 i:B iskey:0 type:? checksum:5440BFC8 plane_checksum:[680DA9AF 4DD3B595 01856075] mean:[145 143 117] stdev:[49.5 20.8 13.2]
[Parsed_showinfo_1 @ 0xc49008d80] [info] color_range:unknown color_space:unknown color_primaries:unknown color_trc:unknown
[Parsed_showinfo_1 @ 0xc49008d80] [info] n: 419 pts:    419 pts_time:13.980899 duration:      1 duration_time:0.0333673 fmt:yuv411p cl:topleft sar:8/9 s:720x480 i:B iskey:0 type:? checksum:09C20E76 plane_checksum:[FCA19FF3 14A9321E 1B863C56] mean:[146 143 117] stdev:[49.5 20.7 13.2]
[Parsed_showinfo_1 @ 0xc49008d80] [info] color_range:unknown color_space:unknown color_primaries:unknown color_trc:unknown
[Parsed_showinfo_1 @ 0xc49008d80] [info] n: 420 pts:    420 pts_time:14.014266 duration:      1 duration_time:0.0333673 fmt:yuv411p cl:topleft sar:8/9 s:720x480 i:B iskey:0 type:? checksum:3E7F9723 plane_checksum:[43A26262 B9D825B5 9D970F0C] mean:[145 143 117] stdev:[49.5 20.4 13.4]
[Parsed_showinfo_1 @ 0xc49008d80] [info] color_range:unknown color_space:unknown color_primaries:unknown color_trc:unknown
[Parsed_showinfo_1 @ 0xc49008d80] [info] n: 421 pts:    421 pts_time:14.047633 duration:      1 duration_time:0.0333673 fmt:yuv411p cl:topleft sar:8/9 s:720x480 i:B iskey:0 type:? checksum:5541BEB7 plane_checksum:[6AA1393A A8D77DD3 169207AA] mean:[146 144 117] stdev:[49.5 20.3 13.3]
[Parsed_showinfo_1 @ 0xc49008d80] [info] color_range:unknown color_space:unknown color_primaries:unknown color_trc:unknown
[Parsed_showinfo_1 @ 0xc49008d80] [info] n: 422 pts:    422 pts_time:14.081001 duration:      1 duration_time:0.0333673 fmt:yuv411p cl:topleft sar:8/9 s:720x480 i:B iskey:0 type:? checksum:5EF1ED18 plane_checksum:[19F95A1A DD1886ED 0D1D0C11] mean:[146 144 117] stdev:[49.5 20.3 13.2]
[Parsed_showinfo_1 @ 0xc49008d80] [info] color_range:unknown color_space:unknown color_primaries:unknown color_trc:unknown
[Parsed_showinfo_1 @ 0xc49008d80] [info] n: 423 pts:    423 pts_time:14.114368 duration:      1 duration_time:0.0333673 fmt:yuv411p cl:topleft sar:8/9 s:720x480 i:B iskey:0 type:? checksum:9AAB0148 plane_checksum:[6124493C E870A506 A2B912F7] mean:[147 144 117] stdev:[49.5 20.4 13.2]
[Parsed_showinfo_1 @ 0xc49008d80] [info] color_range:unknown color_space:unknown color_primaries:unknown color_trc:unknown
[Parsed_showinfo_1 @ 0xc49008d80] [info] n: 424 pts:    424 pts_time:14.147735 duration:      1 duration_time:0.0333673 fmt:yuv411p cl:topleft sar:8/9 s:720x480 i:B iskey:0 type:? checksum:87487A11 plane_checksum:[8E8EE8D9 8F2C7FF4 32311135] mean:[147 144 117] stdev:[49.4 20.4 13.1]
[Parsed_showinfo_1 @ 0xc49008d80] [info] color_range:unknown color_space:unknown color_primaries:unknown color_trc:unknown
[Parsed_showinfo_1 @ 0xc49008d80] [info] n: 425 pts:    425 pts_time:14.181103 duration:      1 duration_time:0.0333673 fmt:yuv411p cl:topleft sar:8/9 s:720x480 i:B iskey:0 type:? checksum:E63EB770 plane_checksum:[71D0F914 2A7387A4 DF7F36A9] mean:[147 144 117] stdev:[49.4 20.4 13.1]
[Parsed_showinfo_1 @ 0xc49008d80] [info] color_range:unknown color_space:unknown color_primaries:unknown color_trc:unknown
[Parsed_showinfo_1 @ 0xc49008d80] [info] n: 426 pts:    426 pts_time:14.21447 duration:      1 duration_time:0.0333673 fmt:yuv411p cl:topleft sar:8/9 s:720x480 i:B iskey:0 type:? checksum:A3096F72 plane_checksum:[EA9DA096 67CB9AF1 4B9733DC] mean:[148 144 117] stdev:[49.5 20.2 13.1]
[Parsed_showinfo_1 @ 0xc49008d80] [info] color_range:unknown color_space:unknown color_primaries:unknown color_trc:unknown
[Parsed_showinfo_1 @ 0xc49008d80] [info] n: 427 pts:    427 pts_time:14.247837 duration:      1 duration_time:0.0333673 fmt:yuv411p cl:topleft sar:8/9 s:720x480 i:B iskey:0 type:? checksum:98A90FB1 plane_checksum:[E15ADC11 3133043B 95142F56] mean:[148 144 117] stdev:[49.5 20.2 13.0]
[Parsed_showinfo_1 @ 0xc49008d80] [info] color_range:unknown color_space:unknown color_primaries:unknown color_trc:unknown
[Parsed_showinfo_1 @ 0xc49008d80] [info] n: 428 pts:    428 pts_time:14.281204 duration:      1 duration_time:0.0333673 fmt:yuv411p cl:topleft sar:8/9 s:720x480 i:B iskey:0 type:? checksum:5D734F7D plane_checksum:[0F5726CB E375E32E 785A4575] mean:[148 144 117] stdev:[49.4 20.2 12.8]
[Parsed_showinfo_1 @ 0xc49008d80] [info] color_range:unknown color_space:unknown color_primaries:unknown color_trc:unknown
[Parsed_showinfo_1 @ 0xc49008d80] [info] n: 429 pts:    429 pts_time:14.314572 duration:      1 duration_time:0.0333673 fmt:yuv411p cl:topleft sar:8/9 s:720x480 i:B iskey:0 type:? checksum:97F3A7F3 plane_checksum:[8892A1ED 62EAC374 37A14283] mean:[149 144 117] stdev:[49.5 20.0 12.8]
[Parsed_showinfo_1 @ 0xc49008d80] [info] color_range:unknown color_space:unknown color_primaries:unknown color_trc:unknown
[Parsed_showinfo_1 @ 0xc49008d80] [info] n: 430 pts:    430 pts_time:14.347939 duration:      1 duration_time:0.0333673 fmt:yuv411p cl:topleft sar:8/9 s:720x480 i:B iskey:0 type:? checksum:7854532F plane_checksum:[F820C6AF BB6DA36D CFB8E8F5] mean:[149 144 117] stdev:[49.3 19.7 13.0]
[Parsed_showinfo_1 @ 0xc49008d80] [info] color_range:unknown color_space:unknown color_primaries:unknown color_trc:unknown
[Parsed_showinfo_1 @ 0xc49008d80] [info] n: 431 pts:    431 pts_time:14.381306 duration:      1 duration_time:0.0333673 fmt:yuv411p cl:topleft sar:8/9 s:720x480 i:B iskey:0 type:? checksum:C83F6927 plane_checksum:[AF3873B6 7CAB2606 FFACCF5C] mean:[150 144 117] stdev:[49.5 19.7 13.1]
[Parsed_showinfo_1 @ 0xc49008d80] [info] color_range:unknown color_space:unknown color_primaries:unknown color_trc:unknown
[Parsed_showinfo_1 @ 0xc49008d80] [info] n: 432 pts:    432 pts_time:14.414674 duration:      1 duration_time:0.0333673 fmt:yuv411p cl:topleft sar:8/9 s:720x480 i:B iskey:0 type:? checksum:A367E051 plane_checksum:[051603F0 DCFB3886 4E82A3DB] mean:[150 144 117] stdev:[49.6 19.6 13.2]
[Parsed_showinfo_1 @ 0xc49008d80] [info] color_range:unknown color_space:unknown color_primaries:unknown color_trc:unknown
[Parsed_showinfo_1 @ 0xc49008d80] [info] n: 433 pts:    433 pts_time:14.448041 duration:      1 duration_time:0.0333673 fmt:yuv411p cl:topleft sar:8/9 s:720x480 i:B iskey:0 type:? checksum:1594BE3B plane_checksum:[E3FCF63F 034767E2 89FD600B] mean:[150 144 116] stdev:[49.6 19.6 13.5]
[Parsed_showinfo_1 @ 0xc49008d80] [info] color_range:unknown color_space:unknown color_primaries:unknown color_trc:unknown
[Parsed_showinfo_1 @ 0xc49008d80] [info] n: 434 pts:    434 pts_time:14.481408 duration:      1 duration_time:0.0333673 fmt:yuv411p cl:topleft sar:8/9 s:720x480 i:B iskey:0 type:? checksum:B8DF096F plane_checksum:[A23D53A3 76F8B31E 0610029F] mean:[151 145 116] stdev:[49.4 19.7 13.8]
[Parsed_showinfo_1 @ 0xc49008d80] [info] color_range:unknown color_space:unknown color_primaries:unknown color_trc:unknown
[Parsed_showinfo_1 @ 0xc49008d80] [info] n: 435 pts:    435 pts_time:14.514776 duration:      1 duration_time:0.0333673 fmt:yuv411p cl:topleft sar:8/9 s:720x480 i:B iskey:0 type:? checksum:4B47A6B1 plane_checksum:[EDEA1CD6 BBA6B56C 0461D460] mean:[151 145 116] stdev:[49.6 19.4 13.9]
[Parsed_showinfo_1 @ 0xc49008d80] [info] color_range:unknown color_space:unknown color_primaries:unknown color_trc:unknown
[Parsed_showinfo_1 @ 0xc49008d80] [info] n: 436 pts:    436 pts_time:14.548143 duration:      1 duration_time:0.0333673 fmt:yuv411p cl:topleft sar:8/9 s:720x480 i:B iskey:0 type:? checksum:133FB271 plane_checksum:[E0D2E603 D430197E 54AAB2E1] mean:[151 145 116] stdev:[49.6 19.6 13.9]
[Parsed_showinfo_1 @ 0xc49008d80] [info] color_range:unknown color_space:unknown color_primaries:unknown color_trc:unknown
[Parsed_showinfo_1 @ 0xc49008d80] [info] n: 437 pts:    437 pts_time:14.58151 duration:      1 duration_time:0.0333673 fmt:yuv411p cl:topleft sar:8/9 s:720x480 i:B iskey:0 type:? checksum:0700F057 plane_checksum:[BFC0E08F 6F6325B9 C799EA00] mean:[151 145 116] stdev:[49.7 19.4 14.1]
[Parsed_showinfo_1 @ 0xc49008d80] [info] color_range:unknown color_space:unknown color_primaries:unknown color_trc:unknown
[Parsed_showinfo_1 @ 0xc49008d80] [info] n: 438 pts:    438 pts_time:14.614877 duration:      1 duration_time:0.0333673 fmt:yuv411p cl:topleft sar:8/9 s:720x480 i:B iskey:0 type:? checksum:5B1E264D plane_checksum:[1E92B77C 9C5A90F6 CD33DDBD] mean:[151 145 116] stdev:[49.9 19.6 14.1]
[Parsed_showinfo_1 @ 0xc49008d80] [info] color_range:unknown color_space:unknown color_primaries:unknown color_trc:unknown
[Parsed_showinfo_1 @ 0xc49008d80] [info] n: 439 pts:    439 pts_time:14.648245 duration:      1 duration_time:0.0333673 fmt:yuv411p cl:topleft sar:8/9 s:720x480 i:B iskey:0 type:? checksum:6E73D952 plane_checksum:[68C56F4D 27ED73B4 E50EF642] mean:[151 145 116] stdev:[49.9 19.6 14.0]
[Parsed_showinfo_1 @ 0xc49008d80] [info] color_range:unknown color_space:unknown color_primaries:unknown color_trc:unknown
[Parsed_showinfo_1 @ 0xc49008d80] [info] n: 440 pts:    440 pts_time:14.681612 duration:      1 duration_time:0.0333673 fmt:yuv411p cl:topleft sar:8/9 s:720x480 i:B iskey:0 type:? checksum:A11C87A2 plane_checksum:[58F211A3 646B940A C1CAE1E6] mean:[151 145 116] stdev:[50.0 19.7 14.2]
[Parsed_showinfo_1 @ 0xc49008d80] [info] color_range:unknown color_space:unknown color_primaries:unknown color_trc:unknown
[Parsed_showinfo_1 @ 0xc49008d80] [info] n: 441 pts:    441 pts_time:14.714979 duration:      1 duration_time:0.0333673 fmt:yuv411p cl:topleft sar:8/9 s:720x480 i:B iskey:0 type:? checksum:24DE7375 plane_checksum:[A5CA9FD4 08FCCDF9 17A90599] mean:[151 145 116] stdev:[50.1 19.6 14.1]
[Parsed_showinfo_1 @ 0xc49008d80] [info] color_range:unknown color_space:unknown color_primaries:unknown color_trc:unknown
[Parsed_showinfo_1 @ 0xc49008d80] [info] n: 442 pts:    442 pts_time:14.748347 duration:      1 duration_time:0.0333673 fmt:yuv411p cl:topleft sar:8/9 s:720x480 i:B iskey:0 type:? checksum:696CAEE8 plane_checksum:[92FA39CB D105A2E8 63CBD226] mean:[151 145 116] stdev:[50.2 19.9 14.3]
[Parsed_showinfo_1 @ 0xc49008d80] [info] color_range:unknown color_space:unknown color_primaries:unknown color_trc:unknown
[Parsed_showinfo_1 @ 0xc49008d80] [info] n: 443 pts:    443 pts_time:14.781714 duration:      1 duration_time:0.0333673 fmt:yuv411p cl:topleft sar:8/9 s:720x480 i:B iskey:0 type:? checksum:1073EC8C plane_checksum:[F77E5686 3E32D2E3 99FCC314] mean:[151 145 116] stdev:[50.1 20.0 14.4]
[Parsed_showinfo_1 @ 0xc49008d80] [info] color_range:unknown color_space:unknown color_primaries:unknown color_trc:unknown
[Parsed_showinfo_1 @ 0xc49008d80] [info] n: 444 pts:    444 pts_time:14.815081 duration:      1 duration_time:0.0333673 fmt:yuv411p cl:topleft sar:8/9 s:720x480 i:B iskey:0 type:? checksum:01F0E6E4 plane_checksum:[AB6C974E EB3896BE 3CEFB8C9] mean:[151 145 116] stdev:[50.2 19.9 14.4]
[Parsed_showinfo_1 @ 0xc49008d80] [info] color_range:unknown color_space:unknown color_primaries:unknown color_trc:unknown
[Parsed_showinfo_1 @ 0xc49008d80] [info] n: 445 pts:    445 pts_time:14.848449 duration:      1 duration_time:0.0333673 fmt:yuv411p cl:topleft sar:8/9 s:720x480 i:B iskey:0 type:? checksum:01EB6B9B plane_checksum:[8A4BDE98 C01EAEBA D289DE2B] mean:[151 145 116] stdev:[50.3 20.0 14.3]
[Parsed_showinfo_1 @ 0xc49008d80] [info] color_range:unknown color_space:unknown color_primaries:unknown color_trc:unknown
[Parsed_showinfo_1 @ 0xc49008d80] [info] n: 446 pts:    446 pts_time:14.881816 duration:      1 duration_time:0.0333673 fmt:yuv411p cl:topleft sar:8/9 s:720x480 i:B iskey:0 type:? checksum:B8E1B9DA plane_checksum:[104085E2 7A18FF7B 3245346E] mean:[150 146 116] stdev:[50.2 20.3 14.0]
[Parsed_showinfo_1 @ 0xc49008d80] [info] color_range:unknown color_space:unknown color_primaries:unknown color_trc:unknown
[Parsed_showinfo_1 @ 0xc49008d80] [info] n: 447 pts:    447 pts_time:14.915183 duration:      1 duration_time:0.0333673 fmt:yuv411p cl:topleft sar:8/9 s:720x480 i:B iskey:0 type:? checksum:78A14A2F plane_checksum:[7293C0AE 611E6672 DF212300] mean:[150 146 116] stdev:[50.7 20.0 14.0]
[Parsed_showinfo_1 @ 0xc49008d80] [info] color_range:unknown color_space:unknown color_primaries:unknown color_trc:unknown
[Parsed_showinfo_1 @ 0xc49008d80] [info] n: 448 pts:    448 pts_time:14.94855 duration:      1 duration_time:0.0333673 fmt:yuv411p cl:topleft sar:8/9 s:720x480 i:B iskey:0 type:? checksum:F52634C3 plane_checksum:[B53AD686 9D2C6370 5355FAAF] mean:[149 146 116] stdev:[50.9 19.8 14.1]
[Parsed_showinfo_1 @ 0xc49008d80] [info] color_range:unknown color_space:unknown color_primaries:unknown color_trc:unknown
[Parsed_showinfo_1 @ 0xc49008d80] [info] n: 449 pts:    449 pts_time:14.981918 duration:      1 duration_time:0.0333673 fmt:yuv411p cl:topleft sar:8/9 s:720x480 i:B iskey:0 type:? checksum:2C54E804 plane_checksum:[15143346 5606BE31 F751F67E] mean:[148 146 116] stdev:[51.1 19.8 14.0]
[Parsed_showinfo_1 @ 0xc49008d80] [info] color_range:unknown color_space:unknown color_primaries:unknown color_trc:unknown
[Parsed_showinfo_1 @ 0xc49008d80] [info] n: 450 pts:    450 pts_time:15.015285 duration:      1 duration_time:0.0333673 fmt:yuv411p cl:topleft sar:8/9 s:720x480 i:B iskey:0 type:? checksum:C16DBEB3 plane_checksum:[2E6096C9 A3D7FBBD 88472C1E] mean:[148 146 116] stdev:[51.5 20.1 13.9]
[Parsed_showinfo_1 @ 0xc49008d80] [info] color_range:unknown color_space:unknown color_primaries:unknown color_trc:unknown
[Parsed_showinfo_1 @ 0xc49008d80] [info] n: 451 pts:    451 pts_time:15.048652 duration:      1 duration_time:0.0333673 fmt:yuv411p cl:topleft sar:8/9 s:720x480 i:B iskey:0 type:? checksum:7A5C7A97 plane_checksum:[8DDA3A7F 16BF3C0A 1C15040E] mean:[146 147 116] stdev:[51.2 20.2 13.9]
[Parsed_showinfo_1 @ 0xc49008d80] [info] color_range:unknown color_space:unknown color_primaries:unknown color_trc:unknown
[Parsed_showinfo_1 @ 0xc49008d80] [info] n: 452 pts:    452 pts_time:15.08202 duration:      1 duration_time:0.0333673 fmt:yuv411p cl:topleft sar:8/9 s:720x480 i:B iskey:0 type:? checksum:ED31FD2D plane_checksum:[CA3CFF7A 3D19EE3E 97CC0F66] mean:[145 146 116] stdev:[51.1 20.1 13.9]
[Parsed_showinfo_1 @ 0xc49008d80] [info] color_range:unknown color_space:unknown color_primaries:unknown color_trc:unknown
[Parsed_showinfo_1 @ 0xc49008d80] [info] n: 453 pts:    453 pts_time:15.115387 duration:      1 duration_time:0.0333673 fmt:yuv411p cl:topleft sar:8/9 s:720x480 i:B iskey:0 type:? checksum:37926188 plane_checksum:[BAFE8FBA 755DC53C 8C0C0C83] mean:[145 146 116] stdev:[51.2 19.7 13.9]
[Parsed_showinfo_1 @ 0xc49008d80] [info] color_range:unknown color_space:unknown color_primaries:unknown color_trc:unknown
[Parsed_showinfo_1 @ 0xc49008d80] [info] n: 454 pts:    454 pts_time:15.148754 duration:      1 duration_time:0.0333673 fmt:yuv411p cl:topleft sar:8/9 s:720x480 i:B iskey:0 type:? checksum:01E8C104 plane_checksum:[B65F0B05 C594A71F 5AC70EE0] mean:[146 146 116] stdev:[51.3 19.9 13.8]
[Parsed_showinfo_1 @ 0xc49008d80] [info] color_range:unknown color_space:unknown color_primaries:unknown color_trc:unknown
[Parsed_showinfo_1 @ 0xc49008d80] [info] n: 455 pts:    455 pts_time:15.182122 duration:      1 duration_time:0.0333673 fmt:yuv411p cl:topleft sar:8/9 s:720x480 i:B iskey:0 type:? checksum:AD731020 plane_checksum:[31D87806 3A9BA4AE C483F34E] mean:[145 146 116] stdev:[51.2 19.7 13.8]
[Parsed_showinfo_1 @ 0xc49008d80] [info] color_range:unknown color_space:unknown color_primaries:unknown color_trc:unknown
[Parsed_showinfo_1 @ 0xc49008d80] [info] n: 456 pts:    456 pts_time:15.215489 duration:      1 duration_time:0.0333673 fmt:yuv411p cl:topleft sar:8/9 s:720x480 i:B iskey:0 type:? checksum:FE2C0977 plane_checksum:[D376655E B07EA28E 31CA017C] mean:[145 146 116] stdev:[51.1 19.7 13.8]
[Parsed_showinfo_1 @ 0xc49008d80] [info] color_range:unknown color_space:unknown color_primaries:unknown color_trc:unknown
[Parsed_showinfo_1 @ 0xc49008d80] [info] n: 457 pts:    457 pts_time:15.248856 duration:      1 duration_time:0.0333673 fmt:yuv411p cl:topleft sar:8/9 s:720x480 i:B iskey:0 type:? checksum:F802D683 plane_checksum:[8A77A3E1 3E4B0E54 BFC9244E] mean:[146 146 116] stdev:[51.1 19.7 13.9]
[Parsed_showinfo_1 @ 0xc49008d80] [info] color_range:unknown color_space:unknown color_primaries:unknown color_trc:unknown
[Parsed_showinfo_1 @ 0xc49008d80] [info] n: 458 pts:    458 pts_time:15.282223 duration:      1 duration_time:0.0333673 fmt:yuv411p cl:topleft sar:8/9 s:720x480 i:B iskey:0 type:? checksum:0DA5945F plane_checksum:[DFE0D2E2 336CB5F3 92530B7B] mean:[145 146 116] stdev:[51.2 20.5 13.6]
[Parsed_showinfo_1 @ 0xc49008d80] [info] color_range:unknown color_space:unknown color_primaries:unknown color_trc:unknown
[Parsed_showinfo_1 @ 0xc49008d80] [info] n: 459 pts:    459 pts_time:15.315591 duration:      1 duration_time:0.0333673 fmt:yuv411p cl:topleft sar:8/9 s:720x480 i:B iskey:0 type:? checksum:1907F88D plane_checksum:[495115FF 03431C83 20CFC60B] mean:[147 146 117] stdev:[51.2 20.3 13.6]
[Parsed_showinfo_1 @ 0xc49008d80] [info] color_range:unknown color_space:unknown color_primaries:unknown color_trc:unknown
[Parsed_showinfo_1 @ 0xc49008d80] [info] n: 460 pts:    460 pts_time:15.348958 duration:      1 duration_time:0.0333673 fmt:yuv411p cl:topleft sar:8/9 s:720x480 i:B iskey:0 type:? checksum:EA8EC6BA plane_checksum:[1B34B0AC 3F5C9DEC E92E7813] mean:[147 147 116] stdev:[51.2 20.0 13.6]
[Parsed_showinfo_1 @ 0xc49008d80] [info] color_range:unknown color_space:unknown color_primaries:unknown color_trc:unknown
[Parsed_showinfo_1 @ 0xc49008d80] [info] n: 461 pts:    461 pts_time:15.382325 duration:      1 duration_time:0.0333673 fmt:yuv411p cl:topleft sar:8/9 s:720x480 i:B iskey:0 type:? checksum:11E70270 plane_checksum:[3E24329B E8F08A3E FC574588] mean:[147 147 116] stdev:[51.3 19.9 13.8]
[Parsed_showinfo_1 @ 0xc49008d80] [info] color_range:unknown color_space:unknown color_primaries:unknown color_trc:unknown
[Parsed_showinfo_1 @ 0xc49008d80] [info] n: 462 pts:    462 pts_time:15.415693 duration:      1 duration_time:0.0333673 fmt:yuv411p cl:topleft sar:8/9 s:720x480 i:B iskey:0 type:? checksum:BE1B55F9 plane_checksum:[416B0FD5 B5AF4BB3 5FD5FA62] mean:[147 147 116] stdev:[51.4 19.6 13.7]
[Parsed_showinfo_1 @ 0xc49008d80] [info] color_range:unknown color_space:unknown color_primaries:unknown color_trc:unknown
[Parsed_showinfo_1 @ 0xc49008d80] [info] n: 463 pts:    463 pts_time:15.44906 duration:      1 duration_time:0.0333673 fmt:yuv411p cl:topleft sar:8/9 s:720x480 i:B iskey:0 type:? checksum:DF3D20CB plane_checksum:[04EBF97F 6A0536A7 A1BFF087] mean:[147 147 116] stdev:[51.4 19.4 13.4]
[Parsed_showinfo_1 @ 0xc49008d80] [info] color_range:unknown color_space:unknown color_primaries:unknown color_trc:unknown
[Parsed_showinfo_1 @ 0xc49008d80] [info] n: 464 pts:    464 pts_time:15.482427 duration:      1 duration_time:0.0333673 fmt:yuv411p cl:topleft sar:8/9 s:720x480 i:B iskey:0 type:? checksum:C19F4441 plane_checksum:[B7315895 21305BA2 32728FFB] mean:[147 147 116] stdev:[51.5 19.3 13.8]
[Parsed_showinfo_1 @ 0xc49008d80] [info] color_range:unknown color_space:unknown color_primaries:unknown color_trc:unknown
[Parsed_showinfo_1 @ 0xc49008d80] [info] n: 465 pts:    465 pts_time:15.515795 duration:      1 duration_time:0.0333673 fmt:yuv411p cl:topleft sar:8/9 s:720x480 i:B iskey:0 type:? checksum:4165A228 plane_checksum:[89F7A385 7C29BA02 452F4492] mean:[147 147 115] stdev:[51.6 19.5 13.9]
[Parsed_showinfo_1 @ 0xc49008d80] [info] color_range:unknown color_space:unknown color_primaries:unknown color_trc:unknown
[Parsed_showinfo_1 @ 0xc49008d80] [info] n: 466 pts:    466 pts_time:15.549162 duration:      1 duration_time:0.0333673 fmt:yuv411p cl:topleft sar:8/9 s:720x480 i:B iskey:0 type:? checksum:E88B52DD plane_checksum:[4207ADE0 8D17C338 318BE1A7] mean:[147 147 115] stdev:[51.7 19.7 14.1]
[Parsed_showinfo_1 @ 0xc49008d80] [info] color_range:unknown color_space:unknown color_primaries:unknown color_trc:unknown
[Parsed_showinfo_1 @ 0xc49008d80] [info] n: 467 pts:    467 pts_time:15.582529 duration:      1 duration_time:0.0333673 fmt:yuv411p cl:topleft sar:8/9 s:720x480 i:B iskey:0 type:? checksum:59C99495 plane_checksum:[CBD6DFCE E71F529C DB04621C] mean:[148 147 116] stdev:[51.8 19.2 13.7]
[Parsed_showinfo_1 @ 0xc49008d80] [info] color_range:unknown color_space:unknown color_primaries:unknown color_trc:unknown
[Parsed_showinfo_1 @ 0xc49008d80] [info] n: 468 pts:    468 pts_time:15.615896 duration:      1 duration_time:0.0333673 fmt:yuv411p cl:topleft sar:8/9 s:720x480 i:B iskey:0 type:? checksum:171E917A plane_checksum:[64F8993E DB467077 1B8587B6] mean:[148 147 116] stdev:[52.0 19.0 13.4]
[Parsed_showinfo_1 @ 0xc49008d80] [info] color_range:unknown color_space:unknown color_primaries:unknown color_trc:unknown
[Parsed_showinfo_1 @ 0xc49008d80] [info] n: 469 pts:    469 pts_time:15.649264 duration:      1 duration_time:0.0333673 fmt:yuv411p cl:topleft sar:8/9 s:720x480 i:B iskey:0 type:? checksum:F477F33E plane_checksum:[092E5678 5973114B 169F8B7B] mean:[148 147 116] stdev:[52.1 19.6 13.5]
[Parsed_showinfo_1 @ 0xc49008d80] [info] color_range:unknown color_space:unknown color_primaries:unknown color_trc:unknown
[Parsed_showinfo_1 @ 0xc49008d80] [info] n: 470 pts:    470 pts_time:15.682631 duration:      1 duration_time:0.0333673 fmt:yuv411p cl:topleft sar:8/9 s:720x480 i:B iskey:0 type:? checksum:DDA3DC47 plane_checksum:[7C54383F 6F3187CA D7151C3E] mean:[148 148 115] stdev:[52.3 19.8 13.9]
[Parsed_showinfo_1 @ 0xc49008d80] [info] color_range:unknown color_space:unknown color_primaries:unknown color_trc:unknown
[Parsed_showinfo_1 @ 0xc49008d80] [info] n: 471 pts:    471 pts_time:15.715998 duration:      1 duration_time:0.0333673 fmt:yuv411p cl:topleft sar:8/9 s:720x480 i:B iskey:0 type:? checksum:2B6462BB plane_checksum:[0DBC6ECF 9B6EE485 95FF0F58] mean:[148 148 115] stdev:[52.5 19.8 13.8]
[Parsed_showinfo_1 @ 0xc49008d80] [info] color_range:unknown color_space:unknown color_primaries:unknown color_trc:unknown
[Parsed_showinfo_1 @ 0xc49008d80] [info] n: 472 pts:    472 pts_time:15.749366 duration:      1 duration_time:0.0333673 fmt:yuv411p cl:topleft sar:8/9 s:720x480 i:B iskey:0 type:? checksum:2A4750A7 plane_checksum:[7EC36DAD 01AD0AA5 3601D846] mean:[148 148 115] stdev:[52.8 19.8 14.1]
[Parsed_showinfo_1 @ 0xc49008d80] [info] color_range:unknown color_space:unknown color_primaries:unknown color_trc:unknown
[Parsed_showinfo_1 @ 0xc49008d80] [info] n: 473 pts:    473 pts_time:15.782733 duration:      1 duration_time:0.0333673 fmt:yuv411p cl:topleft sar:8/9 s:720x480 i:B iskey:0 type:? checksum:EE6A244C plane_checksum:[44E7536D 7CD2BE5D 907D1273] mean:[148 148 115] stdev:[52.8 19.5 13.8]
[Parsed_showinfo_1 @ 0xc49008d80] [info] color_range:unknown color_space:unknown color_primaries:unknown color_trc:unknown
[Parsed_showinfo_1 @ 0xc49008d80] [info] n: 474 pts:    474 pts_time:15.8161 duration:      1 duration_time:0.0333673 fmt:yuv411p cl:topleft sar:8/9 s:720x480 i:B iskey:0 type:? checksum:AA99524E plane_checksum:[466888A7 AA228BD0 C1933DC8] mean:[148 148 115] stdev:[52.9 19.0 13.8]
[Parsed_showinfo_1 @ 0xc49008d80] [info] color_range:unknown color_space:unknown color_primaries:unknown color_trc:unknown
[Parsed_showinfo_1 @ 0xc49008d80] [info] n: 475 pts:    475 pts_time:15.849468 duration:      1 duration_time:0.0333673 fmt:yuv411p cl:topleft sar:8/9 s:720x480 i:B iskey:0 type:? checksum:19C489C1 plane_checksum:[E1AEAB3C 138B9511 0C774965] mean:[148 148 115] stdev:[53.1 19.0 13.5]
[Parsed_showinfo_1 @ 0xc49008d80] [info] color_range:unknown color_space:unknown color_primaries:unknown color_trc:unknown
[Parsed_showinfo_1 @ 0xc49008d80] [info] n: 476 pts:    476 pts_time:15.882835 duration:      1 duration_time:0.0333673 fmt:yuv411p cl:topleft sar:8/9 s:720x480 i:B iskey:0 type:? checksum:1E7A3EDD plane_checksum:[1759632C C67A9BEC 3B403FB6] mean:[148 148 115] stdev:[53.2 19.4 13.7]
[Parsed_showinfo_1 @ 0xc49008d80] [info] color_range:unknown color_space:unknown color_primaries:unknown color_trc:unknown
[Parsed_showinfo_1 @ 0xc49008d80] [info] n: 477 pts:    477 pts_time:15.916202 duration:      1 duration_time:0.0333673 fmt:yuv411p cl:topleft sar:8/9 s:720x480 i:B iskey:0 type:? checksum:3A94A97A plane_checksum:[34A355FB 03DFF4EE 35FF5E82] mean:[148 148 116] stdev:[53.3 19.7 13.6]
[Parsed_showinfo_1 @ 0xc49008d80] [info] color_range:unknown color_space:unknown color_primaries:unknown color_trc:unknown
[Parsed_showinfo_1 @ 0xc49008d80] [info] n: 478 pts:    478 pts_time:15.949569 duration:      1 duration_time:0.0333673 fmt:yuv411p cl:topleft sar:8/9 s:720x480 i:B iskey:0 type:? checksum:C1484375 plane_checksum:[B039F6DE F0DBE0B5 A3E76BC4] mean:[148 148 116] stdev:[53.3 19.7 13.5]
[Parsed_showinfo_1 @ 0xc49008d80] [info] color_range:unknown color_space:unknown color_primaries:unknown color_trc:unknown
[Parsed_showinfo_1 @ 0xc49008d80] [info] n: 479 pts:    479 pts_time:15.982937 duration:      1 duration_time:0.0333673 fmt:yuv411p cl:topleft sar:8/9 s:720x480 i:B iskey:0 type:? checksum:276DD3A6 plane_checksum:[A29BEC0E A4548041 E1BD6748] mean:[148 147 116] stdev:[53.4 19.3 13.2]
[Parsed_showinfo_1 @ 0xc49008d80] [info] color_range:unknown color_space:unknown color_primaries:unknown color_trc:unknown
[Parsed_showinfo_1 @ 0xc49008d80] [info] n: 480 pts:    480 pts_time:16.016304 duration:      1 duration_time:0.0333673 fmt:yuv411p cl:topleft sar:8/9 s:720x480 i:B iskey:0 type:? checksum:078C9793 plane_checksum:[6015B259 42789767 2D524DC4] mean:[147 148 115] stdev:[53.3 19.2 13.3]
[Parsed_showinfo_1 @ 0xc49008d80] [info] color_range:unknown color_space:unknown color_primaries:unknown color_trc:unknown
[Parsed_showinfo_1 @ 0xc49008d80] [info] n: 481 pts:    481 pts_time:16.049671 duration:      1 duration_time:0.0333673 fmt:yuv411p cl:topleft sar:8/9 s:720x480 i:B iskey:0 type:? checksum:76A0DE2F plane_checksum:[618B8FD4 77EB245F 596329FC] mean:[148 148 115] stdev:[53.7 19.5 13.4]
[Parsed_showinfo_1 @ 0xc49008d80] [info] color_range:unknown color_space:unknown color_primaries:unknown color_trc:unknown
[Parsed_showinfo_1 @ 0xc49008d80] [info] n: 482 pts:    482 pts_time:16.083039 duration:      1 duration_time:0.0333673 fmt:yuv411p cl:topleft sar:8/9 s:720x480 i:B iskey:0 type:? checksum:175DD188 plane_checksum:[F562AFD4 ECD310F1 04B810C3] mean:[148 148 115] stdev:[53.9 19.6 13.7]
[Parsed_showinfo_1 @ 0xc49008d80] [info] color_range:unknown color_space:unknown color_primaries:unknown color_trc:unknown
[Parsed_showinfo_1 @ 0xc49008d80] [info] n: 483 pts:    483 pts_time:16.116406 duration:      1 duration_time:0.0333673 fmt:yuv411p cl:topleft sar:8/9 s:720x480 i:B iskey:0 type:? checksum:F3CCB8ED plane_checksum:[1D7EDBA4 03D4CF3D 86E40DFD] mean:[148 148 115] stdev:[54.0 19.5 13.7]
[Parsed_showinfo_1 @ 0xc49008d80] [info] color_range:unknown color_space:unknown color_primaries:unknown color_trc:unknown
[Parsed_showinfo_1 @ 0xc49008d80] [info] n: 484 pts:    484 pts_time:16.149773 duration:      1 duration_time:0.0333673 fmt:yuv411p cl:topleft sar:8/9 s:720x480 i:B iskey:0 type:? checksum:DCDB81FA plane_checksum:[8555C642 D3B779CC FF8B41DD] mean:[149 147 115] stdev:[54.1 19.2 13.6]
[Parsed_showinfo_1 @ 0xc49008d80] [info] color_range:unknown color_space:unknown color_primaries:unknown color_trc:unknown
[Parsed_showinfo_1 @ 0xc49008d80] [info] n: 485 pts:    485 pts_time:16.183141 duration:      1 duration_time:0.0333673 fmt:yuv411p cl:topleft sar:8/9 s:720x480 i:B iskey:0 type:? checksum:F19C4080 plane_checksum:[9232975A 58E0308B 5467788C] mean:[148 147 116] stdev:[54.0 19.0 13.4]
[Parsed_showinfo_1 @ 0xc49008d80] [info] color_range:unknown color_space:unknown color_primaries:unknown color_trc:unknown
[Parsed_showinfo_1 @ 0xc49008d80] [info] n: 486 pts:    486 pts_time:16.216508 duration:      1 duration_time:0.0333673 fmt:yuv411p cl:topleft sar:8/9 s:720x480 i:B iskey:0 type:? checksum:5899E356 plane_checksum:[569250BC 4B8DFE97 CA4F93F4] mean:[148 147 116] stdev:[54.2 18.9 13.4]
[Parsed_showinfo_1 @ 0xc49008d80] [info] color_range:unknown color_space:unknown color_primaries:unknown color_trc:unknown
[Parsed_showinfo_1 @ 0xc49008d80] [info] n: 487 pts:    487 pts_time:16.249875 duration:      1 duration_time:0.0333673 fmt:yuv411p cl:topleft sar:8/9 s:720x480 i:B iskey:0 type:? checksum:6206D69D plane_checksum:[D79C3012 519FFA50 85E7AC2C] mean:[148 147 116] stdev:[54.3 19.0 13.4]
[Parsed_showinfo_1 @ 0xc49008d80] [info] color_range:unknown color_space:unknown color_primaries:unknown color_trc:unknown
[Parsed_showinfo_1 @ 0xc49008d80] [info] n: 488 pts:    488 pts_time:16.283242 duration:      1 duration_time:0.0333673 fmt:yuv411p cl:topleft sar:8/9 s:720x480 i:B iskey:0 type:? checksum:36FA990E plane_checksum:[A5665951 0E31490C 2C25F6A2] mean:[148 147 116] stdev:[54.5 19.3 13.4]
[Parsed_showinfo_1 @ 0xc49008d80] [info] color_range:unknown color_space:unknown color_primaries:unknown color_trc:unknown
[Parsed_showinfo_1 @ 0xc49008d80] [info] n: 489 pts:    489 pts_time:16.31661 duration:      1 duration_time:0.0333673 fmt:yuv411p cl:topleft sar:8/9 s:720x480 i:B iskey:0 type:? checksum:771D63CB plane_checksum:[3FB168D4 7C6EFCFC C5F0FDDD] mean:[149 147 116] stdev:[54.6 19.5 13.6]
[Parsed_showinfo_1 @ 0xc49008d80] [info] color_range:unknown color_space:unknown color_primaries:unknown color_trc:unknown
[Parsed_showinfo_1 @ 0xc49008d80] [info] n: 490 pts:    490 pts_time:16.349977 duration:      1 duration_time:0.0333673 fmt:yuv411p cl:topleft sar:8/9 s:720x480 i:B iskey:0 type:? checksum:8D2A7148 plane_checksum:[0769F25A 1903C558 E7E2B978] mean:[149 147 116] stdev:[54.6 19.2 13.8]
[Parsed_showinfo_1 @ 0xc49008d80] [info] color_range:unknown color_space:unknown color_primaries:unknown color_trc:unknown
[Parsed_showinfo_1 @ 0xc49008d80] [info] n: 491 pts:    491 pts_time:16.383344 duration:      1 duration_time:0.0333673 fmt:yuv411p cl:topleft sar:8/9 s:720x480 i:B iskey:0 type:? checksum:827E6859 plane_checksum:[78BE5585 7F0402D3 40311001] mean:[149 147 116] stdev:[54.6 19.1 13.7]
[Parsed_showinfo_1 @ 0xc49008d80] [info] color_range:unknown color_space:unknown color_primaries:unknown color_trc:unknown
[Parsed_showinfo_1 @ 0xc49008d80] [info] n: 492 pts:    492 pts_time:16.416712 duration:      1 duration_time:0.0333673 fmt:yuv411p cl:topleft sar:8/9 s:720x480 i:B iskey:0 type:? checksum:AD128689 plane_checksum:[63568C79 927AE900 766B1101] mean:[149 147 116] stdev:[54.5 19.3 13.6]
[Parsed_showinfo_1 @ 0xc49008d80] [info] color_range:unknown color_space:unknown color_primaries:unknown color_trc:unknown
[Parsed_showinfo_1 @ 0xc49008d80] [info] n: 493 pts:    493 pts_time:16.450079 duration:      1 duration_time:0.0333673 fmt:yuv411p cl:topleft sar:8/9 s:720x480 i:B iskey:0 type:? checksum:3E251A91 plane_checksum:[40453D68 A024CBDE BAF5113C] mean:[149 147 116] stdev:[54.5 19.4 13.6]
[Parsed_showinfo_1 @ 0xc49008d80] [info] color_range:unknown color_space:unknown color_primaries:unknown color_trc:unknown
[Parsed_showinfo_1 @ 0xc49008d80] [info] n: 494 pts:    494 pts_time:16.483446 duration:      1 duration_time:0.0333673 fmt:yuv411p cl:topleft sar:8/9 s:720x480 i:B iskey:0 type:? checksum:3B214837 plane_checksum:[F94F9ED1 C269B8F3 3AC7F055] mean:[150 147 116] stdev:[54.5 19.5 13.6]
[Parsed_showinfo_1 @ 0xc49008d80] [info] color_range:unknown color_space:unknown color_primaries:unknown color_trc:unknown
[Parsed_showinfo_1 @ 0xc49008d80] [info] n: 495 pts:    495 pts_time:16.516814 duration:      1 duration_time:0.0333673 fmt:yuv411p cl:topleft sar:8/9 s:720x480 i:B iskey:0 type:? checksum:D00D9DEC plane_checksum:[476855D2 0A272D41 D4D11AD9] mean:[149 147 116] stdev:[54.4 19.6 13.6]
[Parsed_showinfo_1 @ 0xc49008d80] [info] color_range:unknown color_space:unknown color_primaries:unknown color_trc:unknown
[Parsed_showinfo_1 @ 0xc49008d80] [info] n: 496 pts:    496 pts_time:16.550181 duration:      1 duration_time:0.0333673 fmt:yuv411p cl:topleft sar:8/9 s:720x480 i:B iskey:0 type:? checksum:23FF28D2 plane_checksum:[1A8AC748 13E0452D 263F1C4E] mean:[150 147 116] stdev:[54.4 19.6 13.6]
[Parsed_showinfo_1 @ 0xc49008d80] [info] color_range:unknown color_space:unknown color_primaries:unknown color_trc:unknown
[Parsed_showinfo_1 @ 0xc49008d80] [info] n: 497 pts:    497 pts_time:16.583548 duration:      1 duration_time:0.0333673 fmt:yuv411p cl:topleft sar:8/9 s:720x480 i:B iskey:0 type:? checksum:980FE5BC plane_checksum:[17823BE6 851FDDA2 14F9CC25] mean:[154 145 117] stdev:[54.7 20.5 13.7]
[Parsed_showinfo_1 @ 0xc49008d80] [info] color_range:unknown color_space:unknown color_primaries:unknown color_trc:unknown
[Parsed_showinfo_1 @ 0xc49008d80] [info] n: 498 pts:    498 pts_time:16.616915 duration:      1 duration_time:0.0333673 fmt:yuv411p cl:topleft sar:8/9 s:720x480 i:B iskey:0 type:? checksum:F44494F2 plane_checksum:[7F05A03D AA8188D0 66916BD6] mean:[163 141 120] stdev:[53.8 18.2 11.9]
[Parsed_showinfo_1 @ 0xc49008d80] [info] color_range:unknown color_space:unknown color_primaries:unknown color_trc:unknown
[Parsed_showinfo_1 @ 0xc49008d80] [info] n: 499 pts:    499 pts_time:16.650283 duration:      1 duration_time:0.0333673 fmt:yuv411p cl:topleft sar:8/9 s:720x480 i:B iskey:0 type:? checksum:0817FA4B plane_checksum:[EB177851 6651F7B1 8F108A3A] mean:[157 142 120] stdev:[54.6 18.3 12.0]
[Parsed_showinfo_1 @ 0xc49008d80] [info] color_range:unknown color_space:unknown color_primaries:unknown color_trc:unknown
[Parsed_showinfo_1 @ 0xc49008d80] [info] n: 500 pts:    500 pts_time:16.68365 duration:      1 duration_time:0.0333673 fmt:yuv411p cl:topleft sar:8/9 s:720x480 i:B iskey:0 type:? checksum:DCD3030F plane_checksum:[0CCDDAB7 C3C93FCD 0971E86D] mean:[152 145 118] stdev:[55.3 18.7 12.8]
[Parsed_showinfo_1 @ 0xc49008d80] [info] color_range:unknown color_space:unknown color_primaries:unknown color_trc:unknown
[Parsed_showinfo_1 @ 0xc49008d80] [info] n: 501 pts:    501 pts_time:16.717017 duration:      1 duration_time:0.0333673 fmt:yuv411p cl:topleft sar:8/9 s:720x480 i:B iskey:0 type:? checksum:44B1944E plane_checksum:[D11E757C 62917ACA 2986A3F9] mean:[151 146 117] stdev:[55.1 18.9 13.2]
[Parsed_showinfo_1 @ 0xc49008d80] [info] color_range:unknown color_space:unknown color_primaries:unknown color_trc:unknown
[Parsed_showinfo_1 @ 0xc49008d80] [info] n: 502 pts:    502 pts_time:16.750385 duration:      1 duration_time:0.0333673 fmt:yuv411p cl:topleft sar:8/9 s:720x480 i:B iskey:0 type:? checksum:1175DB62 plane_checksum:[7E43079B C54DCE6E F7BC0559] mean:[150 146 117] stdev:[54.8 19.0 13.5]
[Parsed_showinfo_1 @ 0xc49008d80] [info] color_range:unknown color_space:unknown color_primaries:unknown color_trc:unknown
[Parsed_showinfo_1 @ 0xc49008d80] [info] n: 503 pts:    503 pts_time:16.783752 duration:      1 duration_time:0.0333673 fmt:yuv411p cl:topleft sar:8/9 s:720x480 i:B iskey:0 type:? checksum:AF925EAC plane_checksum:[6039A980 398214CD 857CA050] mean:[149 146 117] stdev:[54.5 19.2 13.5]
[Parsed_showinfo_1 @ 0xc49008d80] [info] color_range:unknown color_space:unknown color_primaries:unknown color_trc:unknown
[Parsed_showinfo_1 @ 0xc49008d80] [info] n: 504 pts:    504 pts_time:16.817119 duration:      1 duration_time:0.0333673 fmt:yuv411p cl:topleft sar:8/9 s:720x480 i:B iskey:0 type:? checksum:677FAA82 plane_checksum:[65E9AA4D 49D98AD8 E148754E] mean:[148 147 116] stdev:[54.3 19.2 13.5]
[Parsed_showinfo_1 @ 0xc49008d80] [info] color_range:unknown color_space:unknown color_primaries:unknown color_trc:unknown
[Parsed_showinfo_1 @ 0xc49008d80] [info] n: 505 pts:    505 pts_time:16.850487 duration:      1 duration_time:0.0333673 fmt:yuv411p cl:topleft sar:8/9 s:720x480 i:B iskey:0 type:? checksum:09D14D1B plane_checksum:[DB40DFF9 3B54CC97 EA88A06D] mean:[148 147 117] stdev:[54.2 19.4 13.5]
[Parsed_showinfo_1 @ 0xc49008d80] [info] color_range:unknown color_space:unknown color_primaries:unknown color_trc:unknown
[Parsed_showinfo_1 @ 0xc49008d80] [info] n: 506 pts:    506 pts_time:16.883854 duration:      1 duration_time:0.0333673 fmt:yuv411p cl:topleft sar:8/9 s:720x480 i:B iskey:0 type:? checksum:49C3120F plane_checksum:[58E0DE3C 06FAC9AA 2A716A0B] mean:[148 147 116] stdev:[54.1 19.5 13.4]
[Parsed_showinfo_1 @ 0xc49008d80] [info] color_range:unknown color_space:unknown color_primaries:unknown color_trc:unknown
[Parsed_showinfo_1 @ 0xc49008d80] [info] n: 507 pts:    507 pts_time:16.917221 duration:      1 duration_time:0.0333673 fmt:yuv411p cl:topleft sar:8/9 s:720x480 i:B iskey:0 type:? checksum:480A51C1 plane_checksum:[EFAD5829 BAE8AA7E 996B4F0B] mean:[148 147 116] stdev:[53.9 19.3 13.5]
[Parsed_showinfo_1 @ 0xc49008d80] [info] color_range:unknown color_space:unknown color_primaries:unknown color_trc:unknown
[Parsed_showinfo_1 @ 0xc49008d80] [info] n: 508 pts:    508 pts_time:16.950588 duration:      1 duration_time:0.0333673 fmt:yuv411p cl:topleft sar:8/9 s:720x480 i:B iskey:0 type:? checksum:50AE6AC5 plane_checksum:[644C5990 EDFCA7F5 FD876931] mean:[148 147 116] stdev:[53.7 19.2 13.4]
[Parsed_showinfo_1 @ 0xc49008d80] [info] color_range:unknown color_space:unknown color_primaries:unknown color_trc:unknown
[Parsed_showinfo_1 @ 0xc49008d80] [info] n: 509 pts:    509 pts_time:16.983956 duration:      1 duration_time:0.0333673 fmt:yuv411p cl:topleft sar:8/9 s:720x480 i:B iskey:0 type:? checksum:20D3E45D plane_checksum:[F2FBE190 3B8EC41F 613B3E9F] mean:[147 147 116] stdev:[53.6 19.2 13.4]
[Parsed_showinfo_1 @ 0xc49008d80] [info] color_range:unknown color_space:unknown color_primaries:unknown color_trc:unknown
[Parsed_showinfo_1 @ 0xc49008d80] [info] n: 510 pts:    510 pts_time:17.017323 duration:      1 duration_time:0.0333673 fmt:yuv411p cl:topleft sar:8/9 s:720x480 i:B iskey:0 type:? checksum:440E27F5 plane_checksum:[89CC3026 FE22D6CC 8E9C20F4] mean:[147 147 116] stdev:[53.5 19.1 13.5]
[Parsed_showinfo_1 @ 0xc49008d80] [info] color_range:unknown color_space:unknown color_primaries:unknown color_trc:unknown
[Parsed_showinfo_1 @ 0xc49008d80] [info] n: 511 pts:    511 pts_time:17.05069 duration:      1 duration_time:0.0333673 fmt:yuv411p cl:topleft sar:8/9 s:720x480 i:B iskey:0 type:? checksum:09F1FB31 plane_checksum:[4DE706C8 E040DA4B B9191A1E] mean:[148 147 116] stdev:[53.5 19.0 13.5]
[Parsed_showinfo_1 @ 0xc49008d80] [info] color_range:unknown color_space:unknown color_primaries:unknown color_trc:unknown
[Parsed_showinfo_1 @ 0xc49008d80] [info] n: 512 pts:    512 pts_time:17.084058 duration:      1 duration_time:0.0333673 fmt:yuv411p cl:topleft sar:8/9 s:720x480 i:B iskey:0 type:? checksum:06E688FD plane_checksum:[EFDDA9F5 C7FEC5D8 7F1C1921] mean:[148 147 116] stdev:[53.6 19.1 13.5]
[Parsed_showinfo_1 @ 0xc49008d80] [info] color_range:unknown color_space:unknown color_primaries:unknown color_trc:unknown
[Parsed_showinfo_1 @ 0xc49008d80] [info] n: 513 pts:    513 pts_time:17.117425 duration:      1 duration_time:0.0333673 fmt:yuv411p cl:topleft sar:8/9 s:720x480 i:B iskey:0 type:? checksum:67306DBB plane_checksum:[3AEF3F1F C3ED024A 2DF22C52] mean:[148 147 116] stdev:[53.6 19.1 13.6]
[Parsed_showinfo_1 @ 0xc49008d80] [info] color_range:unknown color_space:unknown color_primaries:unknown color_trc:unknown
[Parsed_showinfo_1 @ 0xc49008d80] [info] n: 514 pts:    514 pts_time:17.150792 duration:      1 duration_time:0.0333673 fmt:yuv411p cl:topleft sar:8/9 s:720x480 i:B iskey:0 type:? checksum:428BB74C plane_checksum:[C48F9EF6 955FECEB 97542B5C] mean:[148 147 116] stdev:[53.6 19.1 13.7]
[Parsed_showinfo_1 @ 0xc49008d80] [info] color_range:unknown color_space:unknown color_primaries:unknown color_trc:unknown
[Parsed_showinfo_1 @ 0xc49008d80] [info] n: 515 pts:    515 pts_time:17.184159 duration:      1 duration_time:0.0333673 fmt:yuv411p cl:topleft sar:8/9 s:720x480 i:B iskey:0 type:? checksum:A82A46BD plane_checksum:[F3CCF09A 48220FD7 043B463D] mean:[148 147 116] stdev:[53.6 19.3 13.6]
[Parsed_showinfo_1 @ 0xc49008d80] [info] color_range:unknown color_space:unknown color_primaries:unknown color_trc:unknown
[Parsed_showinfo_1 @ 0xc49008d80] [info] n: 516 pts:    516 pts_time:17.217527 duration:      1 duration_time:0.0333673 fmt:yuv411p cl:topleft sar:8/9 s:720x480 i:B iskey:0 type:? checksum:11450684 plane_checksum:[C0F1F9E9 79CEBF22 C56A4D5B] mean:[148 147 116] stdev:[53.6 19.3 13.7]
[Parsed_showinfo_1 @ 0xc49008d80] [info] color_range:unknown color_space:unknown color_primaries:unknown color_trc:unknown
[Parsed_showinfo_1 @ 0xc49008d80] [info] n: 517 pts:    517 pts_time:17.250894 duration:      1 duration_time:0.0333673 fmt:yuv411p cl:topleft sar:8/9 s:720x480 i:B iskey:0 type:? checksum:1C1EE261 plane_checksum:[D44CAB6D 6BFB22D2 6B6E1422] mean:[148 147 116] stdev:[53.7 19.5 13.7]
[Parsed_showinfo_1 @ 0xc49008d80] [info] color_range:unknown color_space:unknown color_primaries:unknown color_trc:unknown
[Parsed_showinfo_1 @ 0xc49008d80] [info] n: 518 pts:    518 pts_time:17.284261 duration:      1 duration_time:0.0333673 fmt:yuv411p cl:topleft sar:8/9 s:720x480 i:B iskey:0 type:? checksum:ACBCAFA1 plane_checksum:[8C3A196E 1EC9DAD9 0B70BB4B] mean:[148 147 116] stdev:[53.7 19.6 13.8]
[Parsed_showinfo_1 @ 0xc49008d80] [info] color_range:unknown color_space:unknown color_primaries:unknown color_trc:unknown
[Parsed_showinfo_1 @ 0xc49008d80] [info] n: 519 pts:    519 pts_time:17.317629 duration:      1 duration_time:0.0333673 fmt:yuv411p cl:topleft sar:8/9 s:720x480 i:B iskey:0 type:? checksum:8B6A6AF9 plane_checksum:[BCBCAB8D E4BCF8A6 9115C6A8] mean:[148 147 116] stdev:[53.5 19.5 13.9]
[Parsed_showinfo_1 @ 0xc49008d80] [info] color_range:unknown color_space:unknown color_primaries:unknown color_trc:unknown
[Parsed_showinfo_1 @ 0xc49008d80] [info] n: 520 pts:    520 pts_time:17.350996 duration:      1 duration_time:0.0333673 fmt:yuv411p cl:topleft sar:8/9 s:720x480 i:B iskey:0 type:? checksum:146B04CF plane_checksum:[FF86F9F8 CA1B203E 8730EA7B] mean:[148 147 116] stdev:[53.5 19.5 13.8]
[Parsed_showinfo_1 @ 0xc49008d80] [info] color_range:unknown color_space:unknown color_primaries:unknown color_trc:unknown
[Parsed_showinfo_1 @ 0xc49008d80] [info] n: 521 pts:    521 pts_time:17.384363 duration:      1 duration_time:0.0333673 fmt:yuv411p cl:topleft sar:8/9 s:720x480 i:B iskey:0 type:? checksum:02E2558D plane_checksum:[A51D011A A1D76589 0C6BEEDB] mean:[148 147 116] stdev:[53.5 19.5 13.7]
[Parsed_showinfo_1 @ 0xc49008d80] [info] color_range:unknown color_space:unknown color_primaries:unknown color_trc:unknown
[Parsed_showinfo_1 @ 0xc49008d80] [info] n: 522 pts:    522 pts_time:17.417731 duration:      1 duration_time:0.0333673 fmt:yuv411p cl:topleft sar:8/9 s:720x480 i:B iskey:0 type:? checksum:F3182D5F plane_checksum:[00DAC82E B11968CE 5A09FC45] mean:[148 147 116] stdev:[53.5 19.3 13.7]
[Parsed_showinfo_1 @ 0xc49008d80] [info] color_range:unknown color_space:unknown color_primaries:unknown color_trc:unknown
[Parsed_showinfo_1 @ 0xc49008d80] [info] n: 523 pts:    523 pts_time:17.451098 duration:      1 duration_time:0.0333673 fmt:yuv411p cl:topleft sar:8/9 s:720x480 i:B iskey:0 type:? checksum:04FE7932 plane_checksum:[5EBF2976 21D46998 ED83E615] mean:[148 147 116] stdev:[53.6 19.4 13.7]
[Parsed_showinfo_1 @ 0xc49008d80] [info] color_range:unknown color_space:unknown color_primaries:unknown color_trc:unknown
[Parsed_showinfo_1 @ 0xc49008d80] [info] n: 524 pts:    524 pts_time:17.484465 duration:      1 duration_time:0.0333673 fmt:yuv411p cl:topleft sar:8/9 s:720x480 i:B iskey:0 type:? checksum:2CFFD2B6 plane_checksum:[780B8278 B3A3723D 30CDDDF2] mean:[148 147 116] stdev:[53.6 19.4 13.8]
[Parsed_showinfo_1 @ 0xc49008d80] [info] color_range:unknown color_space:unknown color_primaries:unknown color_trc:unknown
[Parsed_showinfo_1 @ 0xc49008d80] [info] n: 525 pts:    525 pts_time:17.517833 duration:      1 duration_time:0.0333673 fmt:yuv411p cl:topleft sar:8/9 s:720x480 i:B iskey:0 type:? checksum:936705DF plane_checksum:[D55DE433 74EB480A CC95D984] mean:[148 147 116] stdev:[53.6 19.4 13.8]
[Parsed_showinfo_1 @ 0xc49008d80] [info] color_range:unknown color_space:unknown color_primaries:unknown color_trc:unknown
[Parsed_showinfo_1 @ 0xc49008d80] [info] n: 526 pts:    526 pts_time:17.5512 duration:      1 duration_time:0.0333673 fmt:yuv411p cl:topleft sar:8/9 s:720x480 i:B iskey:0 type:? checksum:A32D0CFB plane_checksum:[F964465C BAF322E4 3339A3AC] mean:[148 147 116] stdev:[53.6 19.3 13.9]
[Parsed_showinfo_1 @ 0xc49008d80] [info] color_range:unknown color_space:unknown color_primaries:unknown color_trc:unknown
[Parsed_showinfo_1 @ 0xc49008d80] [info] n: 527 pts:    527 pts_time:17.584567 duration:      1 duration_time:0.0333673 fmt:yuv411p cl:topleft sar:8/9 s:720x480 i:B iskey:0 type:? checksum:C2DBD66E plane_checksum:[D752CDEF E7D64B4E DD5FBD22] mean:[148 147 116] stdev:[53.6 19.4 13.9]
[Parsed_showinfo_1 @ 0xc49008d80] [info] color_range:unknown color_space:unknown color_primaries:unknown color_trc:unknown
[Parsed_showinfo_1 @ 0xc49008d80] [info] n: 528 pts:    528 pts_time:17.617934 duration:      1 duration_time:0.0333673 fmt:yuv411p cl:topleft sar:8/9 s:720x480 i:B iskey:0 type:? checksum:C6C08395 plane_checksum:[D718D3A8 A0402154 D1018E8A] mean:[148 147 116] stdev:[53.5 19.3 13.8]
[Parsed_showinfo_1 @ 0xc49008d80] [info] color_range:unknown color_space:unknown color_primaries:unknown color_trc:unknown
[Parsed_showinfo_1 @ 0xc49008d80] [info] n: 529 pts:    529 pts_time:17.651302 duration:      1 duration_time:0.0333673 fmt:yuv411p cl:topleft sar:8/9 s:720x480 i:B iskey:0 type:? checksum:F8D96372 plane_checksum:[4F89741B A3173C58 3681B2F0] mean:[148 147 116] stdev:[53.5 19.5 13.8]
[Parsed_showinfo_1 @ 0xc49008d80] [info] color_range:unknown color_space:unknown color_primaries:unknown color_trc:unknown
[Parsed_showinfo_1 @ 0xc49008d80] [info] n: 530 pts:    530 pts_time:17.684669 duration:      1 duration_time:0.0333673 fmt:yuv411p cl:topleft sar:8/9 s:720x480 i:B iskey:0 type:? checksum:88E37C82 plane_checksum:[D6409F21 C9D43A5F 8D86A2F3] mean:[148 147 116] stdev:[53.5 19.2 13.9]
[Parsed_showinfo_1 @ 0xc49008d80] [info] color_range:unknown color_space:unknown color_primaries:unknown color_trc:unknown
[Parsed_showinfo_1 @ 0xc49008d80] [info] n: 531 pts:    531 pts_time:17.718036 duration:      1 duration_time:0.0333673 fmt:yuv411p cl:topleft sar:8/9 s:720x480 i:B iskey:0 type:? checksum:8DE06AA2 plane_checksum:[3220CDB5 93770D75 F5CD8F69] mean:[148 147 116] stdev:[53.4 19.2 14.0]
[Parsed_showinfo_1 @ 0xc49008d80] [info] color_range:unknown color_space:unknown color_primaries:unknown color_trc:unknown
[Parsed_showinfo_1 @ 0xc49008d80] [info] n: 532 pts:    532 pts_time:17.751404 duration:      1 duration_time:0.0333673 fmt:yuv411p cl:topleft sar:8/9 s:720x480 i:B iskey:0 type:? checksum:44FA979E plane_checksum:[A345BAF4 D44E16A0 DDEDC5FB] mean:[148 147 116] stdev:[53.4 19.1 13.9]
[Parsed_showinfo_1 @ 0xc49008d80] [info] color_range:unknown color_space:unknown color_primaries:unknown color_trc:unknown
[Parsed_showinfo_1 @ 0xc49008d80] [info] n: 533 pts:    533 pts_time:17.784771 duration:      1 duration_time:0.0333673 fmt:yuv411p cl:topleft sar:8/9 s:720x480 i:B iskey:0 type:? checksum:52276927 plane_checksum:[7B084AC8 C6184A83 B443D3CD] mean:[148 147 116] stdev:[53.4 19.0 13.8]
[Parsed_showinfo_1 @ 0xc49008d80] [info] color_range:unknown color_space:unknown color_primaries:unknown color_trc:unknown
[Parsed_showinfo_1 @ 0xc49008d80] [info] n: 534 pts:    534 pts_time:17.818138 duration:      1 duration_time:0.0333673 fmt:yuv411p cl:topleft sar:8/9 s:720x480 i:B iskey:0 type:? checksum:998DF9B2 plane_checksum:[ABC31048 C4F30D43 F1D6DC27] mean:[148 147 116] stdev:[53.4 19.2 13.9]
[Parsed_showinfo_1 @ 0xc49008d80] [info] color_range:unknown color_space:unknown color_primaries:unknown color_trc:unknown
[Parsed_showinfo_1 @ 0xc49008d80] [info] n: 535 pts:    535 pts_time:17.851506 duration:      1 duration_time:0.0333673 fmt:yuv411p cl:topleft sar:8/9 s:720x480 i:B iskey:0 type:? checksum:C2445FEC plane_checksum:[7C7A6C6D F05C10E3 9A88E28D] mean:[148 147 116] stdev:[53.5 19.4 13.8]
[Parsed_showinfo_1 @ 0xc49008d80] [info] color_range:unknown color_space:unknown color_primaries:unknown color_trc:unknown
[Parsed_showinfo_1 @ 0xc49008d80] [info] n: 536 pts:    536 pts_time:17.884873 duration:      1 duration_time:0.0333673 fmt:yuv411p cl:topleft sar:8/9 s:720x480 i:B iskey:0 type:? checksum:5F706F7F plane_checksum:[8A3E835A C9F92A76 9803C1A0] mean:[148 147 116] stdev:[53.5 19.4 14.0]
[Parsed_showinfo_1 @ 0xc49008d80] [info] color_range:unknown color_space:unknown color_primaries:unknown color_trc:unknown
[Parsed_showinfo_1 @ 0xc49008d80] [info] n: 537 pts:    537 pts_time:17.91824 duration:      1 duration_time:0.0333673 fmt:yuv411p cl:topleft sar:8/9 s:720x480 i:B iskey:0 type:? checksum:4B09905A plane_checksum:[5BBEE319 D274EA22 2FB4C301] mean:[148 147 116] stdev:[53.5 19.2 14.0]
[Parsed_showinfo_1 @ 0xc49008d80] [info] color_range:unknown color_space:unknown color_primaries:unknown color_trc:unknown
[Parsed_showinfo_1 @ 0xc49008d80] [info] n: 538 pts:    538 pts_time:17.951607 duration:      1 duration_time:0.0333673 fmt:yuv411p cl:topleft sar:8/9 s:720x480 i:B iskey:0 type:? checksum:DE4AEDE2 plane_checksum:[D8E766B3 EAF0B753 2BFCCFCD] mean:[148 147 116] stdev:[53.5 19.2 13.9]
[Parsed_showinfo_1 @ 0xc49008d80] [info] color_range:unknown color_space:unknown color_primaries:unknown color_trc:unknown
[Parsed_showinfo_1 @ 0xc49008d80] [info] n: 539 pts:    539 pts_time:17.984975 duration:      1 duration_time:0.0333673 fmt:yuv411p cl:topleft sar:8/9 s:720x480 i:B iskey:0 type:? checksum:DCF9B626 plane_checksum:[5BC152CA FC40A967 BA83B9E6] mean:[148 147 116] stdev:[53.5 19.2 14.0]
[Parsed_showinfo_1 @ 0xc49008d80] [info] color_range:unknown color_space:unknown color_primaries:unknown color_trc:unknown
[Parsed_showinfo_1 @ 0xc49008d80] [info] n: 540 pts:    540 pts_time:18.018342 duration:      1 duration_time:0.0333673 fmt:yuv411p cl:topleft sar:8/9 s:720x480 i:B iskey:0 type:? checksum:DD20D603 plane_checksum:[8C7A3421 AAAFF095 8E82B13E] mean:[148 147 116] stdev:[53.5 19.5 13.9]
[Parsed_showinfo_1 @ 0xc49008d80] [info] color_range:unknown color_space:unknown color_primaries:unknown color_trc:unknown
[Parsed_showinfo_1 @ 0xc49008d80] [info] n: 541 pts:    541 pts_time:18.051709 duration:      1 duration_time:0.0333673 fmt:yuv411p cl:topleft sar:8/9 s:720x480 i:B iskey:0 type:? checksum:A8BFD328 plane_checksum:[9253F0D8 EC960375 6625DECC] mean:[148 147 116] stdev:[53.5 19.5 13.9]
[Parsed_showinfo_1 @ 0xc49008d80] [info] color_range:unknown color_space:unknown color_primaries:unknown color_trc:unknown
[Parsed_showinfo_1 @ 0xc49008d80] [info] n: 542 pts:    542 pts_time:18.085077 duration:      1 duration_time:0.0333673 fmt:yuv411p cl:topleft sar:8/9 s:720x480 i:B iskey:0 type:? checksum:21949A66 plane_checksum:[ECA4B879 1E7AE6AC F4F9FB23] mean:[148 147 116] stdev:[53.5 19.5 13.9]
[Parsed_showinfo_1 @ 0xc49008d80] [info] color_range:unknown color_space:unknown color_primaries:unknown color_trc:unknown
[Parsed_showinfo_1 @ 0xc49008d80] [info] n: 543 pts:    543 pts_time:18.118444 duration:      1 duration_time:0.0333673 fmt:yuv411p cl:topleft sar:8/9 s:720x480 i:B iskey:0 type:? checksum:DDEE58B6 plane_checksum:[66A3D619 0A69AD90 AB26D4EF] mean:[148 147 116] stdev:[53.5 19.5 14.0]
[Parsed_showinfo_1 @ 0xc49008d80] [info] color_range:unknown color_space:unknown color_primaries:unknown color_trc:unknown
[Parsed_showinfo_1 @ 0xc49008d80] [info] n: 544 pts:    544 pts_time:18.151811 duration:      1 duration_time:0.0333673 fmt:yuv411p cl:topleft sar:8/9 s:720x480 i:B iskey:0 type:? checksum:89C9D1C4 plane_checksum:[74519CC3 71A67CCA 4DFFB828] mean:[148 147 116] stdev:[53.5 19.5 14.0]
[Parsed_showinfo_1 @ 0xc49008d80] [info] color_range:unknown color_space:unknown color_primaries:unknown color_trc:unknown
[Parsed_showinfo_1 @ 0xc49008d80] [info] n: 545 pts:    545 pts_time:18.185179 duration:      1 duration_time:0.0333673 fmt:yuv411p cl:topleft sar:8/9 s:720x480 i:B iskey:0 type:? checksum:1C184660 plane_checksum:[390EA7C9 735DD1BB 4A1FCCBE] mean:[148 147 116] stdev:[53.5 19.7 14.0]
[Parsed_showinfo_1 @ 0xc49008d80] [info] color_range:unknown color_space:unknown color_primaries:unknown color_trc:unknown
[Parsed_showinfo_1 @ 0xc49008d80] [info] n: 546 pts:    546 pts_time:18.218546 duration:      1 duration_time:0.0333673 fmt:yuv411p cl:topleft sar:8/9 s:720x480 i:B iskey:0 type:? checksum:654DAE44 plane_checksum:[4323E15B 26CEEF78 02A9DD53] mean:[148 147 116] stdev:[53.5 19.8 14.0]
[Parsed_showinfo_1 @ 0xc49008d80] [info] color_range:unknown color_space:unknown color_primaries:unknown color_trc:unknown
[Parsed_showinfo_1 @ 0xc49008d80] [info] n: 547 pts:    547 pts_time:18.251913 duration:      1 duration_time:0.0333673 fmt:yuv411p cl:topleft sar:8/9 s:720x480 i:B iskey:0 type:? checksum:B347497E plane_checksum:[C0209200 5B84E0F0 3E9ED670] mean:[148 147 116] stdev:[53.5 19.8 14.1]
[Parsed_showinfo_1 @ 0xc49008d80] [info] color_range:unknown color_space:unknown color_primaries:unknown color_trc:unknown
[Parsed_showinfo_1 @ 0xc49008d80] [info] n: 548 pts:    548 pts_time:18.28528 duration:      1 duration_time:0.0333673 fmt:yuv411p cl:topleft sar:8/9 s:720x480 i:B iskey:0 type:? checksum:A1BC82BD plane_checksum:[A6038EB5 CE4418EC D1F1DB0D] mean:[148 147 116] stdev:[53.6 20.0 14.0]
[Parsed_showinfo_1 @ 0xc49008d80] [info] color_range:unknown color_space:unknown color_primaries:unknown color_trc:unknown
[Parsed_showinfo_1 @ 0xc49008d80] [info] n: 549 pts:    549 pts_time:18.318648 duration:      1 duration_time:0.0333673 fmt:yuv411p cl:topleft sar:8/9 s:720x480 i:B iskey:0 type:? checksum:DFC989BD plane_checksum:[9468668C 06E92F43 CC5EF3DF] mean:[148 147 116] stdev:[53.4 20.0 14.0]
[Parsed_showinfo_1 @ 0xc49008d80] [info] color_range:unknown color_space:unknown color_primaries:unknown color_trc:unknown
[Parsed_showinfo_1 @ 0xc49008d80] [info] n: 550 pts:    550 pts_time:18.352015 duration:      1 duration_time:0.0333673 fmt:yuv411p cl:topleft sar:8/9 s:720x480 i:B iskey:0 type:? checksum:35D40753 plane_checksum:[2E5C9E72 FD9CBEE7 AD29A9DC] mean:[148 147 116] stdev:[53.4 19.8 14.0]
[Parsed_showinfo_1 @ 0xc49008d80] [info] color_range:unknown color_space:unknown color_primaries:unknown color_trc:unknown
[Parsed_showinfo_1 @ 0xc49008d80] [info] n: 551 pts:    551 pts_time:18.385382 duration:      1 duration_time:0.0333673 fmt:yuv411p cl:topleft sar:8/9 s:720x480 i:B iskey:0 type:? checksum:87F059BF plane_checksum:[DFF9F211 CE82D20C 918A9584] mean:[148 147 116] stdev:[53.4 19.9 14.1]
[Parsed_showinfo_1 @ 0xc49008d80] [info] color_range:unknown color_space:unknown color_primaries:unknown color_trc:unknown
[Parsed_showinfo_1 @ 0xc49008d80] [info] n: 552 pts:    552 pts_time:18.41875 duration:      1 duration_time:0.0333673 fmt:yuv411p cl:topleft sar:8/9 s:720x480 i:B iskey:0 type:? checksum:8EBCFDCD plane_checksum:[7FCD7801 1DDEDFA1 B9D3A61C] mean:[149 147 116] stdev:[53.4 19.9 14.1]
[Parsed_showinfo_1 @ 0xc49008d80] [info] color_range:unknown color_space:unknown color_primaries:unknown color_trc:unknown
[Parsed_showinfo_1 @ 0xc49008d80] [info] n: 553 pts:    553 pts_time:18.452117 duration:      1 duration_time:0.0333673 fmt:yuv411p cl:topleft sar:8/9 s:720x480 i:B iskey:0 type:? checksum:FE0F95F0 plane_checksum:[AC904425 556595DB 18AEBBE1] mean:[148 147 116] stdev:[53.3 20.0 14.0]
[Parsed_showinfo_1 @ 0xc49008d80] [info] color_range:unknown color_space:unknown color_primaries:unknown color_trc:unknown
[Parsed_showinfo_1 @ 0xc49008d80] [info] n: 554 pts:    554 pts_time:18.485484 duration:      1 duration_time:0.0333673 fmt:yuv411p cl:topleft sar:8/9 s:720x480 i:B iskey:0 type:? checksum:0D1BE9C8 plane_checksum:[04D69F8D BCF894A1 1F15B58B] mean:[148 147 116] stdev:[53.3 19.8 14.1]
[Parsed_showinfo_1 @ 0xc49008d80] [info] color_range:unknown color_space:unknown color_primaries:unknown color_trc:unknown
[Parsed_showinfo_1 @ 0xc49008d80] [info] n: 555 pts:    555 pts_time:18.518852 duration:      1 duration_time:0.0333673 fmt:yuv411p cl:topleft sar:8/9 s:720x480 i:B iskey:0 type:? checksum:CBD6880F plane_checksum:[7CE55003 1DAD8113 656DB6EA] mean:[149 147 116] stdev:[53.4 19.8 14.1]
[Parsed_showinfo_1 @ 0xc49008d80] [info] color_range:unknown color_space:unknown color_primaries:unknown color_trc:unknown
[Parsed_showinfo_1 @ 0xc49008d80] [info] n: 556 pts:    556 pts_time:18.552219 duration:      1 duration_time:0.0333673 fmt:yuv411p cl:topleft sar:8/9 s:720x480 i:B iskey:0 type:? checksum:15DC7BAB plane_checksum:[796DD91A 6F7CCA93 9EF6D7E0] mean:[149 147 116] stdev:[53.4 19.7 14.0]
[Parsed_showinfo_1 @ 0xc49008d80] [info] color_range:unknown color_space:unknown color_primaries:unknown color_trc:unknown
[Parsed_showinfo_1 @ 0xc49008d80] [info] n: 557 pts:    557 pts_time:18.585586 duration:      1 duration_time:0.0333673 fmt:yuv411p cl:topleft sar:8/9 s:720x480 i:B iskey:0 type:? checksum:F5B01150 plane_checksum:[F1C4270F D266D86A 23AA11C8] mean:[149 147 116] stdev:[53.3 19.9 14.1]
[Parsed_showinfo_1 @ 0xc49008d80] [info] color_range:unknown color_space:unknown color_primaries:unknown color_trc:unknown
[Parsed_showinfo_1 @ 0xc49008d80] [info] n: 558 pts:    558 pts_time:18.618953 duration:      1 duration_time:0.0333673 fmt:yuv411p cl:topleft sar:8/9 s:720x480 i:B iskey:0 type:? checksum:D0B1D47A plane_checksum:[9F115C18 9A42B870 2BF6BFE3] mean:[149 147 116] stdev:[53.2 20.1 13.9]
[Parsed_showinfo_1 @ 0xc49008d80] [info] color_range:unknown color_space:unknown color_primaries:unknown color_trc:unknown
[Parsed_showinfo_1 @ 0xc49008d80] [info] n: 559 pts:    559 pts_time:18.652321 duration:      1 duration_time:0.0333673 fmt:yuv411p cl:topleft sar:8/9 s:720x480 i:B iskey:0 type:? checksum:F920D890 plane_checksum:[F895605F D469BB5E E380BCC4] mean:[149 147 116] stdev:[53.1 20.0 14.1]
[Parsed_showinfo_1 @ 0xc49008d80] [info] color_range:unknown color_space:unknown color_primaries:unknown color_trc:unknown
[Parsed_showinfo_1 @ 0xc49008d80] [info] n: 560 pts:    560 pts_time:18.685688 duration:      1 duration_time:0.0333673 fmt:yuv411p cl:topleft sar:8/9 s:720x480 i:B iskey:0 type:? checksum:3ACC2299 plane_checksum:[734225DC BDDE6FF3 99068CBB] mean:[149 147 116] stdev:[53.1 20.0 14.2]
[Parsed_showinfo_1 @ 0xc49008d80] [info] color_range:unknown color_space:unknown color_primaries:unknown color_trc:unknown
[Parsed_showinfo_1 @ 0xc49008d80] [info] n: 561 pts:    561 pts_time:18.719055 duration:      1 duration_time:0.0333673 fmt:yuv411p cl:topleft sar:8/9 s:720x480 i:B iskey:0 type:? checksum:E5E8A705 plane_checksum:[68F78241 475F992C 5A038B89] mean:[149 147 116] stdev:[53.1 20.1 14.4]
[Parsed_showinfo_1 @ 0xc49008d80] [info] color_range:unknown color_space:unknown color_primaries:unknown color_trc:unknown
[Parsed_showinfo_1 @ 0xc49008d80] [info] n: 562 pts:    562 pts_time:18.752423 duration:      1 duration_time:0.0333673 fmt:yuv411p cl:topleft sar:8/9 s:720x480 i:B iskey:0 type:? checksum:705BFDAA plane_checksum:[FC72D28F 38E0B595 AD1C7577] mean:[149 147 116] stdev:[53.0 19.9 14.3]
[Parsed_showinfo_1 @ 0xc49008d80] [info] color_range:unknown color_space:unknown color_primaries:unknown color_trc:unknown
[Parsed_showinfo_1 @ 0xc49008d80] [info] n: 563 pts:    563 pts_time:18.78579 duration:      1 duration_time:0.0333673 fmt:yuv411p cl:topleft sar:8/9 s:720x480 i:B iskey:0 type:? checksum:9D379E84 plane_checksum:[1892B102 050E7DA5 22796FCE] mean:[149 147 116] stdev:[53.0 20.1 14.2]
[Parsed_showinfo_1 @ 0xc49008d80] [info] color_range:unknown color_space:unknown color_primaries:unknown color_trc:unknown
[Parsed_showinfo_1 @ 0xc49008d80] [info] n: 564 pts:    564 pts_time:18.819157 duration:      1 duration_time:0.0333673 fmt:yuv411p cl:topleft sar:8/9 s:720x480 i:B iskey:0 type:? checksum:AA853C03 plane_checksum:[A61A2834 C9E7A889 44EA6B37] mean:[149 147 116] stdev:[53.0 20.1 14.1]
[Parsed_showinfo_1 @ 0xc49008d80] [info] color_range:unknown color_space:unknown color_primaries:unknown color_trc:unknown
[Parsed_showinfo_1 @ 0xc49008d80] [info] n: 565 pts:    565 pts_time:18.852525 duration:      1 duration_time:0.0333673 fmt:yuv411p cl:topleft sar:8/9 s:720x480 i:B iskey:0 type:? checksum:F7B160E9 plane_checksum:[1FF3CECB 6CD2E4CF A0E6AD31] mean:[149 147 116] stdev:[53.0 20.0 14.0]
[Parsed_showinfo_1 @ 0xc49008d80] [info] color_range:unknown color_space:unknown color_primaries:unknown color_trc:unknown
[Parsed_showinfo_1 @ 0xc49008d80] [info] n: 566 pts:    566 pts_time:18.885892 duration:      1 duration_time:0.0333673 fmt:yuv411p cl:topleft sar:8/9 s:720x480 i:B iskey:0 type:? checksum:21BAF58C plane_checksum:[73EF6314 9643CA7F F80DC7EA] mean:[149 147 116] stdev:[52.9 19.9 14.0]
[Parsed_showinfo_1 @ 0xc49008d80] [info] color_range:unknown color_space:unknown color_primaries:unknown color_trc:unknown
[Parsed_showinfo_1 @ 0xc49008d80] [info] n: 567 pts:    567 pts_time:18.919259 duration:      1 duration_time:0.0333673 fmt:yuv411p cl:topleft sar:8/9 s:720x480 i:B iskey:0 type:? checksum:43A78452 plane_checksum:[1D6E1D5A 3CF8B8BF FD49AE2A] mean:[148 147 116] stdev:[52.8 19.9 14.1]
[Parsed_showinfo_1 @ 0xc49008d80] [info] color_range:unknown color_space:unknown color_primaries:unknown color_trc:unknown
[Parsed_showinfo_1 @ 0xc49008d80] [info] n: 568 pts:    568 pts_time:18.952626 duration:      1 duration_time:0.0333673 fmt:yuv411p cl:topleft sar:8/9 s:720x480 i:B iskey:0 type:? checksum:A95D3F49 plane_checksum:[A5F5B022 57BB0EE2 B4738036] mean:[149 147 116] stdev:[52.8 20.1 14.1]
[Parsed_showinfo_1 @ 0xc49008d80] [info] color_range:unknown color_space:unknown color_primaries:unknown color_trc:unknown
[Parsed_showinfo_1 @ 0xc49008d80] [info] n: 569 pts:    569 pts_time:18.985994 duration:      1 duration_time:0.0333673 fmt:yuv411p cl:topleft sar:8/9 s:720x480 i:B iskey:0 type:? checksum:390888B3 plane_checksum:[159332F8 4856C848 AD368D64] mean:[148 148 116] stdev:[52.7 20.2 14.1]
[Parsed_showinfo_1 @ 0xc49008d80] [info] color_range:unknown color_space:unknown color_primaries:unknown color_trc:unknown
[Parsed_showinfo_1 @ 0xc49008d80] [info] n: 570 pts:    570 pts_time:19.019361 duration:      1 duration_time:0.0333673 fmt:yuv411p cl:topleft sar:8/9 s:720x480 i:B iskey:0 type:? checksum:3A4454AA plane_checksum:[91B801F2 2AECDCDF 0B5375CA] mean:[148 148 116] stdev:[52.7 20.2 14.2]
[Parsed_showinfo_1 @ 0xc49008d80] [info] color_range:unknown color_space:unknown color_primaries:unknown color_trc:unknown
[Parsed_showinfo_1 @ 0xc49008d80] [info] n: 571 pts:    571 pts_time:19.052728 duration:      1 duration_time:0.0333673 fmt:yuv411p cl:topleft sar:8/9 s:720x480 i:B iskey:0 type:? checksum:B404DD88 plane_checksum:[2E416CDE A3E9EBFB 10E684A0] mean:[148 148 116] stdev:[52.7 20.4 14.2]
[Parsed_showinfo_1 @ 0xc49008d80] [info] color_range:unknown color_space:unknown color_primaries:unknown color_trc:unknown
[Parsed_showinfo_1 @ 0xc49008d80] [info] n: 572 pts:    572 pts_time:19.086096 duration:      1 duration_time:0.0333673 fmt:yuv411p cl:topleft sar:8/9 s:720x480 i:B iskey:0 type:? checksum:7357D5EA plane_checksum:[72FAE12C 71D49504 75345FAB] mean:[148 148 116] stdev:[52.6 20.2 14.2]
[Parsed_showinfo_1 @ 0xc49008d80] [info] color_range:unknown color_space:unknown color_primaries:unknown color_trc:unknown
[Parsed_showinfo_1 @ 0xc49008d80] [info] n: 573 pts:    573 pts_time:19.119463 duration:      1 duration_time:0.0333673 fmt:yuv411p cl:topleft sar:8/9 s:720x480 i:B iskey:0 type:? checksum:031E5984 plane_checksum:[2139A497 8B945EE8 90DC55F6] mean:[148 147 116] stdev:[52.7 19.9 14.3]
[Parsed_showinfo_1 @ 0xc49008d80] [info] color_range:unknown color_space:unknown color_primaries:unknown color_trc:unknown
[Parsed_showinfo_1 @ 0xc49008d80] [info] n: 574 pts:    574 pts_time:19.15283 duration:      1 duration_time:0.0333673 fmt:yuv411p cl:topleft sar:8/9 s:720x480 i:B iskey:0 type:? checksum:B7C6617A plane_checksum:[692CAECA 4D663C6C 536B7635] mean:[148 147 116] stdev:[52.6 19.9 14.3]
[Parsed_showinfo_1 @ 0xc49008d80] [info] color_range:unknown color_space:unknown color_primaries:unknown color_trc:unknown
[Parsed_showinfo_1 @ 0xc49008d80] [info] n: 575 pts:    575 pts_time:19.186198 duration:      1 duration_time:0.0333673 fmt:yuv411p cl:topleft sar:8/9 s:720x480 i:B iskey:0 type:? checksum:F926356E plane_checksum:[762FD42F 4AA6F1C4 ED396F5D] mean:[147 147 116] stdev:[52.5 19.9 14.1]
[Parsed_showinfo_1 @ 0xc49008d80] [info] color_range:unknown color_space:unknown color_primaries:unknown color_trc:unknown
[Parsed_showinfo_1 @ 0xc49008d80] [info] n: 576 pts:    576 pts_time:19.219565 duration:      1 duration_time:0.0333673 fmt:yuv411p cl:topleft sar:8/9 s:720x480 i:B iskey:0 type:? checksum:BA92F96A plane_checksum:[149E80F0 2C632DC0 93E24ABA] mean:[148 147 115] stdev:[52.5 19.9 14.1]
[Parsed_showinfo_1 @ 0xc49008d80] [info] color_range:unknown color_space:unknown color_primaries:unknown color_trc:unknown
[Parsed_showinfo_1 @ 0xc49008d80] [info] n: 577 pts:    577 pts_time:19.252932 duration:      1 duration_time:0.0333673 fmt:yuv411p cl:topleft sar:8/9 s:720x480 i:B iskey:0 type:? checksum:9507F7EA plane_checksum:[427B726E A7B418AF 533F6CCD] mean:[147 147 116] stdev:[52.5 20.0 14.1]
[Parsed_showinfo_1 @ 0xc49008d80] [info] color_range:unknown color_space:unknown color_primaries:unknown color_trc:unknown
[Parsed_showinfo_1 @ 0xc49008d80] [info] n: 578 pts:    578 pts_time:19.286299 duration:      1 duration_time:0.0333673 fmt:yuv411p cl:topleft sar:8/9 s:720x480 i:B iskey:0 type:? checksum:3B80D5A6 plane_checksum:[CC19805F 813BF42C BB07610C] mean:[148 147 116] stdev:[52.5 19.8 14.1]
[Parsed_showinfo_1 @ 0xc49008d80] [info] color_range:unknown color_space:unknown color_primaries:unknown color_trc:unknown
[Parsed_showinfo_1 @ 0xc49008d80] [info] n: 579 pts:    579 pts_time:19.319667 duration:      1 duration_time:0.0333673 fmt:yuv411p cl:topleft sar:8/9 s:720x480 i:B iskey:0 type:? checksum:DF4C25FF plane_checksum:[D8748AFC 0B784104 412859F0] mean:[147 147 116] stdev:[52.4 20.0 14.2]
[Parsed_showinfo_1 @ 0xc49008d80] [info] color_range:unknown color_space:unknown color_primaries:unknown color_trc:unknown
[Parsed_showinfo_1 @ 0xc49008d80] [info] n: 580 pts:    580 pts_time:19.353034 duration:      1 duration_time:0.0333673 fmt:yuv411p cl:topleft sar:8/9 s:720x480 i:B iskey:0 type:? checksum:5CD85B5A plane_checksum:[F883E100 B09E22B3 43D05798] mean:[147 147 116] stdev:[52.5 20.2 14.1]
[Parsed_showinfo_1 @ 0xc49008d80] [info] color_range:unknown color_space:unknown color_primaries:unknown color_trc:unknown
[Parsed_showinfo_1 @ 0xc49008d80] [info] n: 581 pts:    581 pts_time:19.386401 duration:      1 duration_time:0.0333673 fmt:yuv411p cl:topleft sar:8/9 s:720x480 i:B iskey:0 type:? checksum:14EC5E4A plane_checksum:[3968293A EF11E415 508250EC] mean:[147 147 116] stdev:[52.5 19.9 14.1]
[Parsed_showinfo_1 @ 0xc49008d80] [info] color_range:unknown color_space:unknown color_primaries:unknown color_trc:unknown
[Parsed_showinfo_1 @ 0xc49008d80] [info] n: 582 pts:    582 pts_time:19.419769 duration:      1 duration_time:0.0333673 fmt:yuv411p cl:topleft sar:8/9 s:720x480 i:B iskey:0 type:? checksum:86B76050 plane_checksum:[A5F68ACD C0997FF6 7216557E] mean:[147 147 116] stdev:[52.5 19.6 14.0]
[Parsed_showinfo_1 @ 0xc49008d80] [info] color_range:unknown color_space:unknown color_primaries:unknown color_trc:unknown
[Parsed_showinfo_1 @ 0xc49008d80] [info] n: 583 pts:    583 pts_time:19.453136 duration:      1 duration_time:0.0333673 fmt:yuv411p cl:topleft sar:8/9 s:720x480 i:B iskey:0 type:? checksum:04642E3F plane_checksum:[A57A5FAA B9456444 39DA6A42] mean:[147 147 116] stdev:[52.5 19.7 14.1]
[Parsed_showinfo_1 @ 0xc49008d80] [info] color_range:unknown color_space:unknown color_primaries:unknown color_trc:unknown
[Parsed_showinfo_1 @ 0xc49008d80] [info] n: 584 pts:    584 pts_time:19.486503 duration:      1 duration_time:0.0333673 fmt:yuv411p cl:topleft sar:8/9 s:720x480 i:B iskey:0 type:? checksum:0F7B18A4 plane_checksum:[D9DC0E12 16909E94 1DB86BEF] mean:[147 147 116] stdev:[52.5 19.8 14.1]
[Parsed_showinfo_1 @ 0xc49008d80] [info] color_range:unknown color_space:unknown color_primaries:unknown color_trc:unknown
[Parsed_showinfo_1 @ 0xc49008d80] [info] n: 585 pts:    585 pts_time:19.519871 duration:      1 duration_time:0.0333673 fmt:yuv411p cl:topleft sar:8/9 s:720x480 i:B iskey:0 type:? checksum:4AA5DCF6 plane_checksum:[E6CD9DC8 A6ABCE2C 133C70F3] mean:[147 147 116] stdev:[52.4 19.9 14.0]
[Parsed_showinfo_1 @ 0xc49008d80] [info] color_range:unknown color_space:unknown color_primaries:unknown color_trc:unknown
[Parsed_showinfo_1 @ 0xc49008d80] [info] n: 586 pts:    586 pts_time:19.553238 duration:      1 duration_time:0.0333673 fmt:yuv411p cl:topleft sar:8/9 s:720x480 i:B iskey:0 type:? checksum:3DAFCCF8 plane_checksum:[112AE723 DF696B8A 8E317A3C] mean:[147 147 116] stdev:[52.3 19.9 14.0]
[Parsed_showinfo_1 @ 0xc49008d80] [info] color_range:unknown color_space:unknown color_primaries:unknown color_trc:unknown
[Parsed_showinfo_1 @ 0xc49008d80] [info] n: 587 pts:    587 pts_time:19.586605 duration:      1 duration_time:0.0333673 fmt:yuv411p cl:topleft sar:8/9 s:720x480 i:B iskey:0 type:? checksum:B63F6306 plane_checksum:[5BC48DA5 837F5714 4C207E3E] mean:[147 147 116] stdev:[52.2 19.9 14.0]
[Parsed_showinfo_1 @ 0xc49008d80] [info] color_range:unknown color_space:unknown color_primaries:unknown color_trc:unknown
[Parsed_showinfo_1 @ 0xc49008d80] [info] n: 588 pts:    588 pts_time:19.619972 duration:      1 duration_time:0.0333673 fmt:yuv411p cl:topleft sar:8/9 s:720x480 i:B iskey:0 type:? checksum:DA42B235 plane_checksum:[5DA2CF87 D69C40DC 924DA1C3] mean:[147 147 116] stdev:[52.2 19.7 14.0]
[Parsed_showinfo_1 @ 0xc49008d80] [info] color_range:unknown color_space:unknown color_primaries:unknown color_trc:unknown
[Parsed_showinfo_1 @ 0xc49008d80] [info] n: 589 pts:    589 pts_time:19.65334 duration:      1 duration_time:0.0333673 fmt:yuv411p cl:topleft sar:8/9 s:720x480 i:B iskey:0 type:? checksum:02E8FE2A plane_checksum:[0AA2195B F2062F3B 3B68B594] mean:[147 147 116] stdev:[52.3 19.9 14.1]
[Parsed_showinfo_1 @ 0xc49008d80] [info] color_range:unknown color_space:unknown color_primaries:unknown color_trc:unknown
[Parsed_showinfo_1 @ 0xc49008d80] [info] n: 590 pts:    590 pts_time:19.686707 duration:      1 duration_time:0.0333673 fmt:yuv411p cl:topleft sar:8/9 s:720x480 i:B iskey:0 type:? checksum:36D014C7 plane_checksum:[D91826EE 95223668 EA42B762] mean:[147 147 116] stdev:[52.3 19.8 13.9]
[Parsed_showinfo_1 @ 0xc49008d80] [info] color_range:unknown color_space:unknown color_primaries:unknown color_trc:unknown
[Parsed_showinfo_1 @ 0xc49008d80] [info] n: 591 pts:    591 pts_time:19.720074 duration:      1 duration_time:0.0333673 fmt:yuv411p cl:topleft sar:8/9 s:720x480 i:B iskey:0 type:? checksum:F8757B5D plane_checksum:[5752F8BE 3A99BDF5 CF7BC48C] mean:[147 147 116] stdev:[52.3 19.9 14.0]
[Parsed_showinfo_1 @ 0xc49008d80] [info] color_range:unknown color_space:unknown color_primaries:unknown color_trc:unknown
[Parsed_showinfo_1 @ 0xc49008d80] [info] n: 592 pts:    592 pts_time:19.753442 duration:      1 duration_time:0.0333673 fmt:yuv411p cl:topleft sar:8/9 s:720x480 i:B iskey:0 type:? checksum:4C8EEADB plane_checksum:[22D1726B D8B57C95 71E3FBCC] mean:[147 147 116] stdev:[52.3 19.7 14.0]
[Parsed_showinfo_1 @ 0xc49008d80] [info] color_range:unknown color_space:unknown color_primaries:unknown color_trc:unknown
[Parsed_showinfo_1 @ 0xc49008d80] [info] n: 593 pts:    593 pts_time:19.786809 duration:      1 duration_time:0.0333673 fmt:yuv411p cl:topleft sar:8/9 s:720x480 i:B iskey:0 type:? checksum:5AE3A636 plane_checksum:[6FB4016B 770D8AD6 3FD419F5] mean:[147 147 116] stdev:[52.3 19.8 14.0]
[Parsed_showinfo_1 @ 0xc49008d80] [info] color_range:unknown color_space:unknown color_primaries:unknown color_trc:unknown
[Parsed_showinfo_1 @ 0xc49008d80] [info] n: 594 pts:    594 pts_time:19.820176 duration:      1 duration_time:0.0333673 fmt:yuv411p cl:topleft sar:8/9 s:720x480 i:B iskey:0 type:? checksum:A5599B29 plane_checksum:[DA1BF373 632CA217 B78F0590] mean:[147 147 116] stdev:[52.1 19.7 14.1]
[Parsed_showinfo_1 @ 0xc49008d80] [info] color_range:unknown color_space:unknown color_primaries:unknown color_trc:unknown
[Parsed_showinfo_1 @ 0xc49008d80] [info] n: 595 pts:    595 pts_time:19.853544 duration:      1 duration_time:0.0333673 fmt:yuv411p cl:topleft sar:8/9 s:720x480 i:B iskey:0 type:? checksum:F4B4FD8E plane_checksum:[50EE7DC9 D22B9095 CB30EF21] mean:[147 147 116] stdev:[52.2 19.8 14.0]
[Parsed_showinfo_1 @ 0xc49008d80] [info] color_range:unknown color_space:unknown color_primaries:unknown color_trc:unknown
[Parsed_showinfo_1 @ 0xc49008d80] [info] n: 596 pts:    596 pts_time:19.886911 duration:      1 duration_time:0.0333673 fmt:yuv411p cl:topleft sar:8/9 s:720x480 i:B iskey:0 type:? checksum:2D39C3FD plane_checksum:[30DE6E6C 3C5C6E9D 6444E6E5] mean:[147 147 116] stdev:[52.1 19.8 13.8]
[Parsed_showinfo_1 @ 0xc49008d80] [info] color_range:unknown color_space:unknown color_primaries:unknown color_trc:unknown
[Parsed_showinfo_1 @ 0xc49008d80] [info] n: 597 pts:    597 pts_time:19.920278 duration:      1 duration_time:0.0333673 fmt:yuv411p cl:topleft sar:8/9 s:720x480 i:B iskey:0 type:? checksum:3F228939 plane_checksum:[A5DB4086 92874FF9 C8C2F8AB] mean:[147 147 116] stdev:[52.0 19.5 13.8]
[Parsed_showinfo_1 @ 0xc49008d80] [info] color_range:unknown color_space:unknown color_primaries:unknown color_trc:unknown
[Parsed_showinfo_1 @ 0xc49008d80] [info] n: 598 pts:    598 pts_time:19.953645 duration:      1 duration_time:0.0333673 fmt:yuv411p cl:topleft sar:8/9 s:720x480 i:B iskey:0 type:? checksum:59606935 plane_checksum:[610C7129 11211B4F 8CE7DCAE] mean:[147 146 116] stdev:[52.0 19.4 13.9]
[Parsed_showinfo_1 @ 0xc49008d80] [info] color_range:unknown color_space:unknown color_primaries:unknown color_trc:unknown
[Parsed_showinfo_1 @ 0xc49008d80] [info] n: 599 pts:    599 pts_time:19.987013 duration:      1 duration_time:0.0333673 fmt:yuv411p cl:topleft sar:8/9 s:720x480 i:B iskey:0 type:? checksum:C2F5D598 plane_checksum:[85DCACB7 6FB9393E EE7EEF94] mean:[147 147 116] stdev:[51.9 19.4 13.8]
[Parsed_showinfo_1 @ 0xc49008d80] [info] color_range:unknown color_space:unknown color_primaries:unknown color_trc:unknown
[Parsed_showinfo_1 @ 0xc49008d80] [info] n: 600 pts:    600 pts_time:20.02038 duration:      1 duration_time:0.0333673 fmt:yuv411p cl:topleft sar:8/9 s:720x480 i:B iskey:0 type:? checksum:33EDF5E8 plane_checksum:[5095109E 726AFBDE A293E95D] mean:[147 146 116] stdev:[51.7 19.5 13.8]
[Parsed_showinfo_1 @ 0xc49008d80] [info] color_range:unknown color_space:unknown color_primaries:unknown color_trc:unknown
[Parsed_showinfo_1 @ 0xc49008d80] [info] n: 601 pts:    601 pts_time:20.053747 duration:      1 duration_time:0.0333673 fmt:yuv411p cl:topleft sar:8/9 s:720x480 i:B iskey:0 type:? checksum:378C5A87 plane_checksum:[CB96A153 E8E0D7DA 2781E13C] mean:[147 146 116] stdev:[51.5 19.5 13.8]
[Parsed_showinfo_1 @ 0xc49008d80] [info] color_range:unknown color_space:unknown color_primaries:unknown color_trc:unknown
[Parsed_showinfo_1 @ 0xc49008d80] [info] n: 602 pts:    602 pts_time:20.087115 duration:      1 duration_time:0.0333673 fmt:yuv411p cl:topleft sar:8/9 s:720x480 i:B iskey:0 type:? checksum:E89B2EF6 plane_checksum:[3C31B9D8 FA5DD872 6DCA9C8E] mean:[147 146 116] stdev:[51.3 19.5 13.9]
[Parsed_showinfo_1 @ 0xc49008d80] [info] color_range:unknown color_space:unknown color_primaries:unknown color_trc:unknown
[Parsed_showinfo_1 @ 0xc49008d80] [info] n: 603 pts:    603 pts_time:20.120482 duration:      1 duration_time:0.0333673 fmt:yuv411p cl:topleft sar:8/9 s:720x480 i:B iskey:0 type:? checksum:D740659B plane_checksum:[4D638521 4C910569 4F39DB02] mean:[147 146 116] stdev:[51.1 19.5 14.0]
[Parsed_showinfo_1 @ 0xc49008d80] [info] color_range:unknown color_space:unknown color_primaries:unknown color_trc:unknown
[Parsed_showinfo_1 @ 0xc49008d80] [info] n: 604 pts:    604 pts_time:20.153849 duration:      1 duration_time:0.0333673 fmt:yuv411p cl:topleft sar:8/9 s:720x480 i:B iskey:0 type:? checksum:A2F5D1EE plane_checksum:[21B9F94F C98DFD3C B910DB45] mean:[147 146 116] stdev:[51.1 19.6 14.0]
[Parsed_showinfo_1 @ 0xc49008d80] [info] color_range:unknown color_space:unknown color_primaries:unknown color_trc:unknown
[Parsed_showinfo_1 @ 0xc49008d80] [info] n: 605 pts:    605 pts_time:20.187217 duration:      1 duration_time:0.0333673 fmt:yuv411p cl:topleft sar:8/9 s:720x480 i:B iskey:0 type:? checksum:2A0EEC6E plane_checksum:[A65F305C EF62EF1D 51F8CCE6] mean:[146 146 116] stdev:[50.9 19.8 14.0]
[Parsed_showinfo_1 @ 0xc49008d80] [info] color_range:unknown color_space:unknown color_primaries:unknown color_trc:unknown
[Parsed_showinfo_1 @ 0xc49008d80] [info] n: 606 pts:    606 pts_time:20.220584 duration:      1 duration_time:0.0333673 fmt:yuv411p cl:topleft sar:8/9 s:720x480 i:B iskey:0 type:? checksum:871F86D8 plane_checksum:[53412851 C4EFB3C1 CBEDAAB7] mean:[146 145 116] stdev:[50.9 20.0 14.0]
[Parsed_showinfo_1 @ 0xc49008d80] [info] color_range:unknown color_space:unknown color_primaries:unknown color_trc:unknown
[Parsed_showinfo_1 @ 0xc49008d80] [info] n: 607 pts:    607 pts_time:20.253951 duration:      1 duration_time:0.0333673 fmt:yuv411p cl:topleft sar:8/9 s:720x480 i:B iskey:0 type:? checksum:2C4B05D1 plane_checksum:[CD6827A1 40401CB8 AFC7C169] mean:[145 146 116] stdev:[50.8 19.9 14.0]
[Parsed_showinfo_1 @ 0xc49008d80] [info] color_range:unknown color_space:unknown color_primaries:unknown color_trc:unknown
[Parsed_showinfo_1 @ 0xc49008d80] [info] n: 608 pts:    608 pts_time:20.287318 duration:      1 duration_time:0.0333673 fmt:yuv411p cl:topleft sar:8/9 s:720x480 i:B iskey:0 type:? checksum:865E9EFB plane_checksum:[99CC6039 0DAD40EF 9A6BFDC4] mean:[145 146 116] stdev:[50.3 19.8 14.0]
[Parsed_showinfo_1 @ 0xc49008d80] [info] color_range:unknown color_space:unknown color_primaries:unknown color_trc:unknown
[Parsed_showinfo_1 @ 0xc49008d80] [info] n: 609 pts:    609 pts_time:20.320686 duration:      1 duration_time:0.0333673 fmt:yuv411p cl:topleft sar:8/9 s:720x480 i:B iskey:0 type:? checksum:86DFD37D plane_checksum:[21094DEE 557C3A0C 2D4C4B83] mean:[145 146 116] stdev:[50.0 19.7 13.9]
[Parsed_showinfo_1 @ 0xc49008d80] [info] color_range:unknown color_space:unknown color_primaries:unknown color_trc:unknown
[Parsed_showinfo_1 @ 0xc49008d80] [info] n: 610 pts:    610 pts_time:20.354053 duration:      1 duration_time:0.0333673 fmt:yuv411p cl:topleft sar:8/9 s:720x480 i:B iskey:0 type:? checksum:4834CB22 plane_checksum:[A5DB1C47 1A9B4497 94D56A44] mean:[145 146 116] stdev:[49.5 19.9 13.9]
[Parsed_showinfo_1 @ 0xc49008d80] [info] color_range:unknown color_space:unknown color_primaries:unknown color_trc:unknown
[Parsed_showinfo_1 @ 0xc49008d80] [info] n: 611 pts:    611 pts_time:20.38742 duration:      1 duration_time:0.0333673 fmt:yuv411p cl:topleft sar:8/9 s:720x480 i:B iskey:0 type:? checksum:2C088806 plane_checksum:[39A3C6A7 6ADF3A87 FF9E86C9] mean:[146 146 116] stdev:[48.9 20.2 14.1]
[Parsed_showinfo_1 @ 0xc49008d80] [info] color_range:unknown color_space:unknown color_primaries:unknown color_trc:unknown
[Parsed_showinfo_1 @ 0xc49008d80] [info] n: 612 pts:    612 pts_time:20.420788 duration:      1 duration_time:0.0333673 fmt:yuv411p cl:topleft sar:8/9 s:720x480 i:B iskey:0 type:? checksum:D26A0D50 plane_checksum:[4107EB12 E07DB7E0 E2746A40] mean:[146 145 116] stdev:[48.6 20.2 14.3]
[Parsed_showinfo_1 @ 0xc49008d80] [info] color_range:unknown color_space:unknown color_primaries:unknown color_trc:unknown
[Parsed_showinfo_1 @ 0xc49008d80] [info] n: 613 pts:    613 pts_time:20.454155 duration:      1 duration_time:0.0333673 fmt:yuv411p cl:topleft sar:8/9 s:720x480 i:B iskey:0 type:? checksum:0EC2271F plane_checksum:[41EEAA61 A9DAFDD7 7C4E7EC9] mean:[149 146 116] stdev:[48.8 20.4 14.5]
[Parsed_showinfo_1 @ 0xc49008d80] [info] color_range:unknown color_space:unknown color_primaries:unknown color_trc:unknown
[Parsed_showinfo_1 @ 0xc49008d80] [info] n: 614 pts:    614 pts_time:20.487522 duration:      1 duration_time:0.0333673 fmt:yuv411p cl:topleft sar:8/9 s:720x480 i:B iskey:0 type:? checksum:5F79B873 plane_checksum:[9179AD33 1F0B1F79 FE1FEBB8] mean:[150 146 116] stdev:[48.8 20.3 14.3]
[Parsed_showinfo_1 @ 0xc49008d80] [info] color_range:unknown color_space:unknown color_primaries:unknown color_trc:unknown
[Parsed_showinfo_1 @ 0xc49008d80] [info] n: 615 pts:    615 pts_time:20.52089 duration:      1 duration_time:0.0333673 fmt:yuv411p cl:topleft sar:8/9 s:720x480 i:B iskey:0 type:? checksum:BF34AD64 plane_checksum:[5071A3DE FC5517F8 77B6F17F] mean:[150 146 116] stdev:[48.7 20.5 14.1]
[Parsed_showinfo_1 @ 0xc49008d80] [info] color_range:unknown color_space:unknown color_primaries:unknown color_trc:unknown
[Parsed_showinfo_1 @ 0xc49008d80] [info] n: 616 pts:    616 pts_time:20.554257 duration:      1 duration_time:0.0333673 fmt:yuv411p cl:topleft sar:8/9 s:720x480 i:B iskey:0 type:? checksum:9A3A654A plane_checksum:[562C7AE7 48AD7196 E09C78BE] mean:[150 146 116] stdev:[48.8 20.4 13.7]
[Parsed_showinfo_1 @ 0xc49008d80] [info] color_range:unknown color_space:unknown color_primaries:unknown color_trc:unknown
[Parsed_showinfo_1 @ 0xc49008d80] [info] n: 617 pts:    617 pts_time:20.587624 duration:      1 duration_time:0.0333673 fmt:yuv411p cl:topleft sar:8/9 s:720x480 i:B iskey:0 type:? checksum:F0BA3944 plane_checksum:[9771EA15 EE49F8F2 9891561F] mean:[150 146 116] stdev:[48.9 20.4 13.5]
[Parsed_showinfo_1 @ 0xc49008d80] [info] color_range:unknown color_space:unknown color_primaries:unknown color_trc:unknown
[Parsed_showinfo_1 @ 0xc49008d80] [info] n: 618 pts:    618 pts_time:20.620991 duration:      1 duration_time:0.0333673 fmt:yuv411p cl:topleft sar:8/9 s:720x480 i:B iskey:0 type:? checksum:5AA74ADF plane_checksum:[E941675B C97AA71F 75F33C56] mean:[149 145 116] stdev:[49.3 20.1 13.5]
[Parsed_showinfo_1 @ 0xc49008d80] [info] color_range:unknown color_space:unknown color_primaries:unknown color_trc:unknown
[Parsed_showinfo_1 @ 0xc49008d80] [info] n: 619 pts:    619 pts_time:20.654359 duration:      1 duration_time:0.0333673 fmt:yuv411p cl:topleft sar:8/9 s:720x480 i:B iskey:0 type:? checksum:39683BC4 plane_checksum:[4CA8516C 80258BE1 233C5E68] mean:[148 145 116] stdev:[49.4 19.8 13.2]
[Parsed_showinfo_1 @ 0xc49008d80] [info] color_range:unknown color_space:unknown color_primaries:unknown color_trc:unknown
[Parsed_showinfo_1 @ 0xc49008d80] [info] n: 620 pts:    620 pts_time:20.687726 duration:      1 duration_time:0.0333673 fmt:yuv411p cl:topleft sar:8/9 s:720x480 i:B iskey:0 type:? checksum:A65BCB1B plane_checksum:[0C568FAD E2B79229 03F6A936] mean:[147 145 117] stdev:[49.6 19.7 12.9]
[Parsed_showinfo_1 @ 0xc49008d80] [info] color_range:unknown color_space:unknown color_primaries:unknown color_trc:unknown
[Parsed_showinfo_1 @ 0xc49008d80] [info] n: 621 pts:    621 pts_time:20.721093 duration:      1 duration_time:0.0333673 fmt:yuv411p cl:topleft sar:8/9 s:720x480 i:B iskey:0 type:? checksum:3E0B2B51 plane_checksum:[190A686A 71CECA14 177CF8B5] mean:[146 145 117] stdev:[49.7 19.6 12.6]
[Parsed_showinfo_1 @ 0xc49008d80] [info] color_range:unknown color_space:unknown color_primaries:unknown color_trc:unknown
[Parsed_showinfo_1 @ 0xc49008d80] [info] n: 622 pts:    622 pts_time:20.754461 duration:      1 duration_time:0.0333673 fmt:yuv411p cl:topleft sar:8/9 s:720x480 i:B iskey:0 type:? checksum:C3FF3948 plane_checksum:[8C453AE3 D44DF3B0 64B30AA6] mean:[146 146 117] stdev:[49.6 19.5 12.5]
[Parsed_showinfo_1 @ 0xc49008d80] [info] color_range:unknown color_space:unknown color_primaries:unknown color_trc:unknown
[Parsed_showinfo_1 @ 0xc49008d80] [info] n: 623 pts:    623 pts_time:20.787828 duration:      1 duration_time:0.0333673 fmt:yuv411p cl:topleft sar:8/9 s:720x480 i:B iskey:0 type:? checksum:6238C215 plane_checksum:[3A208E04 F6074B6A A12FE898] mean:[145 146 117] stdev:[49.6 19.5 12.6]
[Parsed_showinfo_1 @ 0xc49008d80] [info] color_range:unknown color_space:unknown color_primaries:unknown color_trc:unknown
[Parsed_showinfo_1 @ 0xc49008d80] [info] n: 624 pts:    624 pts_time:20.821195 duration:      1 duration_time:0.0333673 fmt:yuv411p cl:topleft sar:8/9 s:720x480 i:B iskey:0 type:? checksum:5B5AD583 plane_checksum:[07741FF4 05CC155E EE5DA031] mean:[145 146 117] stdev:[49.6 19.6 12.7]
[Parsed_showinfo_1 @ 0xc49008d80] [info] color_range:unknown color_space:unknown color_primaries:unknown color_trc:unknown
[Parsed_showinfo_1 @ 0xc49008d80] [info] n: 625 pts:    625 pts_time:20.854563 duration:      1 duration_time:0.0333673 fmt:yuv411p cl:topleft sar:8/9 s:720x480 i:B iskey:0 type:? checksum:BFD8DF20 plane_checksum:[5F38D5A9 98B088EA 1569807E] mean:[145 146 116] stdev:[49.8 19.5 12.5]
[Parsed_showinfo_1 @ 0xc49008d80] [info] color_range:unknown color_space:unknown color_primaries:unknown color_trc:unknown
[Parsed_showinfo_1 @ 0xc49008d80] [info] n: 626 pts:    626 pts_time:20.88793 duration:      1 duration_time:0.0333673 fmt:yuv411p cl:topleft sar:8/9 s:720x480 i:B iskey:0 type:? checksum:DD71AEFC plane_checksum:[BF3B5D22 5F77E939 09C96892] mean:[145 146 116] stdev:[49.8 19.7 12.5]
[Parsed_showinfo_1 @ 0xc49008d80] [info] color_range:unknown color_space:unknown color_primaries:unknown color_trc:unknown
[Parsed_showinfo_1 @ 0xc49008d80] [info] n: 627 pts:    627 pts_time:20.921297 duration:      1 duration_time:0.0333673 fmt:yuv411p cl:topleft sar:8/9 s:720x480 i:B iskey:0 type:? checksum:26492CBF plane_checksum:[EC748794 9FD37FD2 2F31254A] mean:[145 146 116] stdev:[49.9 19.5 12.6]
[Parsed_showinfo_1 @ 0xc49008d80] [info] color_range:unknown color_space:unknown color_primaries:unknown color_trc:unknown
[Parsed_showinfo_1 @ 0xc49008d80] [info] n: 628 pts:    628 pts_time:20.954664 duration:      1 duration_time:0.0333673 fmt:yuv411p cl:topleft sar:8/9 s:720x480 i:B iskey:0 type:? checksum:F3739655 plane_checksum:[FDAB50C5 EA421F9B D78925F5] mean:[144 146 116] stdev:[50.0 19.4 12.5]
[Parsed_showinfo_1 @ 0xc49008d80] [info] color_range:unknown color_space:unknown color_primaries:unknown color_trc:unknown
[Parsed_showinfo_1 @ 0xc49008d80] [info] n: 629 pts:    629 pts_time:20.988032 duration:      1 duration_time:0.0333673 fmt:yuv411p cl:topleft sar:8/9 s:720x480 i:B iskey:0 type:? checksum:47DFF0B3 plane_checksum:[3F2FDD01 3E32D354 6E86404F] mean:[144 146 116] stdev:[50.0 19.5 12.5]
[Parsed_showinfo_1 @ 0xc49008d80] [info] color_range:unknown color_space:unknown color_primaries:unknown color_trc:unknown
[Parsed_showinfo_1 @ 0xc49008d80] [info] n: 630 pts:    630 pts_time:21.021399 duration:      1 duration_time:0.0333673 fmt:yuv411p cl:topleft sar:8/9 s:720x480 i:B iskey:0 type:? checksum:7B466ECF plane_checksum:[ADF431C4 02E2F3E4 5F8C4918] mean:[144 146 116] stdev:[50.1 19.4 12.6]
[Parsed_showinfo_1 @ 0xc49008d80] [info] color_range:unknown color_space:unknown color_primaries:unknown color_trc:unknown
[Parsed_showinfo_1 @ 0xc49008d80] [info] n: 631 pts:    631 pts_time:21.054766 duration:      1 duration_time:0.0333673 fmt:yuv411p cl:topleft sar:8/9 s:720x480 i:B iskey:0 type:? checksum:33A1A9DE plane_checksum:[074F5D46 18CEDE1E 61286E6B] mean:[143 146 116] stdev:[50.2 19.3 12.6]
[Parsed_showinfo_1 @ 0xc49008d80] [info] color_range:unknown color_space:unknown color_primaries:unknown color_trc:unknown
[Parsed_showinfo_1 @ 0xc49008d80] [info] n: 632 pts:    632 pts_time:21.088134 duration:      1 duration_time:0.0333673 fmt:yuv411p cl:topleft sar:8/9 s:720x480 i:B iskey:0 type:? checksum:1F953CBC plane_checksum:[A61007AD 022CE68F C9B04E71] mean:[143 146 116] stdev:[50.3 19.2 12.6]
[Parsed_showinfo_1 @ 0xc49008d80] [info] color_range:unknown color_space:unknown color_primaries:unknown color_trc:unknown
[Parsed_showinfo_1 @ 0xc49008d80] [info] n: 633 pts:    633 pts_time:21.121501 duration:      1 duration_time:0.0333673 fmt:yuv411p cl:topleft sar:8/9 s:720x480 i:B iskey:0 type:? checksum:24A5EEA0 plane_checksum:[DD0D05FE 361BCA86 1B7B1E1C] mean:[142 146 116] stdev:[50.3 18.7 12.6]
[Parsed_showinfo_1 @ 0xc49008d80] [info] color_range:unknown color_space:unknown color_primaries:unknown color_trc:unknown
[Parsed_showinfo_1 @ 0xc49008d80] [info] n: 634 pts:    634 pts_time:21.154868 duration:      1 duration_time:0.0333673 fmt:yuv411p cl:topleft sar:8/9 s:720x480 i:B iskey:0 type:? checksum:C7B8D27C plane_checksum:[C0712682 DB748650 99B025AA] mean:[142 146 116] stdev:[50.5 18.3 12.5]
[Parsed_showinfo_1 @ 0xc49008d80] [info] color_range:unknown color_space:unknown color_primaries:unknown color_trc:unknown
[Parsed_showinfo_1 @ 0xc49008d80] [info] n: 635 pts:    635 pts_time:21.188236 duration:      1 duration_time:0.0333673 fmt:yuv411p cl:topleft sar:8/9 s:720x480 i:B iskey:0 type:? checksum:12F710A3 plane_checksum:[F9C49688 815E77BA C5880252] mean:[142 146 116] stdev:[50.6 18.3 12.5]
[Parsed_showinfo_1 @ 0xc49008d80] [info] color_range:unknown color_space:unknown color_primaries:unknown color_trc:unknown
[Parsed_showinfo_1 @ 0xc49008d80] [info] n: 636 pts:    636 pts_time:21.221603 duration:      1 duration_time:0.0333673 fmt:yuv411p cl:topleft sar:8/9 s:720x480 i:B iskey:0 type:? checksum:949AE948 plane_checksum:[AD24E3DF DF27C9E1 1A0E3B79] mean:[142 146 116] stdev:[50.7 18.2 12.5]
[Parsed_showinfo_1 @ 0xc49008d80] [info] color_range:unknown color_space:unknown color_primaries:unknown color_trc:unknown
[Parsed_showinfo_1 @ 0xc49008d80] [info] n: 637 pts:    637 pts_time:21.25497 duration:      1 duration_time:0.0333673 fmt:yuv411p cl:topleft sar:8/9 s:720x480 i:B iskey:0 type:? checksum:005BB857 plane_checksum:[F0EA867E D2B1CDE4 3BA563E6] mean:[142 146 116] stdev:[50.7 17.9 12.3]
[Parsed_showinfo_1 @ 0xc49008d80] [info] color_range:unknown color_space:unknown color_primaries:unknown color_trc:unknown
[Parsed_showinfo_1 @ 0xc49008d80] [info] n: 638 pts:    638 pts_time:21.288337 duration:      1 duration_time:0.0333673 fmt:yuv411p cl:topleft sar:8/9 s:720x480 i:B iskey:0 type:? checksum:AA3D0DCF plane_checksum:[73803951 0B3B522B B3468244] mean:[142 147 116] stdev:[50.7 17.8 12.3]
[Parsed_showinfo_1 @ 0xc49008d80] [info] color_range:unknown color_space:unknown color_primaries:unknown color_trc:unknown
[Parsed_showinfo_1 @ 0xc49008d80] [info] n: 639 pts:    639 pts_time:21.321705 duration:      1 duration_time:0.0333673 fmt:yuv411p cl:topleft sar:8/9 s:720x480 i:B iskey:0 type:? checksum:8628DA57 plane_checksum:[E30CE6B9 21D5AD5A 82FD4635] mean:[142 147 116] stdev:[50.8 18.0 12.3]
[Parsed_showinfo_1 @ 0xc49008d80] [info] color_range:unknown color_space:unknown color_primaries:unknown color_trc:unknown
[Parsed_showinfo_1 @ 0xc49008d80] [info] n: 640 pts:    640 pts_time:21.355072 duration:      1 duration_time:0.0333673 fmt:yuv411p cl:topleft sar:8/9 s:720x480 i:B iskey:0 type:? checksum:568410DD plane_checksum:[6EF05411 9E46BC8E B1F9002F] mean:[141 147 116] stdev:[50.6 17.7 12.5]
[Parsed_showinfo_1 @ 0xc49008d80] [info] color_range:unknown color_space:unknown color_primaries:unknown color_trc:unknown
[Parsed_showinfo_1 @ 0xc49008d80] [info] n: 641 pts:    641 pts_time:21.388439 duration:      1 duration_time:0.0333673 fmt:yuv411p cl:topleft sar:8/9 s:720x480 i:B iskey:0 type:? checksum:D9818E1C plane_checksum:[BC488BBC 4C7A0E81 5476F3D0] mean:[142 147 116] stdev:[50.8 17.7 12.4]
[Parsed_showinfo_1 @ 0xc49008d80] [info] color_range:unknown color_space:unknown color_primaries:unknown color_trc:unknown
[Parsed_showinfo_1 @ 0xc49008d80] [info] n: 642 pts:    642 pts_time:21.421807 duration:      1 duration_time:0.0333673 fmt:yuv411p cl:topleft sar:8/9 s:720x480 i:B iskey:0 type:? checksum:7E2B4E1F plane_checksum:[50894178 F4F62EA3 33B6DDF5] mean:[142 147 116] stdev:[51.0 17.8 12.4]
[Parsed_showinfo_1 @ 0xc49008d80] [info] color_range:unknown color_space:unknown color_primaries:unknown color_trc:unknown
[Parsed_showinfo_1 @ 0xc49008d80] [info] n: 643 pts:    643 pts_time:21.455174 duration:      1 duration_time:0.0333673 fmt:yuv411p cl:topleft sar:8/9 s:720x480 i:B iskey:0 type:? checksum:2EC41DDB plane_checksum:[3C95FF7F 1C3E2E64 11F1EFDA] mean:[142 147 116] stdev:[51.0 17.7 12.3]
[Parsed_showinfo_1 @ 0xc49008d80] [info] color_range:unknown color_space:unknown color_primaries:unknown color_trc:unknown
[Parsed_showinfo_1 @ 0xc49008d80] [info] n: 644 pts:    644 pts_time:21.488541 duration:      1 duration_time:0.0333673 fmt:yuv411p cl:topleft sar:8/9 s:720x480 i:B iskey:0 type:? checksum:7EB69D69 plane_checksum:[4E9D5735 D8894FA0 879FF685] mean:[142 147 116] stdev:[51.0 17.8 12.1]
[Parsed_showinfo_1 @ 0xc49008d80] [info] color_range:unknown color_space:unknown color_primaries:unknown color_trc:unknown
[Parsed_showinfo_1 @ 0xc49008d80] [info] n: 645 pts:    645 pts_time:21.521909 duration:      1 duration_time:0.0333673 fmt:yuv411p cl:topleft sar:8/9 s:720x480 i:B iskey:0 type:? checksum:4EFFDD33 plane_checksum:[22994AAA F7DE92B8 82ACFFC2] mean:[143 148 116] stdev:[51.1 17.6 12.2]
[Parsed_showinfo_1 @ 0xc49008d80] [info] color_range:unknown color_space:unknown color_primaries:unknown color_trc:unknown
[Parsed_showinfo_1 @ 0xc49008d80] [info] n: 646 pts:    646 pts_time:21.555276 duration:      1 duration_time:0.0333673 fmt:yuv411p cl:topleft sar:8/9 s:720x480 i:B iskey:0 type:? checksum:D99B0DD7 plane_checksum:[97C05B94 2FEC6F97 7D5B429D] mean:[143 147 116] stdev:[51.1 17.4 12.4]
[Parsed_showinfo_1 @ 0xc49008d80] [info] color_range:unknown color_space:unknown color_primaries:unknown color_trc:unknown
[Parsed_showinfo_1 @ 0xc49008d80] [info] n: 647 pts:    647 pts_time:21.588643 duration:      1 duration_time:0.0333673 fmt:yuv411p cl:topleft sar:8/9 s:720x480 i:B iskey:0 type:? checksum:891CC3BD plane_checksum:[2FA5FBB4 18F7C33D BDD704BD] mean:[143 148 116] stdev:[51.3 17.4 12.1]
[Parsed_showinfo_1 @ 0xc49008d80] [info] color_range:unknown color_space:unknown color_primaries:unknown color_trc:unknown
[Parsed_showinfo_1 @ 0xc49008d80] [info] n: 648 pts:    648 pts_time:21.62201 duration:      1 duration_time:0.0333673 fmt:yuv411p cl:topleft sar:8/9 s:720x480 i:B iskey:0 type:? checksum:0F3674C5 plane_checksum:[7483850E 6F6C29B6 0791C5F2] mean:[143 148 116] stdev:[51.3 17.4 12.3]
[Parsed_showinfo_1 @ 0xc49008d80] [info] color_range:unknown color_space:unknown color_primaries:unknown color_trc:unknown
[Parsed_showinfo_1 @ 0xc49008d80] [info] n: 649 pts:    649 pts_time:21.655378 duration:      1 duration_time:0.0333673 fmt:yuv411p cl:topleft sar:8/9 s:720x480 i:B iskey:0 type:? checksum:56AE095D plane_checksum:[C4691853 242361B1 6CFC8F4A] mean:[143 148 116] stdev:[51.4 17.4 12.3]
[Parsed_showinfo_1 @ 0xc49008d80] [info] color_range:unknown color_space:unknown color_primaries:unknown color_trc:unknown
[Parsed_showinfo_1 @ 0xc49008d80] [info] n: 650 pts:    650 pts_time:21.688745 duration:      1 duration_time:0.0333673 fmt:yuv411p cl:topleft sar:8/9 s:720x480 i:B iskey:0 type:? checksum:B4512E48 plane_checksum:[E2943965 0D1280A3 C22B7431] mean:[142 148 116] stdev:[51.6 17.3 12.2]
[Parsed_showinfo_1 @ 0xc49008d80] [info] color_range:unknown color_space:unknown color_primaries:unknown color_trc:unknown
[Parsed_showinfo_1 @ 0xc49008d80] [info] n: 651 pts:    651 pts_time:21.722112 duration:      1 duration_time:0.0333673 fmt:yuv411p cl:topleft sar:8/9 s:720x480 i:B iskey:0 type:? checksum:76526A6E plane_checksum:[8AE64C40 7A9CCBBD 7EE35262] mean:[141 148 116] stdev:[51.5 17.6 12.3]
[Parsed_showinfo_1 @ 0xc49008d80] [info] color_range:unknown color_space:unknown color_primaries:unknown color_trc:unknown
[Parsed_showinfo_1 @ 0xc49008d80] [info] n: 652 pts:    652 pts_time:21.75548 duration:      1 duration_time:0.0333673 fmt:yuv411p cl:topleft sar:8/9 s:720x480 i:B iskey:0 type:? checksum:F2C40E17 plane_checksum:[BD9896AE 065E7793 9240FFB8] mean:[140 148 115] stdev:[51.1 17.4 12.4]
[Parsed_showinfo_1 @ 0xc49008d80] [info] color_range:unknown color_space:unknown color_primaries:unknown color_trc:unknown
[Parsed_showinfo_1 @ 0xc49008d80] [info] n: 653 pts:    653 pts_time:21.788847 duration:      1 duration_time:0.0333673 fmt:yuv411p cl:topleft sar:8/9 s:720x480 i:B iskey:0 type:? checksum:C7A483B3 plane_checksum:[EB2063AA 7D58E42B 68C63BCF] mean:[139 149 115] stdev:[51.0 17.5 12.4]
[Parsed_showinfo_1 @ 0xc49008d80] [info] color_range:unknown color_space:unknown color_primaries:unknown color_trc:unknown
[Parsed_showinfo_1 @ 0xc49008d80] [info] n: 654 pts:    654 pts_time:21.822214 duration:      1 duration_time:0.0333673 fmt:yuv411p cl:topleft sar:8/9 s:720x480 i:B iskey:0 type:? checksum:E6FBD56A plane_checksum:[B6D1C640 E5F9E0CC 96EA2E4F] mean:[139 149 115] stdev:[51.2 17.5 12.4]
[Parsed_showinfo_1 @ 0xc49008d80] [info] color_range:unknown color_space:unknown color_primaries:unknown color_trc:unknown
[Parsed_showinfo_1 @ 0xc49008d80] [info] n: 655 pts:    655 pts_time:21.855582 duration:      1 duration_time:0.0333673 fmt:yuv411p cl:topleft sar:8/9 s:720x480 i:B iskey:0 type:? checksum:4B67301A plane_checksum:[07263D07 2515E1EE 820C1116] mean:[139 149 115] stdev:[51.3 17.5 12.4]
[Parsed_showinfo_1 @ 0xc49008d80] [info] color_range:unknown color_space:unknown color_primaries:unknown color_trc:unknown
[Parsed_showinfo_1 @ 0xc49008d80] [info] n: 656 pts:    656 pts_time:21.888949 duration:      1 duration_time:0.0333673 fmt:yuv411p cl:topleft sar:8/9 s:720x480 i:B iskey:0 type:? checksum:D2CCC41C plane_checksum:[57DA915F D78F57D7 F37DDAD7] mean:[139 149 115] stdev:[51.2 17.6 12.4]
[Parsed_showinfo_1 @ 0xc49008d80] [info] color_range:unknown color_space:unknown color_primaries:unknown color_trc:unknown
[Parsed_showinfo_1 @ 0xc49008d80] [info] n: 657 pts:    657 pts_time:21.922316 duration:      1 duration_time:0.0333673 fmt:yuv411p cl:topleft sar:8/9 s:720x480 i:B iskey:0 type:? checksum:ACF4217F plane_checksum:[9DC4032D D7232673 7E52F7D0] mean:[138 149 115] stdev:[51.3 17.6 12.3]
[Parsed_showinfo_1 @ 0xc49008d80] [info] color_range:unknown color_space:unknown color_primaries:unknown color_trc:unknown
[Parsed_showinfo_1 @ 0xc49008d80] [info] n: 658 pts:    658 pts_time:21.955683 duration:      1 duration_time:0.0333673 fmt:yuv411p cl:topleft sar:8/9 s:720x480 i:B iskey:0 type:? checksum:C2A4FEDB plane_checksum:[71A91E44 7D6E04E6 4055DBB1] mean:[138 149 115] stdev:[51.3 17.5 12.5]
[Parsed_showinfo_1 @ 0xc49008d80] [info] color_range:unknown color_space:unknown color_primaries:unknown color_trc:unknown
[Parsed_showinfo_1 @ 0xc49008d80] [info] n: 659 pts:    659 pts_time:21.989051 duration:      1 duration_time:0.0333673 fmt:yuv411p cl:topleft sar:8/9 s:720x480 i:B iskey:0 type:? checksum:0392AAE1 plane_checksum:[A9188760 A51B2C9F 98BFF6D3] mean:[138 149 115] stdev:[51.5 17.6 12.3]
[Parsed_showinfo_1 @ 0xc49008d80] [info] color_range:unknown color_space:unknown color_primaries:unknown color_trc:unknown
[Parsed_showinfo_1 @ 0xc49008d80] [info] n: 660 pts:    660 pts_time:22.022418 duration:      1 duration_time:0.0333673 fmt:yuv411p cl:topleft sar:8/9 s:720x480 i:B iskey:0 type:? checksum:DB961347 plane_checksum:[11FC4BB1 CA7B0CC9 9F5BBABE] mean:[138 149 115] stdev:[51.7 17.5 12.4]
[Parsed_showinfo_1 @ 0xc49008d80] [info] color_range:unknown color_space:unknown color_primaries:unknown color_trc:unknown
[Parsed_showinfo_1 @ 0xc49008d80] [info] n: 661 pts:    661 pts_time:22.055785 duration:      1 duration_time:0.0333673 fmt:yuv411p cl:topleft sar:8/9 s:720x480 i:B iskey:0 type:? checksum:5C3FBC7A plane_checksum:[ACF5C221 901D0B78 8589EED2] mean:[138 149 115] stdev:[51.6 17.3 12.3]
[Parsed_showinfo_1 @ 0xc49008d80] [info] color_range:unknown color_space:unknown color_primaries:unknown color_trc:unknown
[Parsed_showinfo_1 @ 0xc49008d80] [info] n: 662 pts:    662 pts_time:22.089153 duration:      1 duration_time:0.0333673 fmt:yuv411p cl:topleft sar:8/9 s:720x480 i:B iskey:0 type:? checksum:1D5E92AB plane_checksum:[7D25C9AA 7198C62C 74EF02C6] mean:[138 148 115] stdev:[51.6 17.2 12.3]
[Parsed_showinfo_1 @ 0xc49008d80] [info] color_range:unknown color_space:unknown color_primaries:unknown color_trc:unknown
[Parsed_showinfo_1 @ 0xc49008d80] [info] n: 663 pts:    663 pts_time:22.12252 duration:      1 duration_time:0.0333673 fmt:yuv411p cl:topleft sar:8/9 s:720x480 i:B iskey:0 type:? checksum:4FFE0926 plane_checksum:[542E43C6 AC51AF53 4BEF15FE] mean:[138 148 115] stdev:[51.6 17.3 12.3]
[Parsed_showinfo_1 @ 0xc49008d80] [info] color_range:unknown color_space:unknown color_primaries:unknown color_trc:unknown
[Parsed_showinfo_1 @ 0xc49008d80] [info] n: 664 pts:    664 pts_time:22.155887 duration:      1 duration_time:0.0333673 fmt:yuv411p cl:topleft sar:8/9 s:720x480 i:B iskey:0 type:? checksum:5640C415 plane_checksum:[323527D6 53D09A13 7237022C] mean:[137 148 115] stdev:[51.7 17.1 12.5]
[Parsed_showinfo_1 @ 0xc49008d80] [info] color_range:unknown color_space:unknown color_primaries:unknown color_trc:unknown
[Parsed_showinfo_1 @ 0xc49008d80] [info] n: 665 pts:    665 pts_time:22.189255 duration:      1 duration_time:0.0333673 fmt:yuv411p cl:topleft sar:8/9 s:720x480 i:B iskey:0 type:? checksum:6FD6BDF9 plane_checksum:[31A69BF2 F5AEE13E 74FF40BA] mean:[138 149 115] stdev:[51.5 17.2 12.4]
[Parsed_showinfo_1 @ 0xc49008d80] [info] color_range:unknown color_space:unknown color_primaries:unknown color_trc:unknown
[Parsed_showinfo_1 @ 0xc49008d80] [info] n: 666 pts:    666 pts_time:22.222622 duration:      1 duration_time:0.0333673 fmt:yuv411p cl:topleft sar:8/9 s:720x480 i:B iskey:0 type:? checksum:17C0B27A plane_checksum:[6545C6DA 57CE73B2 B69E77DF] mean:[137 148 116] stdev:[51.4 17.1 12.3]
[Parsed_showinfo_1 @ 0xc49008d80] [info] color_range:unknown color_space:unknown color_primaries:unknown color_trc:unknown
[Parsed_showinfo_1 @ 0xc49008d80] [info] n: 667 pts:    667 pts_time:22.255989 duration:      1 duration_time:0.0333673 fmt:yuv411p cl:topleft sar:8/9 s:720x480 i:B iskey:0 type:? checksum:40D40443 plane_checksum:[BECA2FCD 9DFE6183 3CB472E4] mean:[137 148 116] stdev:[51.4 17.1 12.2]
[Parsed_showinfo_1 @ 0xc49008d80] [info] color_range:unknown color_space:unknown color_primaries:unknown color_trc:unknown
[Parsed_showinfo_1 @ 0xc49008d80] [info] n: 668 pts:    668 pts_time:22.289356 duration:      1 duration_time:0.0333673 fmt:yuv411p cl:topleft sar:8/9 s:720x480 i:B iskey:0 type:? checksum:EB4282E3 plane_checksum:[3346D5F0 5E9A58B8 0B38542C] mean:[137 148 116] stdev:[51.3 17.1 12.3]
[Parsed_showinfo_1 @ 0xc49008d80] [info] color_range:unknown color_space:unknown color_primaries:unknown color_trc:unknown
[Parsed_showinfo_1 @ 0xc49008d80] [info] n: 669 pts:    669 pts_time:22.322724 duration:      1 duration_time:0.0333673 fmt:yuv411p cl:topleft sar:8/9 s:720x480 i:B iskey:0 type:? checksum:8BD6EF11 plane_checksum:[3CB50A93 FD0FB505 02AA2F79] mean:[137 148 115] stdev:[51.2 17.4 12.4]
[Parsed_showinfo_1 @ 0xc49008d80] [info] color_range:unknown color_space:unknown color_primaries:unknown color_trc:unknown
[Parsed_showinfo_1 @ 0xc49008d80] [info] n: 670 pts:    670 pts_time:22.356091 duration:      1 duration_time:0.0333673 fmt:yuv411p cl:topleft sar:8/9 s:720x480 i:B iskey:0 type:? checksum:E01AB2E7 plane_checksum:[8F4130D3 59C5205A EBA261BA] mean:[137 148 116] stdev:[51.2 17.1 12.5]
[Parsed_showinfo_1 @ 0xc49008d80] [info] color_range:unknown color_space:unknown color_primaries:unknown color_trc:unknown
[Parsed_showinfo_1 @ 0xc49008d80] [info] n: 671 pts:    671 pts_time:22.389458 duration:      1 duration_time:0.0333673 fmt:yuv411p cl:topleft sar:8/9 s:720x480 i:B iskey:0 type:? checksum:26359A7A plane_checksum:[EFE5BD12 7B68421E 646D9B3B] mean:[137 148 116] stdev:[51.2 17.0 12.3]
[Parsed_showinfo_1 @ 0xc49008d80] [info] color_range:unknown color_space:unknown color_primaries:unknown color_trc:unknown
[Parsed_showinfo_1 @ 0xc49008d80] [info] n: 672 pts:    672 pts_time:22.422826 duration:      1 duration_time:0.0333673 fmt:yuv411p cl:topleft sar:8/9 s:720x480 i:B iskey:0 type:? checksum:5541D230 plane_checksum:[A50DDC9F C3EE44DC 3B6EB0A6] mean:[137 148 116] stdev:[51.3 17.1 12.2]
[Parsed_showinfo_1 @ 0xc49008d80] [info] color_range:unknown color_space:unknown color_primaries:unknown color_trc:unknown
[Parsed_showinfo_1 @ 0xc49008d80] [info] n: 673 pts:    673 pts_time:22.456193 duration:      1 duration_time:0.0333673 fmt:yuv411p cl:topleft sar:8/9 s:720x480 i:B iskey:0 type:? checksum:A17B8667 plane_checksum:[5B747751 67B45068 88B8BE9F] mean:[137 148 116] stdev:[51.0 17.3 12.4]
[Parsed_showinfo_1 @ 0xc49008d80] [info] color_range:unknown color_space:unknown color_primaries:unknown color_trc:unknown
[Parsed_showinfo_1 @ 0xc49008d80] [info] n: 674 pts:    674 pts_time:22.48956 duration:      1 duration_time:0.0333673 fmt:yuv411p cl:topleft sar:8/9 s:720x480 i:B iskey:0 type:? checksum:AD6AE52F plane_checksum:[626508F2 00503FB4 18CD9C89] mean:[137 148 116] stdev:[51.0 17.1 12.3]
[Parsed_showinfo_1 @ 0xc49008d80] [info] color_range:unknown color_space:unknown color_primaries:unknown color_trc:unknown
[Parsed_showinfo_1 @ 0xc49008d80] [info] n: 675 pts:    675 pts_time:22.522928 duration:      1 duration_time:0.0333673 fmt:yuv411p cl:topleft sar:8/9 s:720x480 i:B iskey:0 type:? checksum:6CA863F6 plane_checksum:[BD057250 0AE412F3 3737DEA4] mean:[137 148 116] stdev:[50.9 17.2 12.2]
[Parsed_showinfo_1 @ 0xc49008d80] [info] color_range:unknown color_space:unknown color_primaries:unknown color_trc:unknown
[Parsed_showinfo_1 @ 0xc49008d80] [info] n: 676 pts:    676 pts_time:22.556295 duration:      1 duration_time:0.0333673 fmt:yuv411p cl:topleft sar:8/9 s:720x480 i:B iskey:0 type:? checksum:305F49A0 plane_checksum:[3C55338B 3A3046B4 7D46CF52] mean:[137 148 116] stdev:[50.8 17.3 12.2]
[Parsed_showinfo_1 @ 0xc49008d80] [info] color_range:unknown color_space:unknown color_primaries:unknown color_trc:unknown
[Parsed_showinfo_1 @ 0xc49008d80] [info] n: 677 pts:    677 pts_time:22.589662 duration:      1 duration_time:0.0333673 fmt:yuv411p cl:topleft sar:8/9 s:720x480 i:B iskey:0 type:? checksum:813DF8A0 plane_checksum:[358EDA63 4BC45C31 7E82C1FD] mean:[138 148 116] stdev:[50.9 17.4 12.2]
[Parsed_showinfo_1 @ 0xc49008d80] [info] color_range:unknown color_space:unknown color_primaries:unknown color_trc:unknown
[Parsed_showinfo_1 @ 0xc49008d80] [info] n: 678 pts:    678 pts_time:22.623029 duration:      1 duration_time:0.0333673 fmt:yuv411p cl:topleft sar:8/9 s:720x480 i:B iskey:0 type:? checksum:68E57E9D plane_checksum:[00479A9F 7DE41F81 C83FC46E] mean:[137 148 116] stdev:[50.8 17.2 12.3]
[Parsed_showinfo_1 @ 0xc49008d80] [info] color_range:unknown color_space:unknown color_primaries:unknown color_trc:unknown
[Parsed_showinfo_1 @ 0xc49008d80] [info] n: 679 pts:    679 pts_time:22.656397 duration:      1 duration_time:0.0333673 fmt:yuv411p cl:topleft sar:8/9 s:720x480 i:B iskey:0 type:? checksum:FFE2B38B plane_checksum:[DB76F6C4 8A81060F 6D86B6A9] mean:[137 148 116] stdev:[50.8 17.2 12.2]
[Parsed_showinfo_1 @ 0xc49008d80] [info] color_range:unknown color_space:unknown color_primaries:unknown color_trc:unknown
[Parsed_showinfo_1 @ 0xc49008d80] [info] n: 680 pts:    680 pts_time:22.689764 duration:      1 duration_time:0.0333673 fmt:yuv411p cl:topleft sar:8/9 s:720x480 i:B iskey:0 type:? checksum:87DF9213 plane_checksum:[3F24036F B8CFEA7C C2F0A419] mean:[138 148 116] stdev:[50.8 17.1 12.3]
[Parsed_showinfo_1 @ 0xc49008d80] [info] color_range:unknown color_space:unknown color_primaries:unknown color_trc:unknown
[Parsed_showinfo_1 @ 0xc49008d80] [info] n: 681 pts:    681 pts_time:22.723131 duration:      1 duration_time:0.0333673 fmt:yuv411p cl:topleft sar:8/9 s:720x480 i:B iskey:0 type:? checksum:51733119 plane_checksum:[CE4F3A04 1DDE1455 4078E2B1] mean:[137 148 116] stdev:[50.8 17.0 12.3]
[Parsed_showinfo_1 @ 0xc49008d80] [info] color_range:unknown color_space:unknown color_primaries:unknown color_trc:unknown
[Parsed_showinfo_1 @ 0xc49008d80] [info] n: 682 pts:    682 pts_time:22.756499 duration:      1 duration_time:0.0333673 fmt:yuv411p cl:topleft sar:8/9 s:720x480 i:B iskey:0 type:? checksum:E6164451 plane_checksum:[2872C3B9 F656C7BC F4C0B8BE] mean:[137 148 116] stdev:[50.7 16.9 12.3]
[Parsed_showinfo_1 @ 0xc49008d80] [info] color_range:unknown color_space:unknown color_primaries:unknown color_trc:unknown
[Parsed_showinfo_1 @ 0xc49008d80] [info] n: 683 pts:    683 pts_time:22.789866 duration:      1 duration_time:0.0333673 fmt:yuv411p cl:topleft sar:8/9 s:720x480 i:B iskey:0 type:? checksum:733B4382 plane_checksum:[479CB597 1EDD0B41 C7F3829B] mean:[138 148 116] stdev:[50.8 17.0 12.2]
[Parsed_showinfo_1 @ 0xc49008d80] [info] color_range:unknown color_space:unknown color_primaries:unknown color_trc:unknown
[Parsed_showinfo_1 @ 0xc49008d80] [info] n: 684 pts:    684 pts_time:22.823233 duration:      1 duration_time:0.0333673 fmt:yuv411p cl:topleft sar:8/9 s:720x480 i:B iskey:0 type:? checksum:39579A57 plane_checksum:[54AFB10E 7BC6380A 9F1CB130] mean:[138 148 116] stdev:[50.7 17.2 12.1]
[Parsed_showinfo_1 @ 0xc49008d80] [info] color_range:unknown color_space:unknown color_primaries:unknown color_trc:unknown
[Parsed_showinfo_1 @ 0xc49008d80] [info] n: 685 pts:    685 pts_time:22.856601 duration:      1 duration_time:0.0333673 fmt:yuv411p cl:topleft sar:8/9 s:720x480 i:B iskey:0 type:? checksum:F91232A1 plane_checksum:[129D9397 55FBCBB7 1CE9D335] mean:[138 148 116] stdev:[50.7 17.1 12.2]
[Parsed_showinfo_1 @ 0xc49008d80] [info] color_range:unknown color_space:unknown color_primaries:unknown color_trc:unknown
[Parsed_showinfo_1 @ 0xc49008d80] [info] n: 686 pts:    686 pts_time:22.889968 duration:      1 duration_time:0.0333673 fmt:yuv411p cl:topleft sar:8/9 s:720x480 i:B iskey:0 type:? checksum:D88A212F plane_checksum:[285C4763 9E441765 8A99C258] mean:[137 148 116] stdev:[50.6 17.1 12.2]
[Parsed_showinfo_1 @ 0xc49008d80] [info] color_range:unknown color_space:unknown color_primaries:unknown color_trc:unknown
[Parsed_showinfo_1 @ 0xc49008d80] [info] n: 687 pts:    687 pts_time:22.923335 duration:      1 duration_time:0.0333673 fmt:yuv411p cl:topleft sar:8/9 s:720x480 i:B iskey:0 type:? checksum:001143A4 plane_checksum:[C8A98B58 0B8E07E0 2F9CB05D] mean:[137 148 116] stdev:[50.5 17.2 12.2]
[Parsed_showinfo_1 @ 0xc49008d80] [info] color_range:unknown color_space:unknown color_primaries:unknown color_trc:unknown
[Parsed_showinfo_1 @ 0xc49008d80] [info] n: 688 pts:    688 pts_time:22.956702 duration:      1 duration_time:0.0333673 fmt:yuv411p cl:topleft sar:8/9 s:720x480 i:B iskey:0 type:? checksum:C9509511 plane_checksum:[3FEC580B 5FA75687 E3BAE670] mean:[137 148 116] stdev:[50.6 17.2 12.3]
[Parsed_showinfo_1 @ 0xc49008d80] [info] color_range:unknown color_space:unknown color_primaries:unknown color_trc:unknown
[Parsed_showinfo_1 @ 0xc49008d80] [info] n: 689 pts:    689 pts_time:22.99007 duration:      1 duration_time:0.0333673 fmt:yuv411p cl:topleft sar:8/9 s:720x480 i:B iskey:0 type:? checksum:4FB7CF8E plane_checksum:[0EC47BBA EAA36158 C02DF26D] mean:[137 148 116] stdev:[50.6 17.3 12.3]
[Parsed_showinfo_1 @ 0xc49008d80] [info] color_range:unknown color_space:unknown color_primaries:unknown color_trc:unknown
[Parsed_showinfo_1 @ 0xc49008d80] [info] n: 690 pts:    690 pts_time:23.023437 duration:      1 duration_time:0.0333673 fmt:yuv411p cl:topleft sar:8/9 s:720x480 i:B iskey:0 type:? checksum:4FB7CF8E plane_checksum:[0EC47BBA EAA36158 C02DF26D] mean:[137 148 116] stdev:[50.6 17.3 12.3]
[Parsed_showinfo_1 @ 0xc49008d80] [info] color_range:unknown color_space:unknown color_primaries:unknown color_trc:unknown
[Parsed_showinfo_1 @ 0xc49008d80] [info] n: 691 pts:    691 pts_time:23.056804 duration:      1 duration_time:0.0333673 fmt:yuv411p cl:topleft sar:8/9 s:720x480 i:B iskey:0 type:? checksum:C3EB6083 plane_checksum:[90924ABE B5E72EE1 B5D3E6D5] mean:[137 148 116] stdev:[50.5 17.4 12.3]
[Parsed_showinfo_1 @ 0xc49008d80] [info] color_range:unknown color_space:unknown color_primaries:unknown color_trc:unknown
[Parsed_showinfo_1 @ 0xc49008d80] [info] n: 692 pts:    692 pts_time:23.090172 duration:      1 duration_time:0.0333673 fmt:yuv411p cl:topleft sar:8/9 s:720x480 i:B iskey:0 type:? checksum:25E0BE9C plane_checksum:[7AF6C56A 4EA54345 B270B5DE] mean:[137 148 116] stdev:[50.4 17.3 12.3]
[Parsed_showinfo_1 @ 0xc49008d80] [info] color_range:unknown color_space:unknown color_primaries:unknown color_trc:unknown
[Parsed_showinfo_1 @ 0xc49008d80] [info] n: 693 pts:    693 pts_time:23.123539 duration:      1 duration_time:0.0333673 fmt:yuv411p cl:topleft sar:8/9 s:720x480 i:B iskey:0 type:? checksum:B49D639C plane_checksum:[8CEDB785 ADC4EFBD 3D5FBC3C] mean:[137 148 116] stdev:[50.5 17.3 12.4]
[Parsed_showinfo_1 @ 0xc49008d80] [info] color_range:unknown color_space:unknown color_primaries:unknown color_trc:unknown
[Parsed_showinfo_1 @ 0xc49008d80] [info] n: 694 pts:    694 pts_time:23.156906 duration:      1 duration_time:0.0333673 fmt:yuv411p cl:topleft sar:8/9 s:720x480 i:B iskey:0 type:? checksum:B9FDFB2E plane_checksum:[8F407E8D 1E76CC99 3284AFF9] mean:[138 148 116] stdev:[50.5 17.1 12.4]
[Parsed_showinfo_1 @ 0xc49008d80] [info] color_range:unknown color_space:unknown color_primaries:unknown color_trc:unknown
[Parsed_showinfo_1 @ 0xc49008d80] [info] n: 695 pts:    695 pts_time:23.190273 duration:      1 duration_time:0.0333673 fmt:yuv411p cl:topleft sar:8/9 s:720x480 i:B iskey:0 type:? checksum:39CDB0F0 plane_checksum:[BF100219 3E2EED83 700BC145] mean:[137 148 116] stdev:[50.4 17.2 12.4]
[Parsed_showinfo_1 @ 0xc49008d80] [info] color_range:unknown color_space:unknown color_primaries:unknown color_trc:unknown
[Parsed_showinfo_1 @ 0xc49008d80] [info] n: 696 pts:    696 pts_time:23.223641 duration:      1 duration_time:0.0333673 fmt:yuv411p cl:topleft sar:8/9 s:720x480 i:B iskey:0 type:? checksum:B90848CB plane_checksum:[63AABDC7 BF4EEE24 B1099CC2] mean:[137 148 116] stdev:[50.5 17.2 12.5]
[Parsed_showinfo_1 @ 0xc49008d80] [info] color_range:unknown color_space:unknown color_primaries:unknown color_trc:unknown
[Parsed_showinfo_1 @ 0xc49008d80] [info] n: 697 pts:    697 pts_time:23.257008 duration:      1 duration_time:0.0333673 fmt:yuv411p cl:topleft sar:8/9 s:720x480 i:B iskey:0 type:? checksum:B2DEE0B7 plane_checksum:[C79B4A96 8C57C6B5 5C59CF5D] mean:[137 148 116] stdev:[50.4 17.4 12.5]
[Parsed_showinfo_1 @ 0xc49008d80] [info] color_range:unknown color_space:unknown color_primaries:unknown color_trc:unknown
[Parsed_showinfo_1 @ 0xc49008d80] [info] n: 698 pts:    698 pts_time:23.290375 duration:      1 duration_time:0.0333673 fmt:yuv411p cl:topleft sar:8/9 s:720x480 i:B iskey:0 type:? checksum:6F188800 plane_checksum:[2F22C951 94E2D793 0779E6FE] mean:[137 148 116] stdev:[50.4 17.7 12.4]
[Parsed_showinfo_1 @ 0xc49008d80] [info] color_range:unknown color_space:unknown color_primaries:unknown color_trc:unknown
[Parsed_showinfo_1 @ 0xc49008d80] [info] n: 699 pts:    699 pts_time:23.323743 duration:      1 duration_time:0.0333673 fmt:yuv411p cl:topleft sar:8/9 s:720x480 i:B iskey:0 type:? checksum:66015AE9 plane_checksum:[2C8185B2 F713D4AF 1E0C0079] mean:[137 148 116] stdev:[50.6 17.7 12.3]
[Parsed_showinfo_1 @ 0xc49008d80] [info] color_range:unknown color_space:unknown color_primaries:unknown color_trc:unknown
[Parsed_showinfo_1 @ 0xc49008d80] [info] n: 700 pts:    700 pts_time:23.35711 duration:      1 duration_time:0.0333673 fmt:yuv411p cl:topleft sar:8/9 s:720x480 i:B iskey:0 type:? checksum:515193F0 plane_checksum:[215F3DAD 79E9748C 73D2E1A8] mean:[137 147 116] stdev:[50.7 17.4 12.3]
[Parsed_showinfo_1 @ 0xc49008d80] [info] color_range:unknown color_space:unknown color_primaries:unknown color_trc:unknown
[Parsed_showinfo_1 @ 0xc49008d80] [info] n: 701 pts:    701 pts_time:23.390477 duration:      1 duration_time:0.0333673 fmt:yuv411p cl:topleft sar:8/9 s:720x480 i:B iskey:0 type:? checksum:EF710989 plane_checksum:[F3269E76 80ED7CE7 AB8DEE0E] mean:[137 147 116] stdev:[50.6 17.3 12.3]
[Parsed_showinfo_1 @ 0xc49008d80] [info] color_range:unknown color_space:unknown color_primaries:unknown color_trc:unknown
[Parsed_showinfo_1 @ 0xc49008d80] [info] n: 702 pts:    702 pts_time:23.423845 duration:      1 duration_time:0.0333673 fmt:yuv411p cl:topleft sar:8/9 s:720x480 i:B iskey:0 type:? checksum:2CAC2B47 plane_checksum:[BFE40A57 86CB3F06 A03FE1DB] mean:[137 147 116] stdev:[50.6 17.3 12.3]
[Parsed_showinfo_1 @ 0xc49008d80] [info] color_range:unknown color_space:unknown color_primaries:unknown color_trc:unknown
[Parsed_showinfo_1 @ 0xc49008d80] [info] n: 703 pts:    703 pts_time:23.457212 duration:      1 duration_time:0.0333673 fmt:yuv411p cl:topleft sar:8/9 s:720x480 i:B iskey:0 type:? checksum:B11DF6BF plane_checksum:[7AA56838 16F76FA5 B4C61EE2] mean:[137 147 116] stdev:[50.6 17.5 12.4]
[Parsed_showinfo_1 @ 0xc49008d80] [info] color_range:unknown color_space:unknown color_primaries:unknown color_trc:unknown
[Parsed_showinfo_1 @ 0xc49008d80] [info] n: 704 pts:    704 pts_time:23.490579 duration:      1 duration_time:0.0333673 fmt:yuv411p cl:topleft sar:8/9 s:720x480 i:B iskey:0 type:? checksum:9BD0C5D3 plane_checksum:[D8A930EA 028F379A 60BB5D4F] mean:[137 147 116] stdev:[50.4 17.4 12.2]
[Parsed_showinfo_1 @ 0xc49008d80] [info] color_range:unknown color_space:unknown color_primaries:unknown color_trc:unknown
[Parsed_showinfo_1 @ 0xc49008d80] [info] n: 705 pts:    705 pts_time:23.523947 duration:      1 duration_time:0.0333673 fmt:yuv411p cl:topleft sar:8/9 s:720x480 i:B iskey:0 type:? checksum:E80E428A plane_checksum:[1374EA17 C5FA1410 98344454] mean:[137 147 116] stdev:[50.4 17.3 12.1]
[Parsed_showinfo_1 @ 0xc49008d80] [info] color_range:unknown color_space:unknown color_primaries:unknown color_trc:unknown
[Parsed_showinfo_1 @ 0xc49008d80] [info] n: 706 pts:    706 pts_time:23.557314 duration:      1 duration_time:0.0333673 fmt:yuv411p cl:topleft sar:8/9 s:720x480 i:B iskey:0 type:? checksum:C9DAA7B1 plane_checksum:[B4B09533 2EE3E4F8 B9F32D77] mean:[137 147 116] stdev:[50.4 17.4 12.1]
[Parsed_showinfo_1 @ 0xc49008d80] [info] color_range:unknown color_space:unknown color_primaries:unknown color_trc:unknown
[Parsed_showinfo_1 @ 0xc49008d80] [info] n: 707 pts:    707 pts_time:23.590681 duration:      1 duration_time:0.0333673 fmt:yuv411p cl:topleft sar:8/9 s:720x480 i:B iskey:0 type:? checksum:AB2E25BE plane_checksum:[226962F8 65D5C2AC 2328000B] mean:[137 147 116] stdev:[50.3 17.5 12.0]
[Parsed_showinfo_1 @ 0xc49008d80] [info] color_range:unknown color_space:unknown color_primaries:unknown color_trc:unknown
[Parsed_showinfo_1 @ 0xc49008d80] [info] n: 708 pts:    708 pts_time:23.624048 duration:      1 duration_time:0.0333673 fmt:yuv411p cl:topleft sar:8/9 s:720x480 i:B iskey:0 type:? checksum:94547403 plane_checksum:[7603CABD C277B4B4 6C34F474] mean:[137 147 116] stdev:[50.3 17.4 12.2]
[Parsed_showinfo_1 @ 0xc49008d80] [info] color_range:unknown color_space:unknown color_primaries:unknown color_trc:unknown
[Parsed_showinfo_1 @ 0xc49008d80] [info] n: 709 pts:    709 pts_time:23.657416 duration:      1 duration_time:0.0333673 fmt:yuv411p cl:topleft sar:8/9 s:720x480 i:B iskey:0 type:? checksum:0D1C5FD2 plane_checksum:[E65F3122 03E84639 5294E868] mean:[137 147 116] stdev:[50.2 17.3 12.2]
[Parsed_showinfo_1 @ 0xc49008d80] [info] color_range:unknown color_space:unknown color_primaries:unknown color_trc:unknown
[Parsed_showinfo_1 @ 0xc49008d80] [info] n: 710 pts:    710 pts_time:23.690783 duration:      1 duration_time:0.0333673 fmt:yuv411p cl:topleft sar:8/9 s:720x480 i:B iskey:0 type:? checksum:DF7915D3 plane_checksum:[E6AAF6A3 486B3682 314BE890] mean:[136 147 116] stdev:[50.2 17.3 12.3]
[Parsed_showinfo_1 @ 0xc49008d80] [info] color_range:unknown color_space:unknown color_primaries:unknown color_trc:unknown
[Parsed_showinfo_1 @ 0xc49008d80] [info] n: 711 pts:    711 pts_time:23.72415 duration:      1 duration_time:0.0333673 fmt:yuv411p cl:topleft sar:8/9 s:720x480 i:B iskey:0 type:? checksum:6034078A plane_checksum:[62F4A2B2 91F364F0 BC7DFFCA] mean:[136 147 116] stdev:[50.1 17.2 12.2]
[Parsed_showinfo_1 @ 0xc49008d80] [info] color_range:unknown color_space:unknown color_primaries:unknown color_trc:unknown
[Parsed_showinfo_1 @ 0xc49008d80] [info] n: 712 pts:    712 pts_time:23.757518 duration:      1 duration_time:0.0333673 fmt:yuv411p cl:topleft sar:8/9 s:720x480 i:B iskey:0 type:? checksum:6CCA686A plane_checksum:[AB5CDCC2 BD0B7E0F DD350D8A] mean:[137 147 116] stdev:[50.2 17.1 12.1]
[Parsed_showinfo_1 @ 0xc49008d80] [info] color_range:unknown color_space:unknown color_primaries:unknown color_trc:unknown
[Parsed_showinfo_1 @ 0xc49008d80] [info] n: 713 pts:    713 pts_time:23.790885 duration:      1 duration_time:0.0333673 fmt:yuv411p cl:topleft sar:8/9 s:720x480 i:B iskey:0 type:? checksum:FA481DB3 plane_checksum:[2D018986 38DC7A54 D05C19CA] mean:[137 147 116] stdev:[50.1 17.1 12.1]
[Parsed_showinfo_1 @ 0xc49008d80] [info] color_range:unknown color_space:unknown color_primaries:unknown color_trc:unknown
[Parsed_showinfo_1 @ 0xc49008d80] [info] n: 714 pts:    714 pts_time:23.824252 duration:      1 duration_time:0.0333673 fmt:yuv411p cl:topleft sar:8/9 s:720x480 i:B iskey:0 type:? checksum:6A07985D plane_checksum:[180A22E5 4A307094 039804E4] mean:[137 147 116] stdev:[50.1 17.0 12.1]
[Parsed_showinfo_1 @ 0xc49008d80] [info] color_range:unknown color_space:unknown color_primaries:unknown color_trc:unknown
[Parsed_showinfo_1 @ 0xc49008d80] [info] n: 715 pts:    715 pts_time:23.85762 duration:      1 duration_time:0.0333673 fmt:yuv411p cl:topleft sar:8/9 s:720x480 i:B iskey:0 type:? checksum:02A95DE4 plane_checksum:[01A4E6C6 C9E2576A 7BA91FA5] mean:[137 147 116] stdev:[50.1 17.0 12.0]
[Parsed_showinfo_1 @ 0xc49008d80] [info] color_range:unknown color_space:unknown color_primaries:unknown color_trc:unknown
[Parsed_showinfo_1 @ 0xc49008d80] [info] n: 716 pts:    716 pts_time:23.890987 duration:      1 duration_time:0.0333673 fmt:yuv411p cl:topleft sar:8/9 s:720x480 i:B iskey:0 type:? checksum:3942A962 plane_checksum:[3CFA26F4 C2DA52F2 64BB2F7C] mean:[137 147 116] stdev:[50.3 17.2 11.9]
[Parsed_showinfo_1 @ 0xc49008d80] [info] color_range:unknown color_space:unknown color_primaries:unknown color_trc:unknown
[Parsed_showinfo_1 @ 0xc49008d80] [info] n: 717 pts:    717 pts_time:23.924354 duration:      1 duration_time:0.0333673 fmt:yuv411p cl:topleft sar:8/9 s:720x480 i:B iskey:0 type:? checksum:63705B8D plane_checksum:[FD0AD520 3BB66822 FCA71E3C] mean:[137 147 116] stdev:[50.3 17.2 12.0]
[Parsed_showinfo_1 @ 0xc49008d80] [info] color_range:unknown color_space:unknown color_primaries:unknown color_trc:unknown
[Parsed_showinfo_1 @ 0xc49008d80] [info] n: 718 pts:    718 pts_time:23.957721 duration:      1 duration_time:0.0333673 fmt:yuv411p cl:topleft sar:8/9 s:720x480 i:B iskey:0 type:? checksum:4EF47FF8 plane_checksum:[E868195B D4C35EB0 5CB607ED] mean:[137 147 116] stdev:[50.2 17.1 12.0]
[Parsed_showinfo_1 @ 0xc49008d80] [info] color_range:unknown color_space:unknown color_primaries:unknown color_trc:unknown
[Parsed_showinfo_1 @ 0xc49008d80] [info] n: 719 pts:    719 pts_time:23.991089 duration:      1 duration_time:0.0333673 fmt:yuv411p cl:topleft sar:8/9 s:720x480 i:B iskey:0 type:? checksum:E67364B5 plane_checksum:[B2BA1534 3036272B 69752856] mean:[137 146 116] stdev:[50.3 17.2 11.9]
[Parsed_showinfo_1 @ 0xc49008d80] [info] color_range:unknown color_space:unknown color_primaries:unknown color_trc:unknown
[Parsed_showinfo_1 @ 0xc49008d80] [info] n: 720 pts:    720 pts_time:24.024456 duration:      1 duration_time:0.0333673 fmt:yuv411p cl:topleft sar:8/9 s:720x480 i:B iskey:0 type:? checksum:F13B3E5A plane_checksum:[CCCB0275 87DF111D AE4E2AC8] mean:[137 146 116] stdev:[50.3 17.1 11.8]
[Parsed_showinfo_1 @ 0xc49008d80] [info] color_range:unknown color_space:unknown color_primaries:unknown color_trc:unknown
[Parsed_showinfo_1 @ 0xc49008d80] [info] n: 721 pts:    721 pts_time:24.057823 duration:      1 duration_time:0.0333673 fmt:yuv411p cl:topleft sar:8/9 s:720x480 i:B iskey:0 type:? checksum:7498CEAD plane_checksum:[24A76E92 D6CE2A48 3CA135D3] mean:[137 146 116] stdev:[50.4 16.8 12.0]
[Parsed_showinfo_1 @ 0xc49008d80] [info] color_range:unknown color_space:unknown color_primaries:unknown color_trc:unknown
[Parsed_showinfo_1 @ 0xc49008d80] [info] n: 722 pts:    722 pts_time:24.091191 duration:      1 duration_time:0.0333673 fmt:yuv411p cl:topleft sar:8/9 s:720x480 i:B iskey:0 type:? checksum:70D41257 plane_checksum:[699D2DB3 EB34D458 A6ED103D] mean:[137 146 116] stdev:[50.4 16.8 12.2]
[Parsed_showinfo_1 @ 0xc49008d80] [info] color_range:unknown color_space:unknown color_primaries:unknown color_trc:unknown
[Parsed_showinfo_1 @ 0xc49008d80] [info] n: 723 pts:    723 pts_time:24.124558 duration:      1 duration_time:0.0333673 fmt:yuv411p cl:topleft sar:8/9 s:720x480 i:B iskey:0 type:? checksum:5991EF72 plane_checksum:[D23ABAD3 B1074AE7 4A6EE9A9] mean:[137 147 116] stdev:[50.3 16.8 12.2]
[Parsed_showinfo_1 @ 0xc49008d80] [info] color_range:unknown color_space:unknown color_primaries:unknown color_trc:unknown
[Parsed_showinfo_1 @ 0xc49008d80] [info] n: 724 pts:    724 pts_time:24.157925 duration:      1 duration_time:0.0333673 fmt:yuv411p cl:topleft sar:8/9 s:720x480 i:B iskey:0 type:? checksum:F9EA496D plane_checksum:[CC72D508 A3BD7A20 E68CFA27] mean:[137 147 116] stdev:[50.3 16.6 12.2]
[Parsed_showinfo_1 @ 0xc49008d80] [info] color_range:unknown color_space:unknown color_primaries:unknown color_trc:unknown
[Parsed_showinfo_1 @ 0xc49008d80] [info] n: 725 pts:    725 pts_time:24.191293 duration:      1 duration_time:0.0333673 fmt:yuv411p cl:topleft sar:8/9 s:720x480 i:B iskey:0 type:? checksum:945381AC plane_checksum:[BEB6CD5F 301CB5B0 DA39FE7F] mean:[137 147 116] stdev:[50.2 16.7 12.2]
[Parsed_showinfo_1 @ 0xc49008d80] [info] color_range:unknown color_space:unknown color_primaries:unknown color_trc:unknown
[Parsed_showinfo_1 @ 0xc49008d80] [info] n: 726 pts:    726 pts_time:24.22466 duration:      1 duration_time:0.0333673 fmt:yuv411p cl:topleft sar:8/9 s:720x480 i:B iskey:0 type:? checksum:9ED4732E plane_checksum:[AAE080CD 2958DC3C 3E071616] mean:[137 147 116] stdev:[50.3 16.7 12.1]
[Parsed_showinfo_1 @ 0xc49008d80] [info] color_range:unknown color_space:unknown color_primaries:unknown color_trc:unknown
[Parsed_showinfo_1 @ 0xc49008d80] [info] n: 727 pts:    727 pts_time:24.258027 duration:      1 duration_time:0.0333673 fmt:yuv411p cl:topleft sar:8/9 s:720x480 i:B iskey:0 type:? checksum:32442CE6 plane_checksum:[C08235B6 5F1FC714 A400300D] mean:[137 147 116] stdev:[50.2 16.7 12.0]
[Parsed_showinfo_1 @ 0xc49008d80] [info] color_range:unknown color_space:unknown color_primaries:unknown color_trc:unknown
[Parsed_showinfo_1 @ 0xc49008d80] [info] n: 728 pts:    728 pts_time:24.291394 duration:      1 duration_time:0.0333673 fmt:yuv411p cl:topleft sar:8/9 s:720x480 i:B iskey:0 type:? checksum:4AACB1B6 plane_checksum:[FC00AF19 E5FDBB83 BD3F470B] mean:[137 147 116] stdev:[50.1 16.7 12.0]
[Parsed_showinfo_1 @ 0xc49008d80] [info] color_range:unknown color_space:unknown color_primaries:unknown color_trc:unknown
[Parsed_showinfo_1 @ 0xc49008d80] [info] n: 729 pts:    729 pts_time:24.324762 duration:      1 duration_time:0.0333673 fmt:yuv411p cl:topleft sar:8/9 s:720x480 i:B iskey:0 type:? checksum:B6DF615E plane_checksum:[35AE5B66 4BFCD3FB 5A0931EE] mean:[138 147 116] stdev:[50.4 16.7 12.0]
[Parsed_showinfo_1 @ 0xc49008d80] [info] color_range:unknown color_space:unknown color_primaries:unknown color_trc:unknown
[Parsed_showinfo_1 @ 0xc49008d80] [info] n: 730 pts:    730 pts_time:24.358129 duration:      1 duration_time:0.0333673 fmt:yuv411p cl:topleft sar:8/9 s:720x480 i:B iskey:0 type:? checksum:AAD2EC46 plane_checksum:[34ADDBD4 E35BE46F A1772BF4] mean:[138 147 116] stdev:[50.4 16.8 11.9]
[Parsed_showinfo_1 @ 0xc49008d80] [info] color_range:unknown color_space:unknown color_primaries:unknown color_trc:unknown
[Parsed_showinfo_1 @ 0xc49008d80] [info] n: 731 pts:    731 pts_time:24.391496 duration:      1 duration_time:0.0333673 fmt:yuv411p cl:topleft sar:8/9 s:720x480 i:B iskey:0 type:? checksum:4C1339EC plane_checksum:[3CC640D2 71F8C044 620238C7] mean:[138 147 116] stdev:[50.3 16.7 11.9]
[Parsed_showinfo_1 @ 0xc49008d80] [info] color_range:unknown color_space:unknown color_primaries:unknown color_trc:unknown
[Parsed_showinfo_1 @ 0xc49008d80] [info] n: 732 pts:    732 pts_time:24.424864 duration:      1 duration_time:0.0333673 fmt:yuv411p cl:topleft sar:8/9 s:720x480 i:B iskey:0 type:? checksum:3154457A plane_checksum:[A5FC4313 9383C15D 751740FB] mean:[138 147 116] stdev:[50.2 16.7 11.9]
[Parsed_showinfo_1 @ 0xc49008d80] [info] color_range:unknown color_space:unknown color_primaries:unknown color_trc:unknown
[Parsed_showinfo_1 @ 0xc49008d80] [info] n: 733 pts:    733 pts_time:24.458231 duration:      1 duration_time:0.0333673 fmt:yuv411p cl:topleft sar:8/9 s:720x480 i:B iskey:0 type:? checksum:56CC80F9 plane_checksum:[574E6979 A878D074 F64346FD] mean:[138 147 116] stdev:[50.2 16.7 11.9]
[Parsed_showinfo_1 @ 0xc49008d80] [info] color_range:unknown color_space:unknown color_primaries:unknown color_trc:unknown
[Parsed_showinfo_1 @ 0xc49008d80] [info] n: 734 pts:    734 pts_time:24.491598 duration:      1 duration_time:0.0333673 fmt:yuv411p cl:topleft sar:8/9 s:720x480 i:B iskey:0 type:? checksum:836ABDAA plane_checksum:[09E3B00B 5B95F442 0652194E] mean:[138 147 116] stdev:[50.2 16.7 11.9]
[Parsed_showinfo_1 @ 0xc49008d80] [info] color_range:unknown color_space:unknown color_primaries:unknown color_trc:unknown
[Parsed_showinfo_1 @ 0xc49008d80] [info] n: 735 pts:    735 pts_time:24.524966 duration:      1 duration_time:0.0333673 fmt:yuv411p cl:topleft sar:8/9 s:720x480 i:B iskey:0 type:? checksum:7F66A72A plane_checksum:[6E87A78F 0D3AFE5C 20D70130] mean:[138 147 116] stdev:[50.4 16.7 11.9]
[Parsed_showinfo_1 @ 0xc49008d80] [info] color_range:unknown color_space:unknown color_primaries:unknown color_trc:unknown
[Parsed_showinfo_1 @ 0xc49008d80] [info] n: 736 pts:    736 pts_time:24.558333 duration:      1 duration_time:0.0333673 fmt:yuv411p cl:topleft sar:8/9 s:720x480 i:B iskey:0 type:? checksum:FA6D1646 plane_checksum:[09B4DFD0 73C513E1 CC3F2286] mean:[138 147 116] stdev:[50.3 16.6 11.9]
[Parsed_showinfo_1 @ 0xc49008d80] [info] color_range:unknown color_space:unknown color_primaries:unknown color_trc:unknown
[Parsed_showinfo_1 @ 0xc49008d80] [info] n: 737 pts:    737 pts_time:24.5917 duration:      1 duration_time:0.0333673 fmt:yuv411p cl:topleft sar:8/9 s:720x480 i:B iskey:0 type:? checksum:C6462A08 plane_checksum:[BC4A3ADF 5D3AE77C BA06079E] mean:[138 147 116] stdev:[50.3 16.8 11.9]
[Parsed_showinfo_1 @ 0xc49008d80] [info] color_range:unknown color_space:unknown color_primaries:unknown color_trc:unknown
[Parsed_showinfo_1 @ 0xc49008d80] [info] n: 738 pts:    738 pts_time:24.625067 duration:      1 duration_time:0.0333673 fmt:yuv411p cl:topleft sar:8/9 s:720x480 i:B iskey:0 type:? checksum:BA34BC49 plane_checksum:[F718826F D4B718D3 01E12107] mean:[138 147 116] stdev:[50.3 16.9 12.0]
[Parsed_showinfo_1 @ 0xc49008d80] [info] color_range:unknown color_space:unknown color_primaries:unknown color_trc:unknown
[Parsed_showinfo_1 @ 0xc49008d80] [info] n: 739 pts:    739 pts_time:24.658435 duration:      1 duration_time:0.0333673 fmt:yuv411p cl:topleft sar:8/9 s:720x480 i:B iskey:0 type:? checksum:A6751D4E plane_checksum:[8B4A0DEF D0CDD3A6 42B63BAA] mean:[138 147 116] stdev:[50.3 16.8 11.9]
[Parsed_showinfo_1 @ 0xc49008d80] [info] color_range:unknown color_space:unknown color_primaries:unknown color_trc:unknown
[Parsed_showinfo_1 @ 0xc49008d80] [info] n: 740 pts:    740 pts_time:24.691802 duration:      1 duration_time:0.0333673 fmt:yuv411p cl:topleft sar:8/9 s:720x480 i:B iskey:0 type:? checksum:D960DC1C plane_checksum:[F3C3ABB5 67F2FE17 C1843241] mean:[138 147 116] stdev:[50.3 16.8 12.0]
[Parsed_showinfo_1 @ 0xc49008d80] [info] color_range:unknown color_space:unknown color_primaries:unknown color_trc:unknown
[Parsed_showinfo_1 @ 0xc49008d80] [info] n: 741 pts:    741 pts_time:24.725169 duration:      1 duration_time:0.0333673 fmt:yuv411p cl:topleft sar:8/9 s:720x480 i:B iskey:0 type:? checksum:933259EC plane_checksum:[0498E44F A1E55B3D 5FA51A51] mean:[138 147 116] stdev:[50.3 16.8 12.1]
[Parsed_showinfo_1 @ 0xc49008d80] [info] color_range:unknown color_space:unknown color_primaries:unknown color_trc:unknown
[Parsed_showinfo_1 @ 0xc49008d80] [info] n: 742 pts:    742 pts_time:24.758537 duration:      1 duration_time:0.0333673 fmt:yuv411p cl:topleft sar:8/9 s:720x480 i:B iskey:0 type:? checksum:63714A82 plane_checksum:[71FFEF2F C889339C 1EF627A8] mean:[138 147 116] stdev:[50.3 16.8 12.1]
[Parsed_showinfo_1 @ 0xc49008d80] [info] color_range:unknown color_space:unknown color_primaries:unknown color_trc:unknown
[Parsed_showinfo_1 @ 0xc49008d80] [info] n: 743 pts:    743 pts_time:24.791904 duration:      1 duration_time:0.0333673 fmt:yuv411p cl:topleft sar:8/9 s:720x480 i:B iskey:0 type:? checksum:B5D322BC plane_checksum:[B98831C9 2538FB78 088AF55D] mean:[138 147 116] stdev:[50.4 16.8 12.0]
[Parsed_showinfo_1 @ 0xc49008d80] [info] color_range:unknown color_space:unknown color_primaries:unknown color_trc:unknown
[Parsed_showinfo_1 @ 0xc49008d80] [info] n: 744 pts:    744 pts_time:24.825271 duration:      1 duration_time:0.0333673 fmt:yuv411p cl:topleft sar:8/9 s:720x480 i:B iskey:0 type:? checksum:1F0599E1 plane_checksum:[F6DCFA6E 1F5AE1F2 4B99BD63] mean:[138 147 116] stdev:[50.3 16.8 12.0]
[Parsed_showinfo_1 @ 0xc49008d80] [info] color_range:unknown color_space:unknown color_primaries:unknown color_trc:unknown
[Parsed_showinfo_1 @ 0xc49008d80] [info] n: 745 pts:    745 pts_time:24.858639 duration:      1 duration_time:0.0333673 fmt:yuv411p cl:topleft sar:8/9 s:720x480 i:B iskey:0 type:? checksum:57E36299 plane_checksum:[270AC6E5 2E53F5FC BBB2A59A] mean:[138 147 116] stdev:[50.3 16.8 12.0]
[Parsed_showinfo_1 @ 0xc49008d80] [info] color_range:unknown color_space:unknown color_primaries:unknown color_trc:unknown
[Parsed_showinfo_1 @ 0xc49008d80] [info] n: 746 pts:    746 pts_time:24.892006 duration:      1 duration_time:0.0333673 fmt:yuv411p cl:topleft sar:8/9 s:720x480 i:B iskey:0 type:? checksum:C5AB68B6 plane_checksum:[AEE53BE6 C3FD76D7 FDF9B5EA] mean:[138 147 116] stdev:[50.2 17.0 12.2]
[Parsed_showinfo_1 @ 0xc49008d80] [info] color_range:unknown color_space:unknown color_primaries:unknown color_trc:unknown
[Parsed_showinfo_1 @ 0xc49008d80] [info] n: 747 pts:    747 pts_time:24.925373 duration:      1 duration_time:0.0333673 fmt:yuv411p cl:topleft sar:8/9 s:720x480 i:B iskey:0 type:? checksum:F1B0F883 plane_checksum:[3D874741 6BA5A66E 01C60AD4] mean:[138 148 116] stdev:[50.2 17.2 12.1]
[Parsed_showinfo_1 @ 0xc49008d80] [info] color_range:unknown color_space:unknown color_primaries:unknown color_trc:unknown
[Parsed_showinfo_1 @ 0xc49008d80] [info] n: 748 pts:    748 pts_time:24.95874 duration:      1 duration_time:0.0333673 fmt:yuv411p cl:topleft sar:8/9 s:720x480 i:B iskey:0 type:? checksum:7835CEBF plane_checksum:[923736DF E4C49118 2F8606C8] mean:[139 148 116] stdev:[50.4 17.0 12.0]
[Parsed_showinfo_1 @ 0xc49008d80] [info] color_range:unknown color_space:unknown color_primaries:unknown color_trc:unknown
[Parsed_showinfo_1 @ 0xc49008d80] [info] n: 749 pts:    749 pts_time:24.992108 duration:      1 duration_time:0.0333673 fmt:yuv411p cl:topleft sar:8/9 s:720x480 i:B iskey:0 type:? checksum:67BFFB71 plane_checksum:[DCAF9734 EAA690C6 EE1AD368] mean:[139 148 116] stdev:[50.2 16.8 12.1]
[Parsed_showinfo_1 @ 0xc49008d80] [info] color_range:unknown color_space:unknown color_primaries:unknown color_trc:unknown
[Parsed_showinfo_1 @ 0xc49008d80] [info] n: 750 pts:    750 pts_time:25.025475 duration:      1 duration_time:0.0333673 fmt:yuv411p cl:topleft sar:8/9 s:720x480 i:B iskey:0 type:? checksum:FF699916 plane_checksum:[2A193D26 6F619772 4258C46F] mean:[139 148 116] stdev:[50.3 17.0 12.1]
[Parsed_showinfo_1 @ 0xc49008d80] [info] color_range:unknown color_space:unknown color_primaries:unknown color_trc:unknown
[Parsed_showinfo_1 @ 0xc49008d80] [info] n: 751 pts:    751 pts_time:25.058842 duration:      1 duration_time:0.0333673 fmt:yuv411p cl:topleft sar:8/9 s:720x480 i:B iskey:0 type:? checksum:D7F0FF94 plane_checksum:[00F0C0D7 29669BA6 9C2EA308] mean:[139 148 116] stdev:[50.3 17.2 12.1]
[Parsed_showinfo_1 @ 0xc49008d80] [info] color_range:unknown color_space:unknown color_primaries:unknown color_trc:unknown
[Parsed_showinfo_1 @ 0xc49008d80] [info] n: 752 pts:    752 pts_time:25.09221 duration:      1 duration_time:0.0333673 fmt:yuv411p cl:topleft sar:8/9 s:720x480 i:B iskey:0 type:? checksum:2B921EE6 plane_checksum:[CA66199F 2049779A 498D8D9E] mean:[139 147 116] stdev:[50.3 17.1 12.1]
[Parsed_showinfo_1 @ 0xc49008d80] [info] color_range:unknown color_space:unknown color_primaries:unknown color_trc:unknown
[Parsed_showinfo_1 @ 0xc49008d80] [info] n: 753 pts:    753 pts_time:25.125577 duration:      1 duration_time:0.0333673 fmt:yuv411p cl:topleft sar:8/9 s:720x480 i:B iskey:0 type:? checksum:CF9FDAA3 plane_checksum:[A267BF2D 79A6B0AD C77E6ABA] mean:[139 148 116] stdev:[50.4 17.0 12.2]
[Parsed_showinfo_1 @ 0xc49008d80] [info] color_range:unknown color_space:unknown color_primaries:unknown color_trc:unknown
[Parsed_showinfo_1 @ 0xc49008d80] [info] n: 754 pts:    754 pts_time:25.158944 duration:      1 duration_time:0.0333673 fmt:yuv411p cl:topleft sar:8/9 s:720x480 i:B iskey:0 type:? checksum:84A9DAEE plane_checksum:[DEE59709 7B48E2B3 97E26123] mean:[139 148 116] stdev:[50.4 16.9 12.3]
[Parsed_showinfo_1 @ 0xc49008d80] [info] color_range:unknown color_space:unknown color_primaries:unknown color_trc:unknown
[Parsed_showinfo_1 @ 0xc49008d80] [info] n: 755 pts:    755 pts_time:25.192312 duration:      1 duration_time:0.0333673 fmt:yuv411p cl:topleft sar:8/9 s:720x480 i:B iskey:0 type:? checksum:AFE2BD42 plane_checksum:[150E4E91 B495F455 7EC57A4D] mean:[139 148 116] stdev:[50.6 17.0 12.2]
[Parsed_showinfo_1 @ 0xc49008d80] [info] color_range:unknown color_space:unknown color_primaries:unknown color_trc:unknown
[Parsed_showinfo_1 @ 0xc49008d80] [info] n: 756 pts:    756 pts_time:25.225679 duration:      1 duration_time:0.0333673 fmt:yuv411p cl:topleft sar:8/9 s:720x480 i:B iskey:0 type:? checksum:506A71B3 plane_checksum:[1D150CFF F846DC9D D4A18808] mean:[139 148 116] stdev:[50.6 16.9 12.3]
[Parsed_showinfo_1 @ 0xc49008d80] [info] color_range:unknown color_space:unknown color_primaries:unknown color_trc:unknown
[Parsed_showinfo_1 @ 0xc49008d80] [info] n: 757 pts:    757 pts_time:25.259046 duration:      1 duration_time:0.0333673 fmt:yuv411p cl:topleft sar:8/9 s:720x480 i:B iskey:0 type:? checksum:4767C836 plane_checksum:[A536391A 2B94FE24 FCB790E9] mean:[139 148 116] stdev:[50.3 16.9 12.2]
[Parsed_showinfo_1 @ 0xc49008d80] [info] color_range:unknown color_space:unknown color_primaries:unknown color_trc:unknown
[Parsed_showinfo_1 @ 0xc49008d80] [info] n: 758 pts:    758 pts_time:25.292413 duration:      1 duration_time:0.0333673 fmt:yuv411p cl:topleft sar:8/9 s:720x480 i:B iskey:0 type:? checksum:5C630AB5 plane_checksum:[38E96B85 BCE72A50 5D2074D1] mean:[139 148 116] stdev:[50.3 16.7 12.2]
[Parsed_showinfo_1 @ 0xc49008d80] [info] color_range:unknown color_space:unknown color_primaries:unknown color_trc:unknown
[Parsed_showinfo_1 @ 0xc49008d80] [info] n: 759 pts:    759 pts_time:25.325781 duration:      1 duration_time:0.0333673 fmt:yuv411p cl:topleft sar:8/9 s:720x480 i:B iskey:0 type:? checksum:569BC1E1 plane_checksum:[99EFAD83 463ACD2E 3DDE4721] mean:[139 148 115] stdev:[50.4 16.8 12.3]
[Parsed_showinfo_1 @ 0xc49008d80] [info] color_range:unknown color_space:unknown color_primaries:unknown color_trc:unknown
[Parsed_showinfo_1 @ 0xc49008d80] [info] n: 760 pts:    760 pts_time:25.359148 duration:      1 duration_time:0.0333673 fmt:yuv411p cl:topleft sar:8/9 s:720x480 i:B iskey:0 type:? checksum:75DCC85A plane_checksum:[FC31C2BC 8B29E599 2FDA1FF6] mean:[139 148 115] stdev:[50.4 17.1 12.4]
[Parsed_showinfo_1 @ 0xc49008d80] [info] color_range:unknown color_space:unknown color_primaries:unknown color_trc:unknown
[Parsed_showinfo_1 @ 0xc49008d80] [info] n: 761 pts:    761 pts_time:25.392515 duration:      1 duration_time:0.0333673 fmt:yuv411p cl:topleft sar:8/9 s:720x480 i:B iskey:0 type:? checksum:31507CE4 plane_checksum:[B59CF1C5 5D4C2685 0194648B] mean:[140 148 116] stdev:[50.5 17.2 12.3]
[Parsed_showinfo_1 @ 0xc49008d80] [info] color_range:unknown color_space:unknown color_primaries:unknown color_trc:unknown
[Parsed_showinfo_1 @ 0xc49008d80] [info] n: 762 pts:    762 pts_time:25.425883 duration:      1 duration_time:0.0333673 fmt:yuv411p cl:topleft sar:8/9 s:720x480 i:B iskey:0 type:? checksum:DB997303 plane_checksum:[D716D91A F3882554 D6077486] mean:[140 148 116] stdev:[50.5 17.0 12.4]
[Parsed_showinfo_1 @ 0xc49008d80] [info] color_range:unknown color_space:unknown color_primaries:unknown color_trc:unknown
[Parsed_showinfo_1 @ 0xc49008d80] [info] n: 763 pts:    763 pts_time:25.45925 duration:      1 duration_time:0.0333673 fmt:yuv411p cl:topleft sar:8/9 s:720x480 i:B iskey:0 type:? checksum:A065D221 plane_checksum:[567043E2 01AD455A 621348E5] mean:[139 148 115] stdev:[50.5 17.0 12.4]
[Parsed_showinfo_1 @ 0xc49008d80] [info] color_range:unknown color_space:unknown color_primaries:unknown color_trc:unknown
[Parsed_showinfo_1 @ 0xc49008d80] [info] n: 764 pts:    764 pts_time:25.492617 duration:      1 duration_time:0.0333673 fmt:yuv411p cl:topleft sar:8/9 s:720x480 i:B iskey:0 type:? checksum:52B8D122 plane_checksum:[A1282BCE 860552D4 583C5280] mean:[139 148 116] stdev:[50.6 16.9 12.3]
[Parsed_showinfo_1 @ 0xc49008d80] [info] color_range:unknown color_space:unknown color_primaries:unknown color_trc:unknown
[Parsed_showinfo_1 @ 0xc49008d80] [info] n: 765 pts:    765 pts_time:25.525985 duration:      1 duration_time:0.0333673 fmt:yuv411p cl:topleft sar:8/9 s:720x480 i:B iskey:0 type:? checksum:55DAED75 plane_checksum:[B54436C6 C17A655E 142D5151] mean:[140 148 116] stdev:[50.6 17.0 12.1]
[Parsed_showinfo_1 @ 0xc49008d80] [info] color_range:unknown color_space:unknown color_primaries:unknown color_trc:unknown
[Parsed_showinfo_1 @ 0xc49008d80] [info] n: 766 pts:    766 pts_time:25.559352 duration:      1 duration_time:0.0333673 fmt:yuv411p cl:topleft sar:8/9 s:720x480 i:B iskey:0 type:? checksum:80602FFC plane_checksum:[43419770 B0996AB2 EC2D2DCB] mean:[139 148 115] stdev:[50.5 17.1 12.1]
[Parsed_showinfo_1 @ 0xc49008d80] [info] color_range:unknown color_space:unknown color_primaries:unknown color_trc:unknown
[Parsed_showinfo_1 @ 0xc49008d80] [info] n: 767 pts:    767 pts_time:25.592719 duration:      1 duration_time:0.0333673 fmt:yuv411p cl:topleft sar:8/9 s:720x480 i:B iskey:0 type:? checksum:AD211D22 plane_checksum:[3096984B 59FF4467 C5554061] mean:[140 148 115] stdev:[50.6 17.2 12.1]
[Parsed_showinfo_1 @ 0xc49008d80] [info] color_range:unknown color_space:unknown color_primaries:unknown color_trc:unknown
[Parsed_showinfo_1 @ 0xc49008d80] [info] n: 768 pts:    768 pts_time:25.626086 duration:      1 duration_time:0.0333673 fmt:yuv411p cl:topleft sar:8/9 s:720x480 i:B iskey:0 type:? checksum:A6CB4A08 plane_checksum:[655484DA 776952E2 1A09723D] mean:[140 148 116] stdev:[50.6 17.2 12.3]
[Parsed_showinfo_1 @ 0xc49008d80] [info] color_range:unknown color_space:unknown color_primaries:unknown color_trc:unknown
[Parsed_showinfo_1 @ 0xc49008d80] [info] n: 769 pts:    769 pts_time:25.659454 duration:      1 duration_time:0.0333673 fmt:yuv411p cl:topleft sar:8/9 s:720x480 i:B iskey:0 type:? checksum:03AC634B plane_checksum:[A4DE53F8 50206289 F243ACBB] mean:[140 148 116] stdev:[50.6 17.4 12.1]
[Parsed_showinfo_1 @ 0xc49008d80] [info] color_range:unknown color_space:unknown color_primaries:unknown color_trc:unknown
[Parsed_showinfo_1 @ 0xc49008d80] [info] n: 770 pts:    770 pts_time:25.692821 duration:      1 duration_time:0.0333673 fmt:yuv411p cl:topleft sar:8/9 s:720x480 i:B iskey:0 type:? checksum:0FBF9662 plane_checksum:[D496E664 A4E1406D A21C6F82] mean:[139 148 116] stdev:[50.6 17.2 12.1]
[Parsed_showinfo_1 @ 0xc49008d80] [info] color_range:unknown color_space:unknown color_primaries:unknown color_trc:unknown
[Parsed_showinfo_1 @ 0xc49008d80] [info] n: 771 pts:    771 pts_time:25.726188 duration:      1 duration_time:0.0333673 fmt:yuv411p cl:topleft sar:8/9 s:720x480 i:B iskey:0 type:? checksum:705AAFD5 plane_checksum:[C9E580EB 5CABBA7C DA14745F] mean:[139 148 116] stdev:[50.6 17.5 12.3]
[Parsed_showinfo_1 @ 0xc49008d80] [info] color_range:unknown color_space:unknown color_primaries:unknown color_trc:unknown
[Parsed_showinfo_1 @ 0xc49008d80] [info] n: 772 pts:    772 pts_time:25.759556 duration:      1 duration_time:0.0333673 fmt:yuv411p cl:topleft sar:8/9 s:720x480 i:B iskey:0 type:? checksum:FD389D41 plane_checksum:[471175FD 116BC162 AE0A65D3] mean:[139 148 116] stdev:[50.5 17.7 12.3]
[Parsed_showinfo_1 @ 0xc49008d80] [info] color_range:unknown color_space:unknown color_primaries:unknown color_trc:unknown
[Parsed_showinfo_1 @ 0xc49008d80] [info] n: 773 pts:    773 pts_time:25.792923 duration:      1 duration_time:0.0333673 fmt:yuv411p cl:topleft sar:8/9 s:720x480 i:B iskey:0 type:? checksum:84B11327 plane_checksum:[15F90E04 40CACC1E 250E38F6] mean:[139 148 115] stdev:[50.6 17.5 12.5]
[Parsed_showinfo_1 @ 0xc49008d80] [info] color_range:unknown color_space:unknown color_primaries:unknown color_trc:unknown
[Parsed_showinfo_1 @ 0xc49008d80] [info] n: 774 pts:    774 pts_time:25.82629 duration:      1 duration_time:0.0333673 fmt:yuv411p cl:topleft sar:8/9 s:720x480 i:B iskey:0 type:? checksum:74122A72 plane_checksum:[2EAB35C6 FDBE8C51 4563684C] mean:[139 148 116] stdev:[50.5 17.4 12.3]
[Parsed_showinfo_1 @ 0xc49008d80] [info] color_range:unknown color_space:unknown color_primaries:unknown color_trc:unknown
[Parsed_showinfo_1 @ 0xc49008d80] [info] n: 775 pts:    775 pts_time:25.859658 duration:      1 duration_time:0.0333673 fmt:yuv411p cl:topleft sar:8/9 s:720x480 i:B iskey:0 type:? checksum:40B6CD32 plane_checksum:[7FF0017B A37A4294 4EC08923] mean:[139 148 116] stdev:[50.6 17.4 12.2]
[Parsed_showinfo_1 @ 0xc49008d80] [info] color_range:unknown color_space:unknown color_primaries:unknown color_trc:unknown
[Parsed_showinfo_1 @ 0xc49008d80] [info] n: 776 pts:    776 pts_time:25.893025 duration:      1 duration_time:0.0333673 fmt:yuv411p cl:topleft sar:8/9 s:720x480 i:B iskey:0 type:? checksum:98C4257C plane_checksum:[DE8032CC AFD978CB 570D79D6] mean:[139 148 116] stdev:[50.5 17.5 12.1]
[Parsed_showinfo_1 @ 0xc49008d80] [info] color_range:unknown color_space:unknown color_primaries:unknown color_trc:unknown
[Parsed_showinfo_1 @ 0xc49008d80] [info] n: 777 pts:    777 pts_time:25.926392 duration:      1 duration_time:0.0333673 fmt:yuv411p cl:topleft sar:8/9 s:720x480 i:B iskey:0 type:? checksum:185C1B93 plane_checksum:[C125EA19 65FEB218 72977F44] mean:[139 148 116] stdev:[50.6 17.6 12.3]
[Parsed_showinfo_1 @ 0xc49008d80] [info] color_range:unknown color_space:unknown color_primaries:unknown color_trc:unknown
[Parsed_showinfo_1 @ 0xc49008d80] [info] n: 778 pts:    778 pts_time:25.959759 duration:      1 duration_time:0.0333673 fmt:yuv411p cl:topleft sar:8/9 s:720x480 i:B iskey:0 type:? checksum:5BCD8A51 plane_checksum:[047DD8E4 16246587 3E504BD7] mean:[139 148 115] stdev:[50.6 17.4 12.3]
[Parsed_showinfo_1 @ 0xc49008d80] [info] color_range:unknown color_space:unknown color_primaries:unknown color_trc:unknown
[Parsed_showinfo_1 @ 0xc49008d80] [info] n: 779 pts:    779 pts_time:25.993127 duration:      1 duration_time:0.0333673 fmt:yuv411p cl:topleft sar:8/9 s:720x480 i:B iskey:0 type:? checksum:0150867F plane_checksum:[99D99374 93B47779 EDC27B83] mean:[139 148 116] stdev:[50.7 17.5 12.2]
[Parsed_showinfo_1 @ 0xc49008d80] [info] color_range:unknown color_space:unknown color_primaries:unknown color_trc:unknown
[Parsed_showinfo_1 @ 0xc49008d80] [info] n: 780 pts:    780 pts_time:26.026494 duration:      1 duration_time:0.0333673 fmt:yuv411p cl:topleft sar:8/9 s:720x480 i:B iskey:0 type:? checksum:6E3F635F plane_checksum:[5B13FB04 CF46CABD 18119D80] mean:[139 148 116] stdev:[50.6 17.4 12.2]
[Parsed_showinfo_1 @ 0xc49008d80] [info] color_range:unknown color_space:unknown color_primaries:unknown color_trc:unknown
[Parsed_showinfo_1 @ 0xc49008d80] [info] n: 781 pts:    781 pts_time:26.059861 duration:      1 duration_time:0.0333673 fmt:yuv411p cl:topleft sar:8/9 s:720x480 i:B iskey:0 type:? checksum:3F7FC1A0 plane_checksum:[1B0C2D66 BCCBEF6D BE4DA4BE] mean:[139 149 116] stdev:[50.6 17.6 12.3]
[Parsed_showinfo_1 @ 0xc49008d80] [info] color_range:unknown color_space:unknown color_primaries:unknown color_trc:unknown
[Parsed_showinfo_1 @ 0xc49008d80] [info] n: 782 pts:    782 pts_time:26.093229 duration:      1 duration_time:0.0333673 fmt:yuv411p cl:topleft sar:8/9 s:720x480 i:B iskey:0 type:? checksum:5FF095F2 plane_checksum:[E74386EE 9644B09F 3A7C5E56] mean:[139 148 116] stdev:[50.5 17.6 12.3]
[Parsed_showinfo_1 @ 0xc49008d80] [info] color_range:unknown color_space:unknown color_primaries:unknown color_trc:unknown
[Parsed_showinfo_1 @ 0xc49008d80] [info] n: 783 pts:    783 pts_time:26.126596 duration:      1 duration_time:0.0333673 fmt:yuv411p cl:topleft sar:8/9 s:720x480 i:B iskey:0 type:? checksum:7AA8DB82 plane_checksum:[ED3DC64B 5B5B90AE 39D0847A] mean:[139 148 116] stdev:[50.5 17.3 12.5]
[Parsed_showinfo_1 @ 0xc49008d80] [info] color_range:unknown color_space:unknown color_primaries:unknown color_trc:unknown
[Parsed_showinfo_1 @ 0xc49008d80] [info] n: 784 pts:    784 pts_time:26.159963 duration:      1 duration_time:0.0333673 fmt:yuv411p cl:topleft sar:8/9 s:720x480 i:B iskey:0 type:? checksum:EF8651A2 plane_checksum:[22C56032 D7575B4D 30829614] mean:[139 148 116] stdev:[50.5 17.4 12.3]
[Parsed_showinfo_1 @ 0xc49008d80] [info] color_range:unknown color_space:unknown color_primaries:unknown color_trc:unknown
[Parsed_showinfo_1 @ 0xc49008d80] [info] n: 785 pts:    785 pts_time:26.193331 duration:      1 duration_time:0.0333673 fmt:yuv411p cl:topleft sar:8/9 s:720x480 i:B iskey:0 type:? checksum:23EA2891 plane_checksum:[EE0F5D7F 58C04177 1BF4898C] mean:[139 148 116] stdev:[50.5 17.4 12.4]
[Parsed_showinfo_1 @ 0xc49008d80] [info] color_range:unknown color_space:unknown color_primaries:unknown color_trc:unknown
[Parsed_showinfo_1 @ 0xc49008d80] [info] n: 786 pts:    786 pts_time:26.226698 duration:      1 duration_time:0.0333673 fmt:yuv411p cl:topleft sar:8/9 s:720x480 i:B iskey:0 type:? checksum:F10DF39F plane_checksum:[BABC051A 6B304932 607BA553] mean:[139 148 116] stdev:[50.6 17.4 12.3]
[Parsed_showinfo_1 @ 0xc49008d80] [info] color_range:unknown color_space:unknown color_primaries:unknown color_trc:unknown
[Parsed_showinfo_1 @ 0xc49008d80] [info] n: 787 pts:    787 pts_time:26.260065 duration:      1 duration_time:0.0333673 fmt:yuv411p cl:topleft sar:8/9 s:720x480 i:B iskey:0 type:? checksum:F20B7BD2 plane_checksum:[E1931C1F 1606B6F4 142DA8B0] mean:[139 148 116] stdev:[50.5 17.8 12.3]
[Parsed_showinfo_1 @ 0xc49008d80] [info] color_range:unknown color_space:unknown color_primaries:unknown color_trc:unknown
[Parsed_showinfo_1 @ 0xc49008d80] [info] n: 788 pts:    788 pts_time:26.293432 duration:      1 duration_time:0.0333673 fmt:yuv411p cl:topleft sar:8/9 s:720x480 i:B iskey:0 type:? checksum:022E128F plane_checksum:[D42A930C C0E9E1F5 1AF29D70] mean:[139 149 116] stdev:[50.5 17.7 12.3]
[Parsed_showinfo_1 @ 0xc49008d80] [info] color_range:unknown color_space:unknown color_primaries:unknown color_trc:unknown
[Parsed_showinfo_1 @ 0xc49008d80] [info] n: 789 pts:    789 pts_time:26.3268 duration:      1 duration_time:0.0333673 fmt:yuv411p cl:topleft sar:8/9 s:720x480 i:B iskey:0 type:? checksum:A24F004B plane_checksum:[7F2ED982 56D4A210 CC16849B] mean:[140 148 116] stdev:[50.6 17.5 12.3]
[Parsed_showinfo_1 @ 0xc49008d80] [info] color_range:unknown color_space:unknown color_primaries:unknown color_trc:unknown
[Parsed_showinfo_1 @ 0xc49008d80] [info] n: 790 pts:    790 pts_time:26.360167 duration:      1 duration_time:0.0333673 fmt:yuv411p cl:topleft sar:8/9 s:720x480 i:B iskey:0 type:? checksum:09805ED0 plane_checksum:[6F4E7D3D F6BD8FE4 3DD051A0] mean:[139 148 116] stdev:[50.5 17.5 12.2]
[Parsed_showinfo_1 @ 0xc49008d80] [info] color_range:unknown color_space:unknown color_primaries:unknown color_trc:unknown
[Parsed_showinfo_1 @ 0xc49008d80] [info] n: 791 pts:    791 pts_time:26.393534 duration:      1 duration_time:0.0333673 fmt:yuv411p cl:topleft sar:8/9 s:720x480 i:B iskey:0 type:? checksum:D9BB9013 plane_checksum:[2B3CD1F1 40056874 8A26559F] mean:[139 148 116] stdev:[50.5 17.5 12.3]
[Parsed_showinfo_1 @ 0xc49008d80] [info] color_range:unknown color_space:unknown color_primaries:unknown color_trc:unknown
[Parsed_showinfo_1 @ 0xc49008d80] [info] n: 792 pts:    792 pts_time:26.426902 duration:      1 duration_time:0.0333673 fmt:yuv411p cl:topleft sar:8/9 s:720x480 i:B iskey:0 type:? checksum:DF07204E plane_checksum:[CA108E56 609634BF 11C25D2A] mean:[139 148 116] stdev:[50.5 17.4 12.3]
[Parsed_showinfo_1 @ 0xc49008d80] [info] color_range:unknown color_space:unknown color_primaries:unknown color_trc:unknown
[Parsed_showinfo_1 @ 0xc49008d80] [info] n: 793 pts:    793 pts_time:26.460269 duration:      1 duration_time:0.0333673 fmt:yuv411p cl:topleft sar:8/9 s:720x480 i:B iskey:0 type:? checksum:BECF5F39 plane_checksum:[9F8D6F0D 1A937430 52567BED] mean:[139 148 116] stdev:[50.6 17.7 12.2]
[Parsed_showinfo_1 @ 0xc49008d80] [info] color_range:unknown color_space:unknown color_primaries:unknown color_trc:unknown
[Parsed_showinfo_1 @ 0xc49008d80] [info] n: 794 pts:    794 pts_time:26.493636 duration:      1 duration_time:0.0333673 fmt:yuv411p cl:topleft sar:8/9 s:720x480 i:B iskey:0 type:? checksum:C04A028C plane_checksum:[4EE4373A E13370C5 AB4F5A7E] mean:[139 148 116] stdev:[50.5 17.5 12.3]
[Parsed_showinfo_1 @ 0xc49008d80] [info] color_range:unknown color_space:unknown color_primaries:unknown color_trc:unknown
[Parsed_showinfo_1 @ 0xc49008d80] [info] n: 795 pts:    795 pts_time:26.527004 duration:      1 duration_time:0.0333673 fmt:yuv411p cl:topleft sar:8/9 s:720x480 i:B iskey:0 type:? checksum:39D41BD6 plane_checksum:[ACC35B98 62CC6A92 83CE559D] mean:[139 148 116] stdev:[50.6 17.4 12.5]
[Parsed_showinfo_1 @ 0xc49008d80] [info] color_range:unknown color_space:unknown color_primaries:unknown color_trc:unknown
[Parsed_showinfo_1 @ 0xc49008d80] [info] n: 796 pts:    796 pts_time:26.560371 duration:      1 duration_time:0.0333673 fmt:yuv411p cl:topleft sar:8/9 s:720x480 i:B iskey:0 type:? checksum:C2108ED2 plane_checksum:[12CE76AF 2EB2AAC3 764F6D51] mean:[139 148 116] stdev:[50.6 17.6 12.4]
[Parsed_showinfo_1 @ 0xc49008d80] [info] color_range:unknown color_space:unknown color_primaries:unknown color_trc:unknown
[Parsed_showinfo_1 @ 0xc49008d80] [info] n: 797 pts:    797 pts_time:26.593738 duration:      1 duration_time:0.0333673 fmt:yuv411p cl:topleft sar:8/9 s:720x480 i:B iskey:0 type:? checksum:AA03F42F plane_checksum:[4426843F D8A7F453 B34C7B8E] mean:[139 149 116] stdev:[50.6 17.6 12.4]
[Parsed_showinfo_1 @ 0xc49008d80] [info] color_range:unknown color_space:unknown color_primaries:unknown color_trc:unknown
[Parsed_showinfo_1 @ 0xc49008d80] [info] n: 798 pts:    798 pts_time:26.627105 duration:      1 duration_time:0.0333673 fmt:yuv411p cl:topleft sar:8/9 s:720x480 i:B iskey:0 type:? checksum:69630E5F plane_checksum:[3BBD7769 84D2FF99 64BD973F] mean:[139 149 116] stdev:[50.6 17.7 12.4]
[Parsed_showinfo_1 @ 0xc49008d80] [info] color_range:unknown color_space:unknown color_primaries:unknown color_trc:unknown
[Parsed_showinfo_1 @ 0xc49008d80] [info] n: 799 pts:    799 pts_time:26.660473 duration:      1 duration_time:0.0333673 fmt:yuv411p cl:topleft sar:8/9 s:720x480 i:B iskey:0 type:? checksum:0B7B1FC5 plane_checksum:[5E2BBD41 D8F6DA92 D41487D4] mean:[139 149 116] stdev:[50.4 17.7 12.2]
[Parsed_showinfo_1 @ 0xc49008d80] [info] color_range:unknown color_space:unknown color_primaries:unknown color_trc:unknown
[Parsed_showinfo_1 @ 0xc49008d80] [info] n: 800 pts:    800 pts_time:26.69384 duration:      1 duration_time:0.0333673 fmt:yuv411p cl:topleft sar:8/9 s:720x480 i:B iskey:0 type:? checksum:3E12EFEB plane_checksum:[7DCA9E5C 2526B1CA 02C99FB6] mean:[139 148 116] stdev:[50.5 17.7 12.2]
[Parsed_showinfo_1 @ 0xc49008d80] [info] color_range:unknown color_space:unknown color_primaries:unknown color_trc:unknown
[Parsed_showinfo_1 @ 0xc49008d80] [info] n: 801 pts:    801 pts_time:26.727207 duration:      1 duration_time:0.0333673 fmt:yuv411p cl:topleft sar:8/9 s:720x480 i:B iskey:0 type:? checksum:10A845EF plane_checksum:[B1984A68 07832E88 BB96CCF0] mean:[139 149 116] stdev:[50.5 17.6 12.3]
[Parsed_showinfo_1 @ 0xc49008d80] [info] color_range:unknown color_space:unknown color_primaries:unknown color_trc:unknown
[Parsed_showinfo_1 @ 0xc49008d80] [info] n: 802 pts:    802 pts_time:26.760575 duration:      1 duration_time:0.0333673 fmt:yuv411p cl:topleft sar:8/9 s:720x480 i:B iskey:0 type:? checksum:44F31666 plane_checksum:[D9B03A7B C428D295 97B80947] mean:[139 149 116] stdev:[50.5 17.6 12.4]
[Parsed_showinfo_1 @ 0xc49008d80] [info] color_range:unknown color_space:unknown color_primaries:unknown color_trc:unknown
[Parsed_showinfo_1 @ 0xc49008d80] [info] n: 803 pts:    803 pts_time:26.793942 duration:      1 duration_time:0.0333673 fmt:yuv411p cl:topleft sar:8/9 s:720x480 i:B iskey:0 type:? checksum:29468B2B plane_checksum:[72C826D8 54D39235 AD7AD20F] mean:[139 148 116] stdev:[50.4 17.6 12.2]
[Parsed_showinfo_1 @ 0xc49008d80] [info] color_range:unknown color_space:unknown color_primaries:unknown color_trc:unknown
[Parsed_showinfo_1 @ 0xc49008d80] [info] n: 804 pts:    804 pts_time:26.827309 duration:      1 duration_time:0.0333673 fmt:yuv411p cl:topleft sar:8/9 s:720x480 i:B iskey:0 type:? checksum:44B02A2A plane_checksum:[480EB53D AC18BBBD 4AC7B912] mean:[139 148 116] stdev:[50.4 17.3 12.3]
[Parsed_showinfo_1 @ 0xc49008d80] [info] color_range:unknown color_space:unknown color_primaries:unknown color_trc:unknown
[Parsed_showinfo_1 @ 0xc49008d80] [info] n: 805 pts:    805 pts_time:26.860677 duration:      1 duration_time:0.0333673 fmt:yuv411p cl:topleft sar:8/9 s:720x480 i:B iskey:0 type:? checksum:99B15AAE plane_checksum:[A8464290 D62CBCCB EB215B44] mean:[139 148 116] stdev:[50.5 17.5 12.4]
[Parsed_showinfo_1 @ 0xc49008d80] [info] color_range:unknown color_space:unknown color_primaries:unknown color_trc:unknown
[Parsed_showinfo_1 @ 0xc49008d80] [info] n: 806 pts:    806 pts_time:26.894044 duration:      1 duration_time:0.0333673 fmt:yuv411p cl:topleft sar:8/9 s:720x480 i:B iskey:0 type:? checksum:F1500F12 plane_checksum:[F8DF5963 A7DE6350 D2F85250] mean:[139 148 116] stdev:[50.3 17.3 12.5]
[Parsed_showinfo_1 @ 0xc49008d80] [info] color_range:unknown color_space:unknown color_primaries:unknown color_trc:unknown
[Parsed_showinfo_1 @ 0xc49008d80] [info] n: 807 pts:    807 pts_time:26.927411 duration:      1 duration_time:0.0333673 fmt:yuv411p cl:topleft sar:8/9 s:720x480 i:B iskey:0 type:? checksum:12C4C244 plane_checksum:[C2EADFA1 E441A348 50133F4C] mean:[139 148 115] stdev:[50.4 17.3 12.4]
[Parsed_showinfo_1 @ 0xc49008d80] [info] color_range:unknown color_space:unknown color_primaries:unknown color_trc:unknown
[Parsed_showinfo_1 @ 0xc49008d80] [info] n: 808 pts:    808 pts_time:26.960778 duration:      1 duration_time:0.0333673 fmt:yuv411p cl:topleft sar:8/9 s:720x480 i:B iskey:0 type:? checksum:370D19C0 plane_checksum:[830CD5AA 6A298D78 6506B680] mean:[139 148 116] stdev:[50.5 17.5 12.4]
[Parsed_showinfo_1 @ 0xc49008d80] [info] color_range:unknown color_space:unknown color_primaries:unknown color_trc:unknown
[Parsed_showinfo_1 @ 0xc49008d80] [info] n: 809 pts:    809 pts_time:26.994146 duration:      1 duration_time:0.0333673 fmt:yuv411p cl:topleft sar:8/9 s:720x480 i:B iskey:0 type:? checksum:6A0C869C plane_checksum:[4E805B80 3ACCBA50 5FC070BD] mean:[139 148 116] stdev:[50.5 17.5 12.3]
[Parsed_showinfo_1 @ 0xc49008d80] [info] color_range:unknown color_space:unknown color_primaries:unknown color_trc:unknown
[Parsed_showinfo_1 @ 0xc49008d80] [info] n: 810 pts:    810 pts_time:27.027513 duration:      1 duration_time:0.0333673 fmt:yuv411p cl:topleft sar:8/9 s:720x480 i:B iskey:0 type:? checksum:73725C64 plane_checksum:[8565FC99 0C86CB51 6EB1945C] mean:[139 148 116] stdev:[50.5 17.5 12.3]
[Parsed_showinfo_1 @ 0xc49008d80] [info] color_range:unknown color_space:unknown color_primaries:unknown color_trc:unknown
[Parsed_showinfo_1 @ 0xc49008d80] [info] n: 811 pts:    811 pts_time:27.06088 duration:      1 duration_time:0.0333673 fmt:yuv411p cl:topleft sar:8/9 s:720x480 i:B iskey:0 type:? checksum:ED2FE3A4 plane_checksum:[2E79EA5B B3547F16 908A7A24] mean:[139 148 116] stdev:[50.6 17.6 12.3]
[Parsed_showinfo_1 @ 0xc49008d80] [info] color_range:unknown color_space:unknown color_primaries:unknown color_trc:unknown
[Parsed_showinfo_1 @ 0xc49008d80] [info] n: 812 pts:    812 pts_time:27.094248 duration:      1 duration_time:0.0333673 fmt:yuv411p cl:topleft sar:8/9 s:720x480 i:B iskey:0 type:? checksum:AE5D2E4E plane_checksum:[8E3A33A7 7EED7F43 A7117B55] mean:[138 148 116] stdev:[50.5 17.5 12.3]
[Parsed_showinfo_1 @ 0xc49008d80] [info] color_range:unknown color_space:unknown color_primaries:unknown color_trc:unknown
[Parsed_showinfo_1 @ 0xc49008d80] [info] n: 813 pts:    813 pts_time:27.127615 duration:      1 duration_time:0.0333673 fmt:yuv411p cl:topleft sar:8/9 s:720x480 i:B iskey:0 type:? checksum:9FC39856 plane_checksum:[0B4A508C 48158AE9 CCCFBCD2] mean:[139 148 116] stdev:[50.4 17.5 12.2]
[Parsed_showinfo_1 @ 0xc49008d80] [info] color_range:unknown color_space:unknown color_primaries:unknown color_trc:unknown
[Parsed_showinfo_1 @ 0xc49008d80] [info] n: 814 pts:    814 pts_time:27.160982 duration:      1 duration_time:0.0333673 fmt:yuv411p cl:topleft sar:8/9 s:720x480 i:B iskey:0 type:? checksum:7D68A9D1 plane_checksum:[B7B6C5B6 B36D5F0B 4A588501] mean:[139 148 116] stdev:[50.5 17.6 12.2]
[Parsed_showinfo_1 @ 0xc49008d80] [info] color_range:unknown color_space:unknown color_primaries:unknown color_trc:unknown
[Parsed_showinfo_1 @ 0xc49008d80] [info] n: 815 pts:    815 pts_time:27.19435 duration:      1 duration_time:0.0333673 fmt:yuv411p cl:topleft sar:8/9 s:720x480 i:B iskey:0 type:? checksum:69EFA90A plane_checksum:[1CE7B976 5E7A79E9 0ADF759C] mean:[139 148 116] stdev:[50.5 17.4 12.3]
[Parsed_showinfo_1 @ 0xc49008d80] [info] color_range:unknown color_space:unknown color_primaries:unknown color_trc:unknown
[Parsed_showinfo_1 @ 0xc49008d80] [info] n: 816 pts:    816 pts_time:27.227717 duration:      1 duration_time:0.0333673 fmt:yuv411p cl:topleft sar:8/9 s:720x480 i:B iskey:0 type:? checksum:68F231A7 plane_checksum:[B982EC52 532A8665 17A0BED2] mean:[139 148 116] stdev:[50.4 17.5 12.3]
[Parsed_showinfo_1 @ 0xc49008d80] [info] color_range:unknown color_space:unknown color_primaries:unknown color_trc:unknown
[Parsed_showinfo_1 @ 0xc49008d80] [info] n: 817 pts:    817 pts_time:27.261084 duration:      1 duration_time:0.0333673 fmt:yuv411p cl:topleft sar:8/9 s:720x480 i:B iskey:0 type:? checksum:970C851E plane_checksum:[52D09997 6E09493B 0435A23D] mean:[138 148 116] stdev:[50.4 17.4 12.3]
[Parsed_showinfo_1 @ 0xc49008d80] [info] color_range:unknown color_space:unknown color_primaries:unknown color_trc:unknown
[Parsed_showinfo_1 @ 0xc49008d80] [info] n: 818 pts:    818 pts_time:27.294451 duration:      1 duration_time:0.0333673 fmt:yuv411p cl:topleft sar:8/9 s:720x480 i:B iskey:0 type:? checksum:70EF7D3D plane_checksum:[3017B455 B1A52ADB 8A0F9DFE] mean:[139 148 116] stdev:[50.4 17.3 12.2]
[Parsed_showinfo_1 @ 0xc49008d80] [info] color_range:unknown color_space:unknown color_primaries:unknown color_trc:unknown
[Parsed_showinfo_1 @ 0xc49008d80] [info] n: 819 pts:    819 pts_time:27.327819 duration:      1 duration_time:0.0333673 fmt:yuv411p cl:topleft sar:8/9 s:720x480 i:B iskey:0 type:? checksum:1C8C61A5 plane_checksum:[48F49676 2D673D16 0AAF8E0A] mean:[139 148 116] stdev:[50.5 17.3 12.2]
[Parsed_showinfo_1 @ 0xc49008d80] [info] color_range:unknown color_space:unknown color_primaries:unknown color_trc:unknown
[Parsed_showinfo_1 @ 0xc49008d80] [info] n: 820 pts:    820 pts_time:27.361186 duration:      1 duration_time:0.0333673 fmt:yuv411p cl:topleft sar:8/9 s:720x480 i:B iskey:0 type:? checksum:ADF840AE plane_checksum:[90C3ABBD B5A34852 D50F4C90] mean:[138 148 115] stdev:[50.4 17.4 12.3]
[Parsed_showinfo_1 @ 0xc49008d80] [info] color_range:unknown color_space:unknown color_primaries:unknown color_trc:unknown
[Parsed_showinfo_1 @ 0xc49008d80] [info] n: 821 pts:    821 pts_time:27.394553 duration:      1 duration_time:0.0333673 fmt:yuv411p cl:topleft sar:8/9 s:720x480 i:B iskey:0 type:? checksum:2956B4A2 plane_checksum:[A1D1104B F2C13E20 524A6637] mean:[138 148 116] stdev:[50.3 17.5 12.3]
[Parsed_showinfo_1 @ 0xc49008d80] [info] color_range:unknown color_space:unknown color_primaries:unknown color_trc:unknown
[Parsed_showinfo_1 @ 0xc49008d80] [info] n: 822 pts:    822 pts_time:27.427921 duration:      1 duration_time:0.0333673 fmt:yuv411p cl:topleft sar:8/9 s:720x480 i:B iskey:0 type:? checksum:D61A081A plane_checksum:[DAAE4101 C8961E53 BFE4A8B7] mean:[138 148 116] stdev:[50.3 17.3 12.2]
[Parsed_showinfo_1 @ 0xc49008d80] [info] color_range:unknown color_space:unknown color_primaries:unknown color_trc:unknown
[Parsed_showinfo_1 @ 0xc49008d80] [info] n: 823 pts:    823 pts_time:27.461288 duration:      1 duration_time:0.0333673 fmt:yuv411p cl:topleft sar:8/9 s:720x480 i:B iskey:0 type:? checksum:3DCBECD1 plane_checksum:[0551CE5D 3A854AAE B90FD3B7] mean:[138 148 116] stdev:[50.3 17.4 12.1]
[Parsed_showinfo_1 @ 0xc49008d80] [info] color_range:unknown color_space:unknown color_primaries:unknown color_trc:unknown
[Parsed_showinfo_1 @ 0xc49008d80] [info] n: 824 pts:    824 pts_time:27.494655 duration:      1 duration_time:0.0333673 fmt:yuv411p cl:topleft sar:8/9 s:720x480 i:B iskey:0 type:? checksum:968E2859 plane_checksum:[FBA76AE8 2C3DFBC3 291AC190] mean:[138 148 116] stdev:[50.4 17.2 12.0]
[Parsed_showinfo_1 @ 0xc49008d80] [info] color_range:unknown color_space:unknown color_primaries:unknown color_trc:unknown
[Parsed_showinfo_1 @ 0xc49008d80] [info] n: 825 pts:    825 pts_time:27.528023 duration:      1 duration_time:0.0333673 fmt:yuv411p cl:topleft sar:8/9 s:720x480 i:B iskey:0 type:? checksum:A77BF930 plane_checksum:[E4B49E18 9A8B7D3F 3627DDCA] mean:[138 148 116] stdev:[50.4 17.1 12.2]
[Parsed_showinfo_1 @ 0xc49008d80] [info] color_range:unknown color_space:unknown color_primaries:unknown color_trc:unknown
[Parsed_showinfo_1 @ 0xc49008d80] [info] n: 826 pts:    826 pts_time:27.56139 duration:      1 duration_time:0.0333673 fmt:yuv411p cl:topleft sar:8/9 s:720x480 i:B iskey:0 type:? checksum:432FE614 plane_checksum:[FDD2DE6D F5C14328 1D08C470] mean:[138 148 116] stdev:[50.3 17.4 12.3]
[Parsed_showinfo_1 @ 0xc49008d80] [info] color_range:unknown color_space:unknown color_primaries:unknown color_trc:unknown
[Parsed_showinfo_1 @ 0xc49008d80] [info] n: 827 pts:    827 pts_time:27.594757 duration:      1 duration_time:0.0333673 fmt:yuv411p cl:topleft sar:8/9 s:720x480 i:B iskey:0 type:? checksum:AE2A52D4 plane_checksum:[65795F74 3EF928B2 9DA0CA9F] mean:[138 148 116] stdev:[50.4 17.3 12.3]
[Parsed_showinfo_1 @ 0xc49008d80] [info] color_range:unknown color_space:unknown color_primaries:unknown color_trc:unknown
[Parsed_showinfo_1 @ 0xc49008d80] [info] n: 828 pts:    828 pts_time:27.628124 duration:      1 duration_time:0.0333673 fmt:yuv411p cl:topleft sar:8/9 s:720x480 i:B iskey:0 type:? checksum:729C6CEA plane_checksum:[DC6D954B 7CDD406D 98649723] mean:[138 148 116] stdev:[50.4 17.4 12.3]
[Parsed_showinfo_1 @ 0xc49008d80] [info] color_range:unknown color_space:unknown color_primaries:unknown color_trc:unknown
[Parsed_showinfo_1 @ 0xc49008d80] [info] n: 829 pts:    829 pts_time:27.661492 duration:      1 duration_time:0.0333673 fmt:yuv411p cl:topleft sar:8/9 s:720x480 i:B iskey:0 type:? checksum:664CCAFA plane_checksum:[7A0BE356 114731C4 3939B5D1] mean:[138 148 116] stdev:[50.5 17.6 12.3]
[Parsed_showinfo_1 @ 0xc49008d80] [info] color_range:unknown color_space:unknown color_primaries:unknown color_trc:unknown
[Parsed_showinfo_1 @ 0xc49008d80] [info] n: 830 pts:    830 pts_time:27.694859 duration:      1 duration_time:0.0333673 fmt:yuv411p cl:topleft sar:8/9 s:720x480 i:B iskey:0 type:? checksum:C7475A94 plane_checksum:[F84364EA 1EDD448F 4764B10C] mean:[138 148 116] stdev:[50.5 17.6 12.3]
[Parsed_showinfo_1 @ 0xc49008d80] [info] color_range:unknown color_space:unknown color_primaries:unknown color_trc:unknown
[Parsed_showinfo_1 @ 0xc49008d80] [info] n: 831 pts:    831 pts_time:27.728226 duration:      1 duration_time:0.0333673 fmt:yuv411p cl:topleft sar:8/9 s:720x480 i:B iskey:0 type:? checksum:383817EC plane_checksum:[C20F5637 CE0930BE 0F4890E8] mean:[138 148 116] stdev:[50.5 17.5 12.3]
[Parsed_showinfo_1 @ 0xc49008d80] [info] color_range:unknown color_space:unknown color_primaries:unknown color_trc:unknown
[Parsed_showinfo_1 @ 0xc49008d80] [info] n: 832 pts:    832 pts_time:27.761594 duration:      1 duration_time:0.0333673 fmt:yuv411p cl:topleft sar:8/9 s:720x480 i:B iskey:0 type:? checksum:838F45A9 plane_checksum:[90A69224 556752E2 C1BA6094] mean:[138 148 116] stdev:[50.5 17.5 12.4]
[Parsed_showinfo_1 @ 0xc49008d80] [info] color_range:unknown color_space:unknown color_primaries:unknown color_trc:unknown
[Parsed_showinfo_1 @ 0xc49008d80] [info] n: 833 pts:    833 pts_time:27.794961 duration:      1 duration_time:0.0333673 fmt:yuv411p cl:topleft sar:8/9 s:720x480 i:B iskey:0 type:? checksum:6A8577CE plane_checksum:[B521D76E 529B4FB6 74AF509B] mean:[138 148 116] stdev:[50.5 17.6 12.4]
[Parsed_showinfo_1 @ 0xc49008d80] [info] color_range:unknown color_space:unknown color_primaries:unknown color_trc:unknown
[Parsed_showinfo_1 @ 0xc49008d80] [info] n: 834 pts:    834 pts_time:27.828328 duration:      1 duration_time:0.0333673 fmt:yuv411p cl:topleft sar:8/9 s:720x480 i:B iskey:0 type:? checksum:785E2616 plane_checksum:[11B9D62A EF4C254B 5ED92A92] mean:[138 148 115] stdev:[50.4 17.3 12.4]
[Parsed_showinfo_1 @ 0xc49008d80] [info] color_range:unknown color_space:unknown color_primaries:unknown color_trc:unknown
[Parsed_showinfo_1 @ 0xc49008d80] [info] n: 835 pts:    835 pts_time:27.861696 duration:      1 duration_time:0.0333673 fmt:yuv411p cl:topleft sar:8/9 s:720x480 i:B iskey:0 type:? checksum:E55E1321 plane_checksum:[322ABEA3 35EE0578 1E914EF7] mean:[138 148 116] stdev:[50.2 17.5 12.4]
[Parsed_showinfo_1 @ 0xc49008d80] [info] color_range:unknown color_space:unknown color_primaries:unknown color_trc:unknown
[Parsed_showinfo_1 @ 0xc49008d80] [info] n: 836 pts:    836 pts_time:27.895063 duration:      1 duration_time:0.0333673 fmt:yuv411p cl:topleft sar:8/9 s:720x480 i:B iskey:0 type:? checksum:32ECEFBE plane_checksum:[96F4F23E B585E25F 41351B12] mean:[138 148 115] stdev:[50.2 17.5 12.5]
[Parsed_showinfo_1 @ 0xc49008d80] [info] color_range:unknown color_space:unknown color_primaries:unknown color_trc:unknown
[Parsed_showinfo_1 @ 0xc49008d80] [info] n: 837 pts:    837 pts_time:27.92843 duration:      1 duration_time:0.0333673 fmt:yuv411p cl:topleft sar:8/9 s:720x480 i:B iskey:0 type:? checksum:BE082A8D plane_checksum:[A9943CF3 AB08BF81 E7C32E0A] mean:[138 148 115] stdev:[50.3 17.4 12.6]
[Parsed_showinfo_1 @ 0xc49008d80] [info] color_range:unknown color_space:unknown color_primaries:unknown color_trc:unknown
[Parsed_showinfo_1 @ 0xc49008d80] [info] n: 838 pts:    838 pts_time:27.961797 duration:      1 duration_time:0.0333673 fmt:yuv411p cl:topleft sar:8/9 s:720x480 i:B iskey:0 type:? checksum:3B8A6A3C plane_checksum:[F3144A24 C266E6A3 6E7C3966] mean:[138 148 115] stdev:[50.3 17.3 12.5]
[Parsed_showinfo_1 @ 0xc49008d80] [info] color_range:unknown color_space:unknown color_primaries:unknown color_trc:unknown
[Parsed_showinfo_1 @ 0xc49008d80] [info] n: 839 pts:    839 pts_time:27.995165 duration:      1 duration_time:0.0333673 fmt:yuv411p cl:topleft sar:8/9 s:720x480 i:B iskey:0 type:? checksum:24B00E1D plane_checksum:[2B6059A8 652C43D5 341B7091] mean:[138 148 116] stdev:[50.4 17.4 12.3]
[Parsed_showinfo_1 @ 0xc49008d80] [info] color_range:unknown color_space:unknown color_primaries:unknown color_trc:unknown
[Parsed_showinfo_1 @ 0xc49008d80] [info] n: 840 pts:    840 pts_time:28.028532 duration:      1 duration_time:0.0333673 fmt:yuv411p cl:topleft sar:8/9 s:720x480 i:B iskey:0 type:? checksum:492C6017 plane_checksum:[FC2AB8FE 52DB5F6E C532479C] mean:[139 148 115] stdev:[50.4 17.3 12.4]
[Parsed_showinfo_1 @ 0xc49008d80] [info] color_range:unknown color_space:unknown color_primaries:unknown color_trc:unknown
[Parsed_showinfo_1 @ 0xc49008d80] [info] n: 841 pts:    841 pts_time:28.061899 duration:      1 duration_time:0.0333673 fmt:yuv411p cl:topleft sar:8/9 s:720x480 i:B iskey:0 type:? checksum:C28CAE57 plane_checksum:[14114AAD A5966153 E61E0257] mean:[138 147 115] stdev:[50.4 17.6 12.7]
[Parsed_showinfo_1 @ 0xc49008d80] [info] color_range:unknown color_space:unknown color_primaries:unknown color_trc:unknown
[Parsed_showinfo_1 @ 0xc49008d80] [info] n: 842 pts:    842 pts_time:28.095267 duration:      1 duration_time:0.0333673 fmt:yuv411p cl:topleft sar:8/9 s:720x480 i:B iskey:0 type:? checksum:7528B6B3 plane_checksum:[DA8F3BD4 B99396E5 15FBE3EB] mean:[138 148 115] stdev:[50.4 17.5 12.8]
[Parsed_showinfo_1 @ 0xc49008d80] [info] color_range:unknown color_space:unknown color_primaries:unknown color_trc:unknown
[Parsed_showinfo_1 @ 0xc49008d80] [info] n: 843 pts:    843 pts_time:28.128634 duration:      1 duration_time:0.0333673 fmt:yuv411p cl:topleft sar:8/9 s:720x480 i:B iskey:0 type:? checksum:96624B8B plane_checksum:[0E102F70 BC01CFB9 B5684C53] mean:[138 148 115] stdev:[50.3 17.4 12.5]
[Parsed_showinfo_1 @ 0xc49008d80] [info] color_range:unknown color_space:unknown color_primaries:unknown color_trc:unknown
[Parsed_showinfo_1 @ 0xc49008d80] [info] n: 844 pts:    844 pts_time:28.162001 duration:      1 duration_time:0.0333673 fmt:yuv411p cl:topleft sar:8/9 s:720x480 i:B iskey:0 type:? checksum:21F8B133 plane_checksum:[8DE7E09D 2BC7EC2D 288BE44B] mean:[138 147 115] stdev:[50.5 17.4 12.9]
[Parsed_showinfo_1 @ 0xc49008d80] [info] color_range:unknown color_space:unknown color_primaries:unknown color_trc:unknown
[Parsed_showinfo_1 @ 0xc49008d80] [info] n: 845 pts:    845 pts_time:28.195369 duration:      1 duration_time:0.0333673 fmt:yuv411p cl:topleft sar:8/9 s:720x480 i:B iskey:0 type:? checksum:6B7EBF11 plane_checksum:[98C58D60 E0CCC8AD 643868F5] mean:[138 148 116] stdev:[50.3 17.2 12.8]
[Parsed_showinfo_1 @ 0xc49008d80] [info] color_range:unknown color_space:unknown color_primaries:unknown color_trc:unknown
[Parsed_showinfo_1 @ 0xc49008d80] [info] n: 846 pts:    846 pts_time:28.228736 duration:      1 duration_time:0.0333673 fmt:yuv411p cl:topleft sar:8/9 s:720x480 i:B iskey:0 type:? checksum:8B75EFCC plane_checksum:[1F8A98AD 875BDB59 5D877BB7] mean:[138 148 116] stdev:[50.4 17.1 12.7]
[Parsed_showinfo_1 @ 0xc49008d80] [info] color_range:unknown color_space:unknown color_primaries:unknown color_trc:unknown
[Parsed_showinfo_1 @ 0xc49008d80] [info] n: 847 pts:    847 pts_time:28.262103 duration:      1 duration_time:0.0333673 fmt:yuv411p cl:topleft sar:8/9 s:720x480 i:B iskey:0 type:? checksum:DEB6019F plane_checksum:[8E77745C 9FDE2812 4D996522] mean:[138 148 116] stdev:[50.5 17.5 12.6]
[Parsed_showinfo_1 @ 0xc49008d80] [info] color_range:unknown color_space:unknown color_primaries:unknown color_trc:unknown
[Parsed_showinfo_1 @ 0xc49008d80] [info] n: 848 pts:    848 pts_time:28.29547 duration:      1 duration_time:0.0333673 fmt:yuv411p cl:topleft sar:8/9 s:720x480 i:B iskey:0 type:? checksum:7FD4B9D6 plane_checksum:[308CEEE0 1A962D6C 46659D7B] mean:[138 148 116] stdev:[50.4 17.6 12.5]
[Parsed_showinfo_1 @ 0xc49008d80] [info] color_range:unknown color_space:unknown color_primaries:unknown color_trc:unknown
[Parsed_showinfo_1 @ 0xc49008d80] [info] n: 849 pts:    849 pts_time:28.328838 duration:      1 duration_time:0.0333673 fmt:yuv411p cl:topleft sar:8/9 s:720x480 i:B iskey:0 type:? checksum:0863FD5B plane_checksum:[F7CB1B71 8E085809 A70889E1] mean:[138 148 116] stdev:[50.4 17.7 12.5]
[Parsed_showinfo_1 @ 0xc49008d80] [info] color_range:unknown color_space:unknown color_primaries:unknown color_trc:unknown
[Parsed_showinfo_1 @ 0xc49008d80] [info] n: 850 pts:    850 pts_time:28.362205 duration:      1 duration_time:0.0333673 fmt:yuv411p cl:topleft sar:8/9 s:720x480 i:B iskey:0 type:? checksum:F84309E6 plane_checksum:[090C4A82 58768D65 B8F531F0] mean:[138 148 115] stdev:[50.3 17.9 12.7]
[Parsed_showinfo_1 @ 0xc49008d80] [info] color_range:unknown color_space:unknown color_primaries:unknown color_trc:unknown
[Parsed_showinfo_1 @ 0xc49008d80] [info] n: 851 pts:    851 pts_time:28.395572 duration:      1 duration_time:0.0333673 fmt:yuv411p cl:topleft sar:8/9 s:720x480 i:B iskey:0 type:? checksum:0E67DCCE plane_checksum:[B2E467D3 25EA31A9 AD784352] mean:[138 148 115] stdev:[50.2 17.8 12.7]
[Parsed_showinfo_1 @ 0xc49008d80] [info] color_range:unknown color_space:unknown color_primaries:unknown color_trc:unknown
[Parsed_showinfo_1 @ 0xc49008d80] [info] n: 852 pts:    852 pts_time:28.42894 duration:      1 duration_time:0.0333673 fmt:yuv411p cl:topleft sar:8/9 s:720x480 i:B iskey:0 type:? checksum:AF761B81 plane_checksum:[66136E4A 32B25D63 B1F54FC5] mean:[138 148 116] stdev:[50.2 17.6 12.7]
[Parsed_showinfo_1 @ 0xc49008d80] [info] color_range:unknown color_space:unknown color_primaries:unknown color_trc:unknown
[Parsed_showinfo_1 @ 0xc49008d80] [info] n: 853 pts:    853 pts_time:28.462307 duration:      1 duration_time:0.0333673 fmt:yuv411p cl:topleft sar:8/9 s:720x480 i:B iskey:0 type:? checksum:1CC91A72 plane_checksum:[E62C2D74 F75454CC DDBD9823] mean:[138 148 116] stdev:[50.0 17.8 12.6]
[Parsed_showinfo_1 @ 0xc49008d80] [info] color_range:unknown color_space:unknown color_primaries:unknown color_trc:unknown
[Parsed_showinfo_1 @ 0xc49008d80] [info] n: 854 pts:    854 pts_time:28.495674 duration:      1 duration_time:0.0333673 fmt:yuv411p cl:topleft sar:8/9 s:720x480 i:B iskey:0 type:? checksum:BA17999D plane_checksum:[8099F174 D42617A3 016E9077] mean:[138 148 116] stdev:[49.8 17.5 12.4]
[Parsed_showinfo_1 @ 0xc49008d80] [info] color_range:unknown color_space:unknown color_primaries:unknown color_trc:unknown
[Parsed_showinfo_1 @ 0xc49008d80] [info] n: 855 pts:    855 pts_time:28.529042 duration:      1 duration_time:0.0333673 fmt:yuv411p cl:topleft sar:8/9 s:720x480 i:B iskey:0 type:? checksum:EE100C10 plane_checksum:[2DE570DF 63A2FC0A 46119F09] mean:[138 148 116] stdev:[50.2 17.2 12.4]
[Parsed_showinfo_1 @ 0xc49008d80] [info] color_range:unknown color_space:unknown color_primaries:unknown color_trc:unknown
[Parsed_showinfo_1 @ 0xc49008d80] [info] n: 856 pts:    856 pts_time:28.562409 duration:      1 duration_time:0.0333673 fmt:yuv411p cl:topleft sar:8/9 s:720x480 i:B iskey:0 type:? checksum:7DA37657 plane_checksum:[245147DF B47BD6E7 67565782] mean:[138 148 116] stdev:[50.1 17.3 12.5]
[Parsed_showinfo_1 @ 0xc49008d80] [info] color_range:unknown color_space:unknown color_primaries:unknown color_trc:unknown
[Parsed_showinfo_1 @ 0xc49008d80] [info] n: 857 pts:    857 pts_time:28.595776 duration:      1 duration_time:0.0333673 fmt:yuv411p cl:topleft sar:8/9 s:720x480 i:B iskey:0 type:? checksum:7ED47EDB plane_checksum:[C526A9C7 E57361A5 4FE17360] mean:[138 148 116] stdev:[50.1 17.7 12.5]
[Parsed_showinfo_1 @ 0xc49008d80] [info] color_range:unknown color_space:unknown color_primaries:unknown color_trc:unknown
[Parsed_showinfo_1 @ 0xc49008d80] [info] n: 858 pts:    858 pts_time:28.629143 duration:      1 duration_time:0.0333673 fmt:yuv411p cl:topleft sar:8/9 s:720x480 i:B iskey:0 type:? checksum:7ED47EDB plane_checksum:[C526A9C7 E57361A5 4FE17360] mean:[138 148 116] stdev:[50.1 17.7 12.5]
[Parsed_showinfo_1 @ 0xc49008d80] [info] color_range:unknown color_space:unknown color_primaries:unknown color_trc:unknown
[Parsed_showinfo_1 @ 0xc49008d80] [info] n: 859 pts:    859 pts_time:28.662511 duration:      1 duration_time:0.0333673 fmt:yuv411p cl:topleft sar:8/9 s:720x480 i:B iskey:0 type:? checksum:98E20905 plane_checksum:[2D11AA11 9923CC9A E1D1923C] mean:[138 148 116] stdev:[50.0 17.9 12.4]
[Parsed_showinfo_1 @ 0xc49008d80] [info] color_range:unknown color_space:unknown color_primaries:unknown color_trc:unknown
[Parsed_showinfo_1 @ 0xc49008d80] [info] n: 860 pts:    860 pts_time:28.695878 duration:      1 duration_time:0.0333673 fmt:yuv411p cl:topleft sar:8/9 s:720x480 i:B iskey:0 type:? checksum:7649F1AA plane_checksum:[113D5BF5 09A5BE4D EEEED759] mean:[138 148 116] stdev:[50.0 17.8 12.5]
[Parsed_showinfo_1 @ 0xc49008d80] [info] color_range:unknown color_space:unknown color_primaries:unknown color_trc:unknown
[Parsed_showinfo_1 @ 0xc49008d80] [info] n: 861 pts:    861 pts_time:28.729245 duration:      1 duration_time:0.0333673 fmt:yuv411p cl:topleft sar:8/9 s:720x480 i:B iskey:0 type:? checksum:B7FC359C plane_checksum:[ADCFF973 2B416D63 A18CCEA8] mean:[138 148 116] stdev:[50.1 17.8 12.4]
[Parsed_showinfo_1 @ 0xc49008d80] [info] color_range:unknown color_space:unknown color_primaries:unknown color_trc:unknown
[Parsed_showinfo_1 @ 0xc49008d80] [info] n: 862 pts:    862 pts_time:28.762613 duration:      1 duration_time:0.0333673 fmt:yuv411p cl:topleft sar:8/9 s:720x480 i:B iskey:0 type:? checksum:C36D8FFA plane_checksum:[2FCE05CB 10AD1DF1 D3056C3E] mean:[137 148 116] stdev:[49.8 17.6 12.4]
[Parsed_showinfo_1 @ 0xc49008d80] [info] color_range:unknown color_space:unknown color_primaries:unknown color_trc:unknown
[Parsed_showinfo_1 @ 0xc49008d80] [info] n: 863 pts:    863 pts_time:28.79598 duration:      1 duration_time:0.0333673 fmt:yuv411p cl:topleft sar:8/9 s:720x480 i:B iskey:0 type:? checksum:0CA9627D plane_checksum:[E0C3CCCF A8952E18 DC416787] mean:[138 148 116] stdev:[50.1 17.4 12.4]
[Parsed_showinfo_1 @ 0xc49008d80] [info] color_range:unknown color_space:unknown color_primaries:unknown color_trc:unknown
[Parsed_showinfo_1 @ 0xc49008d80] [info] n: 864 pts:    864 pts_time:28.829347 duration:      1 duration_time:0.0333673 fmt:yuv411p cl:topleft sar:8/9 s:720x480 i:B iskey:0 type:? checksum:55FEAE64 plane_checksum:[16E45893 73C90AE0 5B324AF1] mean:[138 148 115] stdev:[50.0 17.3 12.3]
[Parsed_showinfo_1 @ 0xc49008d80] [info] color_range:unknown color_space:unknown color_primaries:unknown color_trc:unknown
[Parsed_showinfo_1 @ 0xc49008d80] [info] n: 865 pts:    865 pts_time:28.862715 duration:      1 duration_time:0.0333673 fmt:yuv411p cl:topleft sar:8/9 s:720x480 i:B iskey:0 type:? checksum:376B71D0 plane_checksum:[17C2BD9D ABFDF120 DE16C2F5] mean:[137 148 116] stdev:[50.2 17.4 12.2]
[Parsed_showinfo_1 @ 0xc49008d80] [info] color_range:unknown color_space:unknown color_primaries:unknown color_trc:unknown
[Parsed_showinfo_1 @ 0xc49008d80] [info] n: 866 pts:    866 pts_time:28.896082 duration:      1 duration_time:0.0333673 fmt:yuv411p cl:topleft sar:8/9 s:720x480 i:B iskey:0 type:? checksum:4B7F3C29 plane_checksum:[2A3761DE A1D71027 5BCACA15] mean:[137 148 116] stdev:[50.2 17.7 12.4]
[Parsed_showinfo_1 @ 0xc49008d80] [info] color_range:unknown color_space:unknown color_primaries:unknown color_trc:unknown
[Parsed_showinfo_1 @ 0xc49008d80] [info] n: 867 pts:    867 pts_time:28.929449 duration:      1 duration_time:0.0333673 fmt:yuv411p cl:topleft sar:8/9 s:720x480 i:B iskey:0 type:? checksum:EF2E35E5 plane_checksum:[FA651A6E 2946502E D4F3CB3A] mean:[137 148 116] stdev:[50.3 17.6 12.3]
[Parsed_showinfo_1 @ 0xc49008d80] [info] color_range:unknown color_space:unknown color_primaries:unknown color_trc:unknown
[Parsed_showinfo_1 @ 0xc49008d80] [info] n: 868 pts:    868 pts_time:28.962816 duration:      1 duration_time:0.0333673 fmt:yuv411p cl:topleft sar:8/9 s:720x480 i:B iskey:0 type:? checksum:C1A90F71 plane_checksum:[31F53CA3 24462F46 D390A379] mean:[137 148 116] stdev:[50.3 17.6 12.4]
[Parsed_showinfo_1 @ 0xc49008d80] [info] color_range:unknown color_space:unknown color_primaries:unknown color_trc:unknown
[Parsed_showinfo_1 @ 0xc49008d80] [info] n: 869 pts:    869 pts_time:28.996184 duration:      1 duration_time:0.0333673 fmt:yuv411p cl:topleft sar:8/9 s:720x480 i:B iskey:0 type:? checksum:68FF781D plane_checksum:[DE27DEF1 E13508F3 B57A902A] mean:[137 148 116] stdev:[50.3 17.7 12.3]
[Parsed_showinfo_1 @ 0xc49008d80] [info] color_range:unknown color_space:unknown color_primaries:unknown color_trc:unknown
[Parsed_showinfo_1 @ 0xc49008d80] [info] n: 870 pts:    870 pts_time:29.029551 duration:      1 duration_time:0.0333673 fmt:yuv411p cl:topleft sar:8/9 s:720x480 i:B iskey:0 type:? checksum:99C24E6A plane_checksum:[A498BCA6 CBF5231F 3B0D6E96] mean:[138 148 116] stdev:[50.4 17.8 12.4]
[Parsed_showinfo_1 @ 0xc49008d80] [info] color_range:unknown color_space:unknown color_primaries:unknown color_trc:unknown
[Parsed_showinfo_1 @ 0xc49008d80] [info] n: 871 pts:    871 pts_time:29.062918 duration:      1 duration_time:0.0333673 fmt:yuv411p cl:topleft sar:8/9 s:720x480 i:B iskey:0 type:? checksum:41AA1808 plane_checksum:[0F792635 2F3B3D32 370CB492] mean:[137 148 116] stdev:[50.4 17.7 12.4]
[Parsed_showinfo_1 @ 0xc49008d80] [info] color_range:unknown color_space:unknown color_primaries:unknown color_trc:unknown
[Parsed_showinfo_1 @ 0xc49008d80] [info] n: 872 pts:    872 pts_time:29.096286 duration:      1 duration_time:0.0333673 fmt:yuv411p cl:topleft sar:8/9 s:720x480 i:B iskey:0 type:? checksum:777E5B5B plane_checksum:[61E35398 DC68421D 2EF9C597] mean:[138 148 116] stdev:[50.4 17.8 12.3]
[Parsed_showinfo_1 @ 0xc49008d80] [info] color_range:unknown color_space:unknown color_primaries:unknown color_trc:unknown
[Parsed_showinfo_1 @ 0xc49008d80] [info] n: 873 pts:    873 pts_time:29.129653 duration:      1 duration_time:0.0333673 fmt:yuv411p cl:topleft sar:8/9 s:720x480 i:B iskey:0 type:? checksum:30220F14 plane_checksum:[76785E8A 6EBAFE7B FEC9B1F1] mean:[138 148 116] stdev:[50.5 17.5 12.3]
[Parsed_showinfo_1 @ 0xc49008d80] [info] color_range:unknown color_space:unknown color_primaries:unknown color_trc:unknown
[Parsed_showinfo_1 @ 0xc49008d80] [info] n: 874 pts:    874 pts_time:29.16302 duration:      1 duration_time:0.0333673 fmt:yuv411p cl:topleft sar:8/9 s:720x480 i:B iskey:0 type:? checksum:2DB058D7 plane_checksum:[E286A1D5 4EC01E04 C38E98EF] mean:[137 148 116] stdev:[50.6 17.5 12.3]
[Parsed_showinfo_1 @ 0xc49008d80] [info] color_range:unknown color_space:unknown color_primaries:unknown color_trc:unknown
[Parsed_showinfo_1 @ 0xc49008d80] [info] n: 875 pts:    875 pts_time:29.196388 duration:      1 duration_time:0.0333673 fmt:yuv411p cl:topleft sar:8/9 s:720x480 i:B iskey:0 type:? checksum:6BF2ECFF plane_checksum:[6ACD3204 B40F0108 E5FCB9F3] mean:[137 148 116] stdev:[50.5 17.4 12.4]
[Parsed_showinfo_1 @ 0xc49008d80] [info] color_range:unknown color_space:unknown color_primaries:unknown color_trc:unknown
[Parsed_showinfo_1 @ 0xc49008d80] [info] n: 876 pts:    876 pts_time:29.229755 duration:      1 duration_time:0.0333673 fmt:yuv411p cl:topleft sar:8/9 s:720x480 i:B iskey:0 type:? checksum:01C07CE6 plane_checksum:[09CF7756 61C6287B 1A07DD06] mean:[137 148 116] stdev:[50.3 17.6 12.3]
[Parsed_showinfo_1 @ 0xc49008d80] [info] color_range:unknown color_space:unknown color_primaries:unknown color_trc:unknown
[Parsed_showinfo_1 @ 0xc49008d80] [info] n: 877 pts:    877 pts_time:29.263122 duration:      1 duration_time:0.0333673 fmt:yuv411p cl:topleft sar:8/9 s:720x480 i:B iskey:0 type:? checksum:912D6275 plane_checksum:[D97A6966 DFE0FB12 FB01FDDF] mean:[137 148 116] stdev:[50.2 17.8 12.2]
[Parsed_showinfo_1 @ 0xc49008d80] [info] color_range:unknown color_space:unknown color_primaries:unknown color_trc:unknown
[Parsed_showinfo_1 @ 0xc49008d80] [info] n: 878 pts:    878 pts_time:29.296489 duration:      1 duration_time:0.0333673 fmt:yuv411p cl:topleft sar:8/9 s:720x480 i:B iskey:0 type:? checksum:D3222D9B plane_checksum:[26D7E3CA BF97845A 3A7CC559] mean:[137 148 116] stdev:[50.3 17.5 12.3]
[Parsed_showinfo_1 @ 0xc49008d80] [info] color_range:unknown color_space:unknown color_primaries:unknown color_trc:unknown
[Parsed_showinfo_1 @ 0xc49008d80] [info] n: 879 pts:    879 pts_time:29.329857 duration:      1 duration_time:0.0333673 fmt:yuv411p cl:topleft sar:8/9 s:720x480 i:B iskey:0 type:? checksum:3B0C5BA4 plane_checksum:[FE952B62 E9156457 C5CFCBDC] mean:[137 147 116] stdev:[50.2 17.3 12.1]
[Parsed_showinfo_1 @ 0xc49008d80] [info] color_range:unknown color_space:unknown color_primaries:unknown color_trc:unknown
[Parsed_showinfo_1 @ 0xc49008d80] [info] n: 880 pts:    880 pts_time:29.363224 duration:      1 duration_time:0.0333673 fmt:yuv411p cl:topleft sar:8/9 s:720x480 i:B iskey:0 type:? checksum:A125A16F plane_checksum:[6260D52A EE961DEC AF84AE4A] mean:[137 147 116] stdev:[50.2 17.3 12.3]
[Parsed_showinfo_1 @ 0xc49008d80] [info] color_range:unknown color_space:unknown color_primaries:unknown color_trc:unknown
[Parsed_showinfo_1 @ 0xc49008d80] [info] n: 881 pts:    881 pts_time:29.396591 duration:      1 duration_time:0.0333673 fmt:yuv411p cl:topleft sar:8/9 s:720x480 i:B iskey:0 type:? checksum:37DC2026 plane_checksum:[99D97113 DC2F1589 6812997B] mean:[137 147 116] stdev:[50.1 17.2 12.4]
[Parsed_showinfo_1 @ 0xc49008d80] [info] color_range:unknown color_space:unknown color_primaries:unknown color_trc:unknown
[Parsed_showinfo_1 @ 0xc49008d80] [info] n: 882 pts:    882 pts_time:29.429959 duration:      1 duration_time:0.0333673 fmt:yuv411p cl:topleft sar:8/9 s:720x480 i:B iskey:0 type:? checksum:9CFEDBAC plane_checksum:[E6B9A193 3C636172 9682D898] mean:[137 147 116] stdev:[50.3 17.4 12.3]
[Parsed_showinfo_1 @ 0xc49008d80] [info] color_range:unknown color_space:unknown color_primaries:unknown color_trc:unknown
[Parsed_showinfo_1 @ 0xc49008d80] [info] n: 883 pts:    883 pts_time:29.463326 duration:      1 duration_time:0.0333673 fmt:yuv411p cl:topleft sar:8/9 s:720x480 i:B iskey:0 type:? checksum:48CB3946 plane_checksum:[82B794D6 B2D4AEDF 4FD1F573] mean:[137 148 116] stdev:[50.3 17.6 12.3]
[Parsed_showinfo_1 @ 0xc49008d80] [info] color_range:unknown color_space:unknown color_primaries:unknown color_trc:unknown
[Parsed_showinfo_1 @ 0xc49008d80] [info] n: 884 pts:    884 pts_time:29.496693 duration:      1 duration_time:0.0333673 fmt:yuv411p cl:topleft sar:8/9 s:720x480 i:B iskey:0 type:? checksum:2FB47AB5 plane_checksum:[734CFA8A 3E1BBE57 818DC1B6] mean:[137 148 116] stdev:[50.4 17.7 12.4]
[Parsed_showinfo_1 @ 0xc49008d80] [info] color_range:unknown color_space:unknown color_primaries:unknown color_trc:unknown
[Parsed_showinfo_1 @ 0xc49008d80] [info] n: 885 pts:    885 pts_time:29.530061 duration:      1 duration_time:0.0333673 fmt:yuv411p cl:topleft sar:8/9 s:720x480 i:B iskey:0 type:? checksum:05370377 plane_checksum:[3E45B379 AD4099CF 09E9B611] mean:[137 148 116] stdev:[50.5 17.8 12.3]
[Parsed_showinfo_1 @ 0xc49008d80] [info] color_range:unknown color_space:unknown color_primaries:unknown color_trc:unknown
[Parsed_showinfo_1 @ 0xc49008d80] [info] n: 886 pts:    886 pts_time:29.563428 duration:      1 duration_time:0.0333673 fmt:yuv411p cl:topleft sar:8/9 s:720x480 i:B iskey:0 type:? checksum:C49D165C plane_checksum:[1504BF30 FB778A58 E44ACCB6] mean:[137 148 116] stdev:[50.4 17.8 12.3]
[Parsed_showinfo_1 @ 0xc49008d80] [info] color_range:unknown color_space:unknown color_primaries:unknown color_trc:unknown
[Parsed_showinfo_1 @ 0xc49008d80] [info] n: 887 pts:    887 pts_time:29.596795 duration:      1 duration_time:0.0333673 fmt:yuv411p cl:topleft sar:8/9 s:720x480 i:B iskey:0 type:? checksum:3CD4182D plane_checksum:[60B87DC1 6AABB829 D762E225] mean:[137 148 116] stdev:[50.3 17.9 12.3]
[Parsed_showinfo_1 @ 0xc49008d80] [info] color_range:unknown color_space:unknown color_primaries:unknown color_trc:unknown
[Parsed_showinfo_1 @ 0xc49008d80] [info] n: 888 pts:    888 pts_time:29.630162 duration:      1 duration_time:0.0333673 fmt:yuv411p cl:topleft sar:8/9 s:720x480 i:B iskey:0 type:? checksum:D83AA2E8 plane_checksum:[EB4D64DB 161E85E0 A7E6B81E] mean:[138 148 116] stdev:[50.5 17.9 12.3]
[Parsed_showinfo_1 @ 0xc49008d80] [info] color_range:unknown color_space:unknown color_primaries:unknown color_trc:unknown
[Parsed_showinfo_1 @ 0xc49008d80] [info] n: 889 pts:    889 pts_time:29.66353 duration:      1 duration_time:0.0333673 fmt:yuv411p cl:topleft sar:8/9 s:720x480 i:B iskey:0 type:? checksum:CFE90076 plane_checksum:[BAC4C0CE 77E57A1B A022C56F] mean:[138 147 116] stdev:[50.4 17.8 12.4]
[Parsed_showinfo_1 @ 0xc49008d80] [info] color_range:unknown color_space:unknown color_primaries:unknown color_trc:unknown
[Parsed_showinfo_1 @ 0xc49008d80] [info] n: 890 pts:    890 pts_time:29.696897 duration:      1 duration_time:0.0333673 fmt:yuv411p cl:topleft sar:8/9 s:720x480 i:B iskey:0 type:? checksum:3C783441 plane_checksum:[F49DEFE0 F120695F C271DAE4] mean:[138 147 116] stdev:[50.5 17.9 12.4]
[Parsed_showinfo_1 @ 0xc49008d80] [info] color_range:unknown color_space:unknown color_primaries:unknown color_trc:unknown
[Parsed_showinfo_1 @ 0xc49008d80] [info] n: 891 pts:    891 pts_time:29.730264 duration:      1 duration_time:0.0333673 fmt:yuv411p cl:topleft sar:8/9 s:720x480 i:B iskey:0 type:? checksum:46CE7301 plane_checksum:[11DF2D8E 04FC5F88 8E31E5DC] mean:[138 147 116] stdev:[50.6 18.1 12.3]
[Parsed_showinfo_1 @ 0xc49008d80] [info] color_range:unknown color_space:unknown color_primaries:unknown color_trc:unknown
[Parsed_showinfo_1 @ 0xc49008d80] [info] n: 892 pts:    892 pts_time:29.763632 duration:      1 duration_time:0.0333673 fmt:yuv411p cl:topleft sar:8/9 s:720x480 i:B iskey:0 type:? checksum:BA3AF1C1 plane_checksum:[06E4CCCA 21B42854 7288FC94] mean:[138 147 116] stdev:[50.6 17.9 12.3]
[Parsed_showinfo_1 @ 0xc49008d80] [info] color_range:unknown color_space:unknown color_primaries:unknown color_trc:unknown
[Parsed_showinfo_1 @ 0xc49008d80] [info] n: 893 pts:    893 pts_time:29.796999 duration:      1 duration_time:0.0333673 fmt:yuv411p cl:topleft sar:8/9 s:720x480 i:B iskey:0 type:? checksum:37689637 plane_checksum:[3685F0D5 5DDBB765 F9A6EDDF] mean:[137 147 116] stdev:[50.5 17.9 12.4]
[Parsed_showinfo_1 @ 0xc49008d80] [info] color_range:unknown color_space:unknown color_primaries:unknown color_trc:unknown
[Parsed_showinfo_1 @ 0xc49008d80] [info] n: 894 pts:    894 pts_time:29.830366 duration:      1 duration_time:0.0333673 fmt:yuv411p cl:topleft sar:8/9 s:720x480 i:B iskey:0 type:? checksum:17887C88 plane_checksum:[0FD8CBEE CF47C6D5 FE80E9A7] mean:[138 147 116] stdev:[50.5 17.6 12.6]
[Parsed_showinfo_1 @ 0xc49008d80] [info] color_range:unknown color_space:unknown color_primaries:unknown color_trc:unknown
[Parsed_showinfo_1 @ 0xc49008d80] [info] n: 895 pts:    895 pts_time:29.863734 duration:      1 duration_time:0.0333673 fmt:yuv411p cl:topleft sar:8/9 s:720x480 i:B iskey:0 type:? checksum:98C18308 plane_checksum:[24AB1174 F3F48262 ABA9EF23] mean:[137 147 116] stdev:[50.5 17.8 12.5]
[Parsed_showinfo_1 @ 0xc49008d80] [info] color_range:unknown color_space:unknown color_primaries:unknown color_trc:unknown
[Parsed_showinfo_1 @ 0xc49008d80] [info] n: 896 pts:    896 pts_time:29.897101 duration:      1 duration_time:0.0333673 fmt:yuv411p cl:topleft sar:8/9 s:720x480 i:B iskey:0 type:? checksum:390D8DB9 plane_checksum:[88A73010 C82D54EF A44C08BA] mean:[137 147 116] stdev:[50.5 17.9 12.4]
[Parsed_showinfo_1 @ 0xc49008d80] [info] color_range:unknown color_space:unknown color_primaries:unknown color_trc:unknown
[Parsed_showinfo_1 @ 0xc49008d80] [info] n: 897 pts:    897 pts_time:29.930468 duration:      1 duration_time:0.0333673 fmt:yuv411p cl:topleft sar:8/9 s:720x480 i:B iskey:0 type:? checksum:5F4F1075 plane_checksum:[1865B341 430356F9 EFC8062C] mean:[137 147 116] stdev:[50.5 17.8 12.4]
[Parsed_showinfo_1 @ 0xc49008d80] [info] color_range:unknown color_space:unknown color_primaries:unknown color_trc:unknown
[Parsed_showinfo_1 @ 0xc49008d80] [info] n: 898 pts:    898 pts_time:29.963835 duration:      1 duration_time:0.0333673 fmt:yuv411p cl:topleft sar:8/9 s:720x480 i:B iskey:0 type:? checksum:AA2E67CE plane_checksum:[F09672F9 692C33F8 891DC0CE] mean:[137 147 116] stdev:[50.5 17.6 12.6]
[Parsed_showinfo_1 @ 0xc49008d80] [info] color_range:unknown color_space:unknown color_primaries:unknown color_trc:unknown
[Parsed_showinfo_1 @ 0xc49008d80] [info] n: 899 pts:    899 pts_time:29.997203 duration:      1 duration_time:0.0333673 fmt:yuv411p cl:topleft sar:8/9 s:720x480 i:B iskey:0 type:? checksum:0F9CE506 plane_checksum:[F89BCA48 F7B34354 9334D75B] mean:[137 147 116] stdev:[50.4 18.1 12.6]
[Parsed_showinfo_1 @ 0xc49008d80] [info] color_range:unknown color_space:unknown color_primaries:unknown color_trc:unknown
[Parsed_showinfo_1 @ 0xc49008d80] [info] n: 900 pts:    900 pts_time:30.03057 duration:      1 duration_time:0.0333673 fmt:yuv411p cl:topleft sar:8/9 s:720x480 i:B iskey:0 type:? checksum:F38DD8E5 plane_checksum:[1EC2297E 1C556928 B90E463F] mean:[137 147 116] stdev:[50.4 18.3 12.4]
[Parsed_showinfo_1 @ 0xc49008d80] [info] color_range:unknown color_space:unknown color_primaries:unknown color_trc:unknown
[Parsed_showinfo_1 @ 0xc49008d80] [info] n: 901 pts:    901 pts_time:30.063937 duration:      1 duration_time:0.0333673 fmt:yuv411p cl:topleft sar:8/9 s:720x480 i:B iskey:0 type:? checksum:9E1A8D86 plane_checksum:[4BE4A7DC B89189E8 91535BB3] mean:[137 147 116] stdev:[50.4 18.1 12.3]
[Parsed_showinfo_1 @ 0xc49008d80] [info] color_range:unknown color_space:unknown color_primaries:unknown color_trc:unknown
[Parsed_showinfo_1 @ 0xc49008d80] [info] n: 902 pts:    902 pts_time:30.097305 duration:      1 duration_time:0.0333673 fmt:yuv411p cl:topleft sar:8/9 s:720x480 i:B iskey:0 type:? checksum:21F1BD6B plane_checksum:[1EA3FEA8 ECF13D41 D7018173] mean:[136 147 116] stdev:[50.3 17.9 12.2]
[Parsed_showinfo_1 @ 0xc49008d80] [info] color_range:unknown color_space:unknown color_primaries:unknown color_trc:unknown
[Parsed_showinfo_1 @ 0xc49008d80] [info] n: 903 pts:    903 pts_time:30.130672 duration:      1 duration_time:0.0333673 fmt:yuv411p cl:topleft sar:8/9 s:720x480 i:B iskey:0 type:? checksum:2BF5ABA0 plane_checksum:[0629B257 50450F78 FB65E9C2] mean:[136 146 117] stdev:[50.2 18.0 12.0]
[Parsed_showinfo_1 @ 0xc49008d80] [info] color_range:unknown color_space:unknown color_primaries:unknown color_trc:unknown
[Parsed_showinfo_1 @ 0xc49008d80] [info] n: 904 pts:    904 pts_time:30.164039 duration:      1 duration_time:0.0333673 fmt:yuv411p cl:topleft sar:8/9 s:720x480 i:B iskey:0 type:? checksum:FB6F7E48 plane_checksum:[15D58760 D318F011 111A06C8] mean:[136 146 117] stdev:[50.4 18.1 12.0]
[Parsed_showinfo_1 @ 0xc49008d80] [info] color_range:unknown color_space:unknown color_primaries:unknown color_trc:unknown
[Parsed_showinfo_1 @ 0xc49008d80] [info] n: 905 pts:    905 pts_time:30.197407 duration:      1 duration_time:0.0333673 fmt:yuv411p cl:topleft sar:8/9 s:720x480 i:B iskey:0 type:? checksum:B4D500F4 plane_checksum:[EA865AEA 66C6B732 C652EEBA] mean:[136 146 117] stdev:[50.4 18.0 12.1]
[Parsed_showinfo_1 @ 0xc49008d80] [info] color_range:unknown color_space:unknown color_primaries:unknown color_trc:unknown
[Parsed_showinfo_1 @ 0xc49008d80] [info] n: 906 pts:    906 pts_time:30.230774 duration:      1 duration_time:0.0333673 fmt:yuv411p cl:topleft sar:8/9 s:720x480 i:B iskey:0 type:? checksum:39E848E8 plane_checksum:[27843FAB 2B04F430 09AA14FE] mean:[136 146 117] stdev:[50.3 18.0 12.3]
[Parsed_showinfo_1 @ 0xc49008d80] [info] color_range:unknown color_space:unknown color_primaries:unknown color_trc:unknown
[Parsed_showinfo_1 @ 0xc49008d80] [info] n: 907 pts:    907 pts_time:30.264141 duration:      1 duration_time:0.0333673 fmt:yuv411p cl:topleft sar:8/9 s:720x480 i:B iskey:0 type:? checksum:6D078487 plane_checksum:[DD58C6DF F3E8BA4D FAD1034C] mean:[137 146 117] stdev:[50.8 17.9 12.2]
[Parsed_showinfo_1 @ 0xc49008d80] [info] color_range:unknown color_space:unknown color_primaries:unknown color_trc:unknown
[Parsed_showinfo_1 @ 0xc49008d80] [info] n: 908 pts:    908 pts_time:30.297508 duration:      1 duration_time:0.0333673 fmt:yuv411p cl:topleft sar:8/9 s:720x480 i:B iskey:0 type:? checksum:977DECE0 plane_checksum:[AE1B6BBD BBD17314 6E260E0F] mean:[138 146 117] stdev:[50.8 17.7 12.2]
[Parsed_showinfo_1 @ 0xc49008d80] [info] color_range:unknown color_space:unknown color_primaries:unknown color_trc:unknown
[Parsed_showinfo_1 @ 0xc49008d80] [info] n: 909 pts:    909 pts_time:30.330876 duration:      1 duration_time:0.0333673 fmt:yuv411p cl:topleft sar:8/9 s:720x480 i:B iskey:0 type:? checksum:D27B6962 plane_checksum:[CEC808AA 31065BB8 13B90500] mean:[138 146 117] stdev:[50.9 17.8 12.1]
[Parsed_showinfo_1 @ 0xc49008d80] [info] color_range:unknown color_space:unknown color_primaries:unknown color_trc:unknown
[Parsed_showinfo_1 @ 0xc49008d80] [info] n: 910 pts:    910 pts_time:30.364243 duration:      1 duration_time:0.0333673 fmt:yuv411p cl:topleft sar:8/9 s:720x480 i:B iskey:0 type:? checksum:A9F73C28 plane_checksum:[31449F4B AF0499DD AC2002F1] mean:[138 146 117] stdev:[51.0 17.7 12.2]
[Parsed_showinfo_1 @ 0xc49008d80] [info] color_range:unknown color_space:unknown color_primaries:unknown color_trc:unknown
[Parsed_showinfo_1 @ 0xc49008d80] [info] n: 911 pts:    911 pts_time:30.39761 duration:      1 duration_time:0.0333673 fmt:yuv411p cl:topleft sar:8/9 s:720x480 i:B iskey:0 type:? checksum:4FD19560 plane_checksum:[29B30EFB 3F20B5A4 0686D0B2] mean:[138 146 117] stdev:[51.0 17.7 12.3]
[Parsed_showinfo_1 @ 0xc49008d80] [info] color_range:unknown color_space:unknown color_primaries:unknown color_trc:unknown
[Parsed_showinfo_1 @ 0xc49008d80] [info] n: 912 pts:    912 pts_time:30.430978 duration:      1 duration_time:0.0333673 fmt:yuv411p cl:topleft sar:8/9 s:720x480 i:B iskey:0 type:? checksum:CB69B0A3 plane_checksum:[7ACD62E8 3754997A E5C4B432] mean:[138 146 117] stdev:[51.0 17.7 12.3]
[Parsed_showinfo_1 @ 0xc49008d80] [info] color_range:unknown color_space:unknown color_primaries:unknown color_trc:unknown
[Parsed_showinfo_1 @ 0xc49008d80] [info] n: 913 pts:    913 pts_time:30.464345 duration:      1 duration_time:0.0333673 fmt:yuv411p cl:topleft sar:8/9 s:720x480 i:B iskey:0 type:? checksum:F586FA70 plane_checksum:[34529BA6 F3E9685E 107AF65D] mean:[138 146 117] stdev:[51.0 17.7 12.2]
[Parsed_showinfo_1 @ 0xc49008d80] [info] color_range:unknown color_space:unknown color_primaries:unknown color_trc:unknown
[Parsed_showinfo_1 @ 0xc49008d80] [info] n: 914 pts:    914 pts_time:30.497712 duration:      1 duration_time:0.0333673 fmt:yuv411p cl:topleft sar:8/9 s:720x480 i:B iskey:0 type:? checksum:904F58DF plane_checksum:[BC01B6C5 78A68F12 655812F9] mean:[137 146 117] stdev:[50.9 17.7 12.2]
[Parsed_showinfo_1 @ 0xc49008d80] [info] color_range:unknown color_space:unknown color_primaries:unknown color_trc:unknown
[Parsed_showinfo_1 @ 0xc49008d80] [info] n: 915 pts:    915 pts_time:30.53108 duration:      1 duration_time:0.0333673 fmt:yuv411p cl:topleft sar:8/9 s:720x480 i:B iskey:0 type:? checksum:D4D48464 plane_checksum:[1012FB9E 4F098000 15FB08B7] mean:[137 146 117] stdev:[50.9 17.7 12.0]
[Parsed_showinfo_1 @ 0xc49008d80] [info] color_range:unknown color_space:unknown color_primaries:unknown color_trc:unknown
[Parsed_showinfo_1 @ 0xc49008d80] [info] n: 916 pts:    916 pts_time:30.564447 duration:      1 duration_time:0.0333673 fmt:yuv411p cl:topleft sar:8/9 s:720x480 i:B iskey:0 type:? checksum:AA66ECCD plane_checksum:[FC337980 BF3A35F1 43EB3D5C] mean:[137 146 117] stdev:[51.0 17.7 12.1]
[Parsed_showinfo_1 @ 0xc49008d80] [info] color_range:unknown color_space:unknown color_primaries:unknown color_trc:unknown
[Parsed_showinfo_1 @ 0xc49008d80] [info] n: 917 pts:    917 pts_time:30.597814 duration:      1 duration_time:0.0333673 fmt:yuv411p cl:topleft sar:8/9 s:720x480 i:B iskey:0 type:? checksum:7AF40C26 plane_checksum:[ABC2B5E9 180A31AA CA682484] mean:[137 146 117] stdev:[50.9 17.8 12.1]
[Parsed_showinfo_1 @ 0xc49008d80] [info] color_range:unknown color_space:unknown color_primaries:unknown color_trc:unknown
[Parsed_showinfo_1 @ 0xc49008d80] [info] n: 918 pts:    918 pts_time:30.631181 duration:      1 duration_time:0.0333673 fmt:yuv411p cl:topleft sar:8/9 s:720x480 i:B iskey:0 type:? checksum:97D95B7F plane_checksum:[A33C27A5 9F5E520A A01DE1C1] mean:[137 146 117] stdev:[50.9 18.0 12.1]
[Parsed_showinfo_1 @ 0xc49008d80] [info] color_range:unknown color_space:unknown color_primaries:unknown color_trc:unknown
[Parsed_showinfo_1 @ 0xc49008d80] [info] n: 919 pts:    919 pts_time:30.664549 duration:      1 duration_time:0.0333673 fmt:yuv411p cl:topleft sar:8/9 s:720x480 i:B iskey:0 type:? checksum:2C90D74B plane_checksum:[E5A4D741 AD7239C0 DCA5C63B] mean:[136 146 117] stdev:[50.9 18.0 12.1]
[Parsed_showinfo_1 @ 0xc49008d80] [info] color_range:unknown color_space:unknown color_primaries:unknown color_trc:unknown
[Parsed_showinfo_1 @ 0xc49008d80] [info] n: 920 pts:    920 pts_time:30.697916 duration:      1 duration_time:0.0333673 fmt:yuv411p cl:topleft sar:8/9 s:720x480 i:B iskey:0 type:? checksum:47943857 plane_checksum:[E2E00E8B FC6C7037 79BEB986] mean:[137 146 117] stdev:[51.0 17.9 12.1]
[Parsed_showinfo_1 @ 0xc49008d80] [info] color_range:unknown color_space:unknown color_primaries:unknown color_trc:unknown
[Parsed_showinfo_1 @ 0xc49008d80] [info] n: 921 pts:    921 pts_time:30.731283 duration:      1 duration_time:0.0333673 fmt:yuv411p cl:topleft sar:8/9 s:720x480 i:B iskey:0 type:? checksum:228BDD77 plane_checksum:[C0FCBBA4 1DE5A02A 198D819A] mean:[136 146 116] stdev:[50.9 17.9 12.2]
[Parsed_showinfo_1 @ 0xc49008d80] [info] color_range:unknown color_space:unknown color_primaries:unknown color_trc:unknown
[Parsed_showinfo_1 @ 0xc49008d80] [info] n: 922 pts:    922 pts_time:30.764651 duration:      1 duration_time:0.0333673 fmt:yuv411p cl:topleft sar:8/9 s:720x480 i:B iskey:0 type:? checksum:517EBB32 plane_checksum:[A6F584F9 8D2D8F6F 1A52A6BB] mean:[136 146 117] stdev:[50.9 17.9 12.1]
[Parsed_showinfo_1 @ 0xc49008d80] [info] color_range:unknown color_space:unknown color_primaries:unknown color_trc:unknown
[Parsed_showinfo_1 @ 0xc49008d80] [info] n: 923 pts:    923 pts_time:30.798018 duration:      1 duration_time:0.0333673 fmt:yuv411p cl:topleft sar:8/9 s:720x480 i:B iskey:0 type:? checksum:563D6E71 plane_checksum:[BF245704 862D57F9 80ECBF65] mean:[136 146 117] stdev:[50.9 18.0 12.1]
[Parsed_showinfo_1 @ 0xc49008d80] [info] color_range:unknown color_space:unknown color_primaries:unknown color_trc:unknown
[Parsed_showinfo_1 @ 0xc49008d80] [info] n: 924 pts:    924 pts_time:30.831385 duration:      1 duration_time:0.0333673 fmt:yuv411p cl:topleft sar:8/9 s:720x480 i:B iskey:0 type:? checksum:8057B573 plane_checksum:[EDEB81F9 B97B38D3 A7A9FA98] mean:[136 146 117] stdev:[50.8 18.2 11.9]
[Parsed_showinfo_1 @ 0xc49008d80] [info] color_range:unknown color_space:unknown color_primaries:unknown color_trc:unknown
[Parsed_showinfo_1 @ 0xc49008d80] [info] n: 925 pts:    925 pts_time:30.864753 duration:      1 duration_time:0.0333673 fmt:yuv411p cl:topleft sar:8/9 s:720x480 i:B iskey:0 type:? checksum:DA782914 plane_checksum:[29D004D6 DF890BCA 179C1874] mean:[136 146 117] stdev:[50.8 18.0 11.9]
[Parsed_showinfo_1 @ 0xc49008d80] [info] color_range:unknown color_space:unknown color_primaries:unknown color_trc:unknown
[Parsed_showinfo_1 @ 0xc49008d80] [info] n: 926 pts:    926 pts_time:30.89812 duration:      1 duration_time:0.0333673 fmt:yuv411p cl:topleft sar:8/9 s:720x480 i:B iskey:0 type:? checksum:F0B52D97 plane_checksum:[6EABE6E6 8EC819E6 19AD2CBC] mean:[136 146 117] stdev:[50.9 18.0 12.0]
[Parsed_showinfo_1 @ 0xc49008d80] [info] color_range:unknown color_space:unknown color_primaries:unknown color_trc:unknown
[Parsed_showinfo_1 @ 0xc49008d80] [info] n: 927 pts:    927 pts_time:30.931487 duration:      1 duration_time:0.0333673 fmt:yuv411p cl:topleft sar:8/9 s:720x480 i:B iskey:0 type:? checksum:A376498E plane_checksum:[6BB90230 20C31BEE C2F42B70] mean:[137 146 117] stdev:[50.9 18.1 12.0]
[Parsed_showinfo_1 @ 0xc49008d80] [info] color_range:unknown color_space:unknown color_primaries:unknown color_trc:unknown
[Parsed_showinfo_1 @ 0xc49008d80] [info] n: 928 pts:    928 pts_time:30.964854 duration:      1 duration_time:0.0333673 fmt:yuv411p cl:topleft sar:8/9 s:720x480 i:B iskey:0 type:? checksum:744996C8 plane_checksum:[2F0C1F88 2A7B379E 8A423FA2] mean:[137 146 117] stdev:[51.0 18.2 12.0]
[Parsed_showinfo_1 @ 0xc49008d80] [info] color_range:unknown color_space:unknown color_primaries:unknown color_trc:unknown
[Parsed_showinfo_1 @ 0xc49008d80] [info] n: 929 pts:    929 pts_time:30.998222 duration:      1 duration_time:0.0333673 fmt:yuv411p cl:topleft sar:8/9 s:720x480 i:B iskey:0 type:? checksum:9C3A154D plane_checksum:[D56B81CB 425C621A 595F3159] mean:[137 146 117] stdev:[51.0 18.1 12.1]
[Parsed_showinfo_1 @ 0xc49008d80] [info] color_range:unknown color_space:unknown color_primaries:unknown color_trc:unknown
[Parsed_showinfo_1 @ 0xc49008d80] [info] n: 930 pts:    930 pts_time:31.031589 duration:      1 duration_time:0.0333673 fmt:yuv411p cl:topleft sar:8/9 s:720x480 i:B iskey:0 type:? checksum:41CE5B63 plane_checksum:[AE231F1D 997649C6 780DF271] mean:[137 146 117] stdev:[51.0 18.1 12.1]
[Parsed_showinfo_1 @ 0xc49008d80] [info] color_range:unknown color_space:unknown color_primaries:unknown color_trc:unknown
[Parsed_showinfo_1 @ 0xc49008d80] [info] n: 931 pts:    931 pts_time:31.064956 duration:      1 duration_time:0.0333673 fmt:yuv411p cl:topleft sar:8/9 s:720x480 i:B iskey:0 type:? checksum:DA22DAF2 plane_checksum:[829C6BD4 DEE342D0 715F2C4E] mean:[136 146 117] stdev:[51.0 18.1 12.1]
[Parsed_showinfo_1 @ 0xc49008d80] [info] color_range:unknown color_space:unknown color_primaries:unknown color_trc:unknown
[Parsed_showinfo_1 @ 0xc49008d80] [info] n: 932 pts:    932 pts_time:31.098324 duration:      1 duration_time:0.0333673 fmt:yuv411p cl:topleft sar:8/9 s:720x480 i:B iskey:0 type:? checksum:63AA8505 plane_checksum:[7EAF2B39 C4EF0096 5A815936] mean:[137 146 117] stdev:[51.0 18.0 12.0]
[Parsed_showinfo_1 @ 0xc49008d80] [info] color_range:unknown color_space:unknown color_primaries:unknown color_trc:unknown
[Parsed_showinfo_1 @ 0xc49008d80] [info] n: 933 pts:    933 pts_time:31.131691 duration:      1 duration_time:0.0333673 fmt:yuv411p cl:topleft sar:8/9 s:720x480 i:B iskey:0 type:? checksum:883CFEEA plane_checksum:[A05F8886 9A251071 A41665F3] mean:[137 146 117] stdev:[51.1 17.9 12.0]
[Parsed_showinfo_1 @ 0xc49008d80] [info] color_range:unknown color_space:unknown color_primaries:unknown color_trc:unknown
[Parsed_showinfo_1 @ 0xc49008d80] [info] n: 934 pts:    934 pts_time:31.165058 duration:      1 duration_time:0.0333673 fmt:yuv411p cl:topleft sar:8/9 s:720x480 i:B iskey:0 type:? checksum:0A66B9B7 plane_checksum:[884AD84F EFD160D3 30648086] mean:[137 146 117] stdev:[51.2 18.1 11.9]
[Parsed_showinfo_1 @ 0xc49008d80] [info] color_range:unknown color_space:unknown color_primaries:unknown color_trc:unknown
[Parsed_showinfo_1 @ 0xc49008d80] [info] n: 935 pts:    935 pts_time:31.198426 duration:      1 duration_time:0.0333673 fmt:yuv411p cl:topleft sar:8/9 s:720x480 i:B iskey:0 type:? checksum:87BDF403 plane_checksum:[8FEBBCFB D21D86F6 6215B003] mean:[137 146 117] stdev:[51.2 18.1 11.9]
[Parsed_showinfo_1 @ 0xc49008d80] [info] color_range:unknown color_space:unknown color_primaries:unknown color_trc:unknown
[Parsed_showinfo_1 @ 0xc49008d80] [info] n: 936 pts:    936 pts_time:31.231793 duration:      1 duration_time:0.0333673 fmt:yuv411p cl:topleft sar:8/9 s:720x480 i:B iskey:0 type:? checksum:FC1EB7AA plane_checksum:[CF12C2CC 91E97AFC E24F79D3] mean:[137 146 117] stdev:[51.3 18.2 11.9]
[Parsed_showinfo_1 @ 0xc49008d80] [info] color_range:unknown color_space:unknown color_primaries:unknown color_trc:unknown
[Parsed_showinfo_1 @ 0xc49008d80] [info] n: 937 pts:    937 pts_time:31.26516 duration:      1 duration_time:0.0333673 fmt:yuv411p cl:topleft sar:8/9 s:720x480 i:B iskey:0 type:? checksum:CB32D15E plane_checksum:[5B729359 B3DF6BD2 9C1AD224] mean:[137 146 117] stdev:[51.3 18.2 11.9]
[Parsed_showinfo_1 @ 0xc49008d80] [info] color_range:unknown color_space:unknown color_primaries:unknown color_trc:unknown
[Parsed_showinfo_1 @ 0xc49008d80] [info] n: 938 pts:    938 pts_time:31.298527 duration:      1 duration_time:0.0333673 fmt:yuv411p cl:topleft sar:8/9 s:720x480 i:B iskey:0 type:? checksum:264CF8FB plane_checksum:[3F94FAE8 22DC2527 7CA3D8DD] mean:[137 146 117] stdev:[51.2 18.1 11.9]
[Parsed_showinfo_1 @ 0xc49008d80] [info] color_range:unknown color_space:unknown color_primaries:unknown color_trc:unknown
[Parsed_showinfo_1 @ 0xc49008d80] [info] n: 939 pts:    939 pts_time:31.331895 duration:      1 duration_time:0.0333673 fmt:yuv411p cl:topleft sar:8/9 s:720x480 i:B iskey:0 type:? checksum:467F4CD9 plane_checksum:[93486A11 2E8E341D 0B5DAE9C] mean:[137 146 117] stdev:[51.3 17.9 11.9]
[Parsed_showinfo_1 @ 0xc49008d80] [info] color_range:unknown color_space:unknown color_primaries:unknown color_trc:unknown
[Parsed_showinfo_1 @ 0xc49008d80] [info] n: 940 pts:    940 pts_time:31.365262 duration:      1 duration_time:0.0333673 fmt:yuv411p cl:topleft sar:8/9 s:720x480 i:B iskey:0 type:? checksum:D46EC266 plane_checksum:[B6684638 248F0759 10C874D5] mean:[137 146 117] stdev:[51.2 17.9 12.0]
[Parsed_showinfo_1 @ 0xc49008d80] [info] color_range:unknown color_space:unknown color_primaries:unknown color_trc:unknown
[Parsed_showinfo_1 @ 0xc49008d80] [info] n: 941 pts:    941 pts_time:31.398629 duration:      1 duration_time:0.0333673 fmt:yuv411p cl:topleft sar:8/9 s:720x480 i:B iskey:0 type:? checksum:96C40AF9 plane_checksum:[6DB2AB4D 7B4511DC 42E14DC1] mean:[137 146 117] stdev:[51.2 17.9 12.0]
[Parsed_showinfo_1 @ 0xc49008d80] [info] color_range:unknown color_space:unknown color_primaries:unknown color_trc:unknown
[Parsed_showinfo_1 @ 0xc49008d80] [info] n: 942 pts:    942 pts_time:31.431997 duration:      1 duration_time:0.0333673 fmt:yuv411p cl:topleft sar:8/9 s:720x480 i:B iskey:0 type:? checksum:A2BFB9CC plane_checksum:[32929FF2 72219863 E5E38168] mean:[137 145 117] stdev:[51.4 17.8 12.1]
[Parsed_showinfo_1 @ 0xc49008d80] [info] color_range:unknown color_space:unknown color_primaries:unknown color_trc:unknown
[Parsed_showinfo_1 @ 0xc49008d80] [info] n: 943 pts:    943 pts_time:31.465364 duration:      1 duration_time:0.0333673 fmt:yuv411p cl:topleft sar:8/9 s:720x480 i:B iskey:0 type:? checksum:09AC7260 plane_checksum:[8205573F 0659A961 710271B1] mean:[137 145 117] stdev:[51.5 17.8 12.2]
[Parsed_showinfo_1 @ 0xc49008d80] [info] color_range:unknown color_space:unknown color_primaries:unknown color_trc:unknown
[Parsed_showinfo_1 @ 0xc49008d80] [info] n: 944 pts:    944 pts_time:31.498731 duration:      1 duration_time:0.0333673 fmt:yuv411p cl:topleft sar:8/9 s:720x480 i:B iskey:0 type:? checksum:77A2C8EB plane_checksum:[241ACD58 3C3680CD 1CC97AB7] mean:[137 145 117] stdev:[51.5 17.7 12.2]
[Parsed_showinfo_1 @ 0xc49008d80] [info] color_range:unknown color_space:unknown color_primaries:unknown color_trc:unknown
[Parsed_showinfo_1 @ 0xc49008d80] [info] n: 945 pts:    945 pts_time:31.532099 duration:      1 duration_time:0.0333673 fmt:yuv411p cl:topleft sar:8/9 s:720x480 i:B iskey:0 type:? checksum:EAAA272F plane_checksum:[7DF41387 F7B66AF8 439FA8A1] mean:[137 145 117] stdev:[51.6 17.8 12.1]
[Parsed_showinfo_1 @ 0xc49008d80] [info] color_range:unknown color_space:unknown color_primaries:unknown color_trc:unknown
[Parsed_showinfo_1 @ 0xc49008d80] [info] n: 946 pts:    946 pts_time:31.565466 duration:      1 duration_time:0.0333673 fmt:yuv411p cl:topleft sar:8/9 s:720x480 i:B iskey:0 type:? checksum:FF427DC2 plane_checksum:[A13E5CD9 4F306E4C D315B28E] mean:[137 145 117] stdev:[51.5 17.9 12.1]
[Parsed_showinfo_1 @ 0xc49008d80] [info] color_range:unknown color_space:unknown color_primaries:unknown color_trc:unknown
[Parsed_showinfo_1 @ 0xc49008d80] [info] n: 947 pts:    947 pts_time:31.598833 duration:      1 duration_time:0.0333673 fmt:yuv411p cl:topleft sar:8/9 s:720x480 i:B iskey:0 type:? checksum:DDD01BDC plane_checksum:[E218ECF2 994F5F1D 99FDCFAF] mean:[137 145 117] stdev:[51.6 18.1 12.0]
[Parsed_showinfo_1 @ 0xc49008d80] [info] color_range:unknown color_space:unknown color_primaries:unknown color_trc:unknown
[Parsed_showinfo_1 @ 0xc49008d80] [info] n: 948 pts:    948 pts_time:31.6322 duration:      1 duration_time:0.0333673 fmt:yuv411p cl:topleft sar:8/9 s:720x480 i:B iskey:0 type:? checksum:DF54310B plane_checksum:[27F322EA 156A3334 3C00DADE] mean:[137 145 117] stdev:[51.6 18.0 12.0]
[Parsed_showinfo_1 @ 0xc49008d80] [info] color_range:unknown color_space:unknown color_primaries:unknown color_trc:unknown
[Parsed_showinfo_1 @ 0xc49008d80] [info] n: 949 pts:    949 pts_time:31.665568 duration:      1 duration_time:0.0333673 fmt:yuv411p cl:topleft sar:8/9 s:720x480 i:B iskey:0 type:? checksum:83B807B0 plane_checksum:[A1EE7946 3041FA7A 308B93D2] mean:[137 145 117] stdev:[51.6 17.8 12.0]
[Parsed_showinfo_1 @ 0xc49008d80] [info] color_range:unknown color_space:unknown color_primaries:unknown color_trc:unknown
[Parsed_showinfo_1 @ 0xc49008d80] [info] n: 950 pts:    950 pts_time:31.698935 duration:      1 duration_time:0.0333673 fmt:yuv411p cl:topleft sar:8/9 s:720x480 i:B iskey:0 type:? checksum:A33692F5 plane_checksum:[5E7CFD0D 2B44F1C4 23B5A406] mean:[137 145 117] stdev:[51.7 17.6 12.0]
[Parsed_showinfo_1 @ 0xc49008d80] [info] color_range:unknown color_space:unknown color_primaries:unknown color_trc:unknown
[Parsed_showinfo_1 @ 0xc49008d80] [info] n: 951 pts:    951 pts_time:31.732302 duration:      1 duration_time:0.0333673 fmt:yuv411p cl:topleft sar:8/9 s:720x480 i:B iskey:0 type:? checksum:B6DE2AFC plane_checksum:[AFB5C753 4CD1E885 C5557B06] mean:[138 145 117] stdev:[51.8 17.6 12.2]
[Parsed_showinfo_1 @ 0xc49008d80] [info] color_range:unknown color_space:unknown color_primaries:unknown color_trc:unknown
[Parsed_showinfo_1 @ 0xc49008d80] [info] n: 952 pts:    952 pts_time:31.76567 duration:      1 duration_time:0.0333673 fmt:yuv411p cl:topleft sar:8/9 s:720x480 i:B iskey:0 type:? checksum:26908F9E plane_checksum:[25093C63 49E2D82A 47047B02] mean:[137 145 117] stdev:[51.7 17.6 12.2]
[Parsed_showinfo_1 @ 0xc49008d80] [info] color_range:unknown color_space:unknown color_primaries:unknown color_trc:unknown
[Parsed_showinfo_1 @ 0xc49008d80] [info] n: 953 pts:    953 pts_time:31.799037 duration:      1 duration_time:0.0333673 fmt:yuv411p cl:topleft sar:8/9 s:720x480 i:B iskey:0 type:? checksum:43F3A83C plane_checksum:[721DD257 4C1FF019 1D0FE5AE] mean:[137 145 117] stdev:[51.7 17.5 12.1]
[Parsed_showinfo_1 @ 0xc49008d80] [info] color_range:unknown color_space:unknown color_primaries:unknown color_trc:unknown
[Parsed_showinfo_1 @ 0xc49008d80] [info] n: 954 pts:    954 pts_time:31.832404 duration:      1 duration_time:0.0333673 fmt:yuv411p cl:topleft sar:8/9 s:720x480 i:B iskey:0 type:? checksum:B4C273DC plane_checksum:[E6CDB534 19CDC7F5 A51AF695] mean:[137 145 118] stdev:[51.7 17.3 12.1]
[Parsed_showinfo_1 @ 0xc49008d80] [info] color_range:unknown color_space:unknown color_primaries:unknown color_trc:unknown
[Parsed_showinfo_1 @ 0xc49008d80] [info] n: 955 pts:    955 pts_time:31.865772 duration:      1 duration_time:0.0333673 fmt:yuv411p cl:topleft sar:8/9 s:720x480 i:B iskey:0 type:? checksum:7A08414D plane_checksum:[657BAC26 EA31BBC8 AFCFD941] mean:[138 145 117] stdev:[51.8 17.5 12.1]
[Parsed_showinfo_1 @ 0xc49008d80] [info] color_range:unknown color_space:unknown color_primaries:unknown color_trc:unknown
[Parsed_showinfo_1 @ 0xc49008d80] [info] n: 956 pts:    956 pts_time:31.899139 duration:      1 duration_time:0.0333673 fmt:yuv411p cl:topleft sar:8/9 s:720x480 i:B iskey:0 type:? checksum:FB7C72D6 plane_checksum:[B8051C5C 553B8ACA F00CCBA1] mean:[137 144 117] stdev:[51.7 17.6 12.0]
[Parsed_showinfo_1 @ 0xc49008d80] [info] color_range:unknown color_space:unknown color_primaries:unknown color_trc:unknown
[Parsed_showinfo_1 @ 0xc49008d80] [info] n: 957 pts:    957 pts_time:31.932506 duration:      1 duration_time:0.0333673 fmt:yuv411p cl:topleft sar:8/9 s:720x480 i:B iskey:0 type:? checksum:180DC7D2 plane_checksum:[35215AD6 DC2F7DC0 63E1EF2D] mean:[137 144 117] stdev:[51.8 17.5 12.0]
[Parsed_showinfo_1 @ 0xc49008d80] [info] color_range:unknown color_space:unknown color_primaries:unknown color_trc:unknown
[Parsed_showinfo_1 @ 0xc49008d80] [info] n: 958 pts:    958 pts_time:31.965873 duration:      1 duration_time:0.0333673 fmt:yuv411p cl:topleft sar:8/9 s:720x480 i:B iskey:0 type:? checksum:856C4B17 plane_checksum:[7E13256A 69443D98 B19BE806] mean:[137 144 117] stdev:[51.7 17.3 12.1]
[Parsed_showinfo_1 @ 0xc49008d80] [info] color_range:unknown color_space:unknown color_primaries:unknown color_trc:unknown
[Parsed_showinfo_1 @ 0xc49008d80] [info] n: 959 pts:    959 pts_time:31.999241 duration:      1 duration_time:0.0333673 fmt:yuv411p cl:topleft sar:8/9 s:720x480 i:B iskey:0 type:? checksum:F4A47478 plane_checksum:[A1664511 7DE2201A 94180F4D] mean:[137 144 118] stdev:[51.8 17.4 12.0]
[Parsed_showinfo_1 @ 0xc49008d80] [info] color_range:unknown color_space:unknown color_primaries:unknown color_trc:unknown
[Parsed_showinfo_1 @ 0xc49008d80] [info] n: 960 pts:    960 pts_time:32.032608 duration:      1 duration_time:0.0333673 fmt:yuv411p cl:topleft sar:8/9 s:720x480 i:B iskey:0 type:? checksum:DE8108C4 plane_checksum:[6065F534 9F180988 564409F9] mean:[137 144 118] stdev:[51.7 17.5 12.0]
[Parsed_showinfo_1 @ 0xc49008d80] [info] color_range:unknown color_space:unknown color_primaries:unknown color_trc:unknown
[Parsed_showinfo_1 @ 0xc49008d80] [info] n: 961 pts:    961 pts_time:32.065975 duration:      1 duration_time:0.0333673 fmt:yuv411p cl:topleft sar:8/9 s:720x480 i:B iskey:0 type:? checksum:380F093C plane_checksum:[941D096C 6E14D5F0 8D6529D1] mean:[137 144 118] stdev:[51.7 17.4 12.0]
[Parsed_showinfo_1 @ 0xc49008d80] [info] color_range:unknown color_space:unknown color_primaries:unknown color_trc:unknown
[Parsed_showinfo_1 @ 0xc49008d80] [info] n: 962 pts:    962 pts_time:32.099343 duration:      1 duration_time:0.0333673 fmt:yuv411p cl:topleft sar:8/9 s:720x480 i:B iskey:0 type:? checksum:0C46E145 plane_checksum:[265EAC74 092CEEEF CDE045D3] mean:[136 144 118] stdev:[51.6 17.3 12.0]
[Parsed_showinfo_1 @ 0xc49008d80] [info] color_range:unknown color_space:unknown color_primaries:unknown color_trc:unknown
[Parsed_showinfo_1 @ 0xc49008d80] [info] n: 963 pts:    963 pts_time:32.13271 duration:      1 duration_time:0.0333673 fmt:yuv411p cl:topleft sar:8/9 s:720x480 i:B iskey:0 type:? checksum:5B96080A plane_checksum:[3A0AE8B7 DCCCC636 47EF58FF] mean:[136 144 118] stdev:[51.6 17.6 12.0]
[Parsed_showinfo_1 @ 0xc49008d80] [info] color_range:unknown color_space:unknown color_primaries:unknown color_trc:unknown
[Parsed_showinfo_1 @ 0xc49008d80] [info] n: 964 pts:    964 pts_time:32.166077 duration:      1 duration_time:0.0333673 fmt:yuv411p cl:topleft sar:8/9 s:720x480 i:B iskey:0 type:? checksum:9716EDE0 plane_checksum:[D30EFDE1 2BFBBC6B 7A333385] mean:[136 144 118] stdev:[51.7 17.7 12.0]
[Parsed_showinfo_1 @ 0xc49008d80] [info] color_range:unknown color_space:unknown color_primaries:unknown color_trc:unknown
[Parsed_showinfo_1 @ 0xc49008d80] [info] n: 965 pts:    965 pts_time:32.199445 duration:      1 duration_time:0.0333673 fmt:yuv411p cl:topleft sar:8/9 s:720x480 i:B iskey:0 type:? checksum:DFBC299E plane_checksum:[16C8CBBA 2C140EAF DA884F26] mean:[136 144 118] stdev:[51.5 17.8 12.1]
[Parsed_showinfo_1 @ 0xc49008d80] [info] color_range:unknown color_space:unknown color_primaries:unknown color_trc:unknown
[Parsed_showinfo_1 @ 0xc49008d80] [info] n: 966 pts:    966 pts_time:32.232812 duration:      1 duration_time:0.0333673 fmt:yuv411p cl:topleft sar:8/9 s:720x480 i:B iskey:0 type:? checksum:1F81A10A plane_checksum:[CAD71009 492B4FB0 25DF4151] mean:[137 144 118] stdev:[51.7 17.7 12.2]
[Parsed_showinfo_1 @ 0xc49008d80] [info] color_range:unknown color_space:unknown color_primaries:unknown color_trc:unknown
[Parsed_showinfo_1 @ 0xc49008d80] [info] n: 967 pts:    967 pts_time:32.266179 duration:      1 duration_time:0.0333673 fmt:yuv411p cl:topleft sar:8/9 s:720x480 i:B iskey:0 type:? checksum:EAA139AC plane_checksum:[A19DB8A0 24E635B0 0E744B4D] mean:[136 144 118] stdev:[51.7 17.7 12.2]
[Parsed_showinfo_1 @ 0xc49008d80] [info] color_range:unknown color_space:unknown color_primaries:unknown color_trc:unknown
[Parsed_showinfo_1 @ 0xc49008d80] [info] n: 968 pts:    968 pts_time:32.299546 duration:      1 duration_time:0.0333673 fmt:yuv411p cl:topleft sar:8/9 s:720x480 i:B iskey:0 type:? checksum:F6A8BBEB plane_checksum:[663E1A06 C6B841EB 89D15FFA] mean:[137 144 118] stdev:[51.6 17.7 12.2]
[Parsed_showinfo_1 @ 0xc49008d80] [info] color_range:unknown color_space:unknown color_primaries:unknown color_trc:unknown
[Parsed_showinfo_1 @ 0xc49008d80] [info] n: 969 pts:    969 pts_time:32.332914 duration:      1 duration_time:0.0333673 fmt:yuv411p cl:topleft sar:8/9 s:720x480 i:B iskey:0 type:? checksum:C28BCCA7 plane_checksum:[1DFFEC54 FF8886A7 11FA599D] mean:[136 144 118] stdev:[51.6 17.7 12.2]
[Parsed_showinfo_1 @ 0xc49008d80] [info] color_range:unknown color_space:unknown color_primaries:unknown color_trc:unknown
[Parsed_showinfo_1 @ 0xc49008d80] [info] n: 970 pts:    970 pts_time:32.366281 duration:      1 duration_time:0.0333673 fmt:yuv411p cl:topleft sar:8/9 s:720x480 i:B iskey:0 type:? checksum:2BFC2B51 plane_checksum:[A05B521F 2B22650D 80757416] mean:[137 144 118] stdev:[51.6 17.6 12.1]
[Parsed_showinfo_1 @ 0xc49008d80] [info] color_range:unknown color_space:unknown color_primaries:unknown color_trc:unknown
[Parsed_showinfo_1 @ 0xc49008d80] [info] n: 971 pts:    971 pts_time:32.399648 duration:      1 duration_time:0.0333673 fmt:yuv411p cl:topleft sar:8/9 s:720x480 i:B iskey:0 type:? checksum:8900C408 plane_checksum:[AD1ADAE1 49EE619D 75D2877B] mean:[136 144 118] stdev:[51.6 17.7 11.9]
[Parsed_showinfo_1 @ 0xc49008d80] [info] color_range:unknown color_space:unknown color_primaries:unknown color_trc:unknown
[Parsed_showinfo_1 @ 0xc49008d80] [info] n: 972 pts:    972 pts_time:32.433016 duration:      1 duration_time:0.0333673 fmt:yuv411p cl:topleft sar:8/9 s:720x480 i:B iskey:0 type:? checksum:AA74719F plane_checksum:[4082BB26 A40C2CB0 2C6689BA] mean:[136 144 118] stdev:[51.7 17.7 12.0]
[Parsed_showinfo_1 @ 0xc49008d80] [info] color_range:unknown color_space:unknown color_primaries:unknown color_trc:unknown
[Parsed_showinfo_1 @ 0xc49008d80] [info] n: 973 pts:    973 pts_time:32.466383 duration:      1 duration_time:0.0333673 fmt:yuv411p cl:topleft sar:8/9 s:720x480 i:B iskey:0 type:? checksum:A1B206B8 plane_checksum:[AE10565C A22F1841 D3C2980C] mean:[137 144 118] stdev:[51.6 17.6 12.0]
[Parsed_showinfo_1 @ 0xc49008d80] [info] color_range:unknown color_space:unknown color_primaries:unknown color_trc:unknown
[Parsed_showinfo_1 @ 0xc49008d80] [info] n: 974 pts:    974 pts_time:32.49975 duration:      1 duration_time:0.0333673 fmt:yuv411p cl:topleft sar:8/9 s:720x480 i:B iskey:0 type:? checksum:3EBE2958 plane_checksum:[391288A7 AF7C0F16 37CB918C] mean:[137 144 118] stdev:[51.6 17.6 12.0]
[Parsed_showinfo_1 @ 0xc49008d80] [info] color_range:unknown color_space:unknown color_primaries:unknown color_trc:unknown
[Parsed_showinfo_1 @ 0xc49008d80] [info] n: 975 pts:    975 pts_time:32.533118 duration:      1 duration_time:0.0333673 fmt:yuv411p cl:topleft sar:8/9 s:720x480 i:B iskey:0 type:? checksum:35EC57D4 plane_checksum:[3B3FFF99 5BB4E792 D50F708B] mean:[137 144 118] stdev:[51.6 17.4 11.9]
[Parsed_showinfo_1 @ 0xc49008d80] [info] color_range:unknown color_space:unknown color_primaries:unknown color_trc:unknown
[Parsed_showinfo_1 @ 0xc49008d80] [info] n: 976 pts:    976 pts_time:32.566485 duration:      1 duration_time:0.0333673 fmt:yuv411p cl:topleft sar:8/9 s:720x480 i:B iskey:0 type:? checksum:97F6F561 plane_checksum:[21EFFAAC 32C9B506 9D0E45A0] mean:[137 144 118] stdev:[51.6 17.2 12.0]
[Parsed_showinfo_1 @ 0xc49008d80] [info] color_range:unknown color_space:unknown color_primaries:unknown color_trc:unknown
[Parsed_showinfo_1 @ 0xc49008d80] [info] n: 977 pts:    977 pts_time:32.599852 duration:      1 duration_time:0.0333673 fmt:yuv411p cl:topleft sar:8/9 s:720x480 i:B iskey:0 type:? checksum:4B0813E2 plane_checksum:[8CE0CEAC 9F49F5CA DE2D4F4E] mean:[137 144 118] stdev:[51.5 17.4 11.9]
[Parsed_showinfo_1 @ 0xc49008d80] [info] color_range:unknown color_space:unknown color_primaries:unknown color_trc:unknown
[Parsed_showinfo_1 @ 0xc49008d80] [info] n: 978 pts:    978 pts_time:32.633219 duration:      1 duration_time:0.0333673 fmt:yuv411p cl:topleft sar:8/9 s:720x480 i:B iskey:0 type:? checksum:51F17FAB plane_checksum:[9944F77E 80953038 318657E6] mean:[137 144 118] stdev:[51.5 17.4 11.8]
[Parsed_showinfo_1 @ 0xc49008d80] [info] color_range:unknown color_space:unknown color_primaries:unknown color_trc:unknown
[Parsed_showinfo_1 @ 0xc49008d80] [info] n: 979 pts:    979 pts_time:32.666587 duration:      1 duration_time:0.0333673 fmt:yuv411p cl:topleft sar:8/9 s:720x480 i:B iskey:0 type:? checksum:B325EC98 plane_checksum:[F3E61E24 A5EF73E9 E2A85A8B] mean:[137 144 118] stdev:[51.5 17.3 11.9]
[Parsed_showinfo_1 @ 0xc49008d80] [info] color_range:unknown color_space:unknown color_primaries:unknown color_trc:unknown
[Parsed_showinfo_1 @ 0xc49008d80] [info] n: 980 pts:    980 pts_time:32.699954 duration:      1 duration_time:0.0333673 fmt:yuv411p cl:topleft sar:8/9 s:720x480 i:B iskey:0 type:? checksum:3C9D963B plane_checksum:[DB480242 E6B14424 61654FD5] mean:[137 144 118] stdev:[51.6 17.6 11.8]
[Parsed_showinfo_1 @ 0xc49008d80] [info] color_range:unknown color_space:unknown color_primaries:unknown color_trc:unknown
[Parsed_showinfo_1 @ 0xc49008d80] [info] n: 981 pts:    981 pts_time:32.733321 duration:      1 duration_time:0.0333673 fmt:yuv411p cl:topleft sar:8/9 s:720x480 i:B iskey:0 type:? checksum:46B50D89 plane_checksum:[99842ADC 48518821 AB2C5A7D] mean:[137 144 118] stdev:[51.6 17.7 11.9]
[Parsed_showinfo_1 @ 0xc49008d80] [info] color_range:unknown color_space:unknown color_primaries:unknown color_trc:unknown
[Parsed_showinfo_1 @ 0xc49008d80] [info] n: 982 pts:    982 pts_time:32.766689 duration:      1 duration_time:0.0333673 fmt:yuv411p cl:topleft sar:8/9 s:720x480 i:B iskey:0 type:? checksum:75B6F88A plane_checksum:[F1198810 32763927 C67D3753] mean:[137 144 118] stdev:[51.7 17.3 11.9]
[Parsed_showinfo_1 @ 0xc49008d80] [info] color_range:unknown color_space:unknown color_primaries:unknown color_trc:unknown
[Parsed_showinfo_1 @ 0xc49008d80] [info] n: 983 pts:    983 pts_time:32.800056 duration:      1 duration_time:0.0333673 fmt:yuv411p cl:topleft sar:8/9 s:720x480 i:B iskey:0 type:? checksum:04EDF0F8 plane_checksum:[425BC04B 9FE63055 DEFD0058] mean:[137 144 118] stdev:[51.6 17.2 11.7]
[Parsed_showinfo_1 @ 0xc49008d80] [info] color_range:unknown color_space:unknown color_primaries:unknown color_trc:unknown
[Parsed_showinfo_1 @ 0xc49008d80] [info] n: 984 pts:    984 pts_time:32.833423 duration:      1 duration_time:0.0333673 fmt:yuv411p cl:topleft sar:8/9 s:720x480 i:B iskey:0 type:? checksum:D1C96F63 plane_checksum:[E4E19BFB B9E0CAF9 531F0860] mean:[137 144 118] stdev:[51.7 17.3 11.6]
[Parsed_showinfo_1 @ 0xc49008d80] [info] color_range:unknown color_space:unknown color_primaries:unknown color_trc:unknown
[Parsed_showinfo_1 @ 0xc49008d80] [info] n: 985 pts:    985 pts_time:32.866791 duration:      1 duration_time:0.0333673 fmt:yuv411p cl:topleft sar:8/9 s:720x480 i:B iskey:0 type:? checksum:184E781C plane_checksum:[88ADC02C 67A547A1 27537040] mean:[137 144 118] stdev:[51.5 17.2 11.6]
[Parsed_showinfo_1 @ 0xc49008d80] [info] color_range:unknown color_space:unknown color_primaries:unknown color_trc:unknown
[Parsed_showinfo_1 @ 0xc49008d80] [info] n: 986 pts:    986 pts_time:32.900158 duration:      1 duration_time:0.0333673 fmt:yuv411p cl:topleft sar:8/9 s:720x480 i:B iskey:0 type:? checksum:3BB73F2D plane_checksum:[EAC66D66 21655D6E 98A6744A] mean:[137 144 118] stdev:[51.7 17.3 11.6]
[Parsed_showinfo_1 @ 0xc49008d80] [info] color_range:unknown color_space:unknown color_primaries:unknown color_trc:unknown
[Parsed_showinfo_1 @ 0xc49008d80] [info] n: 987 pts:    987 pts_time:32.933525 duration:      1 duration_time:0.0333673 fmt:yuv411p cl:topleft sar:8/9 s:720x480 i:B iskey:0 type:? checksum:D78B92DE plane_checksum:[0E302441 409311D9 950E5CC4] mean:[137 144 118] stdev:[51.5 17.1 11.6]
[Parsed_showinfo_1 @ 0xc49008d80] [info] color_range:unknown color_space:unknown color_primaries:unknown color_trc:unknown
[Parsed_showinfo_1 @ 0xc49008d80] [info] n: 988 pts:    988 pts_time:32.966892 duration:      1 duration_time:0.0333673 fmt:yuv411p cl:topleft sar:8/9 s:720x480 i:B iskey:0 type:? checksum:C4C97F44 plane_checksum:[26241993 A21F061D BB595F94] mean:[137 144 118] stdev:[51.6 16.8 11.6]
[Parsed_showinfo_1 @ 0xc49008d80] [info] color_range:unknown color_space:unknown color_primaries:unknown color_trc:unknown
[Parsed_showinfo_1 @ 0xc49008d80] [info] n: 989 pts:    989 pts_time:33.00026 duration:      1 duration_time:0.0333673 fmt:yuv411p cl:topleft sar:8/9 s:720x480 i:B iskey:0 type:? checksum:7A04EC78 plane_checksum:[2488CCF9 1DA2EA3E 29E13532] mean:[137 144 118] stdev:[51.6 16.8 11.5]
[Parsed_showinfo_1 @ 0xc49008d80] [info] color_range:unknown color_space:unknown color_primaries:unknown color_trc:unknown
[Parsed_showinfo_1 @ 0xc49008d80] [info] n: 990 pts:    990 pts_time:33.033627 duration:      1 duration_time:0.0333673 fmt:yuv411p cl:topleft sar:8/9 s:720x480 i:B iskey:0 type:? checksum:E65B1E4B plane_checksum:[6DE5240B FFCD0B46 3DC6EEEB] mean:[137 144 117] stdev:[51.6 16.9 11.6]
[Parsed_showinfo_1 @ 0xc49008d80] [info] color_range:unknown color_space:unknown color_primaries:unknown color_trc:unknown
[Parsed_showinfo_1 @ 0xc49008d80] [info] n: 991 pts:    991 pts_time:33.066994 duration:      1 duration_time:0.0333673 fmt:yuv411p cl:topleft sar:8/9 s:720x480 i:B iskey:0 type:? checksum:628C6276 plane_checksum:[17500290 A4EA5928 716606BE] mean:[136 144 118] stdev:[51.7 17.2 11.8]
[Parsed_showinfo_1 @ 0xc49008d80] [info] color_range:unknown color_space:unknown color_primaries:unknown color_trc:unknown
[Parsed_showinfo_1 @ 0xc49008d80] [info] n: 992 pts:    992 pts_time:33.100362 duration:      1 duration_time:0.0333673 fmt:yuv411p cl:topleft sar:8/9 s:720x480 i:B iskey:0 type:? checksum:A3E49C14 plane_checksum:[F9DC1048 C90C873E D4B5048E] mean:[136 144 118] stdev:[51.7 17.5 11.9]
[Parsed_showinfo_1 @ 0xc49008d80] [info] color_range:unknown color_space:unknown color_primaries:unknown color_trc:unknown
[Parsed_showinfo_1 @ 0xc49008d80] [info] n: 993 pts:    993 pts_time:33.133729 duration:      1 duration_time:0.0333673 fmt:yuv411p cl:topleft sar:8/9 s:720x480 i:B iskey:0 type:? checksum:4915763B plane_checksum:[DE7E424A A05EA9BE 53438A24] mean:[136 145 118] stdev:[51.7 17.4 11.7]
[Parsed_showinfo_1 @ 0xc49008d80] [info] color_range:unknown color_space:unknown color_primaries:unknown color_trc:unknown
[Parsed_showinfo_1 @ 0xc49008d80] [info] n: 994 pts:    994 pts_time:33.167096 duration:      1 duration_time:0.0333673 fmt:yuv411p cl:topleft sar:8/9 s:720x480 i:B iskey:0 type:? checksum:C313E0EC plane_checksum:[941E0B21 CA8B5EF4 A4EB76D7] mean:[136 144 118] stdev:[51.9 17.0 11.6]
[Parsed_showinfo_1 @ 0xc49008d80] [info] color_range:unknown color_space:unknown color_primaries:unknown color_trc:unknown
[Parsed_showinfo_1 @ 0xc49008d80] [info] n: 995 pts:    995 pts_time:33.200464 duration:      1 duration_time:0.0333673 fmt:yuv411p cl:topleft sar:8/9 s:720x480 i:B iskey:0 type:? checksum:31826080 plane_checksum:[6C348D2E 15F32B05 29DCA83E] mean:[136 144 118] stdev:[51.6 17.0 11.6]
[Parsed_showinfo_1 @ 0xc49008d80] [info] color_range:unknown color_space:unknown color_primaries:unknown color_trc:unknown
[Parsed_showinfo_1 @ 0xc49008d80] [info] n: 996 pts:    996 pts_time:33.233831 duration:      1 duration_time:0.0333673 fmt:yuv411p cl:topleft sar:8/9 s:720x480 i:B iskey:0 type:? checksum:26636CAA plane_checksum:[FE60EC26 6070D81F 861FA847] mean:[136 144 118] stdev:[51.6 16.9 11.6]
[Parsed_showinfo_1 @ 0xc49008d80] [info] color_range:unknown color_space:unknown color_primaries:unknown color_trc:unknown
[Parsed_showinfo_1 @ 0xc49008d80] [info] n: 997 pts:    997 pts_time:33.267198 duration:      1 duration_time:0.0333673 fmt:yuv411p cl:topleft sar:8/9 s:720x480 i:B iskey:0 type:? checksum:D55C1027 plane_checksum:[1F20668B 8653FBFC A412AD82] mean:[136 144 118] stdev:[51.7 17.0 11.6]
[Parsed_showinfo_1 @ 0xc49008d80] [info] color_range:unknown color_space:unknown color_primaries:unknown color_trc:unknown
[Parsed_showinfo_1 @ 0xc49008d80] [info] n: 998 pts:    998 pts_time:33.300565 duration:      1 duration_time:0.0333673 fmt:yuv411p cl:topleft sar:8/9 s:720x480 i:B iskey:0 type:? checksum:55ED595B plane_checksum:[B814B77A AB681106 305890CC] mean:[136 144 118] stdev:[51.7 17.0 11.7]
[Parsed_showinfo_1 @ 0xc49008d80] [info] color_range:unknown color_space:unknown color_primaries:unknown color_trc:unknown
[Parsed_showinfo_1 @ 0xc49008d80] [info] n: 999 pts:    999 pts_time:33.333933 duration:      1 duration_time:0.0333673 fmt:yuv411p cl:topleft sar:8/9 s:720x480 i:B iskey:0 type:? checksum:568BDE6D plane_checksum:[1ABD4193 B1FE12C2 989E8A18] mean:[136 144 118] stdev:[51.7 17.0 11.6]
[Parsed_showinfo_1 @ 0xc49008d80] [info] color_range:unknown color_space:unknown color_primaries:unknown color_trc:unknown
[Parsed_showinfo_1 @ 0xc49008d80] [info] n:1000 pts:   1000 pts_time:33.3673 duration:      1 duration_time:0.0333673 fmt:yuv411p cl:topleft sar:8/9 s:720x480 i:B iskey:0 type:? checksum:C3A465DF plane_checksum:[3F23F170 BC36E1E2 4218926F] mean:[136 144 118] stdev:[51.5 17.2 11.4]
[Parsed_showinfo_1 @ 0xc49008d80] [info] color_range:unknown color_space:unknown color_primaries:unknown color_trc:unknown
[Parsed_showinfo_1 @ 0xc49008d80] [info] n:1001 pts:   1001 pts_time:33.400667 duration:      1 duration_time:0.0333673 fmt:yuv411p cl:topleft sar:8/9 s:720x480 i:B iskey:0 type:? checksum:3024589E plane_checksum:[0736CBDF FC36E05E 6B93AC43] mean:[137 144 118] stdev:[51.4 17.4 11.4]
[Parsed_showinfo_1 @ 0xc49008d80] [info] color_range:unknown color_space:unknown color_primaries:unknown color_trc:unknown
[Parsed_showinfo_1 @ 0xc49008d80] [info] n:1002 pts:   1002 pts_time:33.434035 duration:      1 duration_time:0.0333673 fmt:yuv411p cl:topleft sar:8/9 s:720x480 i:B iskey:0 type:? checksum:68D9500A plane_checksum:[1F1380EE 1EAAEC2A 165FE2D4] mean:[137 144 118] stdev:[51.4 17.4 11.4]
[Parsed_showinfo_1 @ 0xc49008d80] [info] color_range:unknown color_space:unknown color_primaries:unknown color_trc:unknown
[Parsed_showinfo_1 @ 0xc49008d80] [info] n:1003 pts:   1003 pts_time:33.467402 duration:      1 duration_time:0.0333673 fmt:yuv411p cl:topleft sar:8/9 s:720x480 i:B iskey:0 type:? checksum:4510B0E5 plane_checksum:[6FB6A793 1C1929D7 0CF0DF6C] mean:[137 144 118] stdev:[51.4 17.6 11.5]
[Parsed_showinfo_1 @ 0xc49008d80] [info] color_range:unknown color_space:unknown color_primaries:unknown color_trc:unknown
[Parsed_showinfo_1 @ 0xc49008d80] [info] n:1004 pts:   1004 pts_time:33.500769 duration:      1 duration_time:0.0333673 fmt:yuv411p cl:topleft sar:8/9 s:720x480 i:B iskey:0 type:? checksum:A624B469 plane_checksum:[437BCF07 C20F050B C951E048] mean:[137 144 118] stdev:[51.4 17.6 11.4]
[Parsed_showinfo_1 @ 0xc49008d80] [info] color_range:unknown color_space:unknown color_primaries:unknown color_trc:unknown
[Parsed_showinfo_1 @ 0xc49008d80] [info] n:1005 pts:   1005 pts_time:33.534137 duration:      1 duration_time:0.0333673 fmt:yuv411p cl:topleft sar:8/9 s:720x480 i:B iskey:0 type:? checksum:B4FA190A plane_checksum:[D09F056A D9732D75 7402E61C] mean:[138 144 118] stdev:[51.5 17.6 11.4]
[Parsed_showinfo_1 @ 0xc49008d80] [info] color_range:unknown color_space:unknown color_primaries:unknown color_trc:unknown
[Parsed_showinfo_1 @ 0xc49008d80] [info] n:1006 pts:   1006 pts_time:33.567504 duration:      1 duration_time:0.0333673 fmt:yuv411p cl:topleft sar:8/9 s:720x480 i:B iskey:0 type:? checksum:FE372E2E plane_checksum:[CE9A6FBD 11660FF7 2495AE6B] mean:[138 144 118] stdev:[51.6 17.6 11.6]
[Parsed_showinfo_1 @ 0xc49008d80] [info] color_range:unknown color_space:unknown color_primaries:unknown color_trc:unknown
[Parsed_showinfo_1 @ 0xc49008d80] [info] n:1007 pts:   1007 pts_time:33.600871 duration:      1 duration_time:0.0333673 fmt:yuv411p cl:topleft sar:8/9 s:720x480 i:B iskey:0 type:? checksum:D239A5BA plane_checksum:[5C88F9BF A7D531CC 4DF07A20] mean:[139 144 118] stdev:[51.5 17.6 11.7]
[Parsed_showinfo_1 @ 0xc49008d80] [info] color_range:unknown color_space:unknown color_primaries:unknown color_trc:unknown
[Parsed_showinfo_1 @ 0xc49008d80] [info] n:1008 pts:   1008 pts_time:33.634238 duration:      1 duration_time:0.0333673 fmt:yuv411p cl:topleft sar:8/9 s:720x480 i:B iskey:0 type:? checksum:B79F9C2B plane_checksum:[745F7FEF FDE2B481 4F6C67AC] mean:[139 144 118] stdev:[51.6 17.4 11.9]
[Parsed_showinfo_1 @ 0xc49008d80] [info] color_range:unknown color_space:unknown color_primaries:unknown color_trc:unknown
[Parsed_showinfo_1 @ 0xc49008d80] [info] n:1009 pts:   1009 pts_time:33.667606 duration:      1 duration_time:0.0333673 fmt:yuv411p cl:topleft sar:8/9 s:720x480 i:B iskey:0 type:? checksum:736C5B66 plane_checksum:[FABA2E1E ECF6E169 F91C4BD0] mean:[139 144 118] stdev:[51.6 17.6 12.0]
[Parsed_showinfo_1 @ 0xc49008d80] [info] color_range:unknown color_space:unknown color_primaries:unknown color_trc:unknown
[Parsed_showinfo_1 @ 0xc49008d80] [info] n:1010 pts:   1010 pts_time:33.700973 duration:      1 duration_time:0.0333673 fmt:yuv411p cl:topleft sar:8/9 s:720x480 i:B iskey:0 type:? checksum:CF11AD82 plane_checksum:[3BC15B4D E9E8F4B6 AD245D70] mean:[139 144 118] stdev:[51.7 17.6 12.0]
[Parsed_showinfo_1 @ 0xc49008d80] [info] color_range:unknown color_space:unknown color_primaries:unknown color_trc:unknown
[Parsed_showinfo_1 @ 0xc49008d80] [info] n:1011 pts:   1011 pts_time:33.73434 duration:      1 duration_time:0.0333673 fmt:yuv411p cl:topleft sar:8/9 s:720x480 i:B iskey:0 type:? checksum:94F4AB1B plane_checksum:[26294CB4 F5BBEB29 49B4732F] mean:[139 144 118] stdev:[51.7 17.6 11.9]
[Parsed_showinfo_1 @ 0xc49008d80] [info] color_range:unknown color_space:unknown color_primaries:unknown color_trc:unknown
[Parsed_showinfo_1 @ 0xc49008d80] [info] n:1012 pts:   1012 pts_time:33.767708 duration:      1 duration_time:0.0333673 fmt:yuv411p cl:topleft sar:8/9 s:720x480 i:B iskey:0 type:? checksum:278743E7 plane_checksum:[92CDF204 4344E122 A72D70A3] mean:[139 144 118] stdev:[51.7 17.7 11.8]
[Parsed_showinfo_1 @ 0xc49008d80] [info] color_range:unknown color_space:unknown color_primaries:unknown color_trc:unknown
[Parsed_showinfo_1 @ 0xc49008d80] [info] n:1013 pts:   1013 pts_time:33.801075 duration:      1 duration_time:0.0333673 fmt:yuv411p cl:topleft sar:8/9 s:720x480 i:B iskey:0 type:? checksum:C080F881 plane_checksum:[46D68415 3B39D27D 6759A1E0] mean:[140 144 118] stdev:[51.8 17.6 12.0]
[Parsed_showinfo_1 @ 0xc49008d80] [info] color_range:unknown color_space:unknown color_primaries:unknown color_trc:unknown
[Parsed_showinfo_1 @ 0xc49008d80] [info] n:1014 pts:   1014 pts_time:33.834442 duration:      1 duration_time:0.0333673 fmt:yuv411p cl:topleft sar:8/9 s:720x480 i:B iskey:0 type:? checksum:13E5439B plane_checksum:[8EA8BA87 AD7EE67E 2390A278] mean:[139 144 118] stdev:[51.7 17.8 11.9]
[Parsed_showinfo_1 @ 0xc49008d80] [info] color_range:unknown color_space:unknown color_primaries:unknown color_trc:unknown
[Parsed_showinfo_1 @ 0xc49008d80] [info] n:1015 pts:   1015 pts_time:33.867809 duration:      1 duration_time:0.0333673 fmt:yuv411p cl:topleft sar:8/9 s:720x480 i:B iskey:0 type:? checksum:E3392042 plane_checksum:[C6DE2B7C 341F286E 174BCC49] mean:[139 144 118] stdev:[51.7 17.8 12.0]
[Parsed_showinfo_1 @ 0xc49008d80] [info] color_range:unknown color_space:unknown color_primaries:unknown color_trc:unknown
[Parsed_showinfo_1 @ 0xc49008d80] [info] n:1016 pts:   1016 pts_time:33.901177 duration:      1 duration_time:0.0333673 fmt:yuv411p cl:topleft sar:8/9 s:720x480 i:B iskey:0 type:? checksum:AA7B8782 plane_checksum:[B59B78BB 51F9321A C3C1DC9E] mean:[139 144 118] stdev:[51.7 17.7 11.9]
[Parsed_showinfo_1 @ 0xc49008d80] [info] color_range:unknown color_space:unknown color_primaries:unknown color_trc:unknown
[Parsed_showinfo_1 @ 0xc49008d80] [info] n:1017 pts:   1017 pts_time:33.934544 duration:      1 duration_time:0.0333673 fmt:yuv411p cl:topleft sar:8/9 s:720x480 i:B iskey:0 type:? checksum:5A34ABF2 plane_checksum:[AE577F2F 29FD4DFD DB55DEB7] mean:[139 144 118] stdev:[51.6 17.7 11.8]
[Parsed_showinfo_1 @ 0xc49008d80] [info] color_range:unknown color_space:unknown color_primaries:unknown color_trc:unknown
[Parsed_showinfo_1 @ 0xc49008d80] [info] n:1018 pts:   1018 pts_time:33.967911 duration:      1 duration_time:0.0333673 fmt:yuv411p cl:topleft sar:8/9 s:720x480 i:B iskey:0 type:? checksum:E23CCB99 plane_checksum:[B1636EB1 CD309532 A395C7A7] mean:[139 145 118] stdev:[51.7 17.6 11.6]
[Parsed_showinfo_1 @ 0xc49008d80] [info] color_range:unknown color_space:unknown color_primaries:unknown color_trc:unknown
[Parsed_showinfo_1 @ 0xc49008d80] [info] n:1019 pts:   1019 pts_time:34.001279 duration:      1 duration_time:0.0333673 fmt:yuv411p cl:topleft sar:8/9 s:720x480 i:B iskey:0 type:? checksum:4DF950B2 plane_checksum:[B733E33F 724EA0C6 747DCC8F] mean:[139 145 118] stdev:[51.6 17.9 11.6]
[Parsed_showinfo_1 @ 0xc49008d80] [info] color_range:unknown color_space:unknown color_primaries:unknown color_trc:unknown
[Parsed_showinfo_1 @ 0xc49008d80] [info] n:1020 pts:   1020 pts_time:34.034646 duration:      1 duration_time:0.0333673 fmt:yuv411p cl:topleft sar:8/9 s:720x480 i:B iskey:0 type:? checksum:33D461D1 plane_checksum:[141C5311 540E5665 4E2AB84C] mean:[139 144 118] stdev:[51.6 17.7 11.6]
[Parsed_showinfo_1 @ 0xc49008d80] [info] color_range:unknown color_space:unknown color_primaries:unknown color_trc:unknown
[Parsed_showinfo_1 @ 0xc49008d80] [info] n:1021 pts:   1021 pts_time:34.068013 duration:      1 duration_time:0.0333673 fmt:yuv411p cl:topleft sar:8/9 s:720x480 i:B iskey:0 type:? checksum:5D7BBD50 plane_checksum:[DBAF11BD 5561EAB9 0F59C0CB] mean:[139 144 118] stdev:[51.5 17.5 11.5]
[Parsed_showinfo_1 @ 0xc49008d80] [info] color_range:unknown color_space:unknown color_primaries:unknown color_trc:unknown
[Parsed_showinfo_1 @ 0xc49008d80] [info] n:1022 pts:   1022 pts_time:34.101381 duration:      1 duration_time:0.0333673 fmt:yuv411p cl:topleft sar:8/9 s:720x480 i:B iskey:0 type:? checksum:8F660BA1 plane_checksum:[98C853D0 E643CDD0 0DBCE9E3] mean:[140 144 118] stdev:[51.6 17.6 11.6]
[Parsed_showinfo_1 @ 0xc49008d80] [info] color_range:unknown color_space:unknown color_primaries:unknown color_trc:unknown
[Parsed_showinfo_1 @ 0xc49008d80] [info] n:1023 pts:   1023 pts_time:34.134748 duration:      1 duration_time:0.0333673 fmt:yuv411p cl:topleft sar:8/9 s:720x480 i:B iskey:0 type:? checksum:DC35D093 plane_checksum:[537F2A6F 7D4BBD2E 0CCBE8E7] mean:[140 144 118] stdev:[51.7 17.7 11.7]
[Parsed_showinfo_1 @ 0xc49008d80] [info] color_range:unknown color_space:unknown color_primaries:unknown color_trc:unknown
[Parsed_showinfo_1 @ 0xc49008d80] [info] n:1024 pts:   1024 pts_time:34.168115 duration:      1 duration_time:0.0333673 fmt:yuv411p cl:topleft sar:8/9 s:720x480 i:B iskey:0 type:? checksum:CACCB6FD plane_checksum:[CB9B250A 9F389DE8 B943F3FC] mean:[140 144 118] stdev:[51.8 17.5 11.5]
[Parsed_showinfo_1 @ 0xc49008d80] [info] color_range:unknown color_space:unknown color_primaries:unknown color_trc:unknown
[Parsed_showinfo_1 @ 0xc49008d80] [info] n:1025 pts:   1025 pts_time:34.201483 duration:      1 duration_time:0.0333673 fmt:yuv411p cl:topleft sar:8/9 s:720x480 i:B iskey:0 type:? checksum:EB6E58E3 plane_checksum:[FA778AB2 0DA9E839 07B0E5DA] mean:[140 144 118] stdev:[51.7 17.5 11.6]
[Parsed_showinfo_1 @ 0xc49008d80] [info] color_range:unknown color_space:unknown color_primaries:unknown color_trc:unknown
[Parsed_showinfo_1 @ 0xc49008d80] [info] n:1026 pts:   1026 pts_time:34.23485 duration:      1 duration_time:0.0333673 fmt:yuv411p cl:topleft sar:8/9 s:720x480 i:B iskey:0 type:? checksum:D1A95630 plane_checksum:[1C5139F8 4C0D428F E102D99A] mean:[140 144 118] stdev:[51.6 17.8 11.7]
[Parsed_showinfo_1 @ 0xc49008d80] [info] color_range:unknown color_space:unknown color_primaries:unknown color_trc:unknown
[Parsed_showinfo_1 @ 0xc49008d80] [info] n:1027 pts:   1027 pts_time:34.268217 duration:      1 duration_time:0.0333673 fmt:yuv411p cl:topleft sar:8/9 s:720x480 i:B iskey:0 type:? checksum:C2537AC9 plane_checksum:[EF7461AE 5FF65A34 0A79BED8] mean:[140 144 118] stdev:[51.7 17.8 11.7]
[Parsed_showinfo_1 @ 0xc49008d80] [info] color_range:unknown color_space:unknown color_primaries:unknown color_trc:unknown
[Parsed_showinfo_1 @ 0xc49008d80] [info] n:1028 pts:   1028 pts_time:34.301584 duration:      1 duration_time:0.0333673 fmt:yuv411p cl:topleft sar:8/9 s:720x480 i:B iskey:0 type:? checksum:15EF5C22 plane_checksum:[2D2EC399 23ED080C AECC906E] mean:[139 144 118] stdev:[51.6 17.6 11.8]
[Parsed_showinfo_1 @ 0xc49008d80] [info] color_range:unknown color_space:unknown color_primaries:unknown color_trc:unknown
[Parsed_showinfo_1 @ 0xc49008d80] [info] n:1029 pts:   1029 pts_time:34.334952 duration:      1 duration_time:0.0333673 fmt:yuv411p cl:topleft sar:8/9 s:720x480 i:B iskey:0 type:? checksum:DE6A0E42 plane_checksum:[AF133391 F70A2178 A340B92A] mean:[140 144 118] stdev:[51.6 17.7 11.8]
[Parsed_showinfo_1 @ 0xc49008d80] [info] color_range:unknown color_space:unknown color_primaries:unknown color_trc:unknown
[Parsed_showinfo_1 @ 0xc49008d80] [info] n:1030 pts:   1030 pts_time:34.368319 duration:      1 duration_time:0.0333673 fmt:yuv411p cl:topleft sar:8/9 s:720x480 i:B iskey:0 type:? checksum:2BBEFA11 plane_checksum:[C4F90032 7B3F4B6E B4B3AE71] mean:[140 144 118] stdev:[51.6 17.4 11.7]
[Parsed_showinfo_1 @ 0xc49008d80] [info] color_range:unknown color_space:unknown color_primaries:unknown color_trc:unknown
[Parsed_showinfo_1 @ 0xc49008d80] [info] n:1031 pts:   1031 pts_time:34.401686 duration:      1 duration_time:0.0333673 fmt:yuv411p cl:topleft sar:8/9 s:720x480 i:B iskey:0 type:? checksum:C71A145F plane_checksum:[41AD7640 9E1B0DCC 5E719044] mean:[140 144 118] stdev:[51.6 17.6 11.6]
[Parsed_showinfo_1 @ 0xc49008d80] [info] color_range:unknown color_space:unknown color_primaries:unknown color_trc:unknown
[Parsed_showinfo_1 @ 0xc49008d80] [info] n:1032 pts:   1032 pts_time:34.435054 duration:      1 duration_time:0.0333673 fmt:yuv411p cl:topleft sar:8/9 s:720x480 i:B iskey:0 type:? checksum:CD4ADD6D plane_checksum:[CD2B6FBB 9BB10352 32AB6A60] mean:[140 144 118] stdev:[51.7 17.5 11.8]
[Parsed_showinfo_1 @ 0xc49008d80] [info] color_range:unknown color_space:unknown color_primaries:unknown color_trc:unknown
[Parsed_showinfo_1 @ 0xc49008d80] [info] n:1033 pts:   1033 pts_time:34.468421 duration:      1 duration_time:0.0333673 fmt:yuv411p cl:topleft sar:8/9 s:720x480 i:B iskey:0 type:? checksum:FF79A843 plane_checksum:[E1E601DA 27323217 ADD17452] mean:[140 144 118] stdev:[51.7 17.6 11.7]
[Parsed_showinfo_1 @ 0xc49008d80] [info] color_range:unknown color_space:unknown color_primaries:unknown color_trc:unknown
[Parsed_showinfo_1 @ 0xc49008d80] [info] n:1034 pts:   1034 pts_time:34.501788 duration:      1 duration_time:0.0333673 fmt:yuv411p cl:topleft sar:8/9 s:720x480 i:B iskey:0 type:? checksum:F8694775 plane_checksum:[B0CDAA61 F0D93321 4AB869E4] mean:[140 144 118] stdev:[51.7 17.8 11.6]
[Parsed_showinfo_1 @ 0xc49008d80] [info] color_range:unknown color_space:unknown color_primaries:unknown color_trc:unknown
[Parsed_showinfo_1 @ 0xc49008d80] [info] n:1035 pts:   1035 pts_time:34.535156 duration:      1 duration_time:0.0333673 fmt:yuv411p cl:topleft sar:8/9 s:720x480 i:B iskey:0 type:? checksum:D0BD1D61 plane_checksum:[05EE70C9 178941C4 4FB26AC5] mean:[140 144 118] stdev:[51.7 17.6 11.8]
[Parsed_showinfo_1 @ 0xc49008d80] [info] color_range:unknown color_space:unknown color_primaries:unknown color_trc:unknown
[Parsed_showinfo_1 @ 0xc49008d80] [info] n:1036 pts:   1036 pts_time:34.568523 duration:      1 duration_time:0.0333673 fmt:yuv411p cl:topleft sar:8/9 s:720x480 i:B iskey:0 type:? checksum:E60CCD9D plane_checksum:[5F728C40 5033F508 CF674C46] mean:[139 144 118] stdev:[51.6 17.7 11.8]
[Parsed_showinfo_1 @ 0xc49008d80] [info] color_range:unknown color_space:unknown color_primaries:unknown color_trc:unknown
[Parsed_showinfo_1 @ 0xc49008d80] [info] n:1037 pts:   1037 pts_time:34.60189 duration:      1 duration_time:0.0333673 fmt:yuv411p cl:topleft sar:8/9 s:720x480 i:B iskey:0 type:? checksum:49512956 plane_checksum:[0BA6A6D8 FDAD2F9A BB0A52D5] mean:[139 144 118] stdev:[51.6 17.6 11.7]
[Parsed_showinfo_1 @ 0xc49008d80] [info] color_range:unknown color_space:unknown color_primaries:unknown color_trc:unknown
[Parsed_showinfo_1 @ 0xc49008d80] [info] n:1038 pts:   1038 pts_time:34.635257 duration:      1 duration_time:0.0333673 fmt:yuv411p cl:topleft sar:8/9 s:720x480 i:B iskey:0 type:? checksum:880882DC plane_checksum:[F18C92B7 1F0D946F 77DB5BA7] mean:[139 145 118] stdev:[51.6 17.8 11.7]
[Parsed_showinfo_1 @ 0xc49008d80] [info] color_range:unknown color_space:unknown color_primaries:unknown color_trc:unknown
[Parsed_showinfo_1 @ 0xc49008d80] [info] n:1039 pts:   1039 pts_time:34.668625 duration:      1 duration_time:0.0333673 fmt:yuv411p cl:topleft sar:8/9 s:720x480 i:B iskey:0 type:? checksum:50726579 plane_checksum:[9AEFAA11 72E05F14 F11A5C45] mean:[139 144 118] stdev:[51.5 17.7 11.8]
[Parsed_showinfo_1 @ 0xc49008d80] [info] color_range:unknown color_space:unknown color_primaries:unknown color_trc:unknown
[Parsed_showinfo_1 @ 0xc49008d80] [info] n:1040 pts:   1040 pts_time:34.701992 duration:      1 duration_time:0.0333673 fmt:yuv411p cl:topleft sar:8/9 s:720x480 i:B iskey:0 type:? checksum:79EA70BF plane_checksum:[6D2D0542 9C1D357C 7EA63601] mean:[140 144 118] stdev:[51.6 17.7 11.8]
[Parsed_showinfo_1 @ 0xc49008d80] [info] color_range:unknown color_space:unknown color_primaries:unknown color_trc:unknown
[Parsed_showinfo_1 @ 0xc49008d80] [info] n:1041 pts:   1041 pts_time:34.735359 duration:      1 duration_time:0.0333673 fmt:yuv411p cl:topleft sar:8/9 s:720x480 i:B iskey:0 type:? checksum:202CE77B plane_checksum:[B84B710D FCFD4FC7 A70026A7] mean:[139 144 118] stdev:[51.6 17.8 11.9]
[Parsed_showinfo_1 @ 0xc49008d80] [info] color_range:unknown color_space:unknown color_primaries:unknown color_trc:unknown
[Parsed_showinfo_1 @ 0xc49008d80] [info] n:1042 pts:   1042 pts_time:34.768727 duration:      1 duration_time:0.0333673 fmt:yuv411p cl:topleft sar:8/9 s:720x480 i:B iskey:0 type:? checksum:E6E4C04F plane_checksum:[FC10F668 96737515 CD2154C3] mean:[140 144 118] stdev:[51.6 17.6 11.9]
[Parsed_showinfo_1 @ 0xc49008d80] [info] color_range:unknown color_space:unknown color_primaries:unknown color_trc:unknown
[Parsed_showinfo_1 @ 0xc49008d80] [info] n:1043 pts:   1043 pts_time:34.802094 duration:      1 duration_time:0.0333673 fmt:yuv411p cl:topleft sar:8/9 s:720x480 i:B iskey:0 type:? checksum:FBA22CB7 plane_checksum:[BE242DA9 F27D8ECB F8AA7034] mean:[140 145 118] stdev:[51.7 17.6 11.8]
[Parsed_showinfo_1 @ 0xc49008d80] [info] color_range:unknown color_space:unknown color_primaries:unknown color_trc:unknown
[Parsed_showinfo_1 @ 0xc49008d80] [info] n:1044 pts:   1044 pts_time:34.835461 duration:      1 duration_time:0.0333673 fmt:yuv411p cl:topleft sar:8/9 s:720x480 i:B iskey:0 type:? checksum:2BAC0A4A plane_checksum:[3A53DBCF B377CC56 4E7B6207] mean:[140 145 118] stdev:[51.7 17.6 11.8]
[Parsed_showinfo_1 @ 0xc49008d80] [info] color_range:unknown color_space:unknown color_primaries:unknown color_trc:unknown
[Parsed_showinfo_1 @ 0xc49008d80] [info] n:1045 pts:   1045 pts_time:34.868828 duration:      1 duration_time:0.0333673 fmt:yuv411p cl:topleft sar:8/9 s:720x480 i:B iskey:0 type:? checksum:6D5D79C7 plane_checksum:[24DADF9C CFDD2586 876D7496] mean:[140 145 118] stdev:[51.7 17.8 11.8]
[Parsed_showinfo_1 @ 0xc49008d80] [info] color_range:unknown color_space:unknown color_primaries:unknown color_trc:unknown
[Parsed_showinfo_1 @ 0xc49008d80] [info] n:1046 pts:   1046 pts_time:34.902196 duration:      1 duration_time:0.0333673 fmt:yuv411p cl:topleft sar:8/9 s:720x480 i:B iskey:0 type:? checksum:8F3D07C2 plane_checksum:[54D8C4C9 62F50E9A 4BCE3450] mean:[140 145 118] stdev:[51.7 17.6 11.9]
[Parsed_showinfo_1 @ 0xc49008d80] [info] color_range:unknown color_space:unknown color_primaries:unknown color_trc:unknown
[Parsed_showinfo_1 @ 0xc49008d80] [info] n:1047 pts:   1047 pts_time:34.935563 duration:      1 duration_time:0.0333673 fmt:yuv411p cl:topleft sar:8/9 s:720x480 i:B iskey:0 type:? checksum:7709B44D plane_checksum:[1235FB1F CF1368A5 6D09507A] mean:[140 145 118] stdev:[51.8 17.5 11.8]
[Parsed_showinfo_1 @ 0xc49008d80] [info] color_range:unknown color_space:unknown color_primaries:unknown color_trc:unknown
[Parsed_showinfo_1 @ 0xc49008d80] [info] n:1048 pts:   1048 pts_time:34.96893 duration:      1 duration_time:0.0333673 fmt:yuv411p cl:topleft sar:8/9 s:720x480 i:B iskey:0 type:? checksum:337BB36D plane_checksum:[7CFCA9B7 2C746AA3 A9529F04] mean:[139 145 118] stdev:[51.8 17.6 11.7]
[Parsed_showinfo_1 @ 0xc49008d80] [info] color_range:unknown color_space:unknown color_primaries:unknown color_trc:unknown
[Parsed_showinfo_1 @ 0xc49008d80] [info] n:1049 pts:   1049 pts_time:35.002298 duration:      1 duration_time:0.0333673 fmt:yuv411p cl:topleft sar:8/9 s:720x480 i:B iskey:0 type:? checksum:0D01CF4E plane_checksum:[5F1552AC B9CE2662 7F555640] mean:[140 145 118] stdev:[51.8 17.5 11.9]
[Parsed_showinfo_1 @ 0xc49008d80] [info] color_range:unknown color_space:unknown color_primaries:unknown color_trc:unknown
[Parsed_showinfo_1 @ 0xc49008d80] [info] n:1050 pts:   1050 pts_time:35.035665 duration:      1 duration_time:0.0333673 fmt:yuv411p cl:topleft sar:8/9 s:720x480 i:B iskey:0 type:? checksum:80B01CEB plane_checksum:[E79BCAD6 C91D2A35 136327D1] mean:[140 145 118] stdev:[51.9 17.5 12.0]
[Parsed_showinfo_1 @ 0xc49008d80] [info] color_range:unknown color_space:unknown color_primaries:unknown color_trc:unknown
[Parsed_showinfo_1 @ 0xc49008d80] [info] n:1051 pts:   1051 pts_time:35.069032 duration:      1 duration_time:0.0333673 fmt:yuv411p cl:topleft sar:8/9 s:720x480 i:B iskey:0 type:? checksum:D4D52557 plane_checksum:[EB5D8CC0 64654B16 36CB4D72] mean:[139 145 118] stdev:[51.9 17.3 11.9]
[Parsed_showinfo_1 @ 0xc49008d80] [info] color_range:unknown color_space:unknown color_primaries:unknown color_trc:unknown
[Parsed_showinfo_1 @ 0xc49008d80] [info] n:1052 pts:   1052 pts_time:35.1024 duration:      1 duration_time:0.0333673 fmt:yuv411p cl:topleft sar:8/9 s:720x480 i:B iskey:0 type:? checksum:AD399D36 plane_checksum:[B73C09F5 510A4160 FEDC51E1] mean:[140 145 118] stdev:[52.0 17.4 11.8]
[Parsed_showinfo_1 @ 0xc49008d80] [info] color_range:unknown color_space:unknown color_primaries:unknown color_trc:unknown
[Parsed_showinfo_1 @ 0xc49008d80] [info] n:1053 pts:   1053 pts_time:35.135767 duration:      1 duration_time:0.0333673 fmt:yuv411p cl:topleft sar:8/9 s:720x480 i:B iskey:0 type:? checksum:4BBD8B46 plane_checksum:[E6C6FC83 3EB84280 D4764C34] mean:[140 145 118] stdev:[52.0 17.6 11.7]
[Parsed_showinfo_1 @ 0xc49008d80] [info] color_range:unknown color_space:unknown color_primaries:unknown color_trc:unknown
[Parsed_showinfo_1 @ 0xc49008d80] [info] n:1054 pts:   1054 pts_time:35.169134 duration:      1 duration_time:0.0333673 fmt:yuv411p cl:topleft sar:8/9 s:720x480 i:B iskey:0 type:? checksum:CF12C234 plane_checksum:[F4A40BE5 9B404ECA 34236785] mean:[140 145 118] stdev:[52.0 17.7 11.6]
[Parsed_showinfo_1 @ 0xc49008d80] [info] color_range:unknown color_space:unknown color_primaries:unknown color_trc:unknown
[Parsed_showinfo_1 @ 0xc49008d80] [info] n:1055 pts:   1055 pts_time:35.202502 duration:      1 duration_time:0.0333673 fmt:yuv411p cl:topleft sar:8/9 s:720x480 i:B iskey:0 type:? checksum:31B83E16 plane_checksum:[296B6ABC 3AE77B5F 543457EC] mean:[140 145 118] stdev:[51.9 17.8 11.7]
[Parsed_showinfo_1 @ 0xc49008d80] [info] color_range:unknown color_space:unknown color_primaries:unknown color_trc:unknown
[Parsed_showinfo_1 @ 0xc49008d80] [info] n:1056 pts:   1056 pts_time:35.235869 duration:      1 duration_time:0.0333673 fmt:yuv411p cl:topleft sar:8/9 s:720x480 i:B iskey:0 type:? checksum:46D07B00 plane_checksum:[906B9858 5D18A2C3 1EA63FD6] mean:[140 145 118] stdev:[52.0 17.6 11.9]
[Parsed_showinfo_1 @ 0xc49008d80] [info] color_range:unknown color_space:unknown color_primaries:unknown color_trc:unknown
[Parsed_showinfo_1 @ 0xc49008d80] [info] n:1057 pts:   1057 pts_time:35.269236 duration:      1 duration_time:0.0333673 fmt:yuv411p cl:topleft sar:8/9 s:720x480 i:B iskey:0 type:? checksum:237783A7 plane_checksum:[A280AA89 63BBB31F 525225F0] mean:[140 145 118] stdev:[52.0 17.6 11.9]
[Parsed_showinfo_1 @ 0xc49008d80] [info] color_range:unknown color_space:unknown color_primaries:unknown color_trc:unknown
[Parsed_showinfo_1 @ 0xc49008d80] [info] n:1058 pts:   1058 pts_time:35.302603 duration:      1 duration_time:0.0333673 fmt:yuv411p cl:topleft sar:8/9 s:720x480 i:B iskey:0 type:? checksum:B53F0BEC plane_checksum:[4C454BB6 8970A2B4 6A241D73] mean:[140 145 118] stdev:[52.1 17.5 11.8]
[Parsed_showinfo_1 @ 0xc49008d80] [info] color_range:unknown color_space:unknown color_primaries:unknown color_trc:unknown
[Parsed_showinfo_1 @ 0xc49008d80] [info] n:1059 pts:   1059 pts_time:35.335971 duration:      1 duration_time:0.0333673 fmt:yuv411p cl:topleft sar:8/9 s:720x480 i:B iskey:0 type:? checksum:651749D5 plane_checksum:[A24868BE EF3BAE54 73B432B4] mean:[140 145 118] stdev:[52.1 17.5 11.7]
[Parsed_showinfo_1 @ 0xc49008d80] [info] color_range:unknown color_space:unknown color_primaries:unknown color_trc:unknown
[Parsed_showinfo_1 @ 0xc49008d80] [info] n:1060 pts:   1060 pts_time:35.369338 duration:      1 duration_time:0.0333673 fmt:yuv411p cl:topleft sar:8/9 s:720x480 i:B iskey:0 type:? checksum:63B16279 plane_checksum:[A98FA036 C2058E99 1A0F339B] mean:[140 145 118] stdev:[52.2 17.3 11.8]
[Parsed_showinfo_1 @ 0xc49008d80] [info] color_range:unknown color_space:unknown color_primaries:unknown color_trc:unknown
[Parsed_showinfo_1 @ 0xc49008d80] [info] n:1061 pts:   1061 pts_time:35.402705 duration:      1 duration_time:0.0333673 fmt:yuv411p cl:topleft sar:8/9 s:720x480 i:B iskey:0 type:? checksum:F6772622 plane_checksum:[E717295B 42BDB910 930E43A8] mean:[140 145 118] stdev:[52.1 17.2 11.8]
[Parsed_showinfo_1 @ 0xc49008d80] [info] color_range:unknown color_space:unknown color_primaries:unknown color_trc:unknown
[Parsed_showinfo_1 @ 0xc49008d80] [info] n:1062 pts:   1062 pts_time:35.436073 duration:      1 duration_time:0.0333673 fmt:yuv411p cl:topleft sar:8/9 s:720x480 i:B iskey:0 type:? checksum:5E97A573 plane_checksum:[D508ABFC F17BA005 9B9D5963] mean:[140 145 118] stdev:[52.1 17.2 11.8]
[Parsed_showinfo_1 @ 0xc49008d80] [info] color_range:unknown color_space:unknown color_primaries:unknown color_trc:unknown
[Parsed_showinfo_1 @ 0xc49008d80] [info] n:1063 pts:   1063 pts_time:35.46944 duration:      1 duration_time:0.0333673 fmt:yuv411p cl:topleft sar:8/9 s:720x480 i:B iskey:0 type:? checksum:87D44A61 plane_checksum:[147E68D4 610190F0 487C508E] mean:[140 145 118] stdev:[52.1 17.2 11.8]
[Parsed_showinfo_1 @ 0xc49008d80] [info] color_range:unknown color_space:unknown color_primaries:unknown color_trc:unknown
[Parsed_showinfo_1 @ 0xc49008d80] [info] n:1064 pts:   1064 pts_time:35.502807 duration:      1 duration_time:0.0333673 fmt:yuv411p cl:topleft sar:8/9 s:720x480 i:B iskey:0 type:? checksum:A3DF0B86 plane_checksum:[F6853DDC C88F8FBF D7BF3DDC] mean:[140 145 118] stdev:[52.0 17.4 11.7]
[Parsed_showinfo_1 @ 0xc49008d80] [info] color_range:unknown color_space:unknown color_primaries:unknown color_trc:unknown
[Parsed_showinfo_1 @ 0xc49008d80] [info] n:1065 pts:   1065 pts_time:35.536175 duration:      1 duration_time:0.0333673 fmt:yuv411p cl:topleft sar:8/9 s:720x480 i:B iskey:0 type:? checksum:4AC5AE88 plane_checksum:[3761C0EB 34AEC023 70ED2D6B] mean:[139 145 118] stdev:[52.0 17.5 11.8]
[Parsed_showinfo_1 @ 0xc49008d80] [info] color_range:unknown color_space:unknown color_primaries:unknown color_trc:unknown
[Parsed_showinfo_1 @ 0xc49008d80] [info] n:1066 pts:   1066 pts_time:35.569542 duration:      1 duration_time:0.0333673 fmt:yuv411p cl:topleft sar:8/9 s:720x480 i:B iskey:0 type:? checksum:F2975D80 plane_checksum:[579A9422 16669A0C 41762F43] mean:[139 145 118] stdev:[51.9 17.3 11.7]
[Parsed_showinfo_1 @ 0xc49008d80] [info] color_range:unknown color_space:unknown color_primaries:unknown color_trc:unknown
[Parsed_showinfo_1 @ 0xc49008d80] [info] n:1067 pts:   1067 pts_time:35.602909 duration:      1 duration_time:0.0333673 fmt:yuv411p cl:topleft sar:8/9 s:720x480 i:B iskey:0 type:? checksum:D7214AD9 plane_checksum:[C1716FE1 1A77AB02 14C92FE7] mean:[139 145 118] stdev:[51.9 17.3 11.6]
[Parsed_showinfo_1 @ 0xc49008d80] [info] color_range:unknown color_space:unknown color_primaries:unknown color_trc:unknown
[Parsed_showinfo_1 @ 0xc49008d80] [info] n:1068 pts:   1068 pts_time:35.636276 duration:      1 duration_time:0.0333673 fmt:yuv411p cl:topleft sar:8/9 s:720x480 i:B iskey:0 type:? checksum:3D7EA0D7 plane_checksum:[921BA845 3221BFBF 6A4438C4] mean:[139 145 118] stdev:[51.9 17.1 11.7]
[Parsed_showinfo_1 @ 0xc49008d80] [info] color_range:unknown color_space:unknown color_primaries:unknown color_trc:unknown
[Parsed_showinfo_1 @ 0xc49008d80] [info] n:1069 pts:   1069 pts_time:35.669644 duration:      1 duration_time:0.0333673 fmt:yuv411p cl:topleft sar:8/9 s:720x480 i:B iskey:0 type:? checksum:2C8231E0 plane_checksum:[E6852D16 793DE34B E2B32170] mean:[139 146 118] stdev:[51.9 17.3 11.7]
[Parsed_showinfo_1 @ 0xc49008d80] [info] color_range:unknown color_space:unknown color_primaries:unknown color_trc:unknown
[Parsed_showinfo_1 @ 0xc49008d80] [info] n:1070 pts:   1070 pts_time:35.703011 duration:      1 duration_time:0.0333673 fmt:yuv411p cl:topleft sar:8/9 s:720x480 i:B iskey:0 type:? checksum:D6DDC072 plane_checksum:[15492BC2 BFB4A62F EB2CEE72] mean:[139 145 117] stdev:[51.9 17.3 11.7]
[Parsed_showinfo_1 @ 0xc49008d80] [info] color_range:unknown color_space:unknown color_primaries:unknown color_trc:unknown
[Parsed_showinfo_1 @ 0xc49008d80] [info] n:1071 pts:   1071 pts_time:35.736378 duration:      1 duration_time:0.0333673 fmt:yuv411p cl:topleft sar:8/9 s:720x480 i:B iskey:0 type:? checksum:DAF79EAB plane_checksum:[099DFF64 9C0EAD28 750EF201] mean:[139 145 118] stdev:[51.9 17.4 11.7]
[Parsed_showinfo_1 @ 0xc49008d80] [info] color_range:unknown color_space:unknown color_primaries:unknown color_trc:unknown
[Parsed_showinfo_1 @ 0xc49008d80] [info] n:1072 pts:   1072 pts_time:35.769746 duration:      1 duration_time:0.0333673 fmt:yuv411p cl:topleft sar:8/9 s:720x480 i:B iskey:0 type:? checksum:8870B6B4 plane_checksum:[2F66FBE4 5F91B502 C15B05BF] mean:[139 145 118] stdev:[52.0 17.3 11.7]
[Parsed_showinfo_1 @ 0xc49008d80] [info] color_range:unknown color_space:unknown color_primaries:unknown color_trc:unknown
[Parsed_showinfo_1 @ 0xc49008d80] [info] n:1073 pts:   1073 pts_time:35.803113 duration:      1 duration_time:0.0333673 fmt:yuv411p cl:topleft sar:8/9 s:720x480 i:B iskey:0 type:? checksum:BF935C4B plane_checksum:[340DC6EB 1A7D7D5C 994417F5] mean:[139 145 118] stdev:[52.0 17.2 11.6]
[Parsed_showinfo_1 @ 0xc49008d80] [info] color_range:unknown color_space:unknown color_primaries:unknown color_trc:unknown
[Parsed_showinfo_1 @ 0xc49008d80] [info] n:1074 pts:   1074 pts_time:35.83648 duration:      1 duration_time:0.0333673 fmt:yuv411p cl:topleft sar:8/9 s:720x480 i:B iskey:0 type:? checksum:87BE7255 plane_checksum:[20C9CBB8 CC7EAD01 C7D0F97E] mean:[139 145 118] stdev:[52.1 17.2 11.7]
[Parsed_showinfo_1 @ 0xc49008d80] [info] color_range:unknown color_space:unknown color_primaries:unknown color_trc:unknown
[Parsed_showinfo_1 @ 0xc49008d80] [info] n:1075 pts:   1075 pts_time:35.869848 duration:      1 duration_time:0.0333673 fmt:yuv411p cl:topleft sar:8/9 s:720x480 i:B iskey:0 type:? checksum:4B92ACF7 plane_checksum:[67D7D434 57C9EC2A 06E4EC7B] mean:[139 146 117] stdev:[52.1 17.2 11.8]
[Parsed_showinfo_1 @ 0xc49008d80] [info] color_range:unknown color_space:unknown color_primaries:unknown color_trc:unknown
[Parsed_showinfo_1 @ 0xc49008d80] [info] n:1076 pts:   1076 pts_time:35.903215 duration:      1 duration_time:0.0333673 fmt:yuv411p cl:topleft sar:8/9 s:720x480 i:B iskey:0 type:? checksum:3A8036E4 plane_checksum:[55C53CA3 4E18F78F 47A102A3] mean:[139 146 118] stdev:[52.1 17.4 11.7]
[Parsed_showinfo_1 @ 0xc49008d80] [info] color_range:unknown color_space:unknown color_primaries:unknown color_trc:unknown
[Parsed_showinfo_1 @ 0xc49008d80] [info] n:1077 pts:   1077 pts_time:35.936582 duration:      1 duration_time:0.0333673 fmt:yuv411p cl:topleft sar:8/9 s:720x480 i:B iskey:0 type:? checksum:C52DB6F8 plane_checksum:[B7587903 8FB81B97 2DA5225E] mean:[139 146 118] stdev:[52.1 17.4 11.7]
[Parsed_showinfo_1 @ 0xc49008d80] [info] color_range:unknown color_space:unknown color_primaries:unknown color_trc:unknown
[Parsed_showinfo_1 @ 0xc49008d80] [info] n:1078 pts:   1078 pts_time:35.969949 duration:      1 duration_time:0.0333673 fmt:yuv411p cl:topleft sar:8/9 s:720x480 i:B iskey:0 type:? checksum:33F7E641 plane_checksum:[079CCD1A FD841989 D860FF8F] mean:[139 146 118] stdev:[52.1 17.3 11.8]
[Parsed_showinfo_1 @ 0xc49008d80] [info] color_range:unknown color_space:unknown color_primaries:unknown color_trc:unknown
[Parsed_showinfo_1 @ 0xc49008d80] [info] n:1079 pts:   1079 pts_time:36.003317 duration:      1 duration_time:0.0333673 fmt:yuv411p cl:topleft sar:8/9 s:720x480 i:B iskey:0 type:? checksum:8286650A plane_checksum:[EBB151F8 981125E4 688AED1F] mean:[139 146 117] stdev:[52.0 17.4 11.9]
[Parsed_showinfo_1 @ 0xc49008d80] [info] color_range:unknown color_space:unknown color_primaries:unknown color_trc:unknown
[Parsed_showinfo_1 @ 0xc49008d80] [info] n:1080 pts:   1080 pts_time:36.036684 duration:      1 duration_time:0.0333673 fmt:yuv411p cl:topleft sar:8/9 s:720x480 i:B iskey:0 type:? checksum:3BB680CE plane_checksum:[73817FCA CFE72A75 13A1D680] mean:[139 146 117] stdev:[52.0 17.5 12.0]
[Parsed_showinfo_1 @ 0xc49008d80] [info] color_range:unknown color_space:unknown color_primaries:unknown color_trc:unknown
[Parsed_showinfo_1 @ 0xc49008d80] [info] n:1081 pts:   1081 pts_time:36.070051 duration:      1 duration_time:0.0333673 fmt:yuv411p cl:topleft sar:8/9 s:720x480 i:B iskey:0 type:? checksum:06F378C5 plane_checksum:[40DA001B D5985278 28092632] mean:[139 146 118] stdev:[52.0 17.5 11.8]
[Parsed_showinfo_1 @ 0xc49008d80] [info] color_range:unknown color_space:unknown color_primaries:unknown color_trc:unknown
[Parsed_showinfo_1 @ 0xc49008d80] [info] n:1082 pts:   1082 pts_time:36.103419 duration:      1 duration_time:0.0333673 fmt:yuv411p cl:topleft sar:8/9 s:720x480 i:B iskey:0 type:? checksum:66022635 plane_checksum:[2ADDF36D CAED0BEE 3A5226CB] mean:[139 146 118] stdev:[51.9 17.3 11.8]
[Parsed_showinfo_1 @ 0xc49008d80] [info] color_range:unknown color_space:unknown color_primaries:unknown color_trc:unknown
[Parsed_showinfo_1 @ 0xc49008d80] [info] n:1083 pts:   1083 pts_time:36.136786 duration:      1 duration_time:0.0333673 fmt:yuv411p cl:topleft sar:8/9 s:720x480 i:B iskey:0 type:? checksum:66214C19 plane_checksum:[31633C94 E39CF91B 60D3165B] mean:[139 146 118] stdev:[52.1 17.3 11.9]
[Parsed_showinfo_1 @ 0xc49008d80] [info] color_range:unknown color_space:unknown color_primaries:unknown color_trc:unknown
[Parsed_showinfo_1 @ 0xc49008d80] [info] n:1084 pts:   1084 pts_time:36.170153 duration:      1 duration_time:0.0333673 fmt:yuv411p cl:topleft sar:8/9 s:720x480 i:B iskey:0 type:? checksum:865370C4 plane_checksum:[9DB9E6C6 F79BC480 46CEC560] mean:[139 145 117] stdev:[51.9 17.5 11.8]
[Parsed_showinfo_1 @ 0xc49008d80] [info] color_range:unknown color_space:unknown color_primaries:unknown color_trc:unknown
[Parsed_showinfo_1 @ 0xc49008d80] [info] n:1085 pts:   1085 pts_time:36.203521 duration:      1 duration_time:0.0333673 fmt:yuv411p cl:topleft sar:8/9 s:720x480 i:B iskey:0 type:? checksum:0CC6457A plane_checksum:[CB6C54AD 56B01900 3F54D7BE] mean:[139 146 117] stdev:[51.9 17.5 11.9]
[Parsed_showinfo_1 @ 0xc49008d80] [info] color_range:unknown color_space:unknown color_primaries:unknown color_trc:unknown
[Parsed_showinfo_1 @ 0xc49008d80] [info] n:1086 pts:   1086 pts_time:36.236888 duration:      1 duration_time:0.0333673 fmt:yuv411p cl:topleft sar:8/9 s:720x480 i:B iskey:0 type:? checksum:BE4DB6C7 plane_checksum:[31946D5C 719D44FC 125E046F] mean:[139 146 118] stdev:[52.0 17.5 11.9]
[Parsed_showinfo_1 @ 0xc49008d80] [info] color_range:unknown color_space:unknown color_primaries:unknown color_trc:unknown
[Parsed_showinfo_1 @ 0xc49008d80] [info] n:1087 pts:   1087 pts_time:36.270255 duration:      1 duration_time:0.0333673 fmt:yuv411p cl:topleft sar:8/9 s:720x480 i:B iskey:0 type:? checksum:0DB99834 plane_checksum:[6E105683 07BC4296 EA65FF0C] mean:[138 146 118] stdev:[52.1 17.6 11.8]
[Parsed_showinfo_1 @ 0xc49008d80] [info] color_range:unknown color_space:unknown color_primaries:unknown color_trc:unknown
[Parsed_showinfo_1 @ 0xc49008d80] [info] n:1088 pts:   1088 pts_time:36.303622 duration:      1 duration_time:0.0333673 fmt:yuv411p cl:topleft sar:8/9 s:720x480 i:B iskey:0 type:? checksum:125EF940 plane_checksum:[B6BCC550 97FD4275 F3DAF16C] mean:[139 146 118] stdev:[52.1 17.4 11.9]
[Parsed_showinfo_1 @ 0xc49008d80] [info] color_range:unknown color_space:unknown color_primaries:unknown color_trc:unknown
[Parsed_showinfo_1 @ 0xc49008d80] [info] n:1089 pts:   1089 pts_time:36.33699 duration:      1 duration_time:0.0333673 fmt:yuv411p cl:topleft sar:8/9 s:720x480 i:B iskey:0 type:? checksum:1CF7308E plane_checksum:[8E95CE79 C0D04A9C 6CAF176A] mean:[139 146 118] stdev:[52.1 17.4 11.9]
[Parsed_showinfo_1 @ 0xc49008d80] [info] color_range:unknown color_space:unknown color_primaries:unknown color_trc:unknown
[Parsed_showinfo_1 @ 0xc49008d80] [info] n:1090 pts:   1090 pts_time:36.370357 duration:      1 duration_time:0.0333673 fmt:yuv411p cl:topleft sar:8/9 s:720x480 i:B iskey:0 type:? checksum:5EAFEB2B plane_checksum:[E7718F20 DF9A5BD0 497F003B] mean:[139 146 118] stdev:[52.0 17.6 11.9]
[Parsed_showinfo_1 @ 0xc49008d80] [info] color_range:unknown color_space:unknown color_primaries:unknown color_trc:unknown
[Parsed_showinfo_1 @ 0xc49008d80] [info] n:1091 pts:   1091 pts_time:36.403724 duration:      1 duration_time:0.0333673 fmt:yuv411p cl:topleft sar:8/9 s:720x480 i:B iskey:0 type:? checksum:F30E4470 plane_checksum:[33B5FF9B E5F56108 1D65E3AF] mean:[139 146 117] stdev:[52.0 17.5 11.9]
[Parsed_showinfo_1 @ 0xc49008d80] [info] color_range:unknown color_space:unknown color_primaries:unknown color_trc:unknown
[Parsed_showinfo_1 @ 0xc49008d80] [info] n:1092 pts:   1092 pts_time:36.437092 duration:      1 duration_time:0.0333673 fmt:yuv411p cl:topleft sar:8/9 s:720x480 i:B iskey:0 type:? checksum:CDC217BA plane_checksum:[DB76C602 9C2373AF 503CDDEB] mean:[139 146 117] stdev:[52.0 17.4 11.9]
[Parsed_showinfo_1 @ 0xc49008d80] [info] color_range:unknown color_space:unknown color_primaries:unknown color_trc:unknown
[Parsed_showinfo_1 @ 0xc49008d80] [info] n:1093 pts:   1093 pts_time:36.470459 duration:      1 duration_time:0.0333673 fmt:yuv411p cl:topleft sar:8/9 s:720x480 i:B iskey:0 type:? checksum:03145418 plane_checksum:[47B0F2DB 696B60A9 142D0085] mean:[138 146 118] stdev:[51.9 17.5 12.0]
[Parsed_showinfo_1 @ 0xc49008d80] [info] color_range:unknown color_space:unknown color_primaries:unknown color_trc:unknown
[Parsed_showinfo_1 @ 0xc49008d80] [info] n:1094 pts:   1094 pts_time:36.503826 duration:      1 duration_time:0.0333673 fmt:yuv411p cl:topleft sar:8/9 s:720x480 i:B iskey:0 type:? checksum:D9081C34 plane_checksum:[6808E065 329A345A 8FDC0766] mean:[139 146 118] stdev:[52.0 17.5 11.9]
[Parsed_showinfo_1 @ 0xc49008d80] [info] color_range:unknown color_space:unknown color_primaries:unknown color_trc:unknown
[Parsed_showinfo_1 @ 0xc49008d80] [info] n:1095 pts:   1095 pts_time:36.537194 duration:      1 duration_time:0.0333673 fmt:yuv411p cl:topleft sar:8/9 s:720x480 i:B iskey:0 type:? checksum:EA4E0007 plane_checksum:[3B6180AC 258065AD B48A199F] mean:[139 146 118] stdev:[52.0 17.6 11.8]
[Parsed_showinfo_1 @ 0xc49008d80] [info] color_range:unknown color_space:unknown color_primaries:unknown color_trc:unknown
[Parsed_showinfo_1 @ 0xc49008d80] [info] n:1096 pts:   1096 pts_time:36.570561 duration:      1 duration_time:0.0333673 fmt:yuv411p cl:topleft sar:8/9 s:720x480 i:B iskey:0 type:? checksum:34250278 plane_checksum:[06C69E0D 56C94E38 43F01624] mean:[139 146 118] stdev:[52.0 17.7 11.8]
[Parsed_showinfo_1 @ 0xc49008d80] [info] color_range:unknown color_space:unknown color_primaries:unknown color_trc:unknown
[Parsed_showinfo_1 @ 0xc49008d80] [info] n:1097 pts:   1097 pts_time:36.603928 duration:      1 duration_time:0.0333673 fmt:yuv411p cl:topleft sar:8/9 s:720x480 i:B iskey:0 type:? checksum:FE7C2510 plane_checksum:[CDB48CE3 DE515EA8 37AA3976] mean:[139 146 118] stdev:[52.0 17.6 11.8]
[Parsed_showinfo_1 @ 0xc49008d80] [info] color_range:unknown color_space:unknown color_primaries:unknown color_trc:unknown
[Parsed_showinfo_1 @ 0xc49008d80] [info] n:1098 pts:   1098 pts_time:36.637295 duration:      1 duration_time:0.0333673 fmt:yuv411p cl:topleft sar:8/9 s:720x480 i:B iskey:0 type:? checksum:9AFF0832 plane_checksum:[4EFD4A00 56A68905 D825351E] mean:[138 146 118] stdev:[51.9 17.6 11.8]
[Parsed_showinfo_1 @ 0xc49008d80] [info] color_range:unknown color_space:unknown color_primaries:unknown color_trc:unknown
[Parsed_showinfo_1 @ 0xc49008d80] [info] n:1099 pts:   1099 pts_time:36.670663 duration:      1 duration_time:0.0333673 fmt:yuv411p cl:topleft sar:8/9 s:720x480 i:B iskey:0 type:? checksum:049AD207 plane_checksum:[D6CC10E9 677B8F46 F34C31D8] mean:[138 146 118] stdev:[51.9 17.5 11.9]
[Parsed_showinfo_1 @ 0xc49008d80] [info] color_range:unknown color_space:unknown color_primaries:unknown color_trc:unknown
[Parsed_showinfo_1 @ 0xc49008d80] [info] n:1100 pts:   1100 pts_time:36.70403 duration:      1 duration_time:0.0333673 fmt:yuv411p cl:topleft sar:8/9 s:720x480 i:B iskey:0 type:? checksum:577B2CF6 plane_checksum:[870C897B FF7C6F9C 778633D0] mean:[138 146 118] stdev:[51.9 17.6 12.0]
[Parsed_showinfo_1 @ 0xc49008d80] [info] color_range:unknown color_space:unknown color_primaries:unknown color_trc:unknown
[Parsed_showinfo_1 @ 0xc49008d80] [info] n:1101 pts:   1101 pts_time:36.737397 duration:      1 duration_time:0.0333673 fmt:yuv411p cl:topleft sar:8/9 s:720x480 i:B iskey:0 type:? checksum:AF16D345 plane_checksum:[09EF0542 C9EB72E6 EB7E5B1D] mean:[138 146 118] stdev:[51.9 17.7 12.0]
[Parsed_showinfo_1 @ 0xc49008d80] [info] color_range:unknown color_space:unknown color_primaries:unknown color_trc:unknown
[Parsed_showinfo_1 @ 0xc49008d80] [info] n:1102 pts:   1102 pts_time:36.770765 duration:      1 duration_time:0.0333673 fmt:yuv411p cl:topleft sar:8/9 s:720x480 i:B iskey:0 type:? checksum:25664E0E plane_checksum:[80C1CF92 594E3325 06B74B48] mean:[138 146 118] stdev:[51.9 17.5 11.8]
[Parsed_showinfo_1 @ 0xc49008d80] [info] color_range:unknown color_space:unknown color_primaries:unknown color_trc:unknown
[Parsed_showinfo_1 @ 0xc49008d80] [info] n:1103 pts:   1103 pts_time:36.804132 duration:      1 duration_time:0.0333673 fmt:yuv411p cl:topleft sar:8/9 s:720x480 i:B iskey:0 type:? checksum:8B06BA16 plane_checksum:[988E6D74 51A92488 BC36281A] mean:[138 146 118] stdev:[51.9 17.6 11.9]
[Parsed_showinfo_1 @ 0xc49008d80] [info] color_range:unknown color_space:unknown color_primaries:unknown color_trc:unknown
[Parsed_showinfo_1 @ 0xc49008d80] [info] n:1104 pts:   1104 pts_time:36.837499 duration:      1 duration_time:0.0333673 fmt:yuv411p cl:topleft sar:8/9 s:720x480 i:B iskey:0 type:? checksum:C1C16157 plane_checksum:[4C42E524 337D3770 7CAE44B4] mean:[138 146 118] stdev:[51.9 17.4 12.0]
[Parsed_showinfo_1 @ 0xc49008d80] [info] color_range:unknown color_space:unknown color_primaries:unknown color_trc:unknown
[Parsed_showinfo_1 @ 0xc49008d80] [info] n:1105 pts:   1105 pts_time:36.870867 duration:      1 duration_time:0.0333673 fmt:yuv411p cl:topleft sar:8/9 s:720x480 i:B iskey:0 type:? checksum:8D80AFC3 plane_checksum:[EC453E8B A81C3583 76E33BB5] mean:[138 146 118] stdev:[51.9 17.5 12.0]
[Parsed_showinfo_1 @ 0xc49008d80] [info] color_range:unknown color_space:unknown color_primaries:unknown color_trc:unknown
[Parsed_showinfo_1 @ 0xc49008d80] [info] n:1106 pts:   1106 pts_time:36.904234 duration:      1 duration_time:0.0333673 fmt:yuv411p cl:topleft sar:8/9 s:720x480 i:B iskey:0 type:? checksum:77C3960E plane_checksum:[F1BB4D9C D8E2157E 14BD32F4] mean:[138 146 118] stdev:[51.9 17.5 12.0]
[Parsed_showinfo_1 @ 0xc49008d80] [info] color_range:unknown color_space:unknown color_primaries:unknown color_trc:unknown
[Parsed_showinfo_1 @ 0xc49008d80] [info] n:1107 pts:   1107 pts_time:36.937601 duration:      1 duration_time:0.0333673 fmt:yuv411p cl:topleft sar:8/9 s:720x480 i:B iskey:0 type:? checksum:10816761 plane_checksum:[60931A07 1704153B 31CE381F] mean:[138 146 118] stdev:[51.8 17.5 11.9]
[Parsed_showinfo_1 @ 0xc49008d80] [info] color_range:unknown color_space:unknown color_primaries:unknown color_trc:unknown
[Parsed_showinfo_1 @ 0xc49008d80] [info] n:1108 pts:   1108 pts_time:36.970968 duration:      1 duration_time:0.0333673 fmt:yuv411p cl:topleft sar:8/9 s:720x480 i:B iskey:0 type:? checksum:18A7C315 plane_checksum:[12658706 E3DA1181 87182A8E] mean:[138 146 118] stdev:[51.8 17.4 12.0]
[Parsed_showinfo_1 @ 0xc49008d80] [info] color_range:unknown color_space:unknown color_primaries:unknown color_trc:unknown
[Parsed_showinfo_1 @ 0xc49008d80] [info] n:1109 pts:   1109 pts_time:37.004336 duration:      1 duration_time:0.0333673 fmt:yuv411p cl:topleft sar:8/9 s:720x480 i:B iskey:0 type:? checksum:654B8B2E plane_checksum:[26F0FF58 DD562EFB 59D65CCC] mean:[138 146 118] stdev:[51.8 17.5 12.0]
[Parsed_showinfo_1 @ 0xc49008d80] [info] color_range:unknown color_space:unknown color_primaries:unknown color_trc:unknown
[Parsed_showinfo_1 @ 0xc49008d80] [info] n:1110 pts:   1110 pts_time:37.037703 duration:      1 duration_time:0.0333673 fmt:yuv411p cl:topleft sar:8/9 s:720x480 i:B iskey:0 type:? checksum:81F9C9A6 plane_checksum:[089156E3 FB8E2843 16B84A80] mean:[138 146 118] stdev:[51.8 17.5 11.8]
[Parsed_showinfo_1 @ 0xc49008d80] [info] color_range:unknown color_space:unknown color_primaries:unknown color_trc:unknown
[Parsed_showinfo_1 @ 0xc49008d80] [info] n:1111 pts:   1111 pts_time:37.07107 duration:      1 duration_time:0.0333673 fmt:yuv411p cl:topleft sar:8/9 s:720x480 i:B iskey:0 type:? checksum:290F6BE6 plane_checksum:[C20225A9 050F3C7F D9F809BE] mean:[138 146 118] stdev:[51.9 17.5 11.9]
[Parsed_showinfo_1 @ 0xc49008d80] [info] color_range:unknown color_space:unknown color_primaries:unknown color_trc:unknown
[Parsed_showinfo_1 @ 0xc49008d80] [info] n:1112 pts:   1112 pts_time:37.104438 duration:      1 duration_time:0.0333673 fmt:yuv411p cl:topleft sar:8/9 s:720x480 i:B iskey:0 type:? checksum:70258868 plane_checksum:[5FB7E6B8 9BD85006 8D78519B] mean:[138 146 118] stdev:[52.0 17.5 12.0]
[Parsed_showinfo_1 @ 0xc49008d80] [info] color_range:unknown color_space:unknown color_primaries:unknown color_trc:unknown
[Parsed_showinfo_1 @ 0xc49008d80] [info] n:1113 pts:   1113 pts_time:37.137805 duration:      1 duration_time:0.0333673 fmt:yuv411p cl:topleft sar:8/9 s:720x480 i:B iskey:0 type:? checksum:40F46972 plane_checksum:[CDA4F5B8 AC9C2F17 30184494] mean:[138 146 118] stdev:[52.1 17.6 11.7]
[Parsed_showinfo_1 @ 0xc49008d80] [info] color_range:unknown color_space:unknown color_primaries:unknown color_trc:unknown
[Parsed_showinfo_1 @ 0xc49008d80] [info] n:1114 pts:   1114 pts_time:37.171172 duration:      1 duration_time:0.0333673 fmt:yuv411p cl:topleft sar:8/9 s:720x480 i:B iskey:0 type:? checksum:338CF690 plane_checksum:[602EE6FC 73580CA0 508B02F4] mean:[139 146 118] stdev:[52.0 17.5 11.8]
[Parsed_showinfo_1 @ 0xc49008d80] [info] color_range:unknown color_space:unknown color_primaries:unknown color_trc:unknown
[Parsed_showinfo_1 @ 0xc49008d80] [info] n:1115 pts:   1115 pts_time:37.20454 duration:      1 duration_time:0.0333673 fmt:yuv411p cl:topleft sar:8/9 s:720x480 i:B iskey:0 type:? checksum:15BC6B92 plane_checksum:[D4639595 DE31CED3 3F24071B] mean:[139 145 118] stdev:[52.0 17.4 11.9]
[Parsed_showinfo_1 @ 0xc49008d80] [info] color_range:unknown color_space:unknown color_primaries:unknown color_trc:unknown
[Parsed_showinfo_1 @ 0xc49008d80] [info] n:1116 pts:   1116 pts_time:37.237907 duration:      1 duration_time:0.0333673 fmt:yuv411p cl:topleft sar:8/9 s:720x480 i:B iskey:0 type:? checksum:13F9FB47 plane_checksum:[D9381A9D DD34DCA4 07620406] mean:[138 145 118] stdev:[52.0 17.4 11.9]
[Parsed_showinfo_1 @ 0xc49008d80] [info] color_range:unknown color_space:unknown color_primaries:unknown color_trc:unknown
[Parsed_showinfo_1 @ 0xc49008d80] [info] n:1117 pts:   1117 pts_time:37.271274 duration:      1 duration_time:0.0333673 fmt:yuv411p cl:topleft sar:8/9 s:720x480 i:B iskey:0 type:? checksum:4F896765 plane_checksum:[74BCA6B4 5A4CD4AE 4DECEBE5] mean:[138 145 117] stdev:[51.9 17.4 11.9]
[Parsed_showinfo_1 @ 0xc49008d80] [info] color_range:unknown color_space:unknown color_primaries:unknown color_trc:unknown
[Parsed_showinfo_1 @ 0xc49008d80] [info] n:1118 pts:   1118 pts_time:37.304641 duration:      1 duration_time:0.0333673 fmt:yuv411p cl:topleft sar:8/9 s:720x480 i:B iskey:0 type:? checksum:FF60A45E plane_checksum:[A004E657 EB8BD606 0436E7E3] mean:[138 145 117] stdev:[51.9 17.5 11.9]
[Parsed_showinfo_1 @ 0xc49008d80] [info] color_range:unknown color_space:unknown color_primaries:unknown color_trc:unknown
[Parsed_showinfo_1 @ 0xc49008d80] [info] n:1119 pts:   1119 pts_time:37.338009 duration:      1 duration_time:0.0333673 fmt:yuv411p cl:topleft sar:8/9 s:720x480 i:B iskey:0 type:? checksum:F2FC0010 plane_checksum:[5099FC8F B215E17C 760921E7] mean:[138 146 118] stdev:[52.0 17.4 11.8]
[Parsed_showinfo_1 @ 0xc49008d80] [info] color_range:unknown color_space:unknown color_primaries:unknown color_trc:unknown
[Parsed_showinfo_1 @ 0xc49008d80] [info] n:1120 pts:   1120 pts_time:37.371376 duration:      1 duration_time:0.0333673 fmt:yuv411p cl:topleft sar:8/9 s:720x480 i:B iskey:0 type:? checksum:01187518 plane_checksum:[98536D6A 0B28FD60 536B0A3F] mean:[139 146 118] stdev:[51.9 17.4 11.7]
[Parsed_showinfo_1 @ 0xc49008d80] [info] color_range:unknown color_space:unknown color_primaries:unknown color_trc:unknown
[Parsed_showinfo_1 @ 0xc49008d80] [info] n:1121 pts:   1121 pts_time:37.404743 duration:      1 duration_time:0.0333673 fmt:yuv411p cl:topleft sar:8/9 s:720x480 i:B iskey:0 type:? checksum:CE7C4372 plane_checksum:[07F2379D 76C7104C 4C5CFB7A] mean:[138 146 118] stdev:[51.9 17.4 11.8]
[Parsed_showinfo_1 @ 0xc49008d80] [info] color_range:unknown color_space:unknown color_primaries:unknown color_trc:unknown
[Parsed_showinfo_1 @ 0xc49008d80] [info] n:1122 pts:   1122 pts_time:37.438111 duration:      1 duration_time:0.0333673 fmt:yuv411p cl:topleft sar:8/9 s:720x480 i:B iskey:0 type:? checksum:AA187CC2 plane_checksum:[357D75FA 92DA0A71 B08BFC48] mean:[138 146 118] stdev:[51.8 17.4 11.9]
[Parsed_showinfo_1 @ 0xc49008d80] [info] color_range:unknown color_space:unknown color_primaries:unknown color_trc:unknown
[Parsed_showinfo_1 @ 0xc49008d80] [info] n:1123 pts:   1123 pts_time:37.471478 duration:      1 duration_time:0.0333673 fmt:yuv411p cl:topleft sar:8/9 s:720x480 i:B iskey:0 type:? checksum:05106376 plane_checksum:[3F58A447 A8B8B92B 060E05F5] mean:[138 145 118] stdev:[50.3 17.3 11.9]
[Parsed_showinfo_1 @ 0xc49008d80] [info] color_range:unknown color_space:unknown color_primaries:unknown color_trc:unknown
[Parsed_showinfo_1 @ 0xc49008d80] [info] n:1124 pts:   1124 pts_time:37.504845 duration:      1 duration_time:0.0333673 fmt:yuv411p cl:topleft sar:8/9 s:720x480 i:B iskey:0 type:? checksum:E0BFAC69 plane_checksum:[CABB82FB 2863F998 B2132FC7] mean:[137 145 118] stdev:[48.7 17.0 11.8]
[Parsed_showinfo_1 @ 0xc49008d80] [info] color_range:unknown color_space:unknown color_primaries:unknown color_trc:unknown
[Parsed_showinfo_1 @ 0xc49008d80] [info] n:1125 pts:   1125 pts_time:37.538213 duration:      1 duration_time:0.0333673 fmt:yuv411p cl:topleft sar:8/9 s:720x480 i:B iskey:0 type:? checksum:D94C85C8 plane_checksum:[FE843345 547293E6 84A5BE8E] mean:[136 144 118] stdev:[47.2 16.5 11.6]
[Parsed_showinfo_1 @ 0xc49008d80] [info] color_range:unknown color_space:unknown color_primaries:unknown color_trc:unknown
[Parsed_showinfo_1 @ 0xc49008d80] [info] n:1126 pts:   1126 pts_time:37.57158 duration:      1 duration_time:0.0333673 fmt:yuv411p cl:topleft sar:8/9 s:720x480 i:B iskey:0 type:? checksum:DDDD4585 plane_checksum:[4AD12FB8 FECD9F14 E3DF76AA] mean:[134 142 119] stdev:[46.2 15.8 11.4]
[Parsed_showinfo_1 @ 0xc49008d80] [info] color_range:unknown color_space:unknown color_primaries:unknown color_trc:unknown
[Parsed_showinfo_1 @ 0xc49008d80] [info] n:1127 pts:   1127 pts_time:37.604947 duration:      1 duration_time:0.0333673 fmt:yuv411p cl:topleft sar:8/9 s:720x480 i:B iskey:0 type:? checksum:40D3C5A3 plane_checksum:[C4ADF375 B9E4472F AD858AF0] mean:[133 141 119] stdev:[45.7 14.8 11.2]
[Parsed_showinfo_1 @ 0xc49008d80] [info] color_range:unknown color_space:unknown color_primaries:unknown color_trc:unknown
[out#0/image2 @ 0xc49008840] [info] video:861011KiB audio:0KiB subtitle:0KiB other streams:0KiB global headers:0KiB muxing overhead: unknown
[info] frame= 1128 fps= 88 q=-0.0 Lsize=N/A time=00:00:00.00 bitrate=N/A speed=   0x    
